solid Attitude indicator1
facet normal 0.7520226599814962 0.3709517778093779 -0.5448455720792973
  outer loop
    vertex 68.58342784610271 2.4733407109517955 23.845097763431095
    vertex 62.88393021237176 14.473340710951797 24.148431352075725
    vertex 64.55432616857668 14.473340710951799 26.45399401896802
  endloop
endfacet
facet normal 0.7520226599814962 0.3709517778093779 -0.5448455720792973
  outer loop
    vertex 62.88393021237176 14.473340710951797 24.148431352075725
    vertex 68.58342784610271 2.4733407109517955 23.845097763431095
    vertex 66.61825613292035 2.4733407109517964 21.132671096499028
  endloop
endfacet
facet normal -0.742251775027121 1.115975828912885e-16 -0.6701211102995398
  outer loop
    vertex 19.125530294807252 2.473340710951797 18.580165418154905
    vertex 16.880958832016237 -1.5266592890482036 21.066338628975174
    vertex 16.880958832016237 2.4733407109517964 21.066338628975174
  endloop
endfacet
facet normal -0.742251775027121 1.115975828912885e-16 -0.6701211102995398
  outer loop
    vertex 16.880958832016237 -1.5266592890482036 21.066338628975174
    vertex 19.125530294807252 2.473340710951797 18.580165418154905
    vertex 19.125530294807252 -1.5266592890482031 18.580165418154905
  endloop
endfacet
facet normal 0.866691461245669 8.307431009755712e-17 -0.4988445759992257
  outer loop
    vertex 68.58342784610271 -1.5266592890482042 23.845097763431095
    vertex 70.25430835180032 2.4733407109517955 26.748081852511824
    vertex 70.25430835180032 -1.5266592890482047 26.748081852511824
  endloop
endfacet
facet normal 0.866691461245669 8.307431009755712e-17 -0.4988445759992257
  outer loop
    vertex 70.25430835180032 2.4733407109517955 26.748081852511824
    vertex 68.58342784610271 -1.5266592890482042 23.845097763431095
    vertex 68.58342784610271 2.4733407109517955 23.845097763431095
  endloop
endfacet
facet normal 0.6201551215307095 0.37079810732491286 0.6913149707936993
  outer loop
    vertex 64.3199696970461 2.473340710951789 63.89531351586461
    vertex 61.82781836643737 2.4733407109517884 66.13324560400343
    vertex 62.275345882213365 2.4547117109517895 65.7313694516289
  endloop
endfacet
facet normal 0.6201551215307095 0.37079810732491286 0.6913149707936993
  outer loop
    vertex 61.82781836643737 2.4733407109517884 66.13324560400343
    vertex 64.3199696970461 2.473340710951789 63.89531351586461
    vertex 60.93038674187858 14.473340710951794 60.49667740853647
  endloop
endfacet
facet normal 0.6201551215307095 0.37079810732491286 0.6913149707936993
  outer loop
    vertex 61.82781836643737 2.4733407109517884 66.13324560400343
    vertex 60.93038674187858 14.473340710951794 60.49667740853647
    vertex 58.81205811086114 14.473340710951794 62.39891968345448
  endloop
endfacet
facet normal 0.5468495100945536 0.3709517778093786 -0.7505667137899259
  outer loop
    vertex 56.56734170364848 14.473340710951797 18.445677317413693
    vertex 61.89415083396125 2.4733407109517973 16.395948303099306
    vertex 59.18697553442247 2.4733407109517977 14.423548702779101
  endloop
endfacet
facet normal 0.5468495100945536 0.3709517778093786 -0.7505667137899259
  outer loop
    vertex 61.89415083396125 2.4733407109517973 16.395948303099306
    vertex 56.56734170364848 14.473340710951797 18.445677317413693
    vertex 58.86844070825647 14.473340710951797 20.122216977685785
  endloop
endfacet
facet normal 0.1918660252519281 0.3709517778093839 0.9086155440526449
  outer loop
    vertex 48.72758239382116 14.473340710951788 67.52028734725567
    vertex 46.68649688111511 2.4733407109517875 72.85041440697304
    vertex 49.96372928756686 2.4733407109517875 72.1583840320048
  endloop
endfacet
facet normal 0.1918660252519281 0.3709517778093839 0.9086155440526449
  outer loop
    vertex 46.68649688111511 2.4733407109517875 72.85041440697304
    vertex 48.72758239382116 14.473340710951788 67.52028734725567
    vertex 45.94193484833729 14.473340710951788 68.10851316597864
  endloop
endfacet
facet normal 0.9514677926451968 5.1250393600289494e-17 -0.3077483380278067
  outer loop
    vertex 71.61259113353854 -1.5266592890482054 29.809817662572808
    vertex 72.64339456092172 2.473340710951794 32.99676017536955
    vertex 72.64339456092172 -1.5266592890482056 32.99676017536955
  endloop
endfacet
facet normal 0.9514677926451968 5.1250393600289494e-17 -0.3077483380278067
  outer loop
    vertex 72.64339456092172 2.473340710951794 32.99676017536955
    vertex 71.61259113353854 -1.5266592890482054 29.809817662572808
    vertex 71.61259113353854 2.473340710951794 29.809817662572808
  endloop
endfacet
facet normal 0.42339527475050964 -0.3608904211927966 0.8309600142065962
  outer loop
    vertex 31.005239450879234 14.473340710951797 17.16581665812713
    vertex 26.22274999592668 2.4733407109517977 14.390951949692148
    vertex 29.11391406057688 2.4733407109517973 12.91783028008913
  endloop
endfacet
facet normal 0.42339527475050964 -0.3608904211927966 0.8309600142065962
  outer loop
    vertex 26.22274999592668 2.4733407109517977 14.390951949692148
    vertex 31.005239450879234 14.473340710951797 17.16581665812713
    vertex 28.54774999592649 14.473340710951797 18.417970077289738
  endloop
endfacet
facet normal 0.6701211102995398 1.2360975160560023e-16 -0.742251775027121
  outer loop
    vertex 61.89415083396125 2.4733407109517973 16.395948303099306
    vertex 64.38032404478152 -1.5266592890482031 18.64051976589032
    vertex 61.89415083396125 -1.526659289048203 16.395948303099306
  endloop
endfacet
facet normal 0.6701211102995398 1.2360975160560023e-16 -0.742251775027121
  outer loop
    vertex 64.38032404478152 -1.5266592890482031 18.64051976589032
    vertex 61.89415083396125 2.4733407109517973 16.395948303099306
    vertex 64.38032404478152 2.473340710951797 18.64051976589032
  endloop
endfacet
facet normal 0.5448455720793118 0.3709517778093765 0.7520226599814865
  outer loop
    vertex 58.81205811086114 14.473340710951794 62.39891968345448
    vertex 59.11539169950532 2.473340710951788 68.09841731718579
    vertex 61.82781836643737 2.4733407109517884 66.13324560400343
  endloop
endfacet
facet normal 0.5448455720793118 0.3709517778093765 0.7520226599814865
  outer loop
    vertex 59.11539169950532 2.473340710951788 68.09841731718579
    vertex 58.81205811086114 14.473340710951794 62.39891968345448
    vertex 56.50649544396893 14.473340710951794 64.06931563965948
  endloop
endfacet
facet normal -0.9313301192072545 -0.36089042119277237 -0.04880894332706249
  outer loop
    vertex 67.92840193888115 14.473340710951797 43.99206447411265
    vertex 72.72274999592666 2.473340710951793 41.23773946700975
    vertex 72.55292875234313 2.473340710951793 44.47812182830704
  endloop
endfacet
facet normal -0.9313301192072545 -0.36089042119277237 -0.04880894332706249
  outer loop
    vertex 72.72274999592666 2.473340710951793 41.23773946700975
    vertex 67.92840193888115 14.473340710951797 43.99206447411265
    vertex 68.07274999592715 14.473340710951794 41.237739467009966
  endloop
endfacet
facet normal 0.20921601761806988 1.6284797649157854e-16 -0.9778694483273498
  outer loop
    vertex 46.770799969628115 2.473340710951798 9.638416824538227
    vertex 50.04617485980231 -1.5266592890482018 10.339186126514694
    vertex 46.770799969628115 -1.5266592890482018 9.638416824538227
  endloop
endfacet
facet normal 0.20921601761806988 1.6284797649157854e-16 -0.9778694483273498
  outer loop
    vertex 50.04617485980231 -1.5266592890482018 10.339186126514694
    vertex 46.770799969628115 2.473340710951798 9.638416824538227
    vertex 50.04617485980231 2.473340710951798 10.339186126514694
  endloop
endfacet
facet normal 0.3342168978129545 -0.3608904211928003 0.8706647857284504
  outer loop
    vertex 32.143223170303315 2.4733407109517977 11.754987461859992
    vertex 31.005239450879234 14.473340710951797 17.16581665812713
    vertex 29.11391406057688 2.4733407109517973 12.91783028008913
  endloop
endfacet
facet normal 0.3342168978129545 -0.3608904211928003 0.8706647857284504
  outer loop
    vertex 31.005239450879234 14.473340710951797 17.16581665812713
    vertex 32.143223170303315 2.4733407109517977 11.754987461859992
    vertex 33.58015219414691 14.473340710951797 16.177400262632382
  endloop
endfacet
facet normal 0.9313301192072434 -0.3608904211928013 -0.048808943327062586
  outer loop
    vertex 10.722749995926687 2.473340710951793 41.23773946700975
    vertex 15.517098052972626 14.473340710951797 43.99206447411261
    vertex 10.892571239510211 2.473340710951793 44.47812182830699
  endloop
endfacet
facet normal 0.9313301192072434 -0.3608904211928013 -0.048808943327062586
  outer loop
    vertex 15.517098052972626 14.473340710951797 43.99206447411261
    vertex 10.722749995926687 2.473340710951793 41.23773946700975
    vertex 15.372749995926622 14.473340710951794 41.237739467009966
  endloop
endfacet
facet normal 0.9313301192072427 -0.3608904211928028 0.048808943327062274
  outer loop
    vertex 10.722749995926687 2.473340710951793 41.23773946700975
    vertex 15.517098052972626 14.473340710951794 38.48341445990732
    vertex 15.372749995926622 14.473340710951794 41.237739467009966
  endloop
endfacet
facet normal 0.9313301192072427 -0.3608904211928028 0.048808943327062274
  outer loop
    vertex 15.517098052972626 14.473340710951794 38.48341445990732
    vertex 10.722749995926687 2.473340710951793 41.23773946700975
    vertex 10.892571239510211 2.4733407109517938 37.99735710571249
  endloop
endfacet
facet normal 0.0013336552674293016 1.6653330559247865e-16 -0.9999991106814184
  outer loop
    vertex 40.09061936679493 2.4733407109517977 9.279389234098012
    vertex 43.44011758756968 -1.5266592890482018 9.283856314016038
    vertex 40.09061936679493 -1.5266592890482018 9.279389234098012
  endloop
endfacet
facet normal 0.0013336552674293016 1.6653330559247865e-16 -0.9999991106814184
  outer loop
    vertex 43.44011758756968 -1.5266592890482018 9.283856314016038
    vertex 40.09061936679493 2.4733407109517977 9.279389234098012
    vertex 43.44011758756968 2.4733407109517977 9.283856314016038
  endloop
endfacet
facet normal -0.19428890038961338 0.3709517778093936 0.9081005460440189
  outer loop
    vertex 37.4319075182808 14.473340710951788 68.09716371311065
    vertex 33.39932513205102 2.473340710951788 72.1362928075048
    vertex 36.67470002222524 2.4733407109517875 72.83706210948128
  endloop
endfacet
facet normal -0.19428890038961338 0.3709517778093936 0.9081005460440189
  outer loop
    vertex 33.39932513205102 2.473340710951788 72.1362928075048
    vertex 37.4319075182808 14.473340710951788 68.09716371311065
    vertex 34.64783886163251 14.473340710951788 67.50150980643065
  endloop
endfacet
facet normal -0.19186602525191293 0.3709517778093984 -0.9086155440526422
  outer loop
    vertex 34.71791759803264 14.473340710951797 14.9551915867639
    vertex 36.75900311073824 2.473340710951798 9.625064527046476
    vertex 33.48177070428649 2.473340710951798 10.317094902014707
  endloop
endfacet
facet normal -0.19186602525191293 0.3709517778093984 -0.9086155440526422
  outer loop
    vertex 36.75900311073824 2.473340710951798 9.625064527046476
    vertex 34.71791759803264 14.473340710951797 14.9551915867639
    vertex 37.50356514351678 14.473340710951797 14.366965768040997
  endloop
endfacet
facet normal -0.103202020944214 1.6564423430516877e-16 -0.9946604158571056
  outer loop
    vertex 36.75900311073824 2.473340710951798 9.625064527046476
    vertex 40.09061936679493 -1.5266592890482018 9.279389234098012
    vertex 36.75900311073824 -1.5266592890482018 9.625064527046476
  endloop
endfacet
facet normal -0.103202020944214 1.6564423430516877e-16 -0.9946604158571056
  outer loop
    vertex 40.09061936679493 -1.5266592890482018 9.279389234098012
    vertex 36.75900311073824 2.473340710951798 9.625064527046476
    vertex 40.09061936679493 2.4733407109517977 9.279389234098012
  endloop
endfacet
facet normal -0.8309600142065997 -0.36089042119278747 0.4233952747505101
  outer loop
    vertex 64.54251938564704 14.473340710951799 28.062739467009933
    vertex 70.04265918284729 2.473340710951795 28.62890353165994
    vertex 65.79467280480961 14.473340710951799 30.52022892196263
  endloop
endfacet
facet normal -0.8309600142065997 -0.36089042119278747 0.4233952747505101
  outer loop
    vertex 70.04265918284729 2.473340710951795 28.62890353165994
    vertex 64.54251938564704 14.473340710951799 28.062739467009933
    vertex 68.56953751324427 2.473340710951795 25.737739467009764
  endloop
endfacet
facet normal -0.30774833802780877 1.5845121758759563e-16 -0.9514677926451961
  outer loop
    vertex 30.294828191489728 2.4733407109517977 11.347898329397871
    vertex 33.48177070428649 -1.5266592890482018 10.317094902014707
    vertex 30.294828191489728 -1.5266592890482023 11.347898329397871
  endloop
endfacet
facet normal -0.30774833802780877 1.5845121758759563e-16 -0.9514677926451961
  outer loop
    vertex 33.48177070428649 -1.5266592890482018 10.317094902014707
    vertex 30.294828191489728 2.4733407109517977 11.347898329397871
    vertex 33.48177070428649 2.473340710951798 10.317094902014707
  endloop
endfacet
facet normal 0.9999991106814184 -2.220982177224555e-19 0.001333655267432669
  outer loop
    vertex 73.68110022883843 -1.5266592890482067 39.605608837877995
    vertex 73.67663314892039 2.4733407109517924 42.95510705865274
    vertex 73.67663314892039 -1.5266592890482074 42.95510705865274
  endloop
endfacet
facet normal 0.9999991106814184 -2.220982177224555e-19 0.001333655267432669
  outer loop
    vertex 73.67663314892039 2.4733407109517924 42.95510705865274
    vertex 73.68110022883843 -1.5266592890482067 39.605608837877995
    vertex 73.68110022883843 2.4733407109517933 39.605608837877995
  endloop
endfacet
facet normal -0.20660699421798526 1.629403301235269e-16 -0.9784240133705885
  outer loop
    vertex 33.48177070428649 2.473340710951798 10.317094902014707
    vertex 36.75900311073824 -1.5266592890482018 9.625064527046476
    vertex 33.48177070428649 -1.5266592890482018 10.317094902014707
  endloop
endfacet
facet normal -0.20660699421798526 1.629403301235269e-16 -0.9784240133705885
  outer loop
    vertex 36.75900311073824 -1.5266592890482018 9.625064527046476
    vertex 33.48177070428649 2.473340710951798 10.317094902014707
    vertex 36.75900311073824 2.473340710951798 9.625064527046476
  endloop
endfacet
facet normal 0.24137677060357524 -0.3608904211928092 0.9008303716595406
  outer loop
    vertex 36.24427694287915 14.473340710951797 15.463550187674
    vertex 32.143223170303315 2.4733407109517977 11.754987461859992
    vertex 35.27748758057615 2.4733407109517977 10.915163844261789
  endloop
endfacet
facet normal 0.24137677060357524 -0.3608904211928092 0.9008303716595406
  outer loop
    vertex 32.143223170303315 2.4733407109517977 11.754987461859992
    vertex 36.24427694287915 14.473340710951797 15.463550187674
    vertex 33.58015219414691 14.473340710951797 16.177400262632382
  endloop
endfacet
facet normal 0.09830221089399997 0.3709517778093939 -0.9234345964243499
  outer loop
    vertex 43.18251244882369 14.473340710951797 14.076938786965144
    vertex 46.770799969628115 2.473340710951798 9.638416824538227
    vertex 43.44011758756968 2.4733407109517977 9.283856314016038
  endloop
endfacet
facet normal 0.09830221089399997 0.3709517778093939 -0.9234345964243499
  outer loop
    vertex 46.770799969628115 2.473340710951798 9.638416824538227
    vertex 43.18251244882369 14.473340710951797 14.076938786965144
    vertex 46.01359247357336 14.473340710951797 14.378315220908926
  endloop
endfacet
facet normal -0.4055179266457213 1.5222608035372558e-16 -0.9140870916761462
  outer loop
    vertex 27.233092381428765 2.4733407109517977 12.706181111136095
    vertex 30.294828191489728 -1.5266592890482023 11.347898329397871
    vertex 27.233092381428765 -1.5266592890482023 12.706181111136095
  endloop
endfacet
facet normal -0.4055179266457213 1.5222608035372558e-16 -0.9140870916761462
  outer loop
    vertex 30.294828191489728 -1.5266592890482023 11.347898329397871
    vertex 27.233092381428765 2.4733407109517977 12.706181111136095
    vertex 30.294828191489728 2.4733407109517977 11.347898329397871
  endloop
endfacet
facet normal -0.7821510708795397 -0.3608904211927872 0.5079348444567298
  outer loop
    vertex 63.04034779770701 14.473340710951799 25.74959806910326
    vertex 68.56953751324427 2.473340710951795 25.737739467009764
    vertex 64.54251938564704 14.473340710951799 28.062739467009933
  endloop
endfacet
facet normal -0.7821510708795397 -0.3608904211927872 0.5079348444567298
  outer loop
    vertex 68.56953751324427 2.473340710951795 25.737739467009764
    vertex 63.04034779770701 14.473340710951799 25.74959806910326
    vertex 66.80227682155002 2.473340710951796 23.016396645943086
  endloop
endfacet
facet normal 0.9130021987431551 -6.793809449495172e-17 0.40795463606896815
  outer loop
    vertex 71.5820030181088 -1.526659289048209 52.745346036462344
    vertex 70.21555847523445 2.47334071095179 55.803447996342854
    vertex 70.21555847523445 -1.5266592890482096 55.803447996342854
  endloop
endfacet
facet normal 0.9130021987431551 -6.793809449495172e-17 0.40795463606896815
  outer loop
    vertex 70.21555847523445 2.47334071095179 55.803447996342854
    vertex 71.5820030181088 -1.526659289048209 52.745346036462344
    vertex 71.5820030181088 2.473340710951791 52.745346036462344
  endloop
endfacet
facet normal 0.5869093737148963 -0.3608904211927997 0.7247727167442715
  outer loop
    vertex 26.234608598019843 14.473340710951797 19.92014166522984
    vertex 20.97970119880208 2.473340710951797 18.20024987721054
    vertex 23.501407174860027 2.4733407109517973 16.158212641386392
  endloop
endfacet
facet normal 0.5869093737148963 -0.3608904211927997 0.7247727167442715
  outer loop
    vertex 20.97970119880208 2.473340710951797 18.20024987721054
    vertex 26.234608598019843 14.473340710951797 19.92014166522984
    vertex 24.091158518370744 14.473340710951797 21.655873315680388
  endloop
endfacet
facet normal -0.001238501804774292 0.37095177780939015 0.9286513041251451
  outer loop
    vertex 43.11006103068904 14.473340710951788 68.40233716498483
    vertex 40.00538240428367 2.4733407109517875 73.19162262000346
    vertex 43.3548806250584 2.4733407109517875 73.1960896999215
  endloop
endfacet
facet normal -0.001238501804774292 0.37095177780939015 0.9286513041251451
  outer loop
    vertex 40.00538240428367 2.4733407109517875 73.19162262000346
    vertex 43.11006103068904 14.473340710951788 68.40233716498483
    vertex 40.26298754303041 14.473340710951788 68.3985401470545
  endloop
endfacet
facet normal 0.8309600142065887 -0.36089042119280873 0.4233952747505137
  outer loop
    vertex 13.402840809006058 2.473340710951795 28.62890353165994
    vertex 18.902980606206693 14.473340710951799 28.062739467009933
    vertex 17.650827187044083 14.473340710951799 30.52022892196263
  endloop
endfacet
facet normal 0.8309600142065887 -0.36089042119280873 0.4233952747505137
  outer loop
    vertex 18.902980606206693 14.473340710951799 28.062739467009933
    vertex 13.402840809006058 2.473340710951795 28.62890353165994
    vertex 14.8759624786091 2.473340710951795 25.73773946700974
  endloop
endfacet
facet normal -0.931330119207254 -0.3608904211927739 0.04880894332706293
  outer loop
    vertex 67.92840193888115 14.473340710951794 38.48341445990732
    vertex 72.72274999592666 2.473340710951793 41.23773946700975
    vertex 68.07274999592715 14.473340710951794 41.237739467009966
  endloop
endfacet
facet normal -0.931330119207254 -0.3608904211927739 0.04880894332706293
  outer loop
    vertex 72.72274999592666 2.473340710951793 41.23773946700975
    vertex 67.92840193888115 14.473340710951794 38.48341445990732
    vertex 72.55292875234313 2.4733407109517938 37.9973571057125
  endloop
endfacet
facet normal 0.9946604158571049 1.718658897601821e-17 -0.10320202094422065
  outer loop
    vertex 73.33542493588995 -1.5266592890482065 36.273992581821304
    vertex 73.68110022883843 2.4733407109517933 39.605608837877995
    vertex 73.68110022883843 -1.5266592890482067 39.605608837877995
  endloop
endfacet
facet normal 0.9946604158571049 1.718658897601821e-17 -0.10320202094422065
  outer loop
    vertex 73.68110022883843 2.4733407109517933 39.605608837877995
    vertex 73.33542493588995 -1.5266592890482065 36.273992581821304
    vertex 73.33542493588995 2.4733407109517933 36.273992581821304
  endloop
endfacet
facet normal 0.5011545346821924 1.4411102411042286e-16 -0.8653578059782412
  outer loop
    vertex 56.28845852525977 2.4733407109517977 12.744930987701972
    vertex 59.18697553442247 -1.5266592890482025 14.423548702779101
    vertex 56.28845852525977 -1.5266592890482023 12.744930987701972
  endloop
endfacet
facet normal 0.5011545346821924 1.4411102411042286e-16 -0.8653578059782412
  outer loop
    vertex 59.18697553442247 -1.5266592890482025 14.423548702779101
    vertex 56.28845852525977 2.4733407109517977 12.744930987701972
    vertex 59.18697553442247 2.4733407109517977 14.423548702779101
  endloop
endfacet
facet normal 0.8098001777989395 9.770613981021701e-17 -0.5867057797881372
  outer loop
    vertex 66.61825613292035 -1.5266592890482036 21.132671096499028
    vertex 68.58342784610271 2.4733407109517955 23.845097763431095
    vertex 68.58342784610271 -1.5266592890482042 23.845097763431095
  endloop
endfacet
facet normal 0.8098001777989395 9.770613981021701e-17 -0.5867057797881372
  outer loop
    vertex 68.58342784610271 2.4733407109517955 23.845097763431095
    vertex 66.61825613292035 -1.5266592890482036 21.132671096499028
    vertex 66.61825613292035 2.4733407109517964 21.132671096499028
  endloop
endfacet
facet normal 0.9008303716595382 -0.360890421192814 0.24137677060357665
  outer loop
    vertex 11.40017437317872 2.4733407109517938 34.792477051659205
    vertex 16.66241079154938 14.473340710951794 33.095141665230074
    vertex 15.948560716591066 14.473340710951794 35.75926641396196
  endloop
endfacet
facet normal 0.9008303716595382 -0.360890421192814 0.24137677060357665
  outer loop
    vertex 16.66241079154938 14.473340710951794 33.095141665230074
    vertex 11.40017437317872 2.4733407109517938 34.792477051659205
    vertex 12.239997990776923 2.4733407109517946 31.658212641386374
  endloop
endfacet
facet normal 0.9784240133705885 3.4406976304410575e-17 -0.20660699421798526
  outer loop
    vertex 72.64339456092172 -1.5266592890482056 32.99676017536955
    vertex 73.33542493588995 2.4733407109517933 36.273992581821304
    vertex 73.33542493588995 -1.5266592890482065 36.273992581821304
  endloop
endfacet
facet normal 0.9784240133705885 3.4406976304410575e-17 -0.20660699421798526
  outer loop
    vertex 73.33542493588995 2.4733407109517933 36.273992581821304
    vertex 72.64339456092172 -1.5266592890482056 32.99676017536955
    vertex 72.64339456092172 2.473340710951794 32.99676017536955
  endloop
endfacet
facet normal -0.8706647857284512 -0.36089042119278564 0.334216897812968
  outer loop
    vertex 65.79467280480961 14.473340710951799 30.52022892196263
    vertex 71.20550200107643 2.4733407109517946 31.658212641386395
    vertex 66.78308920030436 14.473340710951794 33.095141665230074
  endloop
endfacet
facet normal -0.8706647857284512 -0.36089042119278564 0.334216897812968
  outer loop
    vertex 71.20550200107643 2.4733407109517946 31.658212641386395
    vertex 65.79467280480961 14.473340710951799 30.52022892196263
    vertex 70.04265918284729 2.473340710951795 28.62890353165994
  endloop
endfacet
facet normal 0.69095113079705 0.3709517778093757 -0.6204686240176385
  outer loop
    vertex 66.61825613292035 2.4733407109517964 21.132671096499028
    vertex 60.981687937453714 14.473340710951797 22.030102721058206
    vertex 62.88393021237176 14.473340710951797 24.148431352075725
  endloop
endfacet
facet normal 0.69095113079705 0.3709517778093757 -0.6204686240176385
  outer loop
    vertex 60.981687937453714 14.473340710951797 22.030102721058206
    vertex 66.61825613292035 2.4733407109517964 21.132671096499028
    vertex 64.38032404478152 2.473340710951797 18.64051976589032
  endloop
endfacet
facet normal 0.10585471967288534 1.6559780313438273e-16 -0.9943816059858384
  outer loop
    vertex 43.44011758756968 2.4733407109517977 9.283856314016038
    vertex 46.770799969628115 -1.5266592890482018 9.638416824538227
    vertex 43.44011758756968 -1.5266592890482018 9.283856314016038
  endloop
endfacet
facet normal 0.10585471967288534 1.6559780313438273e-16 -0.9943816059858384
  outer loop
    vertex 46.770799969628115 -1.5266592890482018 9.638416824538227
    vertex 43.44011758756968 2.4733407109517977 9.283856314016038
    vertex 46.770799969628115 2.473340710951798 9.638416824538227
  endloop
endfacet
facet normal 0.3788479417258544 0.37095177780938504 -0.847861436550891
  outer loop
    vertex 51.50421557996169 14.473340710951797 15.857374398154947
    vertex 56.28845852525977 2.4733407109517977 12.744930987701972
    vertex 53.230356565379246 2.4733407109517977 11.378486444827612
  endloop
endfacet
facet normal 0.3788479417258544 0.37095177780938504 -0.847861436550891
  outer loop
    vertex 56.28845852525977 2.4733407109517977 12.744930987701972
    vertex 51.50421557996169 14.473340710951797 15.857374398154947
    vertex 54.103602245860294 14.473340710951797 17.018852259598127
  endloop
endfacet
facet normal 0.7821510708795407 -0.3608904211928062 0.5079348444567143
  outer loop
    vertex 14.8759624786091 2.473340710951795 25.73773946700974
    vertex 20.405152194146634 14.473340710951799 25.74959806910326
    vertex 18.902980606206693 14.473340710951799 28.062739467009933
  endloop
endfacet
facet normal 0.7821510708795407 -0.3608904211928062 0.5079348444567143
  outer loop
    vertex 20.405152194146634 14.473340710951799 25.74959806910326
    vertex 14.8759624786091 2.473340710951795 25.73773946700974
    vertex 16.643223170303322 2.473340710951796 23.016396645943086
  endloop
endfacet
facet normal 0.7440365541426623 1.1126748060879223e-16 -0.6681389122776141
  outer loop
    vertex 64.38032404478152 -1.5266592890482031 18.64051976589032
    vertex 66.61825613292035 2.4733407109517964 21.132671096499028
    vertex 66.61825613292035 -1.5266592890482036 21.132671096499028
  endloop
endfacet
facet normal 0.7440365541426623 1.1126748060879223e-16 -0.6681389122776141
  outer loop
    vertex 66.61825613292035 2.4733407109517964 21.132671096499028
    vertex 64.38032404478152 -1.5266592890482031 18.64051976589032
    vertex 64.38032404478152 2.473340710951797 18.64051976589032
  endloop
endfacet
facet normal 0.7247727167442802 -0.36089042119280307 0.5869093737148833
  outer loop
    vertex 16.643223170303322 2.473340710951796 23.016396645943086
    vertex 22.14088384459725 14.473340710951797 23.60614798945387
    vertex 20.405152194146634 14.473340710951799 25.74959806910326
  endloop
endfacet
facet normal 0.7247727167442802 -0.36089042119280307 0.5869093737148833
  outer loop
    vertex 22.14088384459725 14.473340710951797 23.60614798945387
    vertex 16.643223170303322 2.473340710951796 23.016396645943086
    vertex 18.68526040612747 2.4733407109517964 20.49469066988515
  endloop
endfacet
facet normal -0.6681389122776159 1.2390697703579155e-16 -0.7440365541426606
  outer loop
    vertex 19.125530294807252 2.473340710951797 18.580165418154905
    vertex 21.61768162541596 -1.526659289048203 16.34223333001605
    vertex 19.125530294807252 -1.5266592890482031 18.580165418154905
  endloop
endfacet
facet normal -0.6681389122776159 1.2390697703579155e-16 -0.7440365541426606
  outer loop
    vertex 21.61768162541596 -1.526659289048203 16.34223333001605
    vertex 19.125530294807252 2.473340710951797 18.580165418154905
    vertex 21.61768162541596 2.4733407109517973 16.34223333001605
  endloop
endfacet
facet normal 0.84886892468393 0.370951777809375 -0.3765850863297867
  outer loop
    vertex 71.61259113353854 2.473340710951794 29.809817662572808
    vertex 65.97457459841974 14.473340710951799 28.92153049468671
    vertex 67.1291149628972 14.473340710951794 31.524005933238573
  endloop
endfacet
facet normal 0.84886892468393 0.370951777809375 -0.3765850863297867
  outer loop
    vertex 65.97457459841974 14.473340710951799 28.92153049468671
    vertex 71.61259113353854 2.473340710951794 29.809817662572808
    vertex 70.25430835180032 2.4733407109517955 26.748081852511824
  endloop
endfacet
facet normal -0.5867057797881311 1.3485882041068994e-16 -0.8098001777989438
  outer loop
    vertex 21.61768162541596 2.4733407109517973 16.34223333001605
    vertex 24.330108292348037 -1.5266592890482025 14.377061616833718
    vertex 21.61768162541596 -1.526659289048203 16.34223333001605
  endloop
endfacet
facet normal -0.5867057797881311 1.3485882041068994e-16 -0.8098001777989438
  outer loop
    vertex 24.330108292348037 -1.5266592890482025 14.377061616833718
    vertex 21.61768162541596 2.4733407109517973 16.34223333001605
    vertex 24.330108292348037 2.4733407109517977 14.377061616833718
  endloop
endfacet
facet normal -0.09583877656939148 0.37095177780940247 -0.9236935138051616
  outer loop
    vertex 36.75900311073824 2.473340710951798 9.625064527046476
    vertex 40.335438961165146 14.473340710951797 14.07314176903484
    vertex 40.09061936679493 2.4733407109517977 9.279389234098012
  endloop
endfacet
facet normal -0.09583877656939148 0.37095177780940247 -0.9236935138051616
  outer loop
    vertex 40.335438961165146 14.473340710951797 14.07314176903484
    vertex 36.75900311073824 2.473340710951798 9.625064527046476
    vertex 37.50356514351678 14.473340710951797 14.366965768040997
  endloop
endfacet
facet normal -0.28814692003499864 0.37095177780939104 0.8828171560489727
  outer loop
    vertex 34.64783886163251 14.473340710951788 67.50150980643065
    vertex 30.215143426474103 2.473340710951788 71.09699248919188
    vertex 33.39932513205102 2.473340710951788 72.1362928075048
  endloop
endfacet
facet normal -0.28814692003499864 0.37095177780939104 0.8828171560489727
  outer loop
    vertex 30.215143426474103 2.473340710951788 71.09699248919188
    vertex 34.64783886163251 14.473340710951788 67.50150980643065
    vertex 31.94128441189207 14.473340710951788 66.6181045358647
  endloop
endfacet
facet normal 0.14589206898416665 -0.36089042119281217 0.9211262715278477
  outer loop
    vertex 38.48236763462941 2.473340710951798 10.407560710593282
    vertex 36.24427694287915 14.473340710951797 15.463550187674
    vertex 35.27748758057615 2.4733407109517977 10.915163844261789
  endloop
endfacet
facet normal 0.14589206898416665 -0.36089042119281217 0.9211262715278477
  outer loop
    vertex 36.24427694287915 14.473340710951797 15.463550187674
    vertex 38.48236763462941 2.473340710951798 10.407560710593282
    vertex 38.96842498882424 14.473340710951797 15.03208752405581
  endloop
endfacet
facet normal 0.870664785728447 -0.3608904211928035 -0.3342168978129596
  outer loop
    vertex 12.239997990776923 2.4733407109517915 50.81726629263311
    vertex 17.650827187044083 14.473340710951792 51.955250012057085
    vertex 13.402840809006058 2.4733407109517906 53.84657540235954
  endloop
endfacet
facet normal 0.870664785728447 -0.3608904211928035 -0.3342168978129596
  outer loop
    vertex 17.650827187044083 14.473340710951792 51.955250012057085
    vertex 12.239997990776923 2.4733407109517915 50.81726629263311
    vertex 16.66241079154938 14.473340710951792 49.3803372687896
  endloop
endfacet
facet normal 0.6594536010559341 -0.36089042119280357 0.6594536010559363
  outer loop
    vertex 24.091158518370744 14.473340710951797 21.655873315680388
    vertex 18.68526040612747 2.4733407109517964 20.49469066988515
    vertex 20.97970119880208 2.473340710951797 18.20024987721054
  endloop
endfacet
facet normal 0.6594536010559341 -0.36089042119280357 0.6594536010559363
  outer loop
    vertex 18.68526040612747 2.4733407109517964 20.49469066988515
    vertex 24.091158518370744 14.473340710951797 21.655873315680388
    vertex 22.14088384459725 14.473340710951797 23.60614798945387
  endloop
endfacet
facet normal 0.7821510708795412 -0.3608904211927998 -0.5079348444567182
  outer loop
    vertex 14.875962478609079 2.4733407109517906 56.73773946700974
    vertex 20.405152194146634 14.473340710951792 56.72588086491641
    vertex 16.643223170303322 2.4733407109517893 59.45908228807642
  endloop
endfacet
facet normal 0.7821510708795412 -0.3608904211927998 -0.5079348444567182
  outer loop
    vertex 20.405152194146634 14.473340710951792 56.72588086491641
    vertex 14.875962478609079 2.4733407109517906 56.73773946700974
    vertex 18.902980606206693 14.473340710951792 54.412739467009736
  endloop
endfacet
facet normal 0.5888636793401173 1.3459772829681395e-16 -0.8082323720032621
  outer loop
    vertex 59.18697553442247 2.4733407109517977 14.423548702779101
    vertex 61.89415083396125 -1.526659289048203 16.395948303099306
    vertex 59.18697553442247 -1.5266592890482025 14.423548702779101
  endloop
endfacet
facet normal 0.5888636793401173 1.3459772829681395e-16 -0.8082323720032621
  outer loop
    vertex 61.89415083396125 -1.526659289048203 16.395948303099306
    vertex 59.18697553442247 2.4733407109517977 14.423548702779101
    vertex 61.89415083396125 2.4733407109517973 16.395948303099306
  endloop
endfacet
facet normal -0.4988445759992257 1.4433312232814448e-16 -0.866691461245669
  outer loop
    vertex 24.330108292348037 2.4733407109517977 14.377061616833718
    vertex 27.233092381428765 -1.5266592890482023 12.706181111136095
    vertex 24.330108292348037 -1.5266592890482025 14.377061616833718
  endloop
endfacet
facet normal -0.4988445759992257 1.4433312232814448e-16 -0.866691461245669
  outer loop
    vertex 27.233092381428765 -1.5266592890482023 12.706181111136095
    vertex 24.330108292348037 2.4733407109517977 14.377061616833718
    vertex 27.233092381428765 2.4733407109517977 12.706181111136095
  endloop
endfacet
facet normal -0.9008303716595442 -0.36089042119278386 0.24137677060360005
  outer loop
    vertex 66.78308920030436 14.473340710951794 33.095141665230074
    vertex 72.04532561867464 2.4733407109517938 34.79247705165922
    vertex 67.49693927526283 14.473340710951794 35.75926641396198
  endloop
endfacet
facet normal -0.9008303716595442 -0.36089042119278386 0.24137677060360005
  outer loop
    vertex 72.04532561867464 2.4733407109517938 34.79247705165922
    vertex 66.78308920030436 14.473340710951794 33.095141665230074
    vertex 71.20550200107643 2.4733407109517946 31.658212641386395
  endloop
endfacet
facet normal 0.8309600142065912 -0.3608904211928029 -0.42339527475051386
  outer loop
    vertex 13.402840809006058 2.4733407109517906 53.84657540235954
    vertex 18.902980606206693 14.473340710951792 54.412739467009736
    vertex 14.875962478609079 2.4733407109517906 56.73773946700974
  endloop
endfacet
facet normal 0.8309600142065912 -0.3608904211928029 -0.42339527475051386
  outer loop
    vertex 18.902980606206693 14.473340710951792 54.412739467009736
    vertex 13.402840809006058 2.4733407109517906 53.84657540235954
    vertex 17.650827187044083 14.473340710951792 51.955250012057085
  endloop
endfacet
facet normal 0.28579114961125107 0.37095177780938127 0.8835825922594553
  outer loop
    vertex 53.150671800363604 2.473340710951788 71.12758060462163
    vertex 48.72758239382116 14.473340710951788 67.52028734725567
    vertex 49.96372928756686 2.4733407109517875 72.1583840320048
  endloop
endfacet
facet normal 0.28579114961125107 0.37095177780938127 0.8835825922594553
  outer loop
    vertex 48.72758239382116 14.473340710951788 67.52028734725567
    vertex 53.150671800363604 2.473340710951788 71.12758060462163
    vertex 51.43648352969851 14.473340710951788 66.64410443397995
  endloop
endfacet
facet normal 0.7247727167442795 -0.3608904211927974 -0.5869093737148878
  outer loop
    vertex 16.643223170303322 2.4733407109517893 59.45908228807642
    vertex 22.14088384459725 14.473340710951792 58.869330944565725
    vertex 18.685260406127448 2.4733407109517893 61.98078826413434
  endloop
endfacet
facet normal 0.7247727167442795 -0.3608904211927974 -0.5869093737148878
  outer loop
    vertex 22.14088384459725 14.473340710951792 58.869330944565725
    vertex 16.643223170303322 2.4733407109517893 59.45908228807642
    vertex 20.405152194146634 14.473340710951792 56.72588086491641
  endloop
endfacet
facet normal 0.8048548715323129 0.3709517778093778 -0.4632530780370124
  outer loop
    vertex 70.25430835180032 2.4733407109517955 26.748081852511824
    vertex 64.55432616857668 14.473340710951799 26.45399401896802
    vertex 65.97457459841974 14.473340710951799 28.92153049468671
  endloop
endfacet
facet normal 0.8048548715323129 0.3709517778093778 -0.4632530780370124
  outer loop
    vertex 64.55432616857668 14.473340710951799 26.45399401896802
    vertex 70.25430835180032 2.4733407109517955 26.748081852511824
    vertex 68.58342784610271 2.4733407109517955 23.845097763431095
  endloop
endfacet
facet normal 0.6223093964327758 0.3709517778093749 -0.6892936918698288
  outer loop
    vertex 58.86844070825647 14.473340710951797 20.122216977685785
    vertex 64.38032404478152 2.473340710951797 18.64051976589032
    vertex 61.89415083396125 2.4733407109517973 16.395948303099306
  endloop
endfacet
facet normal 0.6223093964327758 0.3709517778093749 -0.6892936918698288
  outer loop
    vertex 64.38032404478152 2.473340710951797 18.64051976589032
    vertex 58.86844070825647 14.473340710951797 20.122216977685785
    vertex 60.981687937453714 14.473340710951797 22.030102721058206
  endloop
endfacet
facet normal 0.31028510109297536 1.5831395334020235e-16 -0.9506435483606471
  outer loop
    vertex 50.04617485980231 2.473340710951798 10.339186126514694
    vertex 53.230356565379246 -1.5266592890482023 11.378486444827612
    vertex 50.04617485980231 -1.5266592890482018 10.339186126514694
  endloop
endfacet
facet normal 0.31028510109297536 1.5831395334020235e-16 -0.9506435483606471
  outer loop
    vertex 53.230356565379246 -1.5266592890482023 11.378486444827612
    vertex 50.04617485980231 2.473340710951798 10.339186126514694
    vertex 53.230356565379246 2.4733407109517977 11.378486444827612
  endloop
endfacet
facet normal 0.09583877656940017 0.37095177780938743 0.9236935138051665
  outer loop
    vertex 45.94193484833729 14.473340710951788 68.10851316597864
    vertex 43.3548806250584 2.4733407109517875 73.1960896999215
    vertex 46.68649688111511 2.4733407109517875 72.85041440697304
  endloop
endfacet
facet normal 0.09583877656940017 0.37095177780938743 0.9236935138051665
  outer loop
    vertex 43.3548806250584 2.4733407109517875 73.1960896999215
    vertex 45.94193484833729 14.473340710951788 68.10851316597864
    vertex 43.11006103068904 14.473340710951788 68.40233716498483
  endloop
endfacet
facet normal 0.9211262715278432 -0.36089042119281145 0.14589206898419474
  outer loop
    vertex 10.892571239510211 2.4733407109517938 37.99735710571249
    vertex 15.948560716591066 14.473340710951794 35.75926641396196
    vertex 15.517098052972626 14.473340710951794 38.48341445990732
  endloop
endfacet
facet normal 0.9211262715278432 -0.36089042119281145 0.14589206898419474
  outer loop
    vertex 15.948560716591066 14.473340710951794 35.75926641396196
    vertex 10.892571239510211 2.4733407109517938 37.99735710571249
    vertex 11.40017437317872 2.4733407109517938 34.792477051659205
  endloop
endfacet
facet normal -0.9211262715278581 -0.36089042119277903 0.14589206898418153
  outer loop
    vertex 67.49693927526283 14.473340710951794 35.75926641396198
    vertex 72.55292875234313 2.4733407109517938 37.9973571057125
    vertex 67.92840193888115 14.473340710951794 38.48341445990732
  endloop
endfacet
facet normal -0.9211262715278581 -0.36089042119277903 0.14589206898418153
  outer loop
    vertex 72.55292875234313 2.4733407109517938 37.9973571057125
    vertex 67.49693927526283 14.473340710951794 35.75926641396198
    vertex 72.04532561867464 2.4733407109517938 34.79247705165922
  endloop
endfacet
facet normal 0.0012385018047702935 0.37095177780940025 -0.9286513041251409
  outer loop
    vertex 40.335438961165146 14.473340710951797 14.07314176903484
    vertex 43.44011758756968 2.4733407109517977 9.283856314016038
    vertex 40.09061936679493 2.4733407109517977 9.279389234098012
  endloop
endfacet
facet normal 0.0012385018047702935 0.37095177780940025 -0.9286513041251409
  outer loop
    vertex 43.44011758756968 2.4733407109517977 9.283856314016038
    vertex 40.335438961165146 14.473340710951797 14.07314176903484
    vertex 43.18251244882369 14.473340710951797 14.076938786965144
  endloop
endfacet
facet normal 0.9943816059858382 -1.762835205691179e-17 0.10585471967288515
  outer loop
    vertex 73.67663314892039 -1.5266592890482074 42.95510705865274
    vertex 73.3220726383982 2.4733407109517924 46.285789440711184
    vertex 73.3220726383982 -1.5266592890482078 46.285789440711184
  endloop
endfacet
facet normal 0.9943816059858382 -1.762835205691179e-17 0.10585471967288515
  outer loop
    vertex 73.3220726383982 2.4733407109517924 46.285789440711184
    vertex 73.67663314892039 -1.5266592890482074 42.95510705865274
    vertex 73.67663314892039 2.4733407109517924 42.95510705865274
  endloop
endfacet
facet normal 0.5079348444567388 -0.3608904211927961 0.7821510708795297
  outer loop
    vertex 28.54774999592649 14.473340710951797 18.417970077289738
    vertex 23.501407174860027 2.4733407109517973 16.158212641386392
    vertex 26.22274999592668 2.4733407109517977 14.390951949692148
  endloop
endfacet
facet normal 0.5079348444567388 -0.3608904211927961 0.7821510708795297
  outer loop
    vertex 23.501407174860027 2.4733407109517973 16.158212641386392
    vertex 28.54774999592649 14.473340710951797 18.417970077289738
    vertex 26.234608598019843 14.473340710951797 19.92014166522984
  endloop
endfacet
facet normal 0.40795463606897314 1.5204540938670622e-16 -0.9130021987431529
  outer loop
    vertex 53.230356565379246 2.4733407109517977 11.378486444827612
    vertex 56.28845852525977 -1.5266592890482023 12.744930987701972
    vertex 53.230356565379246 -1.5266592890482023 11.378486444827612
  endloop
endfacet
facet normal 0.40795463606897314 1.5204540938670622e-16 -0.9130021987431529
  outer loop
    vertex 56.28845852525977 -1.5266592890482023 12.744930987701972
    vertex 53.230356565379246 2.4733407109517977 11.378486444827612
    vertex 56.28845852525977 2.4733407109517977 12.744930987701972
  endloop
endfacet
facet normal 0.9778694483273487 -3.484146598199544e-17 0.2092160176180753
  outer loop
    vertex 73.3220726383982 -1.5266592890482078 46.285789440711184
    vertex 72.6213033364217 2.473340710951791 49.5611643308854
    vertex 72.6213033364217 -1.5266592890482085 49.5611643308854
  endloop
endfacet
facet normal 0.9778694483273487 -3.484146598199544e-17 0.2092160176180753
  outer loop
    vertex 72.6213033364217 2.473340710951791 49.5611643308854
    vertex 73.3220726383982 -1.5266592890482078 46.285789440711184
    vertex 73.3220726383982 2.4733407109517924 46.285789440711184
  endloop
endfacet
facet normal -0.09830221089401006 0.37095177780939226 0.9234345964243493
  outer loop
    vertex 40.00538240428367 2.4733407109517875 73.19162262000346
    vertex 37.4319075182808 14.473340710951788 68.09716371311065
    vertex 36.67470002222524 2.4733407109517875 72.83706210948128
  endloop
endfacet
facet normal -0.09830221089401006 0.37095177780939226 0.9234345964243493
  outer loop
    vertex 37.4319075182808 14.473340710951788 68.09716371311065
    vertex 40.00538240428367 2.4733407109517875 73.19162262000346
    vertex 40.26298754303041 14.473340710951788 68.3985401470545
  endloop
endfacet
facet normal 0.9506435483606471 -5.1672849514734835e-17 0.31028510109297536
  outer loop
    vertex 72.6213033364217 -1.5266592890482085 49.5611643308854
    vertex 71.5820030181088 2.473340710951791 52.745346036462344
    vertex 71.5820030181088 -1.526659289048209 52.745346036462344
  endloop
endfacet
facet normal 0.9506435483606471 -5.1672849514734835e-17 0.31028510109297536
  outer loop
    vertex 71.5820030181088 2.473340710951791 52.745346036462344
    vertex 72.6213033364217 -1.5266592890482085 49.5611643308854
    vertex 72.6213033364217 2.473340710951791 49.5611643308854
  endloop
endfacet
facet normal -0.7247727167442851 -0.36089042119278725 0.5869093737148869
  outer loop
    vertex 61.30461614725639 14.473340710951797 23.60614798945387
    vertex 66.80227682155002 2.473340710951796 23.016396645943086
    vertex 63.04034779770701 14.473340710951799 25.74959806910326
  endloop
endfacet
facet normal -0.7247727167442851 -0.36089042119278725 0.5869093737148869
  outer loop
    vertex 66.80227682155002 2.473340710951796 23.016396645943086
    vertex 61.30461614725639 14.473340710951797 23.60614798945387
    vertex 64.76023958572588 2.4733407109517964 20.49469066988515
  endloop
endfacet
facet normal 0.46539822608814885 0.37095177780938143 -0.8036163697275357
  outer loop
    vertex 54.103602245860294 14.473340710951797 17.018852259598127
    vertex 59.18697553442247 2.4733407109517977 14.423548702779101
    vertex 56.28845852525977 2.4733407109517977 12.744930987701972
  endloop
endfacet
facet normal 0.46539822608814885 0.37095177780938143 -0.8036163697275357
  outer loop
    vertex 59.18697553442247 2.4733407109517977 14.423548702779101
    vertex 54.103602245860294 14.473340710951797 17.018852259598127
    vertex 56.56734170364848 14.473340710951797 18.445677317413693
  endloop
endfacet
facet normal 0.8082323720032621 -9.806550227533249e-17 0.5888636793401173
  outer loop
    vertex 68.5369407601573 -1.5266592890482098 58.70196500550556
    vertex 66.56454115983709 2.4733407109517898 61.40914030504434
    vertex 66.56454115983709 -1.5266592890482102 61.40914030504434
  endloop
endfacet
facet normal 0.8082323720032621 -9.806550227533249e-17 0.5888636793401173
  outer loop
    vertex 66.56454115983709 2.4733407109517898 61.40914030504434
    vertex 68.5369407601573 -1.5266592890482098 58.70196500550556
    vertex 68.5369407601573 2.47334071095179 58.70196500550556
  endloop
endfacet
facet normal 0.8653578059782386 -8.345899549492219e-17 0.5011545346821966
  outer loop
    vertex 70.21555847523445 -1.5266592890482096 55.803447996342854
    vertex 68.5369407601573 2.47334071095179 58.70196500550556
    vertex 68.5369407601573 -1.5266592890482098 58.70196500550556
  endloop
endfacet
facet normal 0.8653578059782386 -8.345899549492219e-17 0.5011545346821966
  outer loop
    vertex 68.5369407601573 2.47334071095179 58.70196500550556
    vertex 70.21555847523445 -1.5266592890482096 55.803447996342854
    vertex 70.21555847523445 2.47334071095179 55.803447996342854
  endloop
endfacet
facet normal 0.04880894332706918 -0.3608904211928082 0.9313301192072404
  outer loop
    vertex 41.72274999592702 14.473340710951797 14.887739467009737
    vertex 38.48236763462941 2.473340710951798 10.407560710593282
    vertex 41.72274999592668 2.473340710951798 10.237739467009757
  endloop
endfacet
facet normal 0.04880894332706918 -0.3608904211928082 0.9313301192072404
  outer loop
    vertex 38.48236763462941 2.473340710951798 10.407560710593282
    vertex 41.72274999592702 14.473340710951797 14.887739467009737
    vertex 38.96842498882424 14.473340710951797 15.03208752405581
  endloop
endfacet
facet normal 0.1942889003896266 0.37095177780939026 -0.9081005460440176
  outer loop
    vertex 46.01359247357336 14.473340710951797 14.378315220908926
    vertex 50.04617485980231 2.473340710951798 10.339186126514694
    vertex 46.770799969628115 2.473340710951798 9.638416824538227
  endloop
endfacet
facet normal 0.1942889003896266 0.37095177780939026 -0.9081005460440176
  outer loop
    vertex 50.04617485980231 2.473340710951798 10.339186126514694
    vertex 46.01359247357336 14.473340710951797 14.378315220908926
    vertex 48.79766113022143 14.473340710951797 14.973969127588989
  endloop
endfacet
facet normal -0.9784240133705898 -3.440697630440956e-17 0.20660699421797915
  outer loop
    vertex 10.110075055963406 2.4733407109517924 46.201486352198195
    vertex 10.802105430931615 -1.5266592890482085 49.47871875864994
    vertex 10.802105430931615 2.473340710951791 49.47871875864994
  endloop
endfacet
facet normal -0.9784240133705898 -3.440697630440956e-17 0.20660699421797915
  outer loop
    vertex 10.802105430931615 -1.5266592890482085 49.47871875864994
    vertex 10.110075055963406 2.4733407109517924 46.201486352198195
    vertex 10.110075055963406 -1.5266592890482078 46.201486352198195
  endloop
endfacet
facet normal -0.8653578059782383 8.345899549492232e-17 -0.5011545346821974
  outer loop
    vertex 14.908559231696053 2.4733407109517955 23.77351392851396
    vertex 13.229941516618902 -1.5266592890482047 26.67203093767666
    vertex 13.229941516618902 2.4733407109517955 26.67203093767666
  endloop
endfacet
facet normal -0.8653578059782383 8.345899549492232e-17 -0.5011545346821974
  outer loop
    vertex 13.229941516618902 -1.5266592890482047 26.67203093767666
    vertex 14.908559231696053 2.4733407109517955 23.77351392851396
    vertex 14.908559231696053 -1.5266592890482042 23.77351392851396
  endloop
endfacet
facet normal -0.6594536010559385 -0.3608904211927891 0.6594536010559396
  outer loop
    vertex 61.30461614725639 14.473340710951797 23.60614798945387
    vertex 62.46579879305127 2.473340710951797 18.20024987721054
    vertex 64.76023958572588 2.4733407109517964 20.49469066988515
  endloop
endfacet
facet normal -0.6594536010559385 -0.3608904211927891 0.6594536010559396
  outer loop
    vertex 62.46579879305127 2.473340710951797 18.20024987721054
    vertex 61.30461614725639 14.473340710951797 23.60614798945387
    vertex 59.354341473482904 14.473340710951797 21.655873315680388
  endloop
endfacet
facet normal -0.04880894332706897 -0.36089042119280573 0.9313301192072413
  outer loop
    vertex 44.47707500302981 14.473340710951797 15.03208752405581
    vertex 41.72274999592668 2.473340710951798 10.237739467009757
    vertex 44.96313235722394 2.473340710951798 10.407560710593282
  endloop
endfacet
facet normal -0.04880894332706897 -0.36089042119280573 0.9313301192072413
  outer loop
    vertex 41.72274999592668 2.473340710951798 10.237739467009757
    vertex 44.47707500302981 14.473340710951797 15.03208752405581
    vertex 41.72274999592702 14.473340710951797 14.887739467009737
  endloop
endfacet
facet normal 0.7422517750271245 -1.115975828912879e-16 0.6701211102995362
  outer loop
    vertex 66.56454115983709 -1.5266592890482102 61.40914030504434
    vertex 64.3199696970461 2.473340710951789 63.89531351586461
    vertex 64.3199696970461 -1.526659289048211 63.89531351586461
  endloop
endfacet
facet normal 0.7422517750271245 -1.115975828912879e-16 0.6701211102995362
  outer loop
    vertex 64.3199696970461 2.473340710951789 63.89531351586461
    vertex 66.56454115983709 -1.5266592890482102 61.40914030504434
    vertex 66.56454115983709 2.4733407109517898 61.40914030504434
  endloop
endfacet
facet normal -0.3788479417258569 0.37095177780938854 0.8478614365508883
  outer loop
    vertex 31.94128441189207 14.473340710951788 66.6181045358647
    vertex 27.15704146659358 2.4733407109517884 69.73054794631753
    vertex 30.215143426474103 2.473340710951788 71.09699248919188
  endloop
endfacet
facet normal -0.3788479417258569 0.37095177780938854 0.8478614365508883
  outer loop
    vertex 27.15704146659358 2.4733407109517884 69.73054794631753
    vertex 31.94128441189207 14.473340710951788 66.6181045358647
    vertex 29.34189774599344 14.473340710951788 65.45662667442149
  endloop
endfacet
facet normal 0.9008303716595387 -0.36089042119280934 -0.24137677060358237
  outer loop
    vertex 11.40017437317872 2.473340710951792 47.68300188236028
    vertex 16.66241079154938 14.473340710951792 49.3803372687896
    vertex 12.239997990776923 2.4733407109517915 50.81726629263311
  endloop
endfacet
facet normal 0.9008303716595387 -0.36089042119280934 -0.24137677060358237
  outer loop
    vertex 16.66241079154938 14.473340710951792 49.3803372687896
    vertex 11.40017437317872 2.473340710951792 47.68300188236028
    vertex 15.948560716591066 14.473340710951797 46.716212520057866
  endloop
endfacet
facet normal 0.870664785728445 -0.3608904211928086 0.3342168978129599
  outer loop
    vertex 12.239997990776923 2.4733407109517946 31.658212641386374
    vertex 17.650827187044083 14.473340710951799 30.52022892196263
    vertex 16.66241079154938 14.473340710951794 33.095141665230074
  endloop
endfacet
facet normal 0.870664785728445 -0.3608904211928086 0.3342168978129599
  outer loop
    vertex 17.650827187044083 14.473340710951799 30.52022892196263
    vertex 12.239997990776923 2.4733407109517946 31.658212641386374
    vertex 13.402840809006058 2.473340710951795 28.62890353165994
  endloop
endfacet
facet normal -0.5869093737149004 -0.3608904211927869 0.7247727167442746
  outer loop
    vertex 59.354341473482904 14.473340710951797 21.655873315680388
    vertex 59.944092816993326 2.4733407109517973 16.158212641386392
    vertex 62.46579879305127 2.473340710951797 18.20024987721054
  endloop
endfacet
facet normal -0.5869093737149004 -0.3608904211927869 0.7247727167442746
  outer loop
    vertex 59.944092816993326 2.4733407109517973 16.158212641386392
    vertex 59.354341473482904 14.473340710951797 21.655873315680388
    vertex 57.210891393833805 14.473340710951797 19.92014166522984
  endloop
endfacet
facet normal -0.1458920689841674 -0.36089042119280423 0.9211262715278506
  outer loop
    vertex 47.20122304897495 14.473340710951797 15.463550187674
    vertex 44.96313235722394 2.473340710951798 10.407560710593282
    vertex 48.168012411277225 2.4733407109517977 10.915163844261789
  endloop
endfacet
facet normal -0.1458920689841674 -0.36089042119280423 0.9211262715278506
  outer loop
    vertex 44.96313235722394 2.473340710951798 10.407560710593282
    vertex 47.20122304897495 14.473340710951797 15.463550187674
    vertex 44.47707500302981 14.473340710951797 15.03208752405581
  endloop
endfacet
facet normal 0.9211262715278445 -0.36089042119280723 -0.14589206898419732
  outer loop
    vertex 10.892571239510211 2.473340710951793 44.47812182830699
    vertex 15.948560716591066 14.473340710951797 46.716212520057866
    vertex 11.40017437317872 2.473340710951792 47.68300188236028
  endloop
endfacet
facet normal 0.9211262715278445 -0.36089042119280723 -0.14589206898419732
  outer loop
    vertex 15.948560716591066 14.473340710951797 46.716212520057866
    vertex 10.892571239510211 2.473340710951793 44.47812182830699
    vertex 15.517098052972626 14.473340710951797 43.99206447411261
  endloop
endfacet
facet normal -0.5079348444567374 -0.36089042119278547 0.7821510708795352
  outer loop
    vertex 57.210891393833805 14.473340710951797 19.92014166522984
    vertex 57.22274999592667 2.4733407109517977 14.390951949692171
    vertex 59.944092816993326 2.4733407109517973 16.158212641386392
  endloop
endfacet
facet normal -0.5079348444567374 -0.36089042119278547 0.7821510708795352
  outer loop
    vertex 57.22274999592667 2.4733407109517977 14.390951949692171
    vertex 57.210891393833805 14.473340710951797 19.92014166522984
    vertex 54.89774999592716 14.473340710951797 18.417970077289763
  endloop
endfacet
facet normal 0.46325307803701166 0.3709517778093757 0.8048548715323143
  outer loop
    vertex 56.50649544396893 14.473340710951794 64.06931563965948
    vertex 56.212407610424584 2.4733407109517884 69.7692978228834
    vertex 59.11539169950532 2.473340710951788 68.09841731718579
  endloop
endfacet
facet normal 0.46325307803701166 0.3709517778093757 0.8048548715323143
  outer loop
    vertex 56.212407610424584 2.4733407109517884 69.7692978228834
    vertex 56.50649544396893 14.473340710951794 64.06931563965948
    vertex 54.03895896825038 14.473340710951788 65.48956406950246
  endloop
endfacet
facet normal -0.866691461245669 -8.307431009755712e-17 0.4988445759992257
  outer loop
    vertex 13.191191640053026 2.47334071095179 55.72739708150767
    vertex 14.862072145750648 -1.5266592890482098 58.63038117058839
    vertex 14.862072145750648 2.47334071095179 58.63038117058839
  endloop
endfacet
facet normal -0.866691461245669 -8.307431009755712e-17 0.4988445759992257
  outer loop
    vertex 14.862072145750648 -1.5266592890482098 58.63038117058839
    vertex 13.191191640053026 2.47334071095179 55.72739708150767
    vertex 13.191191640053026 -1.5266592890482096 55.72739708150767
  endloop
endfacet
facet normal 0.3765850863297879 0.3709517778093774 0.8488689246839282
  outer loop
    vertex 54.03895896825038 14.473340710951788 65.48956406950246
    vertex 53.150671800363604 2.473340710951788 71.12758060462163
    vertex 56.212407610424584 2.4733407109517884 69.7692978228834
  endloop
endfacet
facet normal 0.3765850863297879 0.3709517778093774 0.8488689246839282
  outer loop
    vertex 53.150671800363604 2.473340710951788 71.12758060462163
    vertex 54.03895896825038 14.473340710951788 65.48956406950246
    vertex 51.43648352969851 14.473340710951788 66.64410443397995
  endloop
endfacet
facet normal -0.24137677060358523 -0.36089042119279835 0.9008303716595423
  outer loop
    vertex 51.30227682155004 2.4733407109517977 11.754987461859992
    vertex 47.20122304897495 14.473340710951797 15.463550187674
    vertex 48.168012411277225 2.4733407109517977 10.915163844261789
  endloop
endfacet
facet normal -0.24137677060358523 -0.36089042119279835 0.9008303716595423
  outer loop
    vertex 47.20122304897495 14.473340710951797 15.463550187674
    vertex 51.30227682155004 2.4733407109517977 11.754987461859992
    vertex 49.86534779770692 14.473340710951797 16.177400262632382
  endloop
endfacet
facet normal -0.4653982260881474 0.3709517778093882 0.8036163697275336
  outer loop
    vertex 27.15704146659358 2.4733407109517884 69.73054794631753
    vertex 26.878158288205235 14.473340710951794 64.0298016166059
    vertex 24.25852445743088 2.473340710951788 68.05193023124039
  endloop
endfacet
facet normal -0.4653982260881474 0.3709517778093882 0.8036163697275336
  outer loop
    vertex 26.878158288205235 14.473340710951794 64.0298016166059
    vertex 27.15704146659358 2.4733407109517884 69.73054794631753
    vertex 29.34189774599344 14.473340710951788 65.45662667442149
  endloop
endfacet
facet normal 0.6681389122776119 -1.5013186791842604e-16 0.7440365541426642
  outer loop
    vertex 64.3199696970461 2.473340710951789 63.89531351586461
    vertex 62.275345882213365 -1.526659289048211 65.7313694516289
    vertex 64.3199696970461 -1.526659289048211 63.89531351586461
  endloop
endfacet
facet normal 0.6681389122776119 -1.5013186791842604e-16 0.7440365541426642
  outer loop
    vertex 62.275345882213365 -1.526659289048211 65.7313694516289
    vertex 64.3199696970461 2.473340710951789 63.89531351586461
    vertex 62.275345882213365 2.4547117109517895 65.7313694516289
  endloop
endfacet
facet normal -0.4233952747505166 -0.36089042119278825 0.8309600142065964
  outer loop
    vertex 57.22274999592667 2.4733407109517977 14.390951949692171
    vertex 52.440260540974414 14.473340710951797 17.16581665812713
    vertex 54.33158593127649 2.4733407109517973 12.91783028008913
  endloop
endfacet
facet normal -0.4233952747505166 -0.36089042119278825 0.8309600142065964
  outer loop
    vertex 52.440260540974414 14.473340710951797 17.16581665812713
    vertex 57.22274999592667 2.4733407109517977 14.390951949692171
    vertex 54.89774999592716 14.473340710951797 18.417970077289763
  endloop
endfacet
facet normal 0.28814692003500725 0.3709517778093897 -0.8828171560489706
  outer loop
    vertex 50.04617485980231 2.473340710951798 10.339186126514694
    vertex 51.50421557996169 14.473340710951797 15.857374398154947
    vertex 53.230356565379246 2.4733407109517977 11.378486444827612
  endloop
endfacet
facet normal 0.28814692003500725 0.3709517778093897 -0.8828171560489706
  outer loop
    vertex 51.50421557996169 14.473340710951797 15.857374398154947
    vertex 50.04617485980231 2.473340710951798 10.339186126514694
    vertex 48.79766113022143 14.473340710951797 14.973969127588989
  endloop
endfacet
facet normal -0.9140870916761467 -6.753230085905016e-17 0.4055179266457207
  outer loop
    vertex 11.832908858314802 2.473340710951791 52.665661271446695
    vertex 13.191191640053026 -1.5266592890482096 55.72739708150767
    vertex 13.191191640053026 2.47334071095179 55.72739708150767
  endloop
endfacet
facet normal -0.9140870916761467 -6.753230085905016e-17 0.4055179266457207
  outer loop
    vertex 13.191191640053026 -1.5266592890482096 55.72739708150767
    vertex 11.832908858314802 2.473340710951791 52.665661271446695
    vertex 11.832908858314802 -1.526659289048209 52.665661271446695
  endloop
endfacet
facet normal -0.3342168978129634 -0.36089042119279136 0.8706647857284509
  outer loop
    vertex 52.440260540974414 14.473340710951797 17.16581665812713
    vertex 51.30227682155004 2.4733407109517977 11.754987461859992
    vertex 54.33158593127649 2.4733407109517973 12.91783028008913
  endloop
endfacet
facet normal -0.3342168978129634 -0.36089042119279136 0.8706647857284509
  outer loop
    vertex 51.30227682155004 2.4733407109517977 11.754987461859992
    vertex 52.440260540974414 14.473340710951797 17.16581665812713
    vertex 49.86534779770692 14.473340710951797 16.177400262632382
  endloop
endfacet
facet normal 0.6594536010559339 -0.36089042119279907 -0.659453601055939
  outer loop
    vertex 22.14088384459725 14.473340710951792 58.869330944565725
    vertex 20.97970119880208 2.473340710951789 64.27522905680895
    vertex 18.685260406127448 2.4733407109517893 61.98078826413434
  endloop
endfacet
facet normal 0.6594536010559339 -0.36089042119279907 -0.659453601055939
  outer loop
    vertex 20.97970119880208 2.473340710951789 64.27522905680895
    vertex 22.14088384459725 14.473340710951792 58.869330944565725
    vertex 24.091158518370744 14.473340710951794 60.81960561833919
  endloop
endfacet
facet normal -0.8098001777989422 -9.77061398102164e-17 0.5867057797881335
  outer loop
    vertex 14.862072145750648 2.47334071095179 58.63038117058839
    vertex 16.82724385893298 -1.5266592890482102 61.34280783752047
    vertex 16.82724385893298 2.4733407109517898 61.34280783752047
  endloop
endfacet
facet normal -0.8098001777989422 -9.77061398102164e-17 0.5867057797881335
  outer loop
    vertex 16.82724385893298 -1.5266592890482102 61.34280783752047
    vertex 14.862072145750648 2.47334071095179 58.63038117058839
    vertex 14.862072145750648 -1.5266592890482098 58.63038117058839
  endloop
endfacet
facet normal -0.6701211102995386 -1.2920859099988538e-16 0.7422517750271223
  outer loop
    vertex 21.16823965676238 2.4547117109517895 65.73365100772364
    vertex 19.065175947071832 -1.526659289048211 63.83495916812917
    vertex 21.16823965676238 -1.526659289048211 65.73365100772364
  endloop
endfacet
facet normal -0.6701211102995386 -1.2920859099988538e-16 0.7422517750271223
  outer loop
    vertex 19.065175947071832 -1.526659289048211 63.83495916812917
    vertex 21.16823965676238 2.4547117109517895 65.73365100772364
    vertex 19.065175947071832 2.473340710951789 63.83495916812917
  endloop
endfacet
facet normal -0.28579114961124896 0.37095177780939526 -0.8835825922594504
  outer loop
    vertex 32.00901646215522 14.473340710951797 15.83137450003964
    vertex 33.48177070428649 2.473340710951798 10.317094902014707
    vertex 30.294828191489728 2.4733407109517977 11.347898329397871
  endloop
endfacet
facet normal -0.28579114961124896 0.37095177780939526 -0.8835825922594504
  outer loop
    vertex 33.48177070428649 2.473340710951798 10.317094902014707
    vertex 32.00901646215522 14.473340710951797 15.83137450003964
    vertex 34.71791759803264 14.473340710951797 14.9551915867639
  endloop
endfacet
facet normal 0.6892936918698399 0.37095177780937466 0.6223093964327637
  outer loop
    vertex 66.56454115983709 2.4733407109517898 61.40914030504434
    vertex 60.93038674187858 14.473340710951794 60.49667740853647
    vertex 64.3199696970461 2.473340710951789 63.89531351586461
  endloop
endfacet
facet normal 0.6892936918698399 0.37095177780937466 0.6223093964327637
  outer loop
    vertex 60.93038674187858 14.473340710951794 60.49667740853647
    vertex 66.56454115983709 2.4733407109517898 61.40914030504434
    vertex 62.83827248525088 14.473340710951792 58.383430179339214
  endloop
endfacet
facet normal -0.7440365541426605 -1.1126748060879257e-16 0.6681389122776161
  outer loop
    vertex 16.82724385893298 2.4733407109517898 61.34280783752047
    vertex 19.065175947071832 -1.526659289048211 63.83495916812917
    vertex 19.065175947071832 2.473340710951789 63.83495916812917
  endloop
endfacet
facet normal -0.7440365541426605 -1.1126748060879257e-16 0.6681389122776161
  outer loop
    vertex 19.065175947071832 -1.526659289048211 63.83495916812917
    vertex 16.82724385893298 2.4733407109517898 61.34280783752047
    vertex 16.82724385893298 -1.5266592890482102 61.34280783752047
  endloop
endfacet
facet normal 0.5871490233248385 -0.36073101073724434 -0.7246579622837069
  outer loop
    vertex 20.97970119880208 2.473340710951789 64.27522905680895
    vertex 23.501407174860006 2.4733407109517884 66.31726629263311
    vertex 21.820611363989393 2.4547117109517895 64.95618468192903
  endloop
endfacet
facet normal 0.5871490233248385 -0.36073101073724434 -0.7246579622837069
  outer loop
    vertex 23.501407174860006 2.4733407109517884 66.31726629263311
    vertex 20.97970119880208 2.473340710951789 64.27522905680895
    vertex 24.091158518370744 14.473340710951794 60.81960561833919
  endloop
endfacet
facet normal 0.5871490233248385 -0.36073101073724434 -0.7246579622837069
  outer loop
    vertex 23.501407174860006 2.4733407109517884 66.31726629263311
    vertex 24.091158518370744 14.473340710951794 60.81960561833919
    vertex 26.234608598019797 14.473340710951794 62.55533726878971
  endloop
endfacet
facet normal -0.37658508632976995 0.37095177780938976 -0.8488689246839309
  outer loop
    vertex 27.233092381428765 2.4733407109517977 12.706181111136095
    vertex 32.00901646215522 14.473340710951797 15.83137450003964
    vertex 30.294828191489728 2.4733407109517977 11.347898329397871
  endloop
endfacet
facet normal -0.37658508632976995 0.37095177780938976 -0.8488689246839309
  outer loop
    vertex 32.00901646215522 14.473340710951797 15.83137450003964
    vertex 27.233092381428765 2.4733407109517977 12.706181111136095
    vertex 29.406541023603225 14.473340710951797 16.985914864517046
  endloop
endfacet
facet normal 0.5079348444567384 -0.36089042119279147 -0.7821510708795321
  outer loop
    vertex 26.234608598019797 14.473340710951794 62.55533726878971
    vertex 26.22274999592666 2.473340710951788 68.08452698432733
    vertex 23.501407174860006 2.4733407109517884 66.31726629263311
  endloop
endfacet
facet normal 0.5079348444567384 -0.36089042119279147 -0.7821510708795321
  outer loop
    vertex 26.22274999592666 2.473340710951788 68.08452698432733
    vertex 26.234608598019797 14.473340710951794 62.55533726878971
    vertex 28.547749995926445 14.473340710951794 64.05750885672983
  endloop
endfacet
facet normal -0.46325307803702254 0.3709517778093879 -0.8048548715323023
  outer loop
    vertex 26.939004547884803 14.473340710951797 18.406163294360063
    vertex 27.233092381428765 2.4733407109517977 12.706181111136095
    vertex 24.330108292348037 2.4733407109517977 14.377061616833718
  endloop
endfacet
facet normal -0.46325307803702254 0.3709517778093879 -0.8048548715323023
  outer loop
    vertex 27.233092381428765 2.4733407109517977 12.706181111136095
    vertex 26.939004547884803 14.473340710951797 18.406163294360063
    vertex 29.406541023603225 14.473340710951797 16.985914864517046
  endloop
endfacet
facet normal -0.8082323720032666 9.806550227533151e-17 -0.5888636793401113
  outer loop
    vertex 16.880958832016237 2.4733407109517964 21.066338628975174
    vertex 14.908559231696053 -1.5266592890482042 23.77351392851396
    vertex 14.908559231696053 2.4733407109517955 23.77351392851396
  endloop
endfacet
facet normal -0.8082323720032666 9.806550227533151e-17 -0.5888636793401113
  outer loop
    vertex 14.908559231696053 -1.5266592890482042 23.77351392851396
    vertex 16.880958832016237 2.4733407109517964 21.066338628975174
    vertex 16.880958832016237 -1.5266592890482036 21.066338628975174
  endloop
endfacet
facet normal 0.7505667137899165 0.3709517778093739 0.5468495100945695
  outer loop
    vertex 68.5369407601573 2.47334071095179 58.70196500550556
    vertex 62.83827248525088 14.473340710951792 58.383430179339214
    vertex 66.56454115983709 2.4733407109517898 61.40914030504434
  endloop
endfacet
facet normal 0.7505667137899165 0.3709517778093739 0.5468495100945695
  outer loop
    vertex 62.83827248525088 14.473340710951792 58.383430179339214
    vertex 68.5369407601573 2.47334071095179 58.70196500550556
    vertex 64.51481214552315 14.473340710951792 56.08233117473117
  endloop
endfacet
facet normal -0.9130021987431554 6.793809449495162e-17 -0.40795463606896754
  outer loop
    vertex 13.229941516618902 2.4733407109517955 26.67203093767666
    vertex 11.863496973744565 -1.526659289048205 29.730132897557183
    vertex 11.863496973744565 2.473340710951795 29.730132897557183
  endloop
endfacet
facet normal -0.9130021987431554 6.793809449495162e-17 -0.40795463606896754
  outer loop
    vertex 11.863496973744565 -1.526659289048205 29.730132897557183
    vertex 13.229941516618902 2.4733407109517955 26.67203093767666
    vertex 13.229941516618902 -1.5266592890482047 26.67203093767666
  endloop
endfacet
facet normal 0.4233952747505005 -0.3608904211927941 -0.8309600142066018
  outer loop
    vertex 28.547749995926445 14.473340710951794 64.05750885672983
    vertex 29.11391406057686 2.4733407109517884 69.55764865393036
    vertex 26.22274999592666 2.473340710951788 68.08452698432733
  endloop
endfacet
facet normal 0.4233952747505005 -0.3608904211927941 -0.8309600142066018
  outer loop
    vertex 29.11391406057686 2.4733407109517884 69.55764865393036
    vertex 28.547749995926445 14.473340710951794 64.05750885672983
    vertex 31.005239450879234 14.473340710951788 65.30966227589236
  endloop
endfacet
facet normal -0.9514677926451949 -5.1250393600290326e-17 0.30774833802781176
  outer loop
    vertex 10.802105430931615 2.473340710951791 49.47871875864994
    vertex 11.832908858314802 -1.526659289048209 52.665661271446695
    vertex 11.832908858314802 2.473340710951791 52.665661271446695
  endloop
endfacet
facet normal -0.9514677926451949 -5.1250393600290326e-17 0.30774833802781176
  outer loop
    vertex 11.832908858314802 -1.526659289048209 52.665661271446695
    vertex 10.802105430931615 2.473340710951791 49.47871875864994
    vertex 10.802105430931615 -1.5266592890482085 49.47871875864994
  endloop
endfacet
facet normal -0.5448455720792982 0.3709517778093922 -0.7520226599814888
  outer loop
    vertex 24.633441880992464 14.473340710951797 20.07655925056509
    vertex 24.330108292348037 2.4733407109517977 14.377061616833718
    vertex 21.61768162541596 2.4733407109517973 16.34223333001605
  endloop
endfacet
facet normal -0.5448455720792982 0.3709517778093922 -0.7520226599814888
  outer loop
    vertex 24.330108292348037 2.4733407109517977 14.377061616833718
    vertex 24.633441880992464 14.473340710951797 20.07655925056509
    vertex 26.939004547884803 14.473340710951797 18.406163294360063
  endloop
endfacet
facet normal -0.9778694483273485 3.484146598199561e-17 -0.20921601761807632
  outer loop
    vertex 10.824196655431647 2.473340710951794 32.914314603134116
    vertex 10.123427353455158 -1.5266592890482065 36.189689493308315
    vertex 10.123427353455158 2.4733407109517933 36.189689493308315
  endloop
endfacet
facet normal -0.9778694483273485 3.484146598199561e-17 -0.20921601761807632
  outer loop
    vertex 10.123427353455158 -1.5266592890482065 36.189689493308315
    vertex 10.824196655431647 2.473340710951794 32.914314603134116
    vertex 10.824196655431647 -1.5266592890482056 32.914314603134116
  endloop
endfacet
facet normal 0.3342168978129565 -0.36089042119279996 -0.8706647857284499
  outer loop
    vertex 29.11391406057686 2.4733407109517884 69.55764865393036
    vertex 33.58015219414691 14.473340710951788 66.29807867138712
    vertex 32.143223170303315 2.4733407109517875 70.7204914721595
  endloop
endfacet
facet normal 0.3342168978129565 -0.36089042119279996 -0.8706647857284499
  outer loop
    vertex 33.58015219414691 14.473340710951788 66.29807867138712
    vertex 29.11391406057686 2.4733407109517884 69.55764865393036
    vertex 31.005239450879234 14.473340710951788 65.30966227589236
  endloop
endfacet
facet normal -0.9506435483606471 5.1672849514734835e-17 -0.31028510109297536
  outer loop
    vertex 11.863496973744565 2.473340710951795 29.730132897557183
    vertex 10.824196655431647 -1.5266592890482056 32.914314603134116
    vertex 10.824196655431647 2.473340710951794 32.914314603134116
  endloop
endfacet
facet normal -0.9506435483606471 5.1672849514734835e-17 -0.31028510109297536
  outer loop
    vertex 10.824196655431647 -1.5266592890482056 32.914314603134116
    vertex 11.863496973744565 2.473340710951795 29.730132897557183
    vertex 11.863496973744565 -1.526659289048205 29.730132897557183
  endloop
endfacet
facet normal -0.9946604158571055 -1.718658897601707e-17 0.10320202094421381
  outer loop
    vertex 9.764399763014941 2.4733407109517924 42.8698700961415
    vertex 10.110075055963406 -1.5266592890482078 46.201486352198195
    vertex 10.110075055963406 2.4733407109517924 46.201486352198195
  endloop
endfacet
facet normal -0.9946604158571055 -1.718658897601707e-17 0.10320202094421381
  outer loop
    vertex 10.110075055963406 -1.5266592890482078 46.201486352198195
    vertex 9.764399763014941 2.4733407109517924 42.8698700961415
    vertex 9.764399763014941 -1.5266592890482074 42.8698700961415
  endloop
endfacet
facet normal -0.6204686240176428 0.3709517778093926 -0.6909511307970371
  outer loop
    vertex 22.515113249975066 14.473340710951797 21.978801525483156
    vertex 21.61768162541596 2.4733407109517973 16.34223333001605
    vertex 19.125530294807252 2.473340710951797 18.580165418154905
  endloop
endfacet
facet normal -0.6204686240176428 0.3709517778093926 -0.6909511307970371
  outer loop
    vertex 21.61768162541596 2.4733407109517973 16.34223333001605
    vertex 22.515113249975066 14.473340710951797 21.978801525483156
    vertex 24.633441880992464 14.473340710951797 20.07655925056509
  endloop
endfacet
facet normal -0.9943816059858384 1.7628352056911824e-17 -0.10585471967288534
  outer loop
    vertex 10.123427353455158 2.4733407109517933 36.189689493308315
    vertex 9.768866842932969 -1.5266592890482067 39.52037187536675
    vertex 9.768866842932969 2.4733407109517933 39.52037187536675
  endloop
endfacet
facet normal -0.9943816059858384 1.7628352056911824e-17 -0.10585471967288534
  outer loop
    vertex 9.768866842932969 -1.5266592890482067 39.52037187536675
    vertex 10.123427353455158 2.4733407109517933 36.189689493308315
    vertex 10.123427353455158 -1.5266592890482065 36.189689493308315
  endloop
endfacet
facet normal 0.8036163697275408 0.3709517778093703 0.46539822608814924
  outer loop
    vertex 70.21555847523445 2.47334071095179 55.803447996342854
    vertex 64.51481214552315 14.473340710951792 56.08233117473117
    vertex 68.5369407601573 2.47334071095179 58.70196500550556
  endloop
endfacet
facet normal 0.8036163697275408 0.3709517778093703 0.46539822608814924
  outer loop
    vertex 64.51481214552315 14.473340710951792 56.08233117473117
    vertex 70.21555847523445 2.47334071095179 55.803447996342854
    vertex 65.94163720333874 14.473340710951792 53.618591716942895
  endloop
endfacet
facet normal -0.9999991106814184 2.2209821772133386e-19 -0.0013336552674259338
  outer loop
    vertex 9.768866842932969 2.4733407109517933 39.52037187536675
    vertex 9.764399763014941 -1.5266592890482074 42.8698700961415
    vertex 9.764399763014941 2.4733407109517924 42.8698700961415
  endloop
endfacet
facet normal -0.9999991106814184 2.2209821772133386e-19 -0.0013336552674259338
  outer loop
    vertex 9.764399763014941 -1.5266592890482074 42.8698700961415
    vertex 9.768866842932969 2.4733407109517933 39.52037187536675
    vertex 9.768866842932969 -1.5266592890482067 39.52037187536675
  endloop
endfacet
facet normal 0.24137677060359483 -0.3608904211928038 -0.9008303716595374
  outer loop
    vertex 33.58015219414691 14.473340710951788 66.29807867138712
    vertex 35.27748758057613 2.473340710951788 71.56031508975771
    vertex 32.143223170303315 2.4733407109517875 70.7204914721595
  endloop
endfacet
facet normal 0.24137677060359483 -0.3608904211928038 -0.9008303716595374
  outer loop
    vertex 35.27748758057613 2.473340710951788 71.56031508975771
    vertex 33.58015219414691 14.473340710951788 66.29807867138712
    vertex 36.2442769428791 14.473340710951788 67.01192874634563
  endloop
endfacet
facet normal -0.6892936918698371 0.3709517778093971 -0.6223093964327535
  outer loop
    vertex 22.515113249975066 14.473340710951797 21.978801525483156
    vertex 16.880958832016237 2.4733407109517964 21.066338628975174
    vertex 20.60722750660276 14.473340710951797 24.092048754680505
  endloop
endfacet
facet normal -0.6892936918698371 0.3709517778093971 -0.6223093964327535
  outer loop
    vertex 16.880958832016237 2.4733407109517964 21.066338628975174
    vertex 22.515113249975066 14.473340710951797 21.978801525483156
    vertex 19.125530294807252 2.473340710951797 18.580165418154905
  endloop
endfacet
facet normal 1.0682856864114337e-32 -1.0 -1.6653345369377348e-16
  outer loop
    vertex 10.824196655431647 -1.5266592890482056 32.914314603134116
    vertex 10.722749995926687 -1.5266592890482071 41.23773946700975
    vertex 10.123427353455158 -1.5266592890482065 36.189689493308315
  endloop
endfacet
facet normal 1.0682856864114337e-32 -1.0 -1.6653345369377348e-16
  outer loop
    vertex 10.722749995926687 -1.5266592890482071 41.23773946700975
    vertex 10.824196655431647 -1.5266592890482056 32.914314603134116
    vertex 10.892571239510211 -1.5266592890482065 37.99735710571249
  endloop
endfacet
facet normal 1.0682856864114337e-32 -1.0 -1.6653345369377348e-16
  outer loop
    vertex 10.892571239510211 -1.5266592890482065 37.99735710571249
    vertex 10.824196655431647 -1.5266592890482056 32.914314603134116
    vertex 11.863496973744565 -1.526659289048205 29.730132897557183
  endloop
endfacet
facet normal 1.0682856864114337e-32 -1.0 -1.6653345369377348e-16
  outer loop
    vertex 10.892571239510211 -1.5266592890482065 37.99735710571249
    vertex 11.863496973744565 -1.526659289048205 29.730132897557183
    vertex 11.40017437317872 -1.526659289048206 34.792477051659205
  endloop
endfacet
facet normal 1.0682856864114337e-32 -1.0 -1.6653345369377348e-16
  outer loop
    vertex 11.40017437317872 -1.526659289048206 34.792477051659205
    vertex 11.863496973744565 -1.526659289048205 29.730132897557183
    vertex 12.239997990776923 -1.5266592890482054 31.658212641386374
  endloop
endfacet
facet normal 1.0682856864114337e-32 -1.0 -1.6653345369377348e-16
  outer loop
    vertex 12.239997990776923 -1.5266592890482054 31.658212641386374
    vertex 11.863496973744565 -1.526659289048205 29.730132897557183
    vertex 13.229941516618902 -1.5266592890482047 26.67203093767666
  endloop
endfacet
facet normal 1.0682856864114337e-32 -1.0 -1.6653345369377348e-16
  outer loop
    vertex 12.239997990776923 -1.5266592890482054 31.658212641386374
    vertex 13.229941516618902 -1.5266592890482047 26.67203093767666
    vertex 13.402840809006058 -1.526659289048205 28.62890353165994
  endloop
endfacet
facet normal 1.0682856864114337e-32 -1.0 -1.6653345369377348e-16
  outer loop
    vertex 13.402840809006058 -1.526659289048205 28.62890353165994
    vertex 13.229941516618902 -1.5266592890482047 26.67203093767666
    vertex 14.908559231696053 -1.5266592890482042 23.77351392851396
  endloop
endfacet
facet normal 1.0682856864114337e-32 -1.0 -1.6653345369377348e-16
  outer loop
    vertex 13.402840809006058 -1.526659289048205 28.62890353165994
    vertex 14.908559231696053 -1.5266592890482042 23.77351392851396
    vertex 14.8759624786091 -1.5266592890482047 25.73773946700974
  endloop
endfacet
facet normal 1.0682856864114337e-32 -1.0 -1.6653345369377348e-16
  outer loop
    vertex 14.8759624786091 -1.5266592890482047 25.73773946700974
    vertex 14.908559231696053 -1.5266592890482042 23.77351392851396
    vertex 16.643223170303322 -1.5266592890482038 23.016396645943086
  endloop
endfacet
facet normal 1.0682856864114337e-32 -1.0 -1.6653345369377348e-16
  outer loop
    vertex 16.643223170303322 -1.5266592890482038 23.016396645943086
    vertex 14.908559231696053 -1.5266592890482042 23.77351392851396
    vertex 16.880958832016237 -1.5266592890482036 21.066338628975174
  endloop
endfacet
facet normal 1.0682856864114337e-32 -1.0 -1.6653345369377348e-16
  outer loop
    vertex 16.643223170303322 -1.5266592890482038 23.016396645943086
    vertex 16.880958832016237 -1.5266592890482036 21.066338628975174
    vertex 18.68526040612747 -1.5266592890482036 20.49469066988515
  endloop
endfacet
facet normal 1.0682856864114337e-32 -1.0 -1.6653345369377348e-16
  outer loop
    vertex 18.68526040612747 -1.5266592890482036 20.49469066988515
    vertex 16.880958832016237 -1.5266592890482036 21.066338628975174
    vertex 19.125530294807252 -1.5266592890482031 18.580165418154905
  endloop
endfacet
facet normal 1.0682856864114337e-32 -1.0 -1.6653345369377348e-16
  outer loop
    vertex 18.68526040612747 -1.5266592890482036 20.49469066988515
    vertex 19.125530294807252 -1.5266592890482031 18.580165418154905
    vertex 20.97970119880208 -1.5266592890482031 18.20024987721054
  endloop
endfacet
facet normal 1.0682856864114337e-32 -1.0 -1.6653345369377348e-16
  outer loop
    vertex 20.97970119880208 -1.5266592890482031 18.20024987721054
    vertex 19.125530294807252 -1.5266592890482031 18.580165418154905
    vertex 21.61768162541596 -1.526659289048203 16.34223333001605
  endloop
endfacet
facet normal 1.0682856864114337e-32 -1.0 -1.6653345369377348e-16
  outer loop
    vertex 20.97970119880208 -1.5266592890482031 18.20024987721054
    vertex 21.61768162541596 -1.526659289048203 16.34223333001605
    vertex 23.501407174860027 -1.526659289048203 16.158212641386392
  endloop
endfacet
facet normal 1.0682856864114337e-32 -1.0 -1.6653345369377348e-16
  outer loop
    vertex 23.501407174860027 -1.526659289048203 16.158212641386392
    vertex 21.61768162541596 -1.526659289048203 16.34223333001605
    vertex 24.330108292348037 -1.5266592890482025 14.377061616833718
  endloop
endfacet
facet normal 1.0682856864114337e-32 -1.0 -1.6653345369377348e-16
  outer loop
    vertex 23.501407174860027 -1.526659289048203 16.158212641386392
    vertex 24.330108292348037 -1.5266592890482025 14.377061616833718
    vertex 26.22274999592668 -1.5266592890482025 14.390951949692148
  endloop
endfacet
facet normal 1.0682856864114337e-32 -1.0 -1.6653345369377348e-16
  outer loop
    vertex 26.22274999592668 -1.5266592890482025 14.390951949692148
    vertex 24.330108292348037 -1.5266592890482025 14.377061616833718
    vertex 27.233092381428765 -1.5266592890482023 12.706181111136095
  endloop
endfacet
facet normal 1.0682856864114337e-32 -1.0 -1.6653345369377348e-16
  outer loop
    vertex 26.22274999592668 -1.5266592890482025 14.390951949692148
    vertex 27.233092381428765 -1.5266592890482023 12.706181111136095
    vertex 29.11391406057688 -1.5266592890482025 12.91783028008913
  endloop
endfacet
facet normal 1.0682856864114337e-32 -1.0 -1.6653345369377348e-16
  outer loop
    vertex 29.11391406057688 -1.5266592890482025 12.91783028008913
    vertex 27.233092381428765 -1.5266592890482023 12.706181111136095
    vertex 30.294828191489728 -1.5266592890482023 11.347898329397871
  endloop
endfacet
facet normal 1.0682856864114337e-32 -1.0 -1.6653345369377348e-16
  outer loop
    vertex 29.11391406057688 -1.5266592890482025 12.91783028008913
    vertex 30.294828191489728 -1.5266592890482023 11.347898329397871
    vertex 32.143223170303315 -1.5266592890482023 11.754987461859992
  endloop
endfacet
facet normal 1.0682856864114337e-32 -1.0 -1.6653345369377348e-16
  outer loop
    vertex 32.143223170303315 -1.5266592890482023 11.754987461859992
    vertex 30.294828191489728 -1.5266592890482023 11.347898329397871
    vertex 33.48177070428649 -1.5266592890482018 10.317094902014707
  endloop
endfacet
facet normal 1.0682856864114337e-32 -1.0 -1.6653345369377348e-16
  outer loop
    vertex 32.143223170303315 -1.5266592890482023 11.754987461859992
    vertex 33.48177070428649 -1.5266592890482018 10.317094902014707
    vertex 35.27748758057615 -1.5266592890482023 10.915163844261789
  endloop
endfacet
facet normal 1.0682856864114337e-32 -1.0 -1.6653345369377348e-16
  outer loop
    vertex 35.27748758057615 -1.5266592890482023 10.915163844261789
    vertex 33.48177070428649 -1.5266592890482018 10.317094902014707
    vertex 36.75900311073824 -1.5266592890482018 9.625064527046476
  endloop
endfacet
facet normal 1.0682856864114337e-32 -1.0 -1.6653345369377348e-16
  outer loop
    vertex 35.27748758057615 -1.5266592890482023 10.915163844261789
    vertex 36.75900311073824 -1.5266592890482018 9.625064527046476
    vertex 38.48236763462941 -1.5266592890482018 10.407560710593282
  endloop
endfacet
facet normal 1.0682856864114337e-32 -1.0 -1.6653345369377348e-16
  outer loop
    vertex 38.48236763462941 -1.5266592890482018 10.407560710593282
    vertex 36.75900311073824 -1.5266592890482018 9.625064527046476
    vertex 40.09061936679493 -1.5266592890482018 9.279389234098012
  endloop
endfacet
facet normal 1.0682856864114337e-32 -1.0 -1.6653345369377348e-16
  outer loop
    vertex 38.48236763462941 -1.5266592890482018 10.407560710593282
    vertex 40.09061936679493 -1.5266592890482018 9.279389234098012
    vertex 41.72274999592668 -1.5266592890482018 10.237739467009757
  endloop
endfacet
facet normal 1.0682856864114337e-32 -1.0 -1.6653345369377348e-16
  outer loop
    vertex 41.72274999592668 -1.5266592890482018 10.237739467009757
    vertex 40.09061936679493 -1.5266592890482018 9.279389234098012
    vertex 43.44011758756968 -1.5266592890482018 9.283856314016038
  endloop
endfacet
facet normal 1.0682856864114337e-32 -1.0 -1.6653345369377348e-16
  outer loop
    vertex 41.72274999592668 -1.5266592890482018 10.237739467009757
    vertex 43.44011758756968 -1.5266592890482018 9.283856314016038
    vertex 44.96313235722394 -1.5266592890482018 10.407560710593282
  endloop
endfacet
facet normal 1.0682856864114337e-32 -1.0 -1.6653345369377348e-16
  outer loop
    vertex 44.96313235722394 -1.5266592890482018 10.407560710593282
    vertex 43.44011758756968 -1.5266592890482018 9.283856314016038
    vertex 46.770799969628115 -1.5266592890482018 9.638416824538227
  endloop
endfacet
facet normal 1.0682856864114337e-32 -1.0 -1.6653345369377348e-16
  outer loop
    vertex 44.96313235722394 -1.5266592890482018 10.407560710593282
    vertex 46.770799969628115 -1.5266592890482018 9.638416824538227
    vertex 48.168012411277225 -1.5266592890482023 10.915163844261789
  endloop
endfacet
facet normal 1.0682856864114337e-32 -1.0 -1.6653345369377348e-16
  outer loop
    vertex 48.168012411277225 -1.5266592890482023 10.915163844261789
    vertex 46.770799969628115 -1.5266592890482018 9.638416824538227
    vertex 50.04617485980231 -1.5266592890482018 10.339186126514694
  endloop
endfacet
facet normal 1.0682856864114337e-32 -1.0 -1.6653345369377348e-16
  outer loop
    vertex 48.168012411277225 -1.5266592890482023 10.915163844261789
    vertex 50.04617485980231 -1.5266592890482018 10.339186126514694
    vertex 51.30227682155004 -1.5266592890482023 11.754987461859992
  endloop
endfacet
facet normal 1.0682856864114337e-32 -1.0 -1.6653345369377348e-16
  outer loop
    vertex 51.30227682155004 -1.5266592890482023 11.754987461859992
    vertex 50.04617485980231 -1.5266592890482018 10.339186126514694
    vertex 53.230356565379246 -1.5266592890482023 11.378486444827612
  endloop
endfacet
facet normal 1.0682856864114337e-32 -1.0 -1.6653345369377348e-16
  outer loop
    vertex 51.30227682155004 -1.5266592890482023 11.754987461859992
    vertex 53.230356565379246 -1.5266592890482023 11.378486444827612
    vertex 54.33158593127649 -1.5266592890482025 12.91783028008913
  endloop
endfacet
facet normal 1.0682856864114337e-32 -1.0 -1.6653345369377348e-16
  outer loop
    vertex 54.33158593127649 -1.5266592890482025 12.91783028008913
    vertex 53.230356565379246 -1.5266592890482023 11.378486444827612
    vertex 56.28845852525977 -1.5266592890482023 12.744930987701972
  endloop
endfacet
facet normal 1.0682856864114337e-32 -1.0 -1.6653345369377348e-16
  outer loop
    vertex 54.33158593127649 -1.5266592890482025 12.91783028008913
    vertex 56.28845852525977 -1.5266592890482023 12.744930987701972
    vertex 57.22274999592667 -1.5266592890482025 14.390951949692171
  endloop
endfacet
facet normal 1.0682856864114337e-32 -1.0 -1.6653345369377348e-16
  outer loop
    vertex 57.22274999592667 -1.5266592890482025 14.390951949692171
    vertex 56.28845852525977 -1.5266592890482023 12.744930987701972
    vertex 59.18697553442247 -1.5266592890482025 14.423548702779101
  endloop
endfacet
facet normal 1.0682856864114337e-32 -1.0 -1.6653345369377348e-16
  outer loop
    vertex 57.22274999592667 -1.5266592890482025 14.390951949692171
    vertex 59.18697553442247 -1.5266592890482025 14.423548702779101
    vertex 59.944092816993326 -1.526659289048203 16.158212641386392
  endloop
endfacet
facet normal 1.0682856864114337e-32 -1.0 -1.6653345369377348e-16
  outer loop
    vertex 59.944092816993326 -1.526659289048203 16.158212641386392
    vertex 59.18697553442247 -1.5266592890482025 14.423548702779101
    vertex 61.89415083396125 -1.526659289048203 16.395948303099306
  endloop
endfacet
facet normal 1.0682856864114337e-32 -1.0 -1.6653345369377348e-16
  outer loop
    vertex 59.944092816993326 -1.526659289048203 16.158212641386392
    vertex 61.89415083396125 -1.526659289048203 16.395948303099306
    vertex 62.46579879305127 -1.5266592890482031 18.20024987721054
  endloop
endfacet
facet normal 1.0682856864114337e-32 -1.0 -1.6653345369377348e-16
  outer loop
    vertex 62.46579879305127 -1.5266592890482031 18.20024987721054
    vertex 61.89415083396125 -1.526659289048203 16.395948303099306
    vertex 64.38032404478152 -1.5266592890482031 18.64051976589032
  endloop
endfacet
facet normal 1.0682856864114337e-32 -1.0 -1.6653345369377348e-16
  outer loop
    vertex 62.46579879305127 -1.5266592890482031 18.20024987721054
    vertex 64.38032404478152 -1.5266592890482031 18.64051976589032
    vertex 64.76023958572588 -1.5266592890482036 20.49469066988515
  endloop
endfacet
facet normal 1.0682856864114337e-32 -1.0 -1.6653345369377348e-16
  outer loop
    vertex 64.76023958572588 -1.5266592890482036 20.49469066988515
    vertex 64.38032404478152 -1.5266592890482031 18.64051976589032
    vertex 66.61825613292035 -1.5266592890482036 21.132671096499028
  endloop
endfacet
facet normal 1.0682856864114337e-32 -1.0 -1.6653345369377348e-16
  outer loop
    vertex 64.76023958572588 -1.5266592890482036 20.49469066988515
    vertex 66.61825613292035 -1.5266592890482036 21.132671096499028
    vertex 66.80227682155002 -1.5266592890482038 23.016396645943086
  endloop
endfacet
facet normal 1.0682856864114337e-32 -1.0 -1.6653345369377348e-16
  outer loop
    vertex 66.80227682155002 -1.5266592890482038 23.016396645943086
    vertex 66.61825613292035 -1.5266592890482036 21.132671096499028
    vertex 68.58342784610271 -1.5266592890482042 23.845097763431095
  endloop
endfacet
facet normal 1.0682856864114337e-32 -1.0 -1.6653345369377348e-16
  outer loop
    vertex 66.80227682155002 -1.5266592890482038 23.016396645943086
    vertex 68.58342784610271 -1.5266592890482042 23.845097763431095
    vertex 68.56953751324427 -1.5266592890482047 25.737739467009764
  endloop
endfacet
facet normal 1.0682856864114337e-32 -1.0 -1.6653345369377348e-16
  outer loop
    vertex 68.56953751324427 -1.5266592890482047 25.737739467009764
    vertex 68.58342784610271 -1.5266592890482042 23.845097763431095
    vertex 70.04265918284729 -1.526659289048205 28.62890353165994
  endloop
endfacet
facet normal 1.0682856864114337e-32 -1.0 -1.6653345369377348e-16
  outer loop
    vertex 70.04265918284729 -1.526659289048205 28.62890353165994
    vertex 68.58342784610271 -1.5266592890482042 23.845097763431095
    vertex 70.25430835180032 -1.5266592890482047 26.748081852511824
  endloop
endfacet
facet normal 1.0682856864114337e-32 -1.0 -1.6653345369377348e-16
  outer loop
    vertex 70.04265918284729 -1.526659289048205 28.62890353165994
    vertex 70.25430835180032 -1.5266592890482047 26.748081852511824
    vertex 71.20550200107643 -1.5266592890482054 31.658212641386395
  endloop
endfacet
facet normal 1.0682856864114337e-32 -1.0 -1.6653345369377348e-16
  outer loop
    vertex 71.20550200107643 -1.5266592890482054 31.658212641386395
    vertex 70.25430835180032 -1.5266592890482047 26.748081852511824
    vertex 71.61259113353854 -1.5266592890482054 29.809817662572808
  endloop
endfacet
facet normal 1.0682856864114337e-32 -1.0 -1.6653345369377348e-16
  outer loop
    vertex 71.20550200107643 -1.5266592890482054 31.658212641386395
    vertex 71.61259113353854 -1.5266592890482054 29.809817662572808
    vertex 72.04532561867464 -1.526659289048206 34.79247705165922
  endloop
endfacet
facet normal 1.0682856864114337e-32 -1.0 -1.6653345369377348e-16
  outer loop
    vertex 72.04532561867464 -1.526659289048206 34.79247705165922
    vertex 71.61259113353854 -1.5266592890482054 29.809817662572808
    vertex 72.64339456092172 -1.5266592890482056 32.99676017536955
  endloop
endfacet
facet normal 1.0682856864114337e-32 -1.0 -1.6653345369377348e-16
  outer loop
    vertex 72.04532561867464 -1.526659289048206 34.79247705165922
    vertex 72.64339456092172 -1.5266592890482056 32.99676017536955
    vertex 72.55292875234313 -1.5266592890482065 37.9973571057125
  endloop
endfacet
facet normal 1.0682856864114337e-32 -1.0 -1.6653345369377348e-16
  outer loop
    vertex 72.55292875234313 -1.5266592890482065 37.9973571057125
    vertex 72.64339456092172 -1.5266592890482056 32.99676017536955
    vertex 72.72274999592666 -1.5266592890482071 41.23773946700975
  endloop
endfacet
facet normal 1.0682856864114337e-32 -1.0 -1.6653345369377348e-16
  outer loop
    vertex 72.72274999592666 -1.5266592890482071 41.23773946700975
    vertex 72.64339456092172 -1.5266592890482056 32.99676017536955
    vertex 73.33542493588995 -1.5266592890482065 36.273992581821304
  endloop
endfacet
facet normal 1.0682856864114337e-32 -1.0 -1.6653345369377348e-16
  outer loop
    vertex 72.72274999592666 -1.5266592890482071 41.23773946700975
    vertex 73.33542493588995 -1.5266592890482065 36.273992581821304
    vertex 73.3220726383982 -1.5266592890482078 46.285789440711184
  endloop
endfacet
facet normal 1.0682856864114337e-32 -1.0 -1.6653345369377348e-16
  outer loop
    vertex 73.3220726383982 -1.5266592890482078 46.285789440711184
    vertex 73.33542493588995 -1.5266592890482065 36.273992581821304
    vertex 73.67663314892039 -1.5266592890482074 42.95510705865274
  endloop
endfacet
facet normal 1.0682856864114337e-32 -1.0 -1.6653345369377348e-16
  outer loop
    vertex 73.67663314892039 -1.5266592890482074 42.95510705865274
    vertex 73.33542493588995 -1.5266592890482065 36.273992581821304
    vertex 73.68110022883843 -1.5266592890482067 39.605608837877995
  endloop
endfacet
facet normal 1.0682856864114337e-32 -1.0 -1.6653345369377348e-16
  outer loop
    vertex 62.46579879305127 -1.526659289048211 64.27522905680898
    vertex 62.275345882213365 -1.526659289048211 65.7313694516289
    vertex 61.62488862786396 -1.526659289048211 64.95618468192903
  endloop
endfacet
facet normal 1.0682856864114337e-32 -1.0 -1.6653345369377348e-16
  outer loop
    vertex 62.275345882213365 -1.526659289048211 65.7313694516289
    vertex 62.46579879305127 -1.526659289048211 64.27522905680898
    vertex 64.3199696970461 -1.526659289048211 63.89531351586461
  endloop
endfacet
facet normal 1.0682856864114337e-32 -1.0 -1.6653345369377348e-16
  outer loop
    vertex 64.3199696970461 -1.526659289048211 63.89531351586461
    vertex 62.46579879305127 -1.526659289048211 64.27522905680898
    vertex 64.76023958572586 -1.5266592890482107 61.98078826413436
  endloop
endfacet
facet normal 1.0682856864114337e-32 -1.0 -1.6653345369377348e-16
  outer loop
    vertex 64.3199696970461 -1.526659289048211 63.89531351586461
    vertex 64.76023958572586 -1.5266592890482107 61.98078826413436
    vertex 66.56454115983709 -1.5266592890482102 61.40914030504434
  endloop
endfacet
facet normal 1.0682856864114337e-32 -1.0 -1.6653345369377348e-16
  outer loop
    vertex 66.56454115983709 -1.5266592890482102 61.40914030504434
    vertex 64.76023958572586 -1.5266592890482107 61.98078826413436
    vertex 66.80227682155002 -1.5266592890482102 59.45908228807642
  endloop
endfacet
facet normal 1.0682856864114337e-32 -1.0 -1.6653345369377348e-16
  outer loop
    vertex 66.56454115983709 -1.5266592890482102 61.40914030504434
    vertex 66.80227682155002 -1.5266592890482102 59.45908228807642
    vertex 68.5369407601573 -1.5266592890482098 58.70196500550556
  endloop
endfacet
facet normal 1.0682856864114337e-32 -1.0 -1.6653345369377348e-16
  outer loop
    vertex 68.5369407601573 -1.5266592890482098 58.70196500550556
    vertex 66.80227682155002 -1.5266592890482102 59.45908228807642
    vertex 68.56953751324426 -1.5266592890482096 56.73773946700976
  endloop
endfacet
facet normal 1.0682856864114337e-32 -1.0 -1.6653345369377348e-16
  outer loop
    vertex 68.5369407601573 -1.5266592890482098 58.70196500550556
    vertex 68.56953751324426 -1.5266592890482096 56.73773946700976
    vertex 70.21555847523445 -1.5266592890482096 55.803447996342854
  endloop
endfacet
facet normal 1.0682856864114337e-32 -1.0 -1.6653345369377348e-16
  outer loop
    vertex 70.21555847523445 -1.5266592890482096 55.803447996342854
    vertex 68.56953751324426 -1.5266592890482096 56.73773946700976
    vertex 70.04265918284729 -1.5266592890482091 53.84657540235958
  endloop
endfacet
facet normal 1.0682856864114337e-32 -1.0 -1.6653345369377348e-16
  outer loop
    vertex 70.21555847523445 -1.5266592890482096 55.803447996342854
    vertex 70.04265918284729 -1.5266592890482091 53.84657540235958
    vertex 71.20550200107643 -1.5266592890482085 50.81726629263313
  endloop
endfacet
facet normal 1.0682856864114337e-32 -1.0 -1.6653345369377348e-16
  outer loop
    vertex 70.21555847523445 -1.5266592890482096 55.803447996342854
    vertex 71.20550200107643 -1.5266592890482085 50.81726629263313
    vertex 71.5820030181088 -1.526659289048209 52.745346036462344
  endloop
endfacet
facet normal 1.0682856864114337e-32 -1.0 -1.6653345369377348e-16
  outer loop
    vertex 71.5820030181088 -1.526659289048209 52.745346036462344
    vertex 71.20550200107643 -1.5266592890482085 50.81726629263313
    vertex 72.04532561867464 -1.5266592890482082 47.6830018823603
  endloop
endfacet
facet normal 1.0682856864114337e-32 -1.0 -1.6653345369377348e-16
  outer loop
    vertex 71.5820030181088 -1.526659289048209 52.745346036462344
    vertex 72.04532561867464 -1.5266592890482082 47.6830018823603
    vertex 72.6213033364217 -1.5266592890482085 49.5611643308854
  endloop
endfacet
facet normal 1.0682856864114337e-32 -1.0 -1.6653345369377348e-16
  outer loop
    vertex 72.6213033364217 -1.5266592890482085 49.5611643308854
    vertex 72.04532561867464 -1.5266592890482082 47.6830018823603
    vertex 72.55292875234313 -1.5266592890482074 44.47812182830704
  endloop
endfacet
facet normal 1.0682856864114337e-32 -1.0 -1.6653345369377348e-16
  outer loop
    vertex 72.6213033364217 -1.5266592890482085 49.5611643308854
    vertex 72.55292875234313 -1.5266592890482074 44.47812182830704
    vertex 72.72274999592666 -1.5266592890482071 41.23773946700975
  endloop
endfacet
facet normal 1.0682856864114337e-32 -1.0 -1.6653345369377348e-16
  outer loop
    vertex 72.6213033364217 -1.5266592890482085 49.5611643308854
    vertex 72.72274999592666 -1.5266592890482071 41.23773946700975
    vertex 73.3220726383982 -1.5266592890482078 46.285789440711184
  endloop
endfacet
facet normal 1.0682856864114337e-32 -1.0 -1.6653345369377348e-16
  outer loop
    vertex 9.768866842932969 -1.5266592890482067 39.52037187536675
    vertex 10.110075055963406 -1.5266592890482078 46.201486352198195
    vertex 9.764399763014941 -1.5266592890482074 42.8698700961415
  endloop
endfacet
facet normal 1.0682856864114337e-32 -1.0 -1.6653345369377348e-16
  outer loop
    vertex 10.110075055963406 -1.5266592890482078 46.201486352198195
    vertex 9.768866842932969 -1.5266592890482067 39.52037187536675
    vertex 10.123427353455158 -1.5266592890482065 36.189689493308315
  endloop
endfacet
facet normal 1.0682856864114337e-32 -1.0 -1.6653345369377348e-16
  outer loop
    vertex 10.110075055963406 -1.5266592890482078 46.201486352198195
    vertex 10.123427353455158 -1.5266592890482065 36.189689493308315
    vertex 10.802105430931615 -1.5266592890482085 49.47871875864994
  endloop
endfacet
facet normal 1.0682856864114337e-32 -1.0 -1.6653345369377348e-16
  outer loop
    vertex 10.802105430931615 -1.5266592890482085 49.47871875864994
    vertex 10.123427353455158 -1.5266592890482065 36.189689493308315
    vertex 10.722749995926687 -1.5266592890482071 41.23773946700975
  endloop
endfacet
facet normal 1.0682856864114337e-32 -1.0 -1.6653345369377348e-16
  outer loop
    vertex 10.802105430931615 -1.5266592890482085 49.47871875864994
    vertex 10.722749995926687 -1.5266592890482071 41.23773946700975
    vertex 10.892571239510211 -1.5266592890482074 44.47812182830699
  endloop
endfacet
facet normal 1.0682856864114337e-32 -1.0 -1.6653345369377348e-16
  outer loop
    vertex 10.802105430931615 -1.5266592890482085 49.47871875864994
    vertex 10.892571239510211 -1.5266592890482074 44.47812182830699
    vertex 11.832908858314802 -1.526659289048209 52.665661271446695
  endloop
endfacet
facet normal 1.0682856864114337e-32 -1.0 -1.6653345369377348e-16
  outer loop
    vertex 11.832908858314802 -1.526659289048209 52.665661271446695
    vertex 10.892571239510211 -1.5266592890482074 44.47812182830699
    vertex 11.40017437317872 -1.5266592890482082 47.68300188236028
  endloop
endfacet
facet normal 1.0682856864114337e-32 -1.0 -1.6653345369377348e-16
  outer loop
    vertex 11.832908858314802 -1.526659289048209 52.665661271446695
    vertex 11.40017437317872 -1.5266592890482082 47.68300188236028
    vertex 12.239997990776923 -1.5266592890482085 50.81726629263311
  endloop
endfacet
facet normal 1.0682856864114337e-32 -1.0 -1.6653345369377348e-16
  outer loop
    vertex 11.832908858314802 -1.526659289048209 52.665661271446695
    vertex 12.239997990776923 -1.5266592890482085 50.81726629263311
    vertex 13.191191640053026 -1.5266592890482096 55.72739708150767
  endloop
endfacet
facet normal 1.0682856864114337e-32 -1.0 -1.6653345369377348e-16
  outer loop
    vertex 13.191191640053026 -1.5266592890482096 55.72739708150767
    vertex 12.239997990776923 -1.5266592890482085 50.81726629263311
    vertex 13.402840809006058 -1.5266592890482091 53.84657540235954
  endloop
endfacet
facet normal 1.0682856864114337e-32 -1.0 -1.6653345369377348e-16
  outer loop
    vertex 13.191191640053026 -1.5266592890482096 55.72739708150767
    vertex 13.402840809006058 -1.5266592890482091 53.84657540235954
    vertex 14.862072145750648 -1.5266592890482098 58.63038117058839
  endloop
endfacet
facet normal 1.0682856864114337e-32 -1.0 -1.6653345369377348e-16
  outer loop
    vertex 14.862072145750648 -1.5266592890482098 58.63038117058839
    vertex 13.402840809006058 -1.5266592890482091 53.84657540235954
    vertex 14.875962478609079 -1.5266592890482096 56.73773946700974
  endloop
endfacet
facet normal 1.0682856864114337e-32 -1.0 -1.6653345369377348e-16
  outer loop
    vertex 14.862072145750648 -1.5266592890482098 58.63038117058839
    vertex 14.875962478609079 -1.5266592890482096 56.73773946700974
    vertex 16.82724385893298 -1.5266592890482102 61.34280783752047
  endloop
endfacet
facet normal 1.0682856864114337e-32 -1.0 -1.6653345369377348e-16
  outer loop
    vertex 16.82724385893298 -1.5266592890482102 61.34280783752047
    vertex 14.875962478609079 -1.5266592890482096 56.73773946700974
    vertex 16.643223170303322 -1.5266592890482102 59.45908228807642
  endloop
endfacet
facet normal 1.0682856864114337e-32 -1.0 -1.6653345369377348e-16
  outer loop
    vertex 16.82724385893298 -1.5266592890482102 61.34280783752047
    vertex 16.643223170303322 -1.5266592890482102 59.45908228807642
    vertex 18.685260406127448 -1.5266592890482107 61.98078826413434
  endloop
endfacet
facet normal 1.0682856864114337e-32 -1.0 -1.6653345369377348e-16
  outer loop
    vertex 16.82724385893298 -1.5266592890482102 61.34280783752047
    vertex 18.685260406127448 -1.5266592890482107 61.98078826413434
    vertex 19.065175947071832 -1.526659289048211 63.83495916812917
  endloop
endfacet
facet normal 1.0682856864114337e-32 -1.0 -1.6653345369377348e-16
  outer loop
    vertex 19.065175947071832 -1.526659289048211 63.83495916812917
    vertex 18.685260406127448 -1.5266592890482107 61.98078826413434
    vertex 20.97970119880208 -1.526659289048211 64.27522905680895
  endloop
endfacet
facet normal 1.0682856864114337e-32 -1.0 -1.6653345369377348e-16
  outer loop
    vertex 19.065175947071832 -1.526659289048211 63.83495916812917
    vertex 20.97970119880208 -1.526659289048211 64.27522905680895
    vertex 21.16823965676238 -1.526659289048211 65.73365100772364
  endloop
endfacet
facet normal 1.0682856864114337e-32 -1.0 -1.6653345369377348e-16
  outer loop
    vertex 21.16823965676238 -1.526659289048211 65.73365100772364
    vertex 20.97970119880208 -1.526659289048211 64.27522905680895
    vertex 21.820611363989393 -1.526659289048211 64.95618468192903
  endloop
endfacet
facet normal 0.14589206898416937 -0.360890421192802 -0.9211262715278511
  outer loop
    vertex 36.2442769428791 14.473340710951788 67.01192874634563
    vertex 38.48236763462939 2.473340710951788 72.0679182234262
    vertex 35.27748758057613 2.473340710951788 71.56031508975771
  endloop
endfacet
facet normal 0.14589206898416937 -0.360890421192802 -0.9211262715278511
  outer loop
    vertex 38.48236763462939 2.473340710951788 72.0679182234262
    vertex 36.2442769428791 14.473340710951788 67.01192874634563
    vertex 38.96842498882424 14.473340710951788 67.44339140996385
  endloop
endfacet
facet normal -0.7505667137899157 0.3709517778094004 -0.5468495100945524
  outer loop
    vertex 20.60722750660276 14.473340710951797 24.092048754680505
    vertex 14.908559231696053 2.4733407109517955 23.77351392851396
    vertex 18.930687846330578 14.473340710951799 26.393147759288517
  endloop
endfacet
facet normal -0.7505667137899157 0.3709517778094004 -0.5468495100945524
  outer loop
    vertex 14.908559231696053 2.4733407109517955 23.77351392851396
    vertex 20.60722750660276 14.473340710951797 24.092048754680505
    vertex 16.880958832016237 2.4733407109517964 21.066338628975174
  endloop
endfacet
facet normal 0.8478614365508972 0.37095177780937055 0.3788479417258548
  outer loop
    vertex 71.5820030181088 2.473340710951791 52.745346036462344
    vertex 65.94163720333874 14.473340710951792 53.618591716942895
    vertex 70.21555847523445 2.47334071095179 55.803447996342854
  endloop
endfacet
facet normal 0.8478614365508972 0.37095177780937055 0.3788479417258548
  outer loop
    vertex 65.94163720333874 14.473340710951792 53.618591716942895
    vertex 71.5820030181088 2.473340710951791 52.745346036462344
    vertex 67.10311506478186 14.473340710951792 51.01920505104445
  endloop
endfacet
facet normal 0.0488089433270605 -0.36089042119279957 -0.9313301192072441
  outer loop
    vertex 38.48236763462939 2.473340710951788 72.0679182234262
    vertex 41.72274999592702 14.473340710951788 67.58773946700984
    vertex 41.72274999592668 2.4733407109517875 72.23773946700975
  endloop
endfacet
facet normal 0.0488089433270605 -0.36089042119279957 -0.9313301192072441
  outer loop
    vertex 41.72274999592702 14.473340710951788 67.58773946700984
    vertex 38.48236763462939 2.473340710951788 72.0679182234262
    vertex 38.96842498882424 14.473340710951788 67.44339140996385
  endloop
endfacet
facet normal -0.8036163697275308 0.3709517778093986 -0.4653982260881439
  outer loop
    vertex 18.930687846330578 14.473340710951799 26.393147759288517
    vertex 13.229941516618902 2.4733407109517955 26.67203093767666
    vertex 17.503862788514986 14.473340710951799 28.856887217076792
  endloop
endfacet
facet normal -0.8036163697275308 0.3709517778093986 -0.4653982260881439
  outer loop
    vertex 13.229941516618902 2.4733407109517955 26.67203093767666
    vertex 18.930687846330578 14.473340710951799 26.393147759288517
    vertex 14.908559231696053 2.4733407109517955 23.77351392851396
  endloop
endfacet
facet normal -0.048808943327060435 -0.36089042119279746 -0.9313301192072451
  outer loop
    vertex 41.72274999592702 14.473340710951788 67.58773946700984
    vertex 44.96313235722391 2.473340710951788 72.06791822342622
    vertex 41.72274999592668 2.4733407109517875 72.23773946700975
  endloop
endfacet
facet normal -0.048808943327060435 -0.36089042119279746 -0.9313301192072451
  outer loop
    vertex 44.96313235722391 2.473340710951788 72.06791822342622
    vertex 41.72274999592702 14.473340710951788 67.58773946700984
    vertex 44.477075003029725 14.473340710951788 67.44339140996385
  endloop
endfacet
facet normal -0.8478614365508876 0.3709517778093994 -0.3788479417258475
  outer loop
    vertex 17.503862788514986 14.473340710951799 28.856887217076792
    vertex 11.863496973744565 2.473340710951795 29.730132897557183
    vertex 16.342384927071922 14.473340710951794 31.456273882975175
  endloop
endfacet
facet normal -0.8478614365508876 0.3709517778093994 -0.3788479417258475
  outer loop
    vertex 11.863496973744565 2.473340710951795 29.730132897557183
    vertex 17.503862788514986 14.473340710951799 28.856887217076792
    vertex 13.229941516618902 2.4733407109517955 26.67203093767666
  endloop
endfacet
facet normal 0.8828171560489773 0.37095177780937083 0.2881469200350111
  outer loop
    vertex 72.6213033364217 2.473340710951791 49.5611643308854
    vertex 67.10311506478186 14.473340710951792 51.01920505104445
    vertex 71.5820030181088 2.473340710951791 52.745346036462344
  endloop
endfacet
facet normal 0.8828171560489773 0.37095177780937083 0.2881469200350111
  outer loop
    vertex 67.10311506478186 14.473340710951792 51.01920505104445
    vertex 72.6213033364217 2.473340710951791 49.5611643308854
    vertex 67.98652033534786 14.473340710951792 48.31265060130409
  endloop
endfacet
facet normal -0.14589206898416737 -0.3608904211927951 -0.9211262715278542
  outer loop
    vertex 44.477075003029725 14.473340710951788 67.44339140996385
    vertex 48.168012411277196 2.473340710951788 71.56031508975772
    vertex 44.96313235722391 2.473340710951788 72.06791822342622
  endloop
endfacet
facet normal -0.14589206898416737 -0.3608904211927951 -0.9211262715278542
  outer loop
    vertex 48.168012411277196 2.473340710951788 71.56031508975772
    vertex 44.477075003029725 14.473340710951788 67.44339140996385
    vertex 47.20122304897495 14.473340710951788 67.01192874634563
  endloop
endfacet
facet normal -0.8828171560489665 0.37095177780940086 -0.28814692003500525
  outer loop
    vertex 16.342384927071922 14.473340710951794 31.456273882975175
    vertex 10.824196655431647 2.473340710951794 32.914314603134116
    vertex 15.45897965650592 14.473340710951794 34.162828332715584
  endloop
endfacet
facet normal -0.8828171560489665 0.37095177780940086 -0.28814692003500525
  outer loop
    vertex 10.824196655431647 2.473340710951794 32.914314603134116
    vertex 16.342384927071922 14.473340710951794 31.456273882975175
    vertex 11.863496973744565 2.473340710951795 29.730132897557183
  endloop
endfacet
facet normal -0.2413767706036005 -0.36089042119279313 -0.9008303716595403
  outer loop
    vertex 48.168012411277196 2.473340710951788 71.56031508975772
    vertex 49.86534779770692 14.473340710951788 66.29807867138715
    vertex 51.30227682155004 2.4733407109517875 70.72049147215951
  endloop
endfacet
facet normal -0.2413767706036005 -0.36089042119279313 -0.9008303716595403
  outer loop
    vertex 49.86534779770692 14.473340710951788 66.29807867138715
    vertex 48.168012411277196 2.473340710951788 71.56031508975772
    vertex 47.20122304897495 14.473340710951788 67.01192874634563
  endloop
endfacet
facet normal -0.9081005460440144 0.37095177780939964 -0.1942889003896237
  outer loop
    vertex 15.45897965650592 14.473340710951794 34.162828332715584
    vertex 10.123427353455158 2.4733407109517933 36.189689493308315
    vertex 14.863325749825902 14.473340710951794 36.94689698936369
  endloop
endfacet
facet normal -0.9081005460440144 0.37095177780939964 -0.1942889003896237
  outer loop
    vertex 10.123427353455158 2.4733407109517933 36.189689493308315
    vertex 15.45897965650592 14.473340710951794 34.162828332715584
    vertex 10.824196655431647 2.473340710951794 32.914314603134116
  endloop
endfacet
facet normal 0.9081005460440267 0.37095177780937005 0.19428890038962277
  outer loop
    vertex 73.3220726383982 2.4733407109517924 46.285789440711184
    vertex 67.98652033534786 14.473340710951792 48.31265060130409
    vertex 72.6213033364217 2.473340710951791 49.5611643308854
  endloop
endfacet
facet normal 0.9081005460440267 0.37095177780937005 0.19428890038962277
  outer loop
    vertex 67.98652033534786 14.473340710951792 48.31265060130409
    vertex 73.3220726383982 2.4733407109517924 46.285789440711184
    vertex 68.58217424202783 14.473340710951797 45.52858194465609
  endloop
endfacet
facet normal -0.3342168978129671 -0.3608904211927903 -0.8706647857284496
  outer loop
    vertex 49.86534779770692 14.473340710951788 66.29807867138715
    vertex 54.33158593127647 2.4733407109517884 69.55764865393037
    vertex 51.30227682155004 2.4733407109517875 70.72049147215951
  endloop
endfacet
facet normal -0.3342168978129671 -0.3608904211927903 -0.8706647857284496
  outer loop
    vertex 54.33158593127647 2.4733407109517884 69.55764865393037
    vertex 49.86534779770692 14.473340710951788 66.29807867138715
    vertex 52.440260540974364 14.473340710951788 65.30966227589239
  endloop
endfacet
facet normal -0.9234345964243471 0.37095177780940464 -0.09830221089398494
  outer loop
    vertex 14.863325749825902 14.473340710951794 36.94689698936369
    vertex 9.768866842932969 2.4733407109517933 39.52037187536675
    vertex 14.56194931588221 14.473340710951794 39.77797701411342
  endloop
endfacet
facet normal -0.9234345964243471 0.37095177780940464 -0.09830221089398494
  outer loop
    vertex 9.768866842932969 2.4733407109517933 39.52037187536675
    vertex 14.863325749825902 14.473340710951794 36.94689698936369
    vertex 10.123427353455158 2.4733407109517933 36.189689493308315
  endloop
endfacet
facet normal -0.4233952747505031 -0.36089042119278497 -0.8309600142066045
  outer loop
    vertex 54.33158593127647 2.4733407109517884 69.55764865393037
    vertex 54.89774999592716 14.473340710951794 64.05750885672985
    vertex 57.22274999592665 2.473340710951788 68.08452698432734
  endloop
endfacet
facet normal -0.4233952747505031 -0.36089042119278497 -0.8309600142066045
  outer loop
    vertex 54.89774999592716 14.473340710951794 64.05750885672985
    vertex 54.33158593127647 2.4733407109517884 69.55764865393037
    vertex 52.440260540974364 14.473340710951788 65.30966227589239
  endloop
endfacet
facet normal -0.9286513041251384 0.37095177780940664 -0.0012385018047808372
  outer loop
    vertex 14.558152297951816 14.473340710951797 42.6250505017719
    vertex 9.768866842932969 2.4733407109517933 39.52037187536675
    vertex 9.764399763014941 2.4733407109517924 42.8698700961415
  endloop
endfacet
facet normal -0.9286513041251384 0.37095177780940664 -0.0012385018047808372
  outer loop
    vertex 9.768866842932969 2.4733407109517933 39.52037187536675
    vertex 14.558152297951816 14.473340710951797 42.6250505017719
    vertex 14.56194931588221 14.473340710951794 39.77797701411342
  endloop
endfacet
facet normal 0.9234345964243578 0.37095177780937094 0.09830221089401195
  outer loop
    vertex 73.67663314892039 2.4733407109517924 42.95510705865274
    vertex 68.58217424202783 14.473340710951797 45.52858194465609
    vertex 73.3220726383982 2.4733407109517924 46.285789440711184
  endloop
endfacet
facet normal 0.9234345964243578 0.37095177780937094 0.09830221089401195
  outer loop
    vertex 68.58217424202783 14.473340710951797 45.52858194465609
    vertex 73.67663314892039 2.4733407109517924 42.95510705865274
    vertex 68.8835506759717 14.473340710951797 42.697501919906436
  endloop
endfacet
facet normal -0.5079348444567423 -0.3608904211927811 -0.7821510708795343
  outer loop
    vertex 54.89774999592716 14.473340710951794 64.05750885672985
    vertex 59.944092816993326 2.4733407109517884 66.31726629263312
    vertex 57.22274999592665 2.473340710951788 68.08452698432734
  endloop
endfacet
facet normal -0.5079348444567423 -0.3608904211927811 -0.7821510708795343
  outer loop
    vertex 59.944092816993326 2.4733407109517884 66.31726629263312
    vertex 54.89774999592716 14.473340710951794 64.05750885672985
    vertex 57.210891393833805 14.473340710951794 62.55533726878971
  endloop
endfacet
facet normal -0.9236935138051628 0.37095177780940003 0.09583877656938757
  outer loop
    vertex 14.851976296957925 14.473340710951797 45.456924319420104
    vertex 9.764399763014941 2.4733407109517924 42.8698700961415
    vertex 10.110075055963406 2.4733407109517924 46.201486352198195
  endloop
endfacet
facet normal -0.9236935138051628 0.37095177780940003 0.09583877656938757
  outer loop
    vertex 9.764399763014941 2.4733407109517924 42.8698700961415
    vertex 14.851976296957925 14.473340710951797 45.456924319420104
    vertex 14.558152297951816 14.473340710951797 42.6250505017719
  endloop
endfacet
facet normal -0.5871490233248348 -0.36073101073723274 -0.7246579622837157
  outer loop
    vertex 59.944092816993326 2.4733407109517884 66.31726629263312
    vertex 62.46579879305127 2.473340710951789 64.27522905680898
    vertex 61.62488862786396 2.4547117109517895 64.95618468192903
  endloop
endfacet
facet normal -0.5871490233248348 -0.36073101073723274 -0.7246579622837157
  outer loop
    vertex 62.46579879305127 2.473340710951789 64.27522905680898
    vertex 59.944092816993326 2.4733407109517884 66.31726629263312
    vertex 57.210891393833805 14.473340710951794 62.55533726878971
  endloop
endfacet
facet normal -0.5871490233248348 -0.36073101073723274 -0.7246579622837157
  outer loop
    vertex 62.46579879305127 2.473340710951789 64.27522905680898
    vertex 57.210891393833805 14.473340710951794 62.55533726878971
    vertex 59.354341473482904 14.473340710951794 60.81960561833919
  endloop
endfacet
facet normal -0.9086155440526409 0.37095177780939614 0.19186602525192414
  outer loop
    vertex 15.440202115680878 14.473340710951792 48.242571864903944
    vertex 10.110075055963406 2.4733407109517924 46.201486352198195
    vertex 10.802105430931615 2.473340710951791 49.47871875864994
  endloop
endfacet
facet normal -0.9086155440526409 0.37095177780939614 0.19186602525192414
  outer loop
    vertex 10.110075055963406 2.4733407109517924 46.201486352198195
    vertex 15.440202115680878 14.473340710951792 48.242571864903944
    vertex 14.851976296957925 14.473340710951797 45.456924319420104
  endloop
endfacet
facet normal 0.9286513041251526 0.37095177780937116 0.0012385018047783621
  outer loop
    vertex 73.68110022883843 2.4733407109517933 39.605608837877995
    vertex 68.8835506759717 14.473340710951797 42.697501919906436
    vertex 73.67663314892039 2.4733407109517924 42.95510705865274
  endloop
endfacet
facet normal 0.9286513041251526 0.37095177780937116 0.0012385018047783621
  outer loop
    vertex 68.8835506759717 14.473340710951797 42.697501919906436
    vertex 73.68110022883843 2.4733407109517933 39.605608837877995
    vertex 68.88734769390206 14.473340710951794 39.85042843224796
  endloop
endfacet
facet normal -0.6594536010559431 -0.3608904211927857 -0.659453601055937
  outer loop
    vertex 59.354341473482904 14.473340710951794 60.81960561833919
    vertex 64.76023958572586 2.4733407109517893 61.98078826413436
    vertex 62.46579879305127 2.473340710951789 64.27522905680898
  endloop
endfacet
facet normal -0.6594536010559431 -0.3608904211927857 -0.659453601055937
  outer loop
    vertex 64.76023958572586 2.4733407109517893 61.98078826413436
    vertex 59.354341473482904 14.473340710951794 60.81960561833919
    vertex 61.30461614725635 14.473340710951792 58.86933094456573
  endloop
endfacet
facet normal -0.8835825922594537 0.3709517778093932 0.28579114961124147
  outer loop
    vertex 16.316385028956482 14.473340710951792 50.95147300078116
    vertex 10.802105430931615 2.473340710951791 49.47871875864994
    vertex 11.832908858314802 2.473340710951791 52.665661271446695
  endloop
endfacet
facet normal -0.8835825922594537 0.3709517778093932 0.28579114961124147
  outer loop
    vertex 10.802105430931615 2.473340710951791 49.47871875864994
    vertex 16.316385028956482 14.473340710951792 50.95147300078116
    vertex 15.440202115680878 14.473340710951792 48.242571864903944
  endloop
endfacet
facet normal -0.7247727167442783 -0.3608904211927825 -0.5869093737148984
  outer loop
    vertex 61.30461614725635 14.473340710951792 58.86933094456573
    vertex 66.80227682155002 2.4733407109517893 59.45908228807642
    vertex 64.76023958572586 2.4733407109517893 61.98078826413436
  endloop
endfacet
facet normal -0.7247727167442783 -0.3608904211927825 -0.5869093737148984
  outer loop
    vertex 66.80227682155002 2.4733407109517893 59.45908228807642
    vertex 61.30461614725635 14.473340710951792 58.86933094456573
    vertex 63.04034779770701 14.473340710951792 56.72588086491642
  endloop
endfacet
facet normal -0.8488689246839211 0.37095177780939126 0.3765850863297904
  outer loop
    vertex 17.470925393433998 14.473340710951792 53.553948439332984
    vertex 11.832908858314802 2.473340710951791 52.665661271446695
    vertex 13.191191640053026 2.47334071095179 55.72739708150767
  endloop
endfacet
facet normal -0.8488689246839211 0.37095177780939126 0.3765850863297904
  outer loop
    vertex 11.832908858314802 2.473340710951791 52.665661271446695
    vertex 17.470925393433998 14.473340710951792 53.553948439332984
    vertex 16.316385028956482 14.473340710951792 50.95147300078116
  endloop
endfacet
facet normal 0.9236935138051712 0.37095177780937333 -0.09583877656941045
  outer loop
    vertex 73.68110022883843 2.4733407109517933 39.605608837877995
    vertex 68.59352369489581 14.473340710951794 37.01855461459974
    vertex 68.88734769390206 14.473340710951794 39.85042843224796
  endloop
endfacet
facet normal 0.9236935138051712 0.37095177780937333 -0.09583877656941045
  outer loop
    vertex 68.59352369489581 14.473340710951794 37.01855461459974
    vertex 73.68110022883843 2.4733407109517933 39.605608837877995
    vertex 73.33542493588995 2.4733407109517933 36.273992581821304
  endloop
endfacet
facet normal -0.7821510708795447 -0.36089042119278125 -0.5079348444567259
  outer loop
    vertex 63.04034779770701 14.473340710951792 56.72588086491642
    vertex 68.56953751324426 2.4733407109517906 56.73773946700976
    vertex 66.80227682155002 2.4733407109517893 59.45908228807642
  endloop
endfacet
facet normal -0.7821510708795447 -0.36089042119278125 -0.5079348444567259
  outer loop
    vertex 68.56953751324426 2.4733407109517906 56.73773946700976
    vertex 63.04034779770701 14.473340710951792 56.72588086491642
    vertex 64.542519385647 14.473340710951792 54.412739467009764
  endloop
endfacet
facet normal -0.8048548715322985 0.37095177780939675 0.46325307803702187
  outer loop
    vertex 18.89117382327713 14.473340710951792 56.02148491505158
    vertex 13.191191640053026 2.47334071095179 55.72739708150767
    vertex 14.862072145750648 2.47334071095179 58.63038117058839
  endloop
endfacet
facet normal -0.8048548715322985 0.37095177780939675 0.46325307803702187
  outer loop
    vertex 13.191191640053026 2.47334071095179 55.72739708150767
    vertex 18.89117382327713 14.473340710951792 56.02148491505158
    vertex 17.470925393433998 14.473340710951792 53.553948439332984
  endloop
endfacet
facet normal -0.8309600142065958 -0.360890421192782 -0.42339527475052247
  outer loop
    vertex 64.542519385647 14.473340710951792 54.412739467009764
    vertex 70.04265918284729 2.4733407109517906 53.84657540235958
    vertex 68.56953751324426 2.4733407109517906 56.73773946700976
  endloop
endfacet
facet normal -0.8309600142065958 -0.360890421192782 -0.42339527475052247
  outer loop
    vertex 70.04265918284729 2.4733407109517906 53.84657540235958
    vertex 64.542519385647 14.473340710951792 54.412739467009764
    vertex 65.79467280480961 14.473340710951792 51.95525001205712
  endloop
endfacet
facet normal -0.7520226599815077 0.37095177780939237 0.5448455720792716
  outer loop
    vertex 20.56156977948184 14.473340710951792 58.32704758194392
    vertex 14.862072145750648 2.47334071095179 58.63038117058839
    vertex 16.82724385893298 2.4733407109517898 61.34280783752047
  endloop
endfacet
facet normal -0.7520226599815077 0.37095177780939237 0.5448455720792716
  outer loop
    vertex 14.862072145750648 2.47334071095179 58.63038117058839
    vertex 20.56156977948184 14.473340710951792 58.32704758194392
    vertex 18.89117382327713 14.473340710951792 56.02148491505158
  endloop
endfacet
facet normal 0.9086155440526518 0.37095177780937255 -0.19186602525191776
  outer loop
    vertex 73.33542493588995 2.4733407109517933 36.273992581821304
    vertex 68.0052978761729 14.473340710951794 34.23290706911571
    vertex 68.59352369489581 14.473340710951794 37.01855461459974
  endloop
endfacet
facet normal 0.9086155440526518 0.37095177780937255 -0.19186602525191776
  outer loop
    vertex 68.0052978761729 14.473340710951794 34.23290706911571
    vertex 73.33542493588995 2.4733407109517933 36.273992581821304
    vertex 72.64339456092172 2.473340710951794 32.99676017536955
  endloop
endfacet
facet normal -0.8706647857284543 -0.360890421192781 -0.3342168978129651
  outer loop
    vertex 65.79467280480961 14.473340710951792 51.95525001205712
    vertex 71.20550200107643 2.4733407109517915 50.81726629263313
    vertex 70.04265918284729 2.4733407109517906 53.84657540235958
  endloop
endfacet
facet normal -0.8706647857284543 -0.360890421192781 -0.3342168978129651
  outer loop
    vertex 71.20550200107643 2.4733407109517915 50.81726629263313
    vertex 65.79467280480961 14.473340710951792 51.95525001205712
    vertex 66.78308920030436 14.473340710951792 49.3803372687896
  endloop
endfacet
facet normal -0.6909511307970433 0.3709517778093833 0.6204686240176412
  outer loop
    vertex 22.463812054399884 14.473340710951794 60.44537621296138
    vertex 16.82724385893298 2.4733407109517898 61.34280783752047
    vertex 19.065175947071832 2.473340710951789 63.83495916812917
  endloop
endfacet
facet normal -0.6909511307970433 0.3709517778093833 0.6204686240176412
  outer loop
    vertex 16.82724385893298 2.4733407109517898 61.34280783752047
    vertex 22.463812054399884 14.473340710951794 60.44537621296138
    vertex 20.56156977948184 14.473340710951792 58.32704758194392
  endloop
endfacet
facet normal -0.9008303716595439 -0.3608904211927794 -0.2413767706036075
  outer loop
    vertex 66.78308920030436 14.473340710951792 49.3803372687896
    vertex 72.04532561867464 2.473340710951792 47.6830018823603
    vertex 71.20550200107643 2.4733407109517915 50.81726629263313
  endloop
endfacet
facet normal -0.9008303716595439 -0.3608904211927794 -0.2413767706036075
  outer loop
    vertex 72.04532561867464 2.473340710951792 47.6830018823603
    vertex 66.78308920030436 14.473340710951792 49.3803372687896
    vertex 67.49693927526283 14.473340710951797 46.71621252005788
  endloop
endfacet
facet normal -0.6219730055157254 0.37079995281149875 0.6896788929673909
  outer loop
    vertex 21.551349157892105 2.4733407109517884 66.07953063092019
    vertex 19.065175947071832 2.473340710951789 63.83495916812917
    vertex 21.16823965676238 2.4547117109517895 65.73365100772364
  endloop
endfacet
facet normal -0.6219730055157254 0.37079995281149875 0.6896788929673909
  outer loop
    vertex 19.065175947071832 2.473340710951789 63.83495916812917
    vertex 21.551349157892105 2.4733407109517884 66.07953063092019
    vertex 24.577059283597265 14.473340710951794 62.35326195633372
  endloop
endfacet
facet normal -0.6219730055157254 0.37079995281149875 0.6896788929673909
  outer loop
    vertex 19.065175947071832 2.473340710951789 63.83495916812917
    vertex 24.577059283597265 14.473340710951794 62.35326195633372
    vertex 22.463812054399884 14.473340710951794 60.44537621296138
  endloop
endfacet
facet normal -0.9211262715278592 -0.3608904211927749 -0.14589206898418486
  outer loop
    vertex 67.49693927526283 14.473340710951797 46.71621252005788
    vertex 72.55292875234313 2.473340710951793 44.47812182830704
    vertex 72.04532561867464 2.473340710951792 47.6830018823603
  endloop
endfacet
facet normal -0.9211262715278592 -0.3608904211927749 -0.14589206898418486
  outer loop
    vertex 72.55292875234313 2.473340710951793 44.47812182830704
    vertex 67.49693927526283 14.473340710951797 46.71621252005788
    vertex 67.92840193888115 14.473340710951797 43.99206447411265
  endloop
endfacet
facet normal 0.8835825922594578 0.3709517778093721 -0.28579114961125535
  outer loop
    vertex 72.64339456092172 2.473340710951794 32.99676017536955
    vertex 67.1291149628972 14.473340710951794 31.524005933238573
    vertex 68.0052978761729 14.473340710951794 34.23290706911571
  endloop
endfacet
facet normal 0.8835825922594578 0.3709517778093721 -0.28579114961125535
  outer loop
    vertex 67.1291149628972 14.473340710951794 31.524005933238573
    vertex 72.64339456092172 2.473340710951794 32.99676017536955
    vertex 71.61259113353854 2.473340710951794 29.809817662572808
  endloop
endfacet
facet normal -0.5468495100945616 0.37095177780939 0.7505667137899142
  outer loop
    vertex 26.878158288205235 14.473340710951794 64.0298016166059
    vertex 21.551349157892105 2.4733407109517884 66.07953063092019
    vertex 24.25852445743088 2.473340710951788 68.05193023124039
  endloop
endfacet
facet normal -0.5468495100945616 0.37095177780939 0.7505667137899142
  outer loop
    vertex 21.551349157892105 2.4733407109517884 66.07953063092019
    vertex 26.878158288205235 14.473340710951794 64.0298016166059
    vertex 24.577059283597265 14.473340710951794 62.35326195633372
  endloop
endfacet
facet normal 0.9140870916761469 6.753230085905007e-17 -0.4055179266457201
  outer loop
    vertex 70.25430835180032 -1.5266592890482047 26.748081852511824
    vertex 71.61259113353854 2.473340710951794 29.809817662572808
    vertex 71.61259113353854 -1.5266592890482054 29.809817662572808
  endloop
endfacet
facet normal 0.9140870916761469 6.753230085905007e-17 -0.4055179266457201
  outer loop
    vertex 71.61259113353854 2.473340710951794 29.809817662572808
    vertex 70.25430835180032 -1.5266592890482047 26.748081852511824
    vertex 70.25430835180032 2.4733407109517955 26.748081852511824
  endloop
endfacet
facet normal -0.998629534754574 8.715687545503457e-18 -0.05233595624294272
  outer loop
    vertex 72.72274999592666 2.473340710951793 41.23773946700975
    vertex 72.55292875234313 -1.5266592890482074 44.47812182830704
    vertex 72.55292875234313 2.473340710951793 44.47812182830704
  endloop
endfacet
facet normal -0.998629534754574 8.715687545503457e-18 -0.05233595624294272
  outer loop
    vertex 72.55292875234313 -1.5266592890482074 44.47812182830704
    vertex 72.72274999592666 2.473340710951793 41.23773946700975
    vertex 72.72274999592666 -1.5266592890482071 41.23773946700975
  endloop
endfacet
facet normal -0.998629534754574 -8.715687545503547e-18 0.052335956242943266
  outer loop
    vertex 72.55292875234313 2.4733407109517938 37.9973571057125
    vertex 72.72274999592666 -1.5266592890482071 41.23773946700975
    vertex 72.72274999592666 2.473340710951793 41.23773946700975
  endloop
endfacet
facet normal -0.998629534754574 -8.715687545503547e-18 0.052335956242943266
  outer loop
    vertex 72.72274999592666 -1.5266592890482071 41.23773946700975
    vertex 72.55292875234313 2.4733407109517938 37.9973571057125
    vertex 72.55292875234313 -1.5266592890482065 37.9973571057125
  endloop
endfacet
facet normal -0.9876883405951373 -2.6051571739887953e-17 0.1564344650402335
  outer loop
    vertex 72.04532561867464 2.4733407109517938 34.79247705165922
    vertex 72.55292875234313 -1.5266592890482065 37.9973571057125
    vertex 72.55292875234313 2.4733407109517938 37.9973571057125
  endloop
endfacet
facet normal -0.9876883405951373 -2.6051571739887953e-17 0.1564344650402335
  outer loop
    vertex 72.55292875234313 -1.5266592890482065 37.9973571057125
    vertex 72.04532561867464 2.4733407109517938 34.79247705165922
    vertex 72.04532561867464 -1.526659289048206 34.79247705165922
  endloop
endfacet
facet normal -0.9659258262890691 -4.310202946264684e-17 0.2588190451025179
  outer loop
    vertex 71.20550200107643 2.4733407109517946 31.658212641386395
    vertex 72.04532561867464 -1.526659289048206 34.79247705165922
    vertex 72.04532561867464 2.4733407109517938 34.79247705165922
  endloop
endfacet
facet normal -0.9659258262890691 -4.310202946264684e-17 0.2588190451025179
  outer loop
    vertex 72.04532561867464 -1.526659289048206 34.79247705165922
    vertex 71.20550200107643 2.4733407109517946 31.658212641386395
    vertex 71.20550200107643 -1.5266592890482054 31.658212641386395
  endloop
endfacet
facet normal -0.9335804264972019 -5.968025233093484e-17 0.35836794954530043
  outer loop
    vertex 70.04265918284729 2.473340710951795 28.62890353165994
    vertex 71.20550200107643 -1.5266592890482054 31.658212641386395
    vertex 71.20550200107643 2.4733407109517946 31.658212641386395
  endloop
endfacet
facet normal -0.9335804264972019 -5.968025233093484e-17 0.35836794954530043
  outer loop
    vertex 71.20550200107643 -1.5266592890482054 31.658212641386395
    vertex 70.04265918284729 2.473340710951795 28.62890353165994
    vertex 70.04265918284729 -1.526659289048205 28.62890353165994
  endloop
endfacet
facet normal -0.891006524188369 -7.560460586578858e-17 0.4539904997395449
  outer loop
    vertex 68.56953751324427 2.473340710951795 25.737739467009764
    vertex 70.04265918284729 -1.526659289048205 28.62890353165994
    vertex 70.04265918284729 2.473340710951795 28.62890353165994
  endloop
endfacet
facet normal -0.891006524188369 -7.560460586578858e-17 0.4539904997395449
  outer loop
    vertex 70.04265918284729 -1.526659289048205 28.62890353165994
    vertex 68.56953751324427 2.473340710951795 25.737739467009764
    vertex 68.56953751324427 -1.5266592890482047 25.737739467009764
  endloop
endfacet
facet normal -0.8386705679454218 -9.070061951749706e-17 0.5446390350150305
  outer loop
    vertex 66.80227682155002 2.473340710951796 23.016396645943086
    vertex 68.56953751324427 -1.5266592890482047 25.737739467009764
    vertex 68.56953751324427 2.473340710951795 25.737739467009764
  endloop
endfacet
facet normal -0.8386705679454218 -9.070061951749706e-17 0.5446390350150305
  outer loop
    vertex 68.56953751324427 -1.5266592890482047 25.737739467009764
    vertex 66.80227682155002 2.473340710951796 23.016396645943086
    vertex 66.80227682155002 -1.5266592890482038 23.016396645943086
  endloop
endfacet
facet normal -0.7771459614569709 -1.0480289820144553e-16 0.6293203910498375
  outer loop
    vertex 64.76023958572588 2.4733407109517964 20.49469066988515
    vertex 66.80227682155002 -1.5266592890482038 23.016396645943086
    vertex 66.80227682155002 2.473340710951796 23.016396645943086
  endloop
endfacet
facet normal -0.7771459614569709 -1.0480289820144553e-16 0.6293203910498375
  outer loop
    vertex 66.80227682155002 -1.5266592890482038 23.016396645943086
    vertex 64.76023958572588 2.4733407109517964 20.49469066988515
    vertex 64.76023958572588 -1.5266592890482036 20.49469066988515
  endloop
endfacet
facet normal -0.7071067811865476 -1.1775693440128314e-16 0.7071067811865476
  outer loop
    vertex 62.46579879305127 2.473340710951797 18.20024987721054
    vertex 64.76023958572588 -1.5266592890482036 20.49469066988515
    vertex 64.76023958572588 2.4733407109517964 20.49469066988515
  endloop
endfacet
facet normal -0.7071067811865476 -1.1775693440128314e-16 0.7071067811865476
  outer loop
    vertex 64.76023958572588 -1.5266592890482036 20.49469066988515
    vertex 62.46579879305127 2.473340710951797 18.20024987721054
    vertex 62.46579879305127 -1.5266592890482031 18.20024987721054
  endloop
endfacet
facet normal -0.6293203910498357 -1.2942080098559776e-16 0.7771459614569722
  outer loop
    vertex 62.46579879305127 2.473340710951797 18.20024987721054
    vertex 59.944092816993326 -1.526659289048203 16.158212641386392
    vertex 62.46579879305127 -1.5266592890482031 18.20024987721054
  endloop
endfacet
facet normal -0.6293203910498357 -1.2942080098559776e-16 0.7771459614569722
  outer loop
    vertex 59.944092816993326 -1.526659289048203 16.158212641386392
    vertex 62.46579879305127 2.473340710951797 18.20024987721054
    vertex 59.944092816993326 2.4733407109517973 16.158212641386392
  endloop
endfacet
facet normal -0.5446390350150297 -1.396667061912697e-16 0.8386705679454224
  outer loop
    vertex 59.944092816993326 2.4733407109517973 16.158212641386392
    vertex 57.22274999592667 -1.5266592890482025 14.390951949692171
    vertex 59.944092816993326 -1.526659289048203 16.158212641386392
  endloop
endfacet
facet normal -0.5446390350150297 -1.396667061912697e-16 0.8386705679454224
  outer loop
    vertex 57.22274999592667 -1.5266592890482025 14.390951949692171
    vertex 59.944092816993326 2.4733407109517973 16.158212641386392
    vertex 57.22274999592667 2.4733407109517977 14.390951949692171
  endloop
endfacet
facet normal -0.4539904997395491 -1.4838239373677344e-16 0.8910065241883668
  outer loop
    vertex 57.22274999592667 2.4733407109517977 14.390951949692171
    vertex 54.33158593127649 -1.5266592890482025 12.91783028008913
    vertex 57.22274999592667 -1.5266592890482025 14.390951949692171
  endloop
endfacet
facet normal -0.4539904997395491 -1.4838239373677344e-16 0.8910065241883668
  outer loop
    vertex 54.33158593127649 -1.5266592890482025 12.91783028008913
    vertex 57.22274999592667 2.4733407109517977 14.390951949692171
    vertex 54.33158593127649 2.4733407109517973 12.91783028008913
  endloop
endfacet
facet normal -0.35836794954529927 -1.5547237272548515e-16 0.9335804264972023
  outer loop
    vertex 54.33158593127649 2.4733407109517973 12.91783028008913
    vertex 51.30227682155004 -1.5266592890482023 11.754987461859992
    vertex 54.33158593127649 -1.5266592890482025 12.91783028008913
  endloop
endfacet
facet normal -0.35836794954529927 -1.5547237272548515e-16 0.9335804264972023
  outer loop
    vertex 51.30227682155004 -1.5266592890482023 11.754987461859992
    vertex 54.33158593127649 2.4733407109517973 12.91783028008913
    vertex 51.30227682155004 2.4733407109517977 11.754987461859992
  endloop
endfacet
facet normal -0.2588190451025188 -1.6085896386393055e-16 0.9659258262890689
  outer loop
    vertex 51.30227682155004 2.4733407109517977 11.754987461859992
    vertex 48.168012411277225 -1.5266592890482023 10.915163844261789
    vertex 51.30227682155004 -1.5266592890482023 11.754987461859992
  endloop
endfacet
facet normal -0.2588190451025188 -1.6085896386393055e-16 0.9659258262890689
  outer loop
    vertex 48.168012411277225 -1.5266592890482023 10.915163844261789
    vertex 51.30227682155004 2.4733407109517977 11.754987461859992
    vertex 48.168012411277225 2.4733407109517977 10.915163844261789
  endloop
endfacet
facet normal -0.1564344650402335 -1.6448315053238027e-16 0.9876883405951373
  outer loop
    vertex 48.168012411277225 2.4733407109517977 10.915163844261789
    vertex 44.96313235722394 -1.5266592890482018 10.407560710593282
    vertex 48.168012411277225 -1.5266592890482023 10.915163844261789
  endloop
endfacet
facet normal -0.1564344650402335 -1.6448315053238027e-16 0.9876883405951373
  outer loop
    vertex 44.96313235722394 -1.5266592890482018 10.407560710593282
    vertex 48.168012411277225 2.4733407109517977 10.915163844261789
    vertex 44.96313235722394 2.473340710951798 10.407560710593282
  endloop
endfacet
facet normal -0.05233595624294308 -1.663052253832854e-16 0.998629534754574
  outer loop
    vertex 44.96313235722394 2.473340710951798 10.407560710593282
    vertex 41.72274999592668 -1.5266592890482018 10.237739467009757
    vertex 44.96313235722394 -1.5266592890482018 10.407560710593282
  endloop
endfacet
facet normal -0.05233595624294308 -1.663052253832854e-16 0.998629534754574
  outer loop
    vertex 41.72274999592668 -1.5266592890482018 10.237739467009757
    vertex 44.96313235722394 2.473340710951798 10.407560710593282
    vertex 41.72274999592668 2.473340710951798 10.237739467009757
  endloop
endfacet
facet normal 0.05233595624294308 -1.663052253832854e-16 0.998629534754574
  outer loop
    vertex 41.72274999592668 2.473340710951798 10.237739467009757
    vertex 38.48236763462941 -1.5266592890482018 10.407560710593282
    vertex 41.72274999592668 -1.5266592890482018 10.237739467009757
  endloop
endfacet
facet normal 0.05233595624294308 -1.663052253832854e-16 0.998629534754574
  outer loop
    vertex 38.48236763462941 -1.5266592890482018 10.407560710593282
    vertex 41.72274999592668 2.473340710951798 10.237739467009757
    vertex 38.48236763462941 2.473340710951798 10.407560710593282
  endloop
endfacet
facet normal 0.15643446504023117 -1.6448315053238037e-16 0.9876883405951377
  outer loop
    vertex 38.48236763462941 2.473340710951798 10.407560710593282
    vertex 35.27748758057615 -1.5266592890482023 10.915163844261789
    vertex 38.48236763462941 -1.5266592890482018 10.407560710593282
  endloop
endfacet
facet normal 0.15643446504023117 -1.6448315053238037e-16 0.9876883405951377
  outer loop
    vertex 35.27748758057615 -1.5266592890482023 10.915163844261789
    vertex 38.48236763462941 2.473340710951798 10.407560710593282
    vertex 35.27748758057615 2.4733407109517977 10.915163844261789
  endloop
endfacet
facet normal 0.2588190451025203 -1.6085896386393045e-16 0.9659258262890684
  outer loop
    vertex 35.27748758057615 2.4733407109517977 10.915163844261789
    vertex 32.143223170303315 -1.5266592890482023 11.754987461859992
    vertex 35.27748758057615 -1.5266592890482023 10.915163844261789
  endloop
endfacet
facet normal 0.2588190451025203 -1.6085896386393045e-16 0.9659258262890684
  outer loop
    vertex 32.143223170303315 -1.5266592890482023 11.754987461859992
    vertex 35.27748758057615 2.4733407109517977 10.915163844261789
    vertex 32.143223170303315 2.4733407109517977 11.754987461859992
  endloop
endfacet
facet normal 0.3583679495453016 -1.55472372725485e-16 0.9335804264972014
  outer loop
    vertex 32.143223170303315 2.4733407109517977 11.754987461859992
    vertex 29.11391406057688 -1.5266592890482025 12.91783028008913
    vertex 32.143223170303315 -1.5266592890482023 11.754987461859992
  endloop
endfacet
facet normal 0.3583679495453016 -1.55472372725485e-16 0.9335804264972014
  outer loop
    vertex 29.11391406057688 -1.5266592890482025 12.91783028008913
    vertex 32.143223170303315 2.4733407109517977 11.754987461859992
    vertex 29.11391406057688 2.4733407109517973 12.91783028008913
  endloop
endfacet
facet normal 0.4539904997395434 -1.483823937367739e-16 0.8910065241883696
  outer loop
    vertex 29.11391406057688 2.4733407109517973 12.91783028008913
    vertex 26.22274999592668 -1.5266592890482025 14.390951949692148
    vertex 29.11391406057688 -1.5266592890482025 12.91783028008913
  endloop
endfacet
facet normal 0.4539904997395434 -1.483823937367739e-16 0.8910065241883696
  outer loop
    vertex 26.22274999592668 -1.5266592890482025 14.390951949692148
    vertex 29.11391406057688 2.4733407109517973 12.91783028008913
    vertex 26.22274999592668 2.4733407109517977 14.390951949692148
  endloop
endfacet
facet normal 0.5446390350150321 -1.3966670619126946e-16 0.8386705679454207
  outer loop
    vertex 26.22274999592668 2.4733407109517977 14.390951949692148
    vertex 23.501407174860027 -1.526659289048203 16.158212641386392
    vertex 26.22274999592668 -1.5266592890482025 14.390951949692148
  endloop
endfacet
facet normal 0.5446390350150321 -1.3966670619126946e-16 0.8386705679454207
  outer loop
    vertex 23.501407174860027 -1.526659289048203 16.158212641386392
    vertex 26.22274999592668 2.4733407109517977 14.390951949692148
    vertex 23.501407174860027 2.4733407109517973 16.158212641386392
  endloop
endfacet
facet normal 0.6293203910498336 -1.2942080098559808e-16 0.7771459614569739
  outer loop
    vertex 23.501407174860027 2.4733407109517973 16.158212641386392
    vertex 20.97970119880208 -1.5266592890482031 18.20024987721054
    vertex 23.501407174860027 -1.526659289048203 16.158212641386392
  endloop
endfacet
facet normal 0.6293203910498336 -1.2942080098559808e-16 0.7771459614569739
  outer loop
    vertex 20.97970119880208 -1.5266592890482031 18.20024987721054
    vertex 23.501407174860027 2.4733407109517973 16.158212641386392
    vertex 20.97970119880208 2.473340710951797 18.20024987721054
  endloop
endfacet
facet normal 0.7071067811865476 -1.1775693440128314e-16 0.7071067811865476
  outer loop
    vertex 20.97970119880208 -1.5266592890482031 18.20024987721054
    vertex 18.68526040612747 2.4733407109517964 20.49469066988515
    vertex 18.68526040612747 -1.5266592890482036 20.49469066988515
  endloop
endfacet
facet normal 0.7071067811865476 -1.1775693440128314e-16 0.7071067811865476
  outer loop
    vertex 18.68526040612747 2.4733407109517964 20.49469066988515
    vertex 20.97970119880208 -1.5266592890482031 18.20024987721054
    vertex 20.97970119880208 2.473340710951797 18.20024987721054
  endloop
endfacet
facet normal 0.7771459614569709 -1.0480289820144553e-16 0.6293203910498375
  outer loop
    vertex 18.68526040612747 -1.5266592890482036 20.49469066988515
    vertex 16.643223170303322 2.473340710951796 23.016396645943086
    vertex 16.643223170303322 -1.5266592890482038 23.016396645943086
  endloop
endfacet
facet normal 0.7771459614569709 -1.0480289820144553e-16 0.6293203910498375
  outer loop
    vertex 16.643223170303322 2.473340710951796 23.016396645943086
    vertex 18.68526040612747 -1.5266592890482036 20.49469066988515
    vertex 18.68526040612747 2.4733407109517964 20.49469066988515
  endloop
endfacet
facet normal 0.8386705679454249 -9.070061951749625e-17 0.5446390350150256
  outer loop
    vertex 16.643223170303322 -1.5266592890482038 23.016396645943086
    vertex 14.8759624786091 2.473340710951795 25.73773946700974
    vertex 14.8759624786091 -1.5266592890482047 25.73773946700974
  endloop
endfacet
facet normal 0.8386705679454249 -9.070061951749625e-17 0.5446390350150256
  outer loop
    vertex 14.8759624786091 2.473340710951795 25.73773946700974
    vertex 16.643223170303322 -1.5266592890482038 23.016396645943086
    vertex 16.643223170303322 2.473340710951796 23.016396645943086
  endloop
endfacet
facet normal 0.8910065241883668 -7.560460586578926e-17 0.45399049973954897
  outer loop
    vertex 14.8759624786091 -1.5266592890482047 25.73773946700974
    vertex 13.402840809006058 2.473340710951795 28.62890353165994
    vertex 13.402840809006058 -1.526659289048205 28.62890353165994
  endloop
endfacet
facet normal 0.8910065241883668 -7.560460586578926e-17 0.45399049973954897
  outer loop
    vertex 13.402840809006058 2.473340710951795 28.62890353165994
    vertex 14.8759624786091 -1.5266592890482047 25.73773946700974
    vertex 14.8759624786091 2.473340710951795 25.73773946700974
  endloop
endfacet
facet normal 0.9335804264972014 -5.968025233093504e-17 0.3583679495453016
  outer loop
    vertex 13.402840809006058 -1.526659289048205 28.62890353165994
    vertex 12.239997990776923 2.4733407109517946 31.658212641386374
    vertex 12.239997990776923 -1.5266592890482054 31.658212641386374
  endloop
endfacet
facet normal 0.9335804264972014 -5.968025233093504e-17 0.3583679495453016
  outer loop
    vertex 12.239997990776923 2.4733407109517946 31.658212641386374
    vertex 13.402840809006058 -1.526659289048205 28.62890353165994
    vertex 13.402840809006058 2.473340710951795 28.62890353165994
  endloop
endfacet
facet normal 0.9659258262890691 -4.310202946264684e-17 0.2588190451025179
  outer loop
    vertex 12.239997990776923 -1.5266592890482054 31.658212641386374
    vertex 11.40017437317872 2.4733407109517938 34.792477051659205
    vertex 11.40017437317872 -1.526659289048206 34.792477051659205
  endloop
endfacet
facet normal 0.9659258262890691 -4.310202946264684e-17 0.2588190451025179
  outer loop
    vertex 11.40017437317872 2.4733407109517938 34.792477051659205
    vertex 12.239997990776923 -1.5266592890482054 31.658212641386374
    vertex 12.239997990776923 2.4733407109517946 31.658212641386374
  endloop
endfacet
facet normal 0.9876883405951373 -2.6051571739887953e-17 0.1564344650402335
  outer loop
    vertex 11.40017437317872 -1.526659289048206 34.792477051659205
    vertex 10.892571239510211 2.4733407109517938 37.99735710571249
    vertex 10.892571239510211 -1.5266592890482065 37.99735710571249
  endloop
endfacet
facet normal 0.9876883405951373 -2.6051571739887953e-17 0.1564344650402335
  outer loop
    vertex 10.892571239510211 2.4733407109517938 37.99735710571249
    vertex 11.40017437317872 -1.526659289048206 34.792477051659205
    vertex 11.40017437317872 2.4733407109517938 34.792477051659205
  endloop
endfacet
facet normal 0.998629534754574 -8.715687545503517e-18 0.05233595624294308
  outer loop
    vertex 10.892571239510211 -1.5266592890482065 37.99735710571249
    vertex 10.722749995926687 2.473340710951793 41.23773946700975
    vertex 10.722749995926687 -1.5266592890482071 41.23773946700975
  endloop
endfacet
facet normal 0.998629534754574 -8.715687545503517e-18 0.05233595624294308
  outer loop
    vertex 10.722749995926687 2.473340710951793 41.23773946700975
    vertex 10.892571239510211 -1.5266592890482065 37.99735710571249
    vertex 10.892571239510211 2.4733407109517938 37.99735710571249
  endloop
endfacet
facet normal 0.9986295347545739 8.715687545503577e-18 -0.05233595624294344
  outer loop
    vertex 10.722749995926687 -1.5266592890482071 41.23773946700975
    vertex 10.892571239510211 2.473340710951793 44.47812182830699
    vertex 10.892571239510211 -1.5266592890482074 44.47812182830699
  endloop
endfacet
facet normal 0.9986295347545739 8.715687545503577e-18 -0.05233595624294344
  outer loop
    vertex 10.892571239510211 2.473340710951793 44.47812182830699
    vertex 10.722749995926687 -1.5266592890482071 41.23773946700975
    vertex 10.722749995926687 2.473340710951793 41.23773946700975
  endloop
endfacet
facet normal 0.9876883405951373 2.6051571739887907e-17 -0.15643446504023323
  outer loop
    vertex 10.892571239510211 -1.5266592890482074 44.47812182830699
    vertex 11.40017437317872 2.473340710951792 47.68300188236028
    vertex 11.40017437317872 -1.5266592890482082 47.68300188236028
  endloop
endfacet
facet normal 0.9876883405951373 2.6051571739887907e-17 -0.15643446504023323
  outer loop
    vertex 11.40017437317872 2.473340710951792 47.68300188236028
    vertex 10.892571239510211 -1.5266592890482074 44.47812182830699
    vertex 10.892571239510211 2.473340710951793 44.47812182830699
  endloop
endfacet
facet normal 0.9659258262890692 4.310202946264677e-17 -0.2588190451025175
  outer loop
    vertex 11.40017437317872 -1.5266592890482082 47.68300188236028
    vertex 12.239997990776923 2.4733407109517915 50.81726629263311
    vertex 12.239997990776923 -1.5266592890482085 50.81726629263311
  endloop
endfacet
facet normal 0.9659258262890692 4.310202946264677e-17 -0.2588190451025175
  outer loop
    vertex 12.239997990776923 2.4733407109517915 50.81726629263311
    vertex 11.40017437317872 -1.5266592890482082 47.68300188236028
    vertex 11.40017437317872 2.473340710951792 47.68300188236028
  endloop
endfacet
facet normal 0.9335804264972011 5.968025233093512e-17 -0.35836794954530216
  outer loop
    vertex 12.239997990776923 -1.5266592890482085 50.81726629263311
    vertex 13.402840809006058 2.4733407109517906 53.84657540235954
    vertex 13.402840809006058 -1.5266592890482091 53.84657540235954
  endloop
endfacet
facet normal 0.9335804264972011 5.968025233093512e-17 -0.35836794954530216
  outer loop
    vertex 13.402840809006058 2.4733407109517906 53.84657540235954
    vertex 12.239997990776923 -1.5266592890482085 50.81726629263311
    vertex 12.239997990776923 2.4733407109517915 50.81726629263311
  endloop
endfacet
facet normal 0.8910065241883693 7.560460586578847e-17 -0.4539904997395442
  outer loop
    vertex 13.402840809006058 -1.5266592890482091 53.84657540235954
    vertex 14.875962478609079 2.4733407109517906 56.73773946700974
    vertex 14.875962478609079 -1.5266592890482096 56.73773946700974
  endloop
endfacet
facet normal 0.8910065241883693 7.560460586578847e-17 -0.4539904997395442
  outer loop
    vertex 14.875962478609079 2.4733407109517906 56.73773946700974
    vertex 13.402840809006058 -1.5266592890482091 53.84657540235954
    vertex 13.402840809006058 2.4733407109517906 53.84657540235954
  endloop
endfacet
facet normal 0.8386705679454228 9.07006195174968e-17 -0.544639035015029
  outer loop
    vertex 14.875962478609079 -1.5266592890482096 56.73773946700974
    vertex 16.643223170303322 2.4733407109517893 59.45908228807642
    vertex 16.643223170303322 -1.5266592890482102 59.45908228807642
  endloop
endfacet
facet normal 0.8386705679454228 9.07006195174968e-17 -0.544639035015029
  outer loop
    vertex 16.643223170303322 2.4733407109517893 59.45908228807642
    vertex 14.875962478609079 -1.5266592890482096 56.73773946700974
    vertex 14.875962478609079 2.4733407109517906 56.73773946700974
  endloop
endfacet
facet normal 0.7771459614569728 1.048028982014451e-16 -0.629320391049835
  outer loop
    vertex 16.643223170303322 -1.5266592890482102 59.45908228807642
    vertex 18.685260406127448 2.4733407109517893 61.98078826413434
    vertex 18.685260406127448 -1.5266592890482107 61.98078826413434
  endloop
endfacet
facet normal 0.7771459614569728 1.048028982014451e-16 -0.629320391049835
  outer loop
    vertex 18.685260406127448 2.4733407109517893 61.98078826413434
    vertex 16.643223170303322 -1.5266592890482102 59.45908228807642
    vertex 16.643223170303322 2.4733407109517893 59.45908228807642
  endloop
endfacet
facet normal 0.7071067811865458 1.1775693440128341e-16 -0.7071067811865492
  outer loop
    vertex 18.685260406127448 2.4733407109517893 61.98078826413434
    vertex 20.97970119880208 -1.526659289048211 64.27522905680895
    vertex 18.685260406127448 -1.5266592890482107 61.98078826413434
  endloop
endfacet
facet normal 0.7071067811865458 1.1775693440128341e-16 -0.7071067811865492
  outer loop
    vertex 20.97970119880208 -1.526659289048211 64.27522905680895
    vertex 18.685260406127448 2.4733407109517893 61.98078826413434
    vertex 20.97970119880208 2.473340710951789 64.27522905680895
  endloop
endfacet
facet normal 0.6293203910498398 1.37632296122234e-16 -0.7771459614569691
  outer loop
    vertex 20.97970119880208 2.473340710951789 64.27522905680895
    vertex 21.820611363989393 -1.526659289048211 64.95618468192903
    vertex 20.97970119880208 -1.526659289048211 64.27522905680895
  endloop
endfacet
facet normal 0.6293203910498398 1.37632296122234e-16 -0.7771459614569691
  outer loop
    vertex 21.820611363989393 -1.526659289048211 64.95618468192903
    vertex 20.97970119880208 2.473340710951789 64.27522905680895
    vertex 21.820611363989393 2.4547117109517895 64.95618468192903
  endloop
endfacet
facet normal -0.6293203910498331 1.4336124621756307e-16 -0.7771459614569745
  outer loop
    vertex 61.62488862786396 2.4547117109517895 64.95618468192903
    vertex 62.46579879305127 -1.526659289048211 64.27522905680898
    vertex 61.62488862786396 -1.526659289048211 64.95618468192903
  endloop
endfacet
facet normal -0.6293203910498331 1.4336124621756307e-16 -0.7771459614569745
  outer loop
    vertex 62.46579879305127 -1.526659289048211 64.27522905680898
    vertex 61.62488862786396 2.4547117109517895 64.95618468192903
    vertex 62.46579879305127 2.473340710951789 64.27522905680898
  endloop
endfacet
facet normal -0.7071067811865501 1.177569344012827e-16 -0.7071067811865449
  outer loop
    vertex 64.76023958572586 2.4733407109517893 61.98078826413436
    vertex 62.46579879305127 -1.526659289048211 64.27522905680898
    vertex 62.46579879305127 2.473340710951789 64.27522905680898
  endloop
endfacet
facet normal -0.7071067811865501 1.177569344012827e-16 -0.7071067811865449
  outer loop
    vertex 62.46579879305127 -1.526659289048211 64.27522905680898
    vertex 64.76023958572586 2.4733407109517893 61.98078826413436
    vertex 64.76023958572586 -1.5266592890482107 61.98078826413436
  endloop
endfacet
facet normal -0.7771459614569688 1.0480289820144594e-16 -0.6293203910498399
  outer loop
    vertex 66.80227682155002 2.4733407109517893 59.45908228807642
    vertex 64.76023958572586 -1.5266592890482107 61.98078826413436
    vertex 64.76023958572586 2.4733407109517893 61.98078826413436
  endloop
endfacet
facet normal -0.7771459614569688 1.0480289820144594e-16 -0.6293203910498399
  outer loop
    vertex 64.76023958572586 -1.5266592890482107 61.98078826413436
    vertex 66.80227682155002 2.4733407109517893 59.45908228807642
    vertex 66.80227682155002 -1.5266592890482102 59.45908228807642
  endloop
endfacet
facet normal -0.8386705679454249 9.070061951749625e-17 -0.5446390350150256
  outer loop
    vertex 68.56953751324426 2.4733407109517906 56.73773946700976
    vertex 66.80227682155002 -1.5266592890482102 59.45908228807642
    vertex 66.80227682155002 2.4733407109517893 59.45908228807642
  endloop
endfacet
facet normal -0.8386705679454249 9.070061951749625e-17 -0.5446390350150256
  outer loop
    vertex 66.80227682155002 -1.5266592890482102 59.45908228807642
    vertex 68.56953751324426 2.4733407109517906 56.73773946700976
    vertex 68.56953751324426 -1.5266592890482096 56.73773946700976
  endloop
endfacet
facet normal -0.8910065241883653 7.560460586578973e-17 -0.45399049973955174
  outer loop
    vertex 70.04265918284729 2.4733407109517906 53.84657540235958
    vertex 68.56953751324426 -1.5266592890482096 56.73773946700976
    vertex 68.56953751324426 2.4733407109517906 56.73773946700976
  endloop
endfacet
facet normal -0.8910065241883653 7.560460586578973e-17 -0.45399049973955174
  outer loop
    vertex 68.56953751324426 -1.5266592890482096 56.73773946700976
    vertex 70.04265918284729 2.4733407109517906 53.84657540235958
    vertex 70.04265918284729 -1.5266592890482091 53.84657540235958
  endloop
endfacet
facet normal -0.9335804264972023 5.968025233093465e-17 -0.35836794954529927
  outer loop
    vertex 71.20550200107643 2.4733407109517915 50.81726629263313
    vertex 70.04265918284729 -1.5266592890482091 53.84657540235958
    vertex 70.04265918284729 2.4733407109517906 53.84657540235958
  endloop
endfacet
facet normal -0.9335804264972023 5.968025233093465e-17 -0.35836794954529927
  outer loop
    vertex 70.04265918284729 -1.5266592890482091 53.84657540235958
    vertex 71.20550200107643 2.4733407109517915 50.81726629263313
    vertex 71.20550200107643 -1.5266592890482085 50.81726629263313
  endloop
endfacet
facet normal -0.965925826289069 4.3102029462646913e-17 -0.25881904510251835
  outer loop
    vertex 72.04532561867464 2.473340710951792 47.6830018823603
    vertex 71.20550200107643 -1.5266592890482085 50.81726629263313
    vertex 71.20550200107643 2.4733407109517915 50.81726629263313
  endloop
endfacet
facet normal -0.965925826289069 4.3102029462646913e-17 -0.25881904510251835
  outer loop
    vertex 71.20550200107643 -1.5266592890482085 50.81726629263313
    vertex 72.04532561867464 2.473340710951792 47.6830018823603
    vertex 72.04532561867464 -1.5266592890482082 47.6830018823603
  endloop
endfacet
facet normal -0.9876883405951372 2.605157173988809e-17 -0.1564344650402343
  outer loop
    vertex 72.55292875234313 2.473340710951793 44.47812182830704
    vertex 72.04532561867464 -1.5266592890482082 47.6830018823603
    vertex 72.04532561867464 2.473340710951792 47.6830018823603
  endloop
endfacet
facet normal -0.9876883405951372 2.605157173988809e-17 -0.1564344650402343
  outer loop
    vertex 72.04532561867464 -1.5266592890482082 47.6830018823603
    vertex 72.55292875234313 2.473340710951793 44.47812182830704
    vertex 72.55292875234313 -1.5266592890482074 44.47812182830704
  endloop
endfacet
facet normal 0.0 1.0 1.6653345369377348e-16
  outer loop
    vertex 14.851976296957925 14.473340710951797 45.456924319420104
    vertex 14.56194931588221 14.473340710951794 39.77797701411342
    vertex 14.558152297951816 14.473340710951797 42.6250505017719
  endloop
endfacet
facet normal 0.0 1.0 1.6653345369377348e-16
  outer loop
    vertex 14.56194931588221 14.473340710951794 39.77797701411342
    vertex 14.851976296957925 14.473340710951797 45.456924319420104
    vertex 14.863325749825902 14.473340710951794 36.94689698936369
  endloop
endfacet
facet normal 0.0 1.0 1.6653345369377348e-16
  outer loop
    vertex 14.863325749825902 14.473340710951794 36.94689698936369
    vertex 14.851976296957925 14.473340710951797 45.456924319420104
    vertex 15.440202115680878 14.473340710951792 48.242571864903944
  endloop
endfacet
facet normal 0.0 1.0 1.6653345369377348e-16
  outer loop
    vertex 14.863325749825902 14.473340710951794 36.94689698936369
    vertex 15.440202115680878 14.473340710951792 48.242571864903944
    vertex 15.372749995926622 14.473340710951794 41.237739467009966
  endloop
endfacet
facet normal 0.0 1.0 1.6653345369377348e-16
  outer loop
    vertex 15.372749995926622 14.473340710951794 41.237739467009966
    vertex 15.440202115680878 14.473340710951792 48.242571864903944
    vertex 15.517098052972626 14.473340710951797 43.99206447411261
  endloop
endfacet
facet normal 0.0 1.0 1.6653345369377348e-16
  outer loop
    vertex 15.517098052972626 14.473340710951797 43.99206447411261
    vertex 15.440202115680878 14.473340710951792 48.242571864903944
    vertex 16.316385028956482 14.473340710951792 50.95147300078116
  endloop
endfacet
facet normal 0.0 1.0 1.6653345369377348e-16
  outer loop
    vertex 15.517098052972626 14.473340710951797 43.99206447411261
    vertex 16.316385028956482 14.473340710951792 50.95147300078116
    vertex 15.948560716591066 14.473340710951797 46.716212520057866
  endloop
endfacet
facet normal 0.0 1.0 1.6653345369377348e-16
  outer loop
    vertex 15.948560716591066 14.473340710951797 46.716212520057866
    vertex 16.316385028956482 14.473340710951792 50.95147300078116
    vertex 16.66241079154938 14.473340710951792 49.3803372687896
  endloop
endfacet
facet normal 0.0 1.0 1.6653345369377348e-16
  outer loop
    vertex 16.66241079154938 14.473340710951792 49.3803372687896
    vertex 16.316385028956482 14.473340710951792 50.95147300078116
    vertex 17.470925393433998 14.473340710951792 53.553948439332984
  endloop
endfacet
facet normal 0.0 1.0 1.6653345369377348e-16
  outer loop
    vertex 16.66241079154938 14.473340710951792 49.3803372687896
    vertex 17.470925393433998 14.473340710951792 53.553948439332984
    vertex 17.650827187044083 14.473340710951792 51.955250012057085
  endloop
endfacet
facet normal 0.0 1.0 1.6653345369377348e-16
  outer loop
    vertex 17.650827187044083 14.473340710951792 51.955250012057085
    vertex 17.470925393433998 14.473340710951792 53.553948439332984
    vertex 18.89117382327713 14.473340710951792 56.02148491505158
  endloop
endfacet
facet normal 0.0 1.0 1.6653345369377348e-16
  outer loop
    vertex 17.650827187044083 14.473340710951792 51.955250012057085
    vertex 18.89117382327713 14.473340710951792 56.02148491505158
    vertex 18.902980606206693 14.473340710951792 54.412739467009736
  endloop
endfacet
facet normal 0.0 1.0 1.6653345369377348e-16
  outer loop
    vertex 18.902980606206693 14.473340710951792 54.412739467009736
    vertex 18.89117382327713 14.473340710951792 56.02148491505158
    vertex 20.56156977948184 14.473340710951792 58.32704758194392
  endloop
endfacet
facet normal 0.0 1.0 1.6653345369377348e-16
  outer loop
    vertex 18.902980606206693 14.473340710951792 54.412739467009736
    vertex 20.56156977948184 14.473340710951792 58.32704758194392
    vertex 20.405152194146634 14.473340710951792 56.72588086491641
  endloop
endfacet
facet normal 0.0 1.0 1.6653345369377348e-16
  outer loop
    vertex 20.405152194146634 14.473340710951792 56.72588086491641
    vertex 20.56156977948184 14.473340710951792 58.32704758194392
    vertex 22.14088384459725 14.473340710951792 58.869330944565725
  endloop
endfacet
facet normal 0.0 1.0 1.6653345369377348e-16
  outer loop
    vertex 22.14088384459725 14.473340710951792 58.869330944565725
    vertex 20.56156977948184 14.473340710951792 58.32704758194392
    vertex 22.463812054399884 14.473340710951794 60.44537621296138
  endloop
endfacet
facet normal 0.0 1.0 1.6653345369377348e-16
  outer loop
    vertex 22.14088384459725 14.473340710951792 58.869330944565725
    vertex 22.463812054399884 14.473340710951794 60.44537621296138
    vertex 24.091158518370744 14.473340710951794 60.81960561833919
  endloop
endfacet
facet normal 0.0 1.0 1.6653345369377348e-16
  outer loop
    vertex 24.091158518370744 14.473340710951794 60.81960561833919
    vertex 22.463812054399884 14.473340710951794 60.44537621296138
    vertex 24.577059283597265 14.473340710951794 62.35326195633372
  endloop
endfacet
facet normal 0.0 1.0 1.6653345369377348e-16
  outer loop
    vertex 24.091158518370744 14.473340710951794 60.81960561833919
    vertex 24.577059283597265 14.473340710951794 62.35326195633372
    vertex 26.234608598019797 14.473340710951794 62.55533726878971
  endloop
endfacet
facet normal 0.0 1.0 1.6653345369377348e-16
  outer loop
    vertex 26.234608598019797 14.473340710951794 62.55533726878971
    vertex 24.577059283597265 14.473340710951794 62.35326195633372
    vertex 26.878158288205235 14.473340710951794 64.0298016166059
  endloop
endfacet
facet normal 0.0 1.0 1.6653345369377348e-16
  outer loop
    vertex 26.234608598019797 14.473340710951794 62.55533726878971
    vertex 26.878158288205235 14.473340710951794 64.0298016166059
    vertex 28.547749995926445 14.473340710951794 64.05750885672983
  endloop
endfacet
facet normal 0.0 1.0 1.6653345369377348e-16
  outer loop
    vertex 28.547749995926445 14.473340710951794 64.05750885672983
    vertex 26.878158288205235 14.473340710951794 64.0298016166059
    vertex 29.34189774599344 14.473340710951788 65.45662667442149
  endloop
endfacet
facet normal 0.0 1.0 1.6653345369377348e-16
  outer loop
    vertex 28.547749995926445 14.473340710951794 64.05750885672983
    vertex 29.34189774599344 14.473340710951788 65.45662667442149
    vertex 31.005239450879234 14.473340710951788 65.30966227589236
  endloop
endfacet
facet normal 0.0 1.0 1.6653345369377348e-16
  outer loop
    vertex 31.005239450879234 14.473340710951788 65.30966227589236
    vertex 29.34189774599344 14.473340710951788 65.45662667442149
    vertex 31.94128441189207 14.473340710951788 66.6181045358647
  endloop
endfacet
facet normal 0.0 1.0 1.6653345369377348e-16
  outer loop
    vertex 31.005239450879234 14.473340710951788 65.30966227589236
    vertex 31.94128441189207 14.473340710951788 66.6181045358647
    vertex 33.58015219414691 14.473340710951788 66.29807867138712
  endloop
endfacet
facet normal 0.0 1.0 1.6653345369377348e-16
  outer loop
    vertex 33.58015219414691 14.473340710951788 66.29807867138712
    vertex 31.94128441189207 14.473340710951788 66.6181045358647
    vertex 34.64783886163251 14.473340710951788 67.50150980643065
  endloop
endfacet
facet normal 0.0 1.0 1.6653345369377348e-16
  outer loop
    vertex 33.58015219414691 14.473340710951788 66.29807867138712
    vertex 34.64783886163251 14.473340710951788 67.50150980643065
    vertex 36.2442769428791 14.473340710951788 67.01192874634563
  endloop
endfacet
facet normal 0.0 1.0 1.6653345369377348e-16
  outer loop
    vertex 36.2442769428791 14.473340710951788 67.01192874634563
    vertex 34.64783886163251 14.473340710951788 67.50150980643065
    vertex 37.4319075182808 14.473340710951788 68.09716371311065
  endloop
endfacet
facet normal 0.0 1.0 1.6653345369377348e-16
  outer loop
    vertex 36.2442769428791 14.473340710951788 67.01192874634563
    vertex 37.4319075182808 14.473340710951788 68.09716371311065
    vertex 38.96842498882424 14.473340710951788 67.44339140996385
  endloop
endfacet
facet normal 0.0 1.0 1.6653345369377348e-16
  outer loop
    vertex 38.96842498882424 14.473340710951788 67.44339140996385
    vertex 37.4319075182808 14.473340710951788 68.09716371311065
    vertex 40.26298754303041 14.473340710951788 68.3985401470545
  endloop
endfacet
facet normal 0.0 1.0 1.6653345369377348e-16
  outer loop
    vertex 38.96842498882424 14.473340710951788 67.44339140996385
    vertex 40.26298754303041 14.473340710951788 68.3985401470545
    vertex 41.72274999592702 14.473340710951788 67.58773946700984
  endloop
endfacet
facet normal 0.0 1.0 1.6653345369377348e-16
  outer loop
    vertex 41.72274999592702 14.473340710951788 67.58773946700984
    vertex 40.26298754303041 14.473340710951788 68.3985401470545
    vertex 43.11006103068904 14.473340710951788 68.40233716498483
  endloop
endfacet
facet normal 0.0 1.0 1.6653345369377348e-16
  outer loop
    vertex 41.72274999592702 14.473340710951788 67.58773946700984
    vertex 43.11006103068904 14.473340710951788 68.40233716498483
    vertex 44.477075003029725 14.473340710951788 67.44339140996385
  endloop
endfacet
facet normal 0.0 1.0 1.6653345369377348e-16
  outer loop
    vertex 44.477075003029725 14.473340710951788 67.44339140996385
    vertex 43.11006103068904 14.473340710951788 68.40233716498483
    vertex 45.94193484833729 14.473340710951788 68.10851316597864
  endloop
endfacet
facet normal 0.0 1.0 1.6653345369377348e-16
  outer loop
    vertex 44.477075003029725 14.473340710951788 67.44339140996385
    vertex 45.94193484833729 14.473340710951788 68.10851316597864
    vertex 47.20122304897495 14.473340710951788 67.01192874634563
  endloop
endfacet
facet normal 0.0 1.0 1.6653345369377348e-16
  outer loop
    vertex 47.20122304897495 14.473340710951788 67.01192874634563
    vertex 45.94193484833729 14.473340710951788 68.10851316597864
    vertex 48.72758239382116 14.473340710951788 67.52028734725567
  endloop
endfacet
facet normal 0.0 1.0 1.6653345369377348e-16
  outer loop
    vertex 47.20122304897495 14.473340710951788 67.01192874634563
    vertex 48.72758239382116 14.473340710951788 67.52028734725567
    vertex 49.86534779770692 14.473340710951788 66.29807867138715
  endloop
endfacet
facet normal 0.0 1.0 1.6653345369377348e-16
  outer loop
    vertex 49.86534779770692 14.473340710951788 66.29807867138715
    vertex 48.72758239382116 14.473340710951788 67.52028734725567
    vertex 51.43648352969851 14.473340710951788 66.64410443397995
  endloop
endfacet
facet normal 0.0 1.0 1.6653345369377348e-16
  outer loop
    vertex 49.86534779770692 14.473340710951788 66.29807867138715
    vertex 51.43648352969851 14.473340710951788 66.64410443397995
    vertex 52.440260540974364 14.473340710951788 65.30966227589239
  endloop
endfacet
facet normal 0.0 1.0 1.6653345369377348e-16
  outer loop
    vertex 52.440260540974364 14.473340710951788 65.30966227589239
    vertex 51.43648352969851 14.473340710951788 66.64410443397995
    vertex 54.03895896825038 14.473340710951788 65.48956406950246
  endloop
endfacet
facet normal 0.0 1.0 1.6653345369377348e-16
  outer loop
    vertex 52.440260540974364 14.473340710951788 65.30966227589239
    vertex 54.03895896825038 14.473340710951788 65.48956406950246
    vertex 54.89774999592716 14.473340710951794 64.05750885672985
  endloop
endfacet
facet normal 0.0 1.0 1.6653345369377348e-16
  outer loop
    vertex 54.89774999592716 14.473340710951794 64.05750885672985
    vertex 54.03895896825038 14.473340710951788 65.48956406950246
    vertex 56.50649544396893 14.473340710951794 64.06931563965948
  endloop
endfacet
facet normal 0.0 1.0 1.6653345369377348e-16
  outer loop
    vertex 54.89774999592716 14.473340710951794 64.05750885672985
    vertex 56.50649544396893 14.473340710951794 64.06931563965948
    vertex 57.210891393833805 14.473340710951794 62.55533726878971
  endloop
endfacet
facet normal 0.0 1.0 1.6653345369377348e-16
  outer loop
    vertex 57.210891393833805 14.473340710951794 62.55533726878971
    vertex 56.50649544396893 14.473340710951794 64.06931563965948
    vertex 58.81205811086114 14.473340710951794 62.39891968345448
  endloop
endfacet
facet normal 0.0 1.0 1.6653345369377348e-16
  outer loop
    vertex 57.210891393833805 14.473340710951794 62.55533726878971
    vertex 58.81205811086114 14.473340710951794 62.39891968345448
    vertex 59.354341473482904 14.473340710951794 60.81960561833919
  endloop
endfacet
facet normal 0.0 1.0 1.6653345369377348e-16
  outer loop
    vertex 59.354341473482904 14.473340710951794 60.81960561833919
    vertex 58.81205811086114 14.473340710951794 62.39891968345448
    vertex 60.93038674187858 14.473340710951794 60.49667740853647
  endloop
endfacet
facet normal 0.0 1.0 1.6653345369377348e-16
  outer loop
    vertex 59.354341473482904 14.473340710951794 60.81960561833919
    vertex 60.93038674187858 14.473340710951794 60.49667740853647
    vertex 61.30461614725635 14.473340710951792 58.86933094456573
  endloop
endfacet
facet normal 0.0 1.0 1.6653345369377348e-16
  outer loop
    vertex 61.30461614725635 14.473340710951792 58.86933094456573
    vertex 60.93038674187858 14.473340710951794 60.49667740853647
    vertex 62.83827248525088 14.473340710951792 58.383430179339214
  endloop
endfacet
facet normal 0.0 1.0 1.6653345369377348e-16
  outer loop
    vertex 61.30461614725635 14.473340710951792 58.86933094456573
    vertex 62.83827248525088 14.473340710951792 58.383430179339214
    vertex 63.04034779770701 14.473340710951792 56.72588086491642
  endloop
endfacet
facet normal 0.0 1.0 1.6653345369377348e-16
  outer loop
    vertex 63.04034779770701 14.473340710951792 56.72588086491642
    vertex 62.83827248525088 14.473340710951792 58.383430179339214
    vertex 64.51481214552315 14.473340710951792 56.08233117473117
  endloop
endfacet
facet normal 0.0 1.0 1.6653345369377348e-16
  outer loop
    vertex 63.04034779770701 14.473340710951792 56.72588086491642
    vertex 64.51481214552315 14.473340710951792 56.08233117473117
    vertex 64.542519385647 14.473340710951792 54.412739467009764
  endloop
endfacet
facet normal 0.0 1.0 1.6653345369377348e-16
  outer loop
    vertex 64.542519385647 14.473340710951792 54.412739467009764
    vertex 64.51481214552315 14.473340710951792 56.08233117473117
    vertex 65.94163720333874 14.473340710951792 53.618591716942895
  endloop
endfacet
facet normal 0.0 1.0 1.6653345369377348e-16
  outer loop
    vertex 64.542519385647 14.473340710951792 54.412739467009764
    vertex 65.94163720333874 14.473340710951792 53.618591716942895
    vertex 65.79467280480961 14.473340710951792 51.95525001205712
  endloop
endfacet
facet normal 0.0 1.0 1.6653345369377348e-16
  outer loop
    vertex 65.79467280480961 14.473340710951792 51.95525001205712
    vertex 65.94163720333874 14.473340710951792 53.618591716942895
    vertex 66.78308920030436 14.473340710951792 49.3803372687896
  endloop
endfacet
facet normal 0.0 1.0 1.6653345369377348e-16
  outer loop
    vertex 66.78308920030436 14.473340710951792 49.3803372687896
    vertex 65.94163720333874 14.473340710951792 53.618591716942895
    vertex 67.10311506478186 14.473340710951792 51.01920505104445
  endloop
endfacet
facet normal 0.0 1.0 1.6653345369377348e-16
  outer loop
    vertex 66.78308920030436 14.473340710951792 49.3803372687896
    vertex 67.10311506478186 14.473340710951792 51.01920505104445
    vertex 67.49693927526283 14.473340710951797 46.71621252005788
  endloop
endfacet
facet normal 0.0 1.0 1.6653345369377348e-16
  outer loop
    vertex 67.49693927526283 14.473340710951797 46.71621252005788
    vertex 67.10311506478186 14.473340710951792 51.01920505104445
    vertex 67.98652033534786 14.473340710951792 48.31265060130409
  endloop
endfacet
facet normal 0.0 1.0 1.6653345369377348e-16
  outer loop
    vertex 67.49693927526283 14.473340710951797 46.71621252005788
    vertex 67.98652033534786 14.473340710951792 48.31265060130409
    vertex 67.92840193888115 14.473340710951797 43.99206447411265
  endloop
endfacet
facet normal 0.0 1.0 1.6653345369377348e-16
  outer loop
    vertex 67.92840193888115 14.473340710951797 43.99206447411265
    vertex 67.98652033534786 14.473340710951792 48.31265060130409
    vertex 68.07274999592715 14.473340710951794 41.237739467009966
  endloop
endfacet
facet normal 0.0 1.0 1.6653345369377348e-16
  outer loop
    vertex 68.07274999592715 14.473340710951794 41.237739467009966
    vertex 67.98652033534786 14.473340710951792 48.31265060130409
    vertex 68.58217424202783 14.473340710951797 45.52858194465609
  endloop
endfacet
facet normal 0.0 1.0 1.6653345369377348e-16
  outer loop
    vertex 15.372749995926622 14.473340710951794 41.237739467009966
    vertex 15.45897965650592 14.473340710951794 34.162828332715584
    vertex 14.863325749825902 14.473340710951794 36.94689698936369
  endloop
endfacet
facet normal 0.0 1.0 1.6653345369377348e-16
  outer loop
    vertex 15.45897965650592 14.473340710951794 34.162828332715584
    vertex 15.372749995926622 14.473340710951794 41.237739467009966
    vertex 15.517098052972626 14.473340710951794 38.48341445990732
  endloop
endfacet
facet normal 0.0 1.0 1.6653345369377348e-16
  outer loop
    vertex 15.45897965650592 14.473340710951794 34.162828332715584
    vertex 15.517098052972626 14.473340710951794 38.48341445990732
    vertex 16.342384927071922 14.473340710951794 31.456273882975175
  endloop
endfacet
facet normal 0.0 1.0 1.6653345369377348e-16
  outer loop
    vertex 16.342384927071922 14.473340710951794 31.456273882975175
    vertex 15.517098052972626 14.473340710951794 38.48341445990732
    vertex 15.948560716591066 14.473340710951794 35.75926641396196
  endloop
endfacet
facet normal 0.0 1.0 1.6653345369377348e-16
  outer loop
    vertex 16.342384927071922 14.473340710951794 31.456273882975175
    vertex 15.948560716591066 14.473340710951794 35.75926641396196
    vertex 16.66241079154938 14.473340710951794 33.095141665230074
  endloop
endfacet
facet normal 0.0 1.0 1.6653345369377348e-16
  outer loop
    vertex 16.342384927071922 14.473340710951794 31.456273882975175
    vertex 16.66241079154938 14.473340710951794 33.095141665230074
    vertex 17.503862788514986 14.473340710951799 28.856887217076792
  endloop
endfacet
facet normal 0.0 1.0 1.6653345369377348e-16
  outer loop
    vertex 17.503862788514986 14.473340710951799 28.856887217076792
    vertex 16.66241079154938 14.473340710951794 33.095141665230074
    vertex 17.650827187044083 14.473340710951799 30.52022892196263
  endloop
endfacet
facet normal 0.0 1.0 1.6653345369377348e-16
  outer loop
    vertex 17.503862788514986 14.473340710951799 28.856887217076792
    vertex 17.650827187044083 14.473340710951799 30.52022892196263
    vertex 18.930687846330578 14.473340710951799 26.393147759288517
  endloop
endfacet
facet normal 0.0 1.0 1.6653345369377348e-16
  outer loop
    vertex 18.930687846330578 14.473340710951799 26.393147759288517
    vertex 17.650827187044083 14.473340710951799 30.52022892196263
    vertex 18.902980606206693 14.473340710951799 28.062739467009933
  endloop
endfacet
facet normal 0.0 1.0 1.6653345369377348e-16
  outer loop
    vertex 18.930687846330578 14.473340710951799 26.393147759288517
    vertex 18.902980606206693 14.473340710951799 28.062739467009933
    vertex 20.405152194146634 14.473340710951799 25.74959806910326
  endloop
endfacet
facet normal 0.0 1.0 1.6653345369377348e-16
  outer loop
    vertex 18.930687846330578 14.473340710951799 26.393147759288517
    vertex 20.405152194146634 14.473340710951799 25.74959806910326
    vertex 20.60722750660276 14.473340710951797 24.092048754680505
  endloop
endfacet
facet normal 0.0 1.0 1.6653345369377348e-16
  outer loop
    vertex 20.60722750660276 14.473340710951797 24.092048754680505
    vertex 20.405152194146634 14.473340710951799 25.74959806910326
    vertex 22.14088384459725 14.473340710951797 23.60614798945387
  endloop
endfacet
facet normal 0.0 1.0 1.6653345369377348e-16
  outer loop
    vertex 20.60722750660276 14.473340710951797 24.092048754680505
    vertex 22.14088384459725 14.473340710951797 23.60614798945387
    vertex 22.515113249975066 14.473340710951797 21.978801525483156
  endloop
endfacet
facet normal 0.0 1.0 1.6653345369377348e-16
  outer loop
    vertex 22.515113249975066 14.473340710951797 21.978801525483156
    vertex 22.14088384459725 14.473340710951797 23.60614798945387
    vertex 24.091158518370744 14.473340710951797 21.655873315680388
  endloop
endfacet
facet normal 0.0 1.0 1.6653345369377348e-16
  outer loop
    vertex 22.515113249975066 14.473340710951797 21.978801525483156
    vertex 24.091158518370744 14.473340710951797 21.655873315680388
    vertex 24.633441880992464 14.473340710951797 20.07655925056509
  endloop
endfacet
facet normal 0.0 1.0 1.6653345369377348e-16
  outer loop
    vertex 24.633441880992464 14.473340710951797 20.07655925056509
    vertex 24.091158518370744 14.473340710951797 21.655873315680388
    vertex 26.234608598019843 14.473340710951797 19.92014166522984
  endloop
endfacet
facet normal 0.0 1.0 1.6653345369377348e-16
  outer loop
    vertex 24.633441880992464 14.473340710951797 20.07655925056509
    vertex 26.234608598019843 14.473340710951797 19.92014166522984
    vertex 26.939004547884803 14.473340710951797 18.406163294360063
  endloop
endfacet
facet normal 0.0 1.0 1.6653345369377348e-16
  outer loop
    vertex 26.939004547884803 14.473340710951797 18.406163294360063
    vertex 26.234608598019843 14.473340710951797 19.92014166522984
    vertex 28.54774999592649 14.473340710951797 18.417970077289738
  endloop
endfacet
facet normal 0.0 1.0 1.6653345369377348e-16
  outer loop
    vertex 26.939004547884803 14.473340710951797 18.406163294360063
    vertex 28.54774999592649 14.473340710951797 18.417970077289738
    vertex 29.406541023603225 14.473340710951797 16.985914864517046
  endloop
endfacet
facet normal 0.0 1.0 1.6653345369377348e-16
  outer loop
    vertex 29.406541023603225 14.473340710951797 16.985914864517046
    vertex 28.54774999592649 14.473340710951797 18.417970077289738
    vertex 31.005239450879234 14.473340710951797 17.16581665812713
  endloop
endfacet
facet normal 0.0 1.0 1.6653345369377348e-16
  outer loop
    vertex 29.406541023603225 14.473340710951797 16.985914864517046
    vertex 31.005239450879234 14.473340710951797 17.16581665812713
    vertex 32.00901646215522 14.473340710951797 15.83137450003964
  endloop
endfacet
facet normal 0.0 1.0 1.6653345369377348e-16
  outer loop
    vertex 32.00901646215522 14.473340710951797 15.83137450003964
    vertex 31.005239450879234 14.473340710951797 17.16581665812713
    vertex 33.58015219414691 14.473340710951797 16.177400262632382
  endloop
endfacet
facet normal 0.0 1.0 1.6653345369377348e-16
  outer loop
    vertex 32.00901646215522 14.473340710951797 15.83137450003964
    vertex 33.58015219414691 14.473340710951797 16.177400262632382
    vertex 34.71791759803264 14.473340710951797 14.9551915867639
  endloop
endfacet
facet normal 0.0 1.0 1.6653345369377348e-16
  outer loop
    vertex 34.71791759803264 14.473340710951797 14.9551915867639
    vertex 33.58015219414691 14.473340710951797 16.177400262632382
    vertex 36.24427694287915 14.473340710951797 15.463550187674
  endloop
endfacet
facet normal 0.0 1.0 1.6653345369377348e-16
  outer loop
    vertex 34.71791759803264 14.473340710951797 14.9551915867639
    vertex 36.24427694287915 14.473340710951797 15.463550187674
    vertex 37.50356514351678 14.473340710951797 14.366965768040997
  endloop
endfacet
facet normal 0.0 1.0 1.6653345369377348e-16
  outer loop
    vertex 37.50356514351678 14.473340710951797 14.366965768040997
    vertex 36.24427694287915 14.473340710951797 15.463550187674
    vertex 38.96842498882424 14.473340710951797 15.03208752405581
  endloop
endfacet
facet normal 0.0 1.0 1.6653345369377348e-16
  outer loop
    vertex 37.50356514351678 14.473340710951797 14.366965768040997
    vertex 38.96842498882424 14.473340710951797 15.03208752405581
    vertex 40.335438961165146 14.473340710951797 14.07314176903484
  endloop
endfacet
facet normal 0.0 1.0 1.6653345369377348e-16
  outer loop
    vertex 40.335438961165146 14.473340710951797 14.07314176903484
    vertex 38.96842498882424 14.473340710951797 15.03208752405581
    vertex 41.72274999592702 14.473340710951797 14.887739467009737
  endloop
endfacet
facet normal 0.0 1.0 1.6653345369377348e-16
  outer loop
    vertex 40.335438961165146 14.473340710951797 14.07314176903484
    vertex 41.72274999592702 14.473340710951797 14.887739467009737
    vertex 43.18251244882369 14.473340710951797 14.076938786965144
  endloop
endfacet
facet normal 0.0 1.0 1.6653345369377348e-16
  outer loop
    vertex 43.18251244882369 14.473340710951797 14.076938786965144
    vertex 41.72274999592702 14.473340710951797 14.887739467009737
    vertex 44.47707500302981 14.473340710951797 15.03208752405581
  endloop
endfacet
facet normal 0.0 1.0 1.6653345369377348e-16
  outer loop
    vertex 43.18251244882369 14.473340710951797 14.076938786965144
    vertex 44.47707500302981 14.473340710951797 15.03208752405581
    vertex 46.01359247357336 14.473340710951797 14.378315220908926
  endloop
endfacet
facet normal 0.0 1.0 1.6653345369377348e-16
  outer loop
    vertex 46.01359247357336 14.473340710951797 14.378315220908926
    vertex 44.47707500302981 14.473340710951797 15.03208752405581
    vertex 47.20122304897495 14.473340710951797 15.463550187674
  endloop
endfacet
facet normal 0.0 1.0 1.6653345369377348e-16
  outer loop
    vertex 46.01359247357336 14.473340710951797 14.378315220908926
    vertex 47.20122304897495 14.473340710951797 15.463550187674
    vertex 48.79766113022143 14.473340710951797 14.973969127588989
  endloop
endfacet
facet normal 0.0 1.0 1.6653345369377348e-16
  outer loop
    vertex 48.79766113022143 14.473340710951797 14.973969127588989
    vertex 47.20122304897495 14.473340710951797 15.463550187674
    vertex 49.86534779770692 14.473340710951797 16.177400262632382
  endloop
endfacet
facet normal 0.0 1.0 1.6653345369377348e-16
  outer loop
    vertex 48.79766113022143 14.473340710951797 14.973969127588989
    vertex 49.86534779770692 14.473340710951797 16.177400262632382
    vertex 51.50421557996169 14.473340710951797 15.857374398154947
  endloop
endfacet
facet normal 0.0 1.0 1.6653345369377348e-16
  outer loop
    vertex 51.50421557996169 14.473340710951797 15.857374398154947
    vertex 49.86534779770692 14.473340710951797 16.177400262632382
    vertex 52.440260540974414 14.473340710951797 17.16581665812713
  endloop
endfacet
facet normal 0.0 1.0 1.6653345369377348e-16
  outer loop
    vertex 51.50421557996169 14.473340710951797 15.857374398154947
    vertex 52.440260540974414 14.473340710951797 17.16581665812713
    vertex 54.103602245860294 14.473340710951797 17.018852259598127
  endloop
endfacet
facet normal 0.0 1.0 1.6653345369377348e-16
  outer loop
    vertex 54.103602245860294 14.473340710951797 17.018852259598127
    vertex 52.440260540974414 14.473340710951797 17.16581665812713
    vertex 54.89774999592716 14.473340710951797 18.417970077289763
  endloop
endfacet
facet normal 0.0 1.0 1.6653345369377348e-16
  outer loop
    vertex 54.103602245860294 14.473340710951797 17.018852259598127
    vertex 54.89774999592716 14.473340710951797 18.417970077289763
    vertex 56.56734170364848 14.473340710951797 18.445677317413693
  endloop
endfacet
facet normal 0.0 1.0 1.6653345369377348e-16
  outer loop
    vertex 56.56734170364848 14.473340710951797 18.445677317413693
    vertex 54.89774999592716 14.473340710951797 18.417970077289763
    vertex 57.210891393833805 14.473340710951797 19.92014166522984
  endloop
endfacet
facet normal 0.0 1.0 1.6653345369377348e-16
  outer loop
    vertex 56.56734170364848 14.473340710951797 18.445677317413693
    vertex 57.210891393833805 14.473340710951797 19.92014166522984
    vertex 58.86844070825647 14.473340710951797 20.122216977685785
  endloop
endfacet
facet normal 0.0 1.0 1.6653345369377348e-16
  outer loop
    vertex 58.86844070825647 14.473340710951797 20.122216977685785
    vertex 57.210891393833805 14.473340710951797 19.92014166522984
    vertex 59.354341473482904 14.473340710951797 21.655873315680388
  endloop
endfacet
facet normal 0.0 1.0 1.6653345369377348e-16
  outer loop
    vertex 58.86844070825647 14.473340710951797 20.122216977685785
    vertex 59.354341473482904 14.473340710951797 21.655873315680388
    vertex 60.981687937453714 14.473340710951797 22.030102721058206
  endloop
endfacet
facet normal 0.0 1.0 1.6653345369377348e-16
  outer loop
    vertex 60.981687937453714 14.473340710951797 22.030102721058206
    vertex 59.354341473482904 14.473340710951797 21.655873315680388
    vertex 61.30461614725639 14.473340710951797 23.60614798945387
  endloop
endfacet
facet normal 0.0 1.0 1.6653345369377348e-16
  outer loop
    vertex 60.981687937453714 14.473340710951797 22.030102721058206
    vertex 61.30461614725639 14.473340710951797 23.60614798945387
    vertex 62.88393021237176 14.473340710951797 24.148431352075725
  endloop
endfacet
facet normal 0.0 1.0 1.6653345369377348e-16
  outer loop
    vertex 62.88393021237176 14.473340710951797 24.148431352075725
    vertex 61.30461614725639 14.473340710951797 23.60614798945387
    vertex 63.04034779770701 14.473340710951799 25.74959806910326
  endloop
endfacet
facet normal 0.0 1.0 1.6653345369377348e-16
  outer loop
    vertex 62.88393021237176 14.473340710951797 24.148431352075725
    vertex 63.04034779770701 14.473340710951799 25.74959806910326
    vertex 64.55432616857668 14.473340710951799 26.45399401896802
  endloop
endfacet
facet normal 0.0 1.0 1.6653345369377348e-16
  outer loop
    vertex 64.55432616857668 14.473340710951799 26.45399401896802
    vertex 63.04034779770701 14.473340710951799 25.74959806910326
    vertex 64.54251938564704 14.473340710951799 28.062739467009933
  endloop
endfacet
facet normal 0.0 1.0 1.6653345369377348e-16
  outer loop
    vertex 64.55432616857668 14.473340710951799 26.45399401896802
    vertex 64.54251938564704 14.473340710951799 28.062739467009933
    vertex 65.79467280480961 14.473340710951799 30.52022892196263
  endloop
endfacet
facet normal 0.0 1.0 1.6653345369377348e-16
  outer loop
    vertex 64.55432616857668 14.473340710951799 26.45399401896802
    vertex 65.79467280480961 14.473340710951799 30.52022892196263
    vertex 65.97457459841974 14.473340710951799 28.92153049468671
  endloop
endfacet
facet normal 0.0 1.0 1.6653345369377348e-16
  outer loop
    vertex 65.97457459841974 14.473340710951799 28.92153049468671
    vertex 65.79467280480961 14.473340710951799 30.52022892196263
    vertex 66.78308920030436 14.473340710951794 33.095141665230074
  endloop
endfacet
facet normal 0.0 1.0 1.6653345369377348e-16
  outer loop
    vertex 65.97457459841974 14.473340710951799 28.92153049468671
    vertex 66.78308920030436 14.473340710951794 33.095141665230074
    vertex 67.1291149628972 14.473340710951794 31.524005933238573
  endloop
endfacet
facet normal 0.0 1.0 1.6653345369377348e-16
  outer loop
    vertex 67.1291149628972 14.473340710951794 31.524005933238573
    vertex 66.78308920030436 14.473340710951794 33.095141665230074
    vertex 67.49693927526283 14.473340710951794 35.75926641396198
  endloop
endfacet
facet normal 0.0 1.0 1.6653345369377348e-16
  outer loop
    vertex 67.1291149628972 14.473340710951794 31.524005933238573
    vertex 67.49693927526283 14.473340710951794 35.75926641396198
    vertex 68.0052978761729 14.473340710951794 34.23290706911571
  endloop
endfacet
facet normal 0.0 1.0 1.6653345369377348e-16
  outer loop
    vertex 68.0052978761729 14.473340710951794 34.23290706911571
    vertex 67.49693927526283 14.473340710951794 35.75926641396198
    vertex 67.92840193888115 14.473340710951794 38.48341445990732
  endloop
endfacet
facet normal 0.0 1.0 1.6653345369377348e-16
  outer loop
    vertex 68.0052978761729 14.473340710951794 34.23290706911571
    vertex 67.92840193888115 14.473340710951794 38.48341445990732
    vertex 68.07274999592715 14.473340710951794 41.237739467009966
  endloop
endfacet
facet normal 0.0 1.0 1.6653345369377348e-16
  outer loop
    vertex 68.0052978761729 14.473340710951794 34.23290706911571
    vertex 68.07274999592715 14.473340710951794 41.237739467009966
    vertex 68.59352369489581 14.473340710951794 37.01855461459974
  endloop
endfacet
facet normal 0.0 1.0 1.6653345369377348e-16
  outer loop
    vertex 68.59352369489581 14.473340710951794 37.01855461459974
    vertex 68.07274999592715 14.473340710951794 41.237739467009966
    vertex 68.58217424202783 14.473340710951797 45.52858194465609
  endloop
endfacet
facet normal 0.0 1.0 1.6653345369377348e-16
  outer loop
    vertex 68.59352369489581 14.473340710951794 37.01855461459974
    vertex 68.58217424202783 14.473340710951797 45.52858194465609
    vertex 68.8835506759717 14.473340710951797 42.697501919906436
  endloop
endfacet
facet normal 0.0 1.0 1.6653345369377348e-16
  outer loop
    vertex 68.59352369489581 14.473340710951794 37.01855461459974
    vertex 68.8835506759717 14.473340710951797 42.697501919906436
    vertex 68.88734769390206 14.473340710951794 39.85042843224796
  endloop
endfacet
facet normal -8.307944608168483e-07 -0.9999989941743901 0.001418326308719362
  outer loop
    vertex 21.820611363989393 2.4547117109517895 64.95618468192903
    vertex 21.551349157892105 2.4733407109517884 66.07953063092019
    vertex 21.16823965676238 2.4547117109517895 65.73365100772364
  endloop
endfacet
facet normal -8.307944608168483e-07 -0.9999989941743901 0.001418326308719362
  outer loop
    vertex 21.551349157892105 2.4733407109517884 66.07953063092019
    vertex 21.820611363989393 2.4547117109517895 64.95618468192903
    vertex 24.25852445743088 2.473340710951788 68.05193023124039
  endloop
endfacet
facet normal -8.307944608168483e-07 -0.9999989941743901 0.001418326308719362
  outer loop
    vertex 24.25852445743088 2.473340710951788 68.05193023124039
    vertex 21.820611363989393 2.4547117109517895 64.95618468192903
    vertex 23.501407174860006 2.4733407109517884 66.31726629263311
  endloop
endfacet
facet normal -8.307944608168483e-07 -0.9999989941743901 0.001418326308719362
  outer loop
    vertex 24.25852445743088 2.473340710951788 68.05193023124039
    vertex 23.501407174860006 2.4733407109517884 66.31726629263311
    vertex 26.22274999592666 2.473340710951788 68.08452698432733
  endloop
endfacet
facet normal -8.307944608168483e-07 -0.9999989941743901 0.001418326308719362
  outer loop
    vertex 24.25852445743088 2.473340710951788 68.05193023124039
    vertex 26.22274999592666 2.473340710951788 68.08452698432733
    vertex 27.15704146659358 2.4733407109517884 69.73054794631753
  endloop
endfacet
facet normal -8.307944608168483e-07 -0.9999989941743901 0.001418326308719362
  outer loop
    vertex 27.15704146659358 2.4733407109517884 69.73054794631753
    vertex 26.22274999592666 2.473340710951788 68.08452698432733
    vertex 29.11391406057686 2.4733407109517884 69.55764865393036
  endloop
endfacet
facet normal -8.307944608168483e-07 -0.9999989941743901 0.001418326308719362
  outer loop
    vertex 27.15704146659358 2.4733407109517884 69.73054794631753
    vertex 29.11391406057686 2.4733407109517884 69.55764865393036
    vertex 30.215143426474103 2.473340710951788 71.09699248919188
  endloop
endfacet
facet normal -8.307944608168483e-07 -0.9999989941743901 0.001418326308719362
  outer loop
    vertex 30.215143426474103 2.473340710951788 71.09699248919188
    vertex 29.11391406057686 2.4733407109517884 69.55764865393036
    vertex 32.143223170303315 2.4733407109517875 70.7204914721595
  endloop
endfacet
facet normal -8.307944608168483e-07 -0.9999989941743901 0.001418326308719362
  outer loop
    vertex 30.215143426474103 2.473340710951788 71.09699248919188
    vertex 32.143223170303315 2.4733407109517875 70.7204914721595
    vertex 33.39932513205102 2.473340710951788 72.1362928075048
  endloop
endfacet
facet normal -8.307944608168483e-07 -0.9999989941743901 0.001418326308719362
  outer loop
    vertex 33.39932513205102 2.473340710951788 72.1362928075048
    vertex 32.143223170303315 2.4733407109517875 70.7204914721595
    vertex 35.27748758057613 2.473340710951788 71.56031508975771
  endloop
endfacet
facet normal -8.307944608168483e-07 -0.9999989941743901 0.001418326308719362
  outer loop
    vertex 33.39932513205102 2.473340710951788 72.1362928075048
    vertex 35.27748758057613 2.473340710951788 71.56031508975771
    vertex 36.67470002222524 2.4733407109517875 72.83706210948128
  endloop
endfacet
facet normal -8.307944608168483e-07 -0.9999989941743901 0.001418326308719362
  outer loop
    vertex 36.67470002222524 2.4733407109517875 72.83706210948128
    vertex 35.27748758057613 2.473340710951788 71.56031508975771
    vertex 38.48236763462939 2.473340710951788 72.0679182234262
  endloop
endfacet
facet normal -8.307944608168483e-07 -0.9999989941743901 0.001418326308719362
  outer loop
    vertex 36.67470002222524 2.4733407109517875 72.83706210948128
    vertex 38.48236763462939 2.473340710951788 72.0679182234262
    vertex 40.00538240428367 2.4733407109517875 73.19162262000346
  endloop
endfacet
facet normal -8.307944608168483e-07 -0.9999989941743901 0.001418326308719362
  outer loop
    vertex 40.00538240428367 2.4733407109517875 73.19162262000346
    vertex 38.48236763462939 2.473340710951788 72.0679182234262
    vertex 41.72274999592668 2.4733407109517875 72.23773946700975
  endloop
endfacet
facet normal -8.307944608168483e-07 -0.9999989941743901 0.001418326308719362
  outer loop
    vertex 40.00538240428367 2.4733407109517875 73.19162262000346
    vertex 41.72274999592668 2.4733407109517875 72.23773946700975
    vertex 43.3548806250584 2.4733407109517875 73.1960896999215
  endloop
endfacet
facet normal -8.307944608168483e-07 -0.9999989941743901 0.001418326308719362
  outer loop
    vertex 43.3548806250584 2.4733407109517875 73.1960896999215
    vertex 41.72274999592668 2.4733407109517875 72.23773946700975
    vertex 44.96313235722391 2.473340710951788 72.06791822342622
  endloop
endfacet
facet normal -8.307944608168483e-07 -0.9999989941743901 0.001418326308719362
  outer loop
    vertex 43.3548806250584 2.4733407109517875 73.1960896999215
    vertex 44.96313235722391 2.473340710951788 72.06791822342622
    vertex 46.68649688111511 2.4733407109517875 72.85041440697304
  endloop
endfacet
facet normal -8.307944608168483e-07 -0.9999989941743901 0.001418326308719362
  outer loop
    vertex 46.68649688111511 2.4733407109517875 72.85041440697304
    vertex 44.96313235722391 2.473340710951788 72.06791822342622
    vertex 48.168012411277196 2.473340710951788 71.56031508975772
  endloop
endfacet
facet normal -8.307944608168483e-07 -0.9999989941743901 0.001418326308719362
  outer loop
    vertex 46.68649688111511 2.4733407109517875 72.85041440697304
    vertex 48.168012411277196 2.473340710951788 71.56031508975772
    vertex 49.96372928756686 2.4733407109517875 72.1583840320048
  endloop
endfacet
facet normal -8.307944608168483e-07 -0.9999989941743901 0.001418326308719362
  outer loop
    vertex 49.96372928756686 2.4733407109517875 72.1583840320048
    vertex 48.168012411277196 2.473340710951788 71.56031508975772
    vertex 51.30227682155004 2.4733407109517875 70.72049147215951
  endloop
endfacet
facet normal -8.307944608168483e-07 -0.9999989941743901 0.001418326308719362
  outer loop
    vertex 49.96372928756686 2.4733407109517875 72.1583840320048
    vertex 51.30227682155004 2.4733407109517875 70.72049147215951
    vertex 53.150671800363604 2.473340710951788 71.12758060462163
  endloop
endfacet
facet normal -8.307944608168483e-07 -0.9999989941743901 0.001418326308719362
  outer loop
    vertex 53.150671800363604 2.473340710951788 71.12758060462163
    vertex 51.30227682155004 2.4733407109517875 70.72049147215951
    vertex 54.33158593127647 2.4733407109517884 69.55764865393037
  endloop
endfacet
facet normal -8.307944608168483e-07 -0.9999989941743901 0.001418326308719362
  outer loop
    vertex 53.150671800363604 2.473340710951788 71.12758060462163
    vertex 54.33158593127647 2.4733407109517884 69.55764865393037
    vertex 56.212407610424584 2.4733407109517884 69.7692978228834
  endloop
endfacet
facet normal -8.307944608168483e-07 -0.9999989941743901 0.001418326308719362
  outer loop
    vertex 56.212407610424584 2.4733407109517884 69.7692978228834
    vertex 54.33158593127647 2.4733407109517884 69.55764865393037
    vertex 57.22274999592665 2.473340710951788 68.08452698432734
  endloop
endfacet
facet normal -8.307944608168483e-07 -0.9999989941743901 0.001418326308719362
  outer loop
    vertex 56.212407610424584 2.4733407109517884 69.7692978228834
    vertex 57.22274999592665 2.473340710951788 68.08452698432734
    vertex 59.11539169950532 2.473340710951788 68.09841731718579
  endloop
endfacet
facet normal -8.307944608168483e-07 -0.9999989941743901 0.001418326308719362
  outer loop
    vertex 59.11539169950532 2.473340710951788 68.09841731718579
    vertex 57.22274999592665 2.473340710951788 68.08452698432734
    vertex 59.944092816993326 2.4733407109517884 66.31726629263312
  endloop
endfacet
facet normal -8.307944608168483e-07 -0.9999989941743901 0.001418326308719362
  outer loop
    vertex 59.11539169950532 2.473340710951788 68.09841731718579
    vertex 59.944092816993326 2.4733407109517884 66.31726629263312
    vertex 61.82781836643737 2.4733407109517884 66.13324560400343
  endloop
endfacet
facet normal -8.307944608168483e-07 -0.9999989941743901 0.001418326308719362
  outer loop
    vertex 61.82781836643737 2.4733407109517884 66.13324560400343
    vertex 59.944092816993326 2.4733407109517884 66.31726629263312
    vertex 61.62488862786396 2.4547117109517895 64.95618468192903
  endloop
endfacet
facet normal -8.307944608168483e-07 -0.9999989941743901 0.001418326308719362
  outer loop
    vertex 61.82781836643737 2.4733407109517884 66.13324560400343
    vertex 61.62488862786396 2.4547117109517895 64.95618468192903
    vertex 62.275345882213365 2.4547117109517895 65.7313694516289
  endloop
endfacet
facet normal -0.766044443118979 -1.0704564063266448e-16 0.6427876096865384
  outer loop
    vertex 61.62488862786396 2.4547117109517895 64.95618468192903
    vertex 62.275345882213365 -1.526659289048211 65.7313694516289
    vertex 62.275345882213365 2.4547117109517895 65.7313694516289
  endloop
endfacet
facet normal -0.766044443118979 -1.0704564063266448e-16 0.6427876096865384
  outer loop
    vertex 62.275345882213365 -1.526659289048211 65.7313694516289
    vertex 61.62488862786396 2.4547117109517895 64.95618468192903
    vertex 61.62488862786396 -1.526659289048211 64.95618468192903
  endloop
endfacet
facet normal 0.7660444431189762 -1.07045640632665e-16 0.6427876096865415
  outer loop
    vertex 21.820611363989393 -1.526659289048211 64.95618468192903
    vertex 21.16823965676238 2.4547117109517895 65.73365100772364
    vertex 21.16823965676238 -1.526659289048211 65.73365100772364
  endloop
endfacet
facet normal 0.7660444431189762 -1.07045640632665e-16 0.6427876096865415
  outer loop
    vertex 21.16823965676238 2.4547117109517895 65.73365100772364
    vertex 21.820611363989393 -1.526659289048211 64.95618468192903
    vertex 21.820611363989393 2.4547117109517895 64.95618468192903
  endloop
endfacet
endsolid Attitude indicator1
