solid Attitude indicator1
facet normal 1.2656048095435171e-14 1.0 3.727533065622449e-16
  outer loop
    vertex 11.658308671609527 31.331966706151512 47.645651066299884
    vertex 13.22731235397526 31.331966706151483 44.641510979464485
    vertex 11.205157198933467 31.331966706151505 44.641510979464464
  endloop
endfacet
facet normal 1.2656048095435171e-14 1.0 3.727533065622449e-16
  outer loop
    vertex 13.22731235397526 31.331966706151483 44.641510979464485
    vertex 11.658308671609527 31.331966706151512 47.645651066299884
    vertex 12.552314458085021 31.3319667061515 51.14894983455646
  endloop
endfacet
facet normal 1.2656048095435171e-14 1.0 3.727533065622449e-16
  outer loop
    vertex 13.22731235397526 31.331966706151483 44.641510979464485
    vertex 12.552314458085021 31.3319667061515 51.14894983455646
    vertex 13.7901793936192 31.331966706151523 54.53493566204101
  endloop
endfacet
facet normal 1.2656048095435171e-14 1.0 3.727533065622449e-16
  outer loop
    vertex 13.22731235397526 31.331966706151483 44.641510979464485
    vertex 13.7901793936192 31.331966706151523 54.53493566204101
    vertex 13.614603873077149 31.331966706151483 47.20903651558262
  endloop
endfacet
facet normal 1.2656048095435171e-14 1.0 3.727533065622449e-16
  outer loop
    vertex 13.614603873077149 31.331966706151483 47.20903651558262
    vertex 13.7901793936192 31.331966706151523 54.53493566204101
    vertex 14.45442749067531 31.331966706151473 50.5000141463691
  endloop
endfacet
facet normal 1.2656048095435171e-14 1.0 3.727533065622449e-16
  outer loop
    vertex 14.45442749067531 31.331966706151473 50.5000141463691
    vertex 13.7901793936192 31.331966706151523 54.53493566204101
    vertex 15.358341170938548 31.3319667061515 57.76651097946458
  endloop
endfacet
facet normal 1.2656048095435171e-14 1.0 3.727533065622449e-16
  outer loop
    vertex 14.45442749067531 31.331966706151473 50.5000141463691
    vertex 15.358341170938548 31.3319667061515 57.76651097946458
    vertex 15.617270308904418 31.3319667061515 53.68078871158187
  endloop
endfacet
facet normal 1.2656048095435171e-14 1.0 3.727533065622449e-16
  outer loop
    vertex 15.617270308904418 31.3319667061515 53.68078871158187
    vertex 15.358341170938548 31.3319667061515 57.76651097946458
    vertex 17.239618681451688 31.331966706151476 60.80826997139879
  endloop
endfacet
facet normal 1.2656048095435171e-14 1.0 3.727533065622449e-16
  outer loop
    vertex 15.617270308904418 31.3319667061515 53.68078871158187
    vertex 17.239618681451688 31.331966706151476 60.80826997139879
    vertex 17.09039197850742 31.331966706151476 56.716510979464594
  endloop
endfacet
facet normal 1.2656048095435171e-14 1.0 3.727533065622449e-16
  outer loop
    vertex 17.09039197850742 31.331966706151476 56.716510979464594
    vertex 17.239618681451688 31.331966706151476 60.80826997139879
    vertex 18.857652670201595 31.331966706151455 59.57392094158461
  endloop
endfacet
facet normal 1.2656048095435171e-14 1.0 3.727533065622449e-16
  outer loop
    vertex 18.857652670201595 31.331966706151455 59.57392094158461
    vertex 17.239618681451688 31.331966706151476 60.80826997139879
    vertex 19.41340025507093 31.331966706151448 63.626886489799034
  endloop
endfacet
facet normal 1.2656048095435171e-14 1.0 3.727533065622449e-16
  outer loop
    vertex 18.857652670201595 31.331966706151455 59.57392094158461
    vertex 19.41340025507093 31.331966706151448 63.626886489799034
    vertex 20.8996899060257 31.331966706151388 62.221712216445475
  endloop
endfacet
facet normal 1.2656048095435171e-14 1.0 3.727533065622449e-16
  outer loop
    vertex 20.8996899060257 31.331966706151388 62.221712216445475
    vertex 19.41340025507093 31.331966706151448 63.626886489799034
    vertex 21.855869485982556 31.331966706151377 66.19147918225637
  endloop
endfacet
facet normal 1.2656048095435171e-14 1.0 3.727533065622449e-16
  outer loop
    vertex 20.8996899060257 31.331966706151388 62.221712216445475
    vertex 21.855869485982556 31.331966706151377 66.19147918225637
    vertex 23.194130698700302 31.33196670615136 64.63087504875386
  endloop
endfacet
facet normal 1.2656048095435171e-14 1.0 3.727533065622449e-16
  outer loop
    vertex 23.194130698700302 31.33196670615136 64.63087504875386
    vertex 21.855869485982556 31.331966706151377 66.19147918225637
    vertex 24.540266170173243 31.33196670615134 68.47394983455662
  endloop
endfacet
facet normal 1.2656048095435171e-14 1.0 3.727533065622449e-16
  outer loop
    vertex 23.194130698700302 31.33196670615136 64.63087504875386
    vertex 24.540266170173243 31.33196670615134 68.47394983455662
    vertex 25.715836674758222 31.331966706151327 66.77501414636923
  endloop
endfacet
facet normal 1.2656048095435171e-14 1.0 3.727533065622449e-16
  outer loop
    vertex 25.715836674758222 31.331966706151327 66.77501414636923
    vertex 24.540266170173243 31.33196670615134 68.47394983455662
    vertex 27.437179495824832 31.331966706151302 70.44929122059551
  endloop
endfacet
facet normal 1.2656048095435171e-14 1.0 3.727533065622449e-16
  outer loop
    vertex 25.715836674758222 31.331966706151327 66.77501414636923
    vertex 27.437179495824832 31.331966706151302 70.44929122059551
    vertex 28.437179495824854 31.33196670615129 68.63063787264825
  endloop
endfacet
facet normal 1.2656048095435171e-14 1.0 3.727533065622449e-16
  outer loop
    vertex 28.437179495824854 31.33196670615129 68.63063787264825
    vertex 27.437179495824832 31.331966706151302 70.44929122059551
    vertex 30.51487027432341 31.331966706151263 72.09586108678086
  endloop
endfacet
facet normal 1.2656048095435171e-14 1.0 3.727533065622449e-16
  outer loop
    vertex 28.437179495824854 31.33196670615129 68.63063787264825
    vertex 30.51487027432341 31.331966706151263 72.09586108678086
    vertex 31.328343560475034 31.331966706151253 70.17741562573147
  endloop
endfacet
facet normal 1.2656048095435171e-14 1.0 3.727533065622449e-16
  outer loop
    vertex 31.328343560475034 31.331966706151253 70.17741562573147
    vertex 30.51487027432341 31.331966706151263 72.09586108678086
    vertex 33.739618681451525 31.331966706151235 73.39561926909185
  endloop
endfacet
facet normal 1.2656048095435171e-14 1.0 3.727533065622449e-16
  outer loop
    vertex 31.328343560475034 31.331966706151253 70.17741562573147
    vertex 33.739618681451525 31.331966706151235 73.39561926909185
    vertex 34.35765267020145 31.331966706151242 71.39840058487205
  endloop
endfacet
facet normal 1.2656048095435171e-14 1.0 3.727533065622449e-16
  outer loop
    vertex 34.35765267020145 31.331966706151242 71.39840058487205
    vertex 33.739618681451525 31.331966706151235 73.39561926909185
    vertex 37.07609369883875 31.33196670615119 74.3343253448912
  endloop
endfacet
facet normal 1.2656048095435171e-14 1.0 3.727533065622449e-16
  outer loop
    vertex 34.35765267020145 31.331966706151242 71.39840058487205
    vertex 37.07609369883875 31.33196670615119 74.3343253448912
    vertex 37.4919170804743 31.331966706151174 72.28021538335021
  endloop
endfacet
facet normal 1.2656048095435171e-14 1.0 3.727533065622449e-16
  outer loop
    vertex 37.4919170804743 31.331966706151174 72.28021538335021
    vertex 37.07609369883875 31.33196670615119 74.3343253448912
    vertex 38.949491155229666 31.331966706151157 74.64587820290888
  endloop
endfacet
facet normal 1.2656048095435171e-14 1.0 3.727533065622449e-16
  outer loop
    vertex 37.4919170804743 31.331966706151174 72.28021538335021
    vertex 38.949491155229666 31.331966706151157 74.64587820290888
    vertex 40.69679713452756 31.331966706151135 72.81319867370219
  endloop
endfacet
facet normal 1.2656048095435171e-14 1.0 3.727533065622449e-16
  outer loop
    vertex 40.69679713452756 31.331966706151135 72.81319867370219
    vertex 38.949491155229666 31.331966706151157 74.64587820290888
    vertex 39.93717949582478 31.331966706151178 74.81013439120115
  endloop
endfacet
facet normal 1.2656048095435171e-14 1.0 3.727533065622449e-16
  outer loop
    vertex 40.69679713452756 31.331966706151135 72.81319867370219
    vertex 39.93717949582478 31.331966706151178 74.81013439120115
    vertex 47.937179495824765 31.33196670615108 74.81013439120126
  endloop
endfacet
facet normal 1.2656048095435171e-14 1.0 3.727533065622449e-16
  outer loop
    vertex 40.69679713452756 31.331966706151135 72.81319867370219
    vertex 47.937179495824765 31.33196670615108 74.81013439120126
    vertex 43.93717949582479 31.331966706151107 72.99151097946495
  endloop
endfacet
facet normal 1.2656048095435171e-14 1.0 3.727533065622449e-16
  outer loop
    vertex 43.93717949582479 31.331966706151107 72.99151097946495
    vertex 47.937179495824765 31.33196670615108 74.81013439120126
    vertex 47.177561857122086 31.33196670615108 72.81319867370229
  endloop
endfacet
facet normal 1.2656048095435171e-14 1.0 3.727533065622449e-16
  outer loop
    vertex 47.177561857122086 31.33196670615108 72.81319867370229
    vertex 47.937179495824765 31.33196670615108 74.81013439120126
    vertex 50.38244191117535 31.33196670615101 72.2802153833504
  endloop
endfacet
facet normal 1.2656048095435171e-14 1.0 3.727533065622449e-16
  outer loop
    vertex 50.38244191117535 31.33196670615101 72.2802153833504
    vertex 47.937179495824765 31.33196670615108 74.81013439120126
    vertex 48.92486783641992 31.331966706151032 74.645878202909
  endloop
endfacet
facet normal 1.2656048095435171e-14 1.0 3.727533065622449e-16
  outer loop
    vertex 50.38244191117535 31.33196670615101 72.2802153833504
    vertex 48.92486783641992 31.331966706151032 74.645878202909
    vertex 50.798265292810804 31.331966706151015 74.33432534489137
  endloop
endfacet
facet normal 1.2656048095435171e-14 1.0 3.727533065622449e-16
  outer loop
    vertex 50.38244191117535 31.33196670615101 72.2802153833504
    vertex 50.798265292810804 31.331966706151015 74.33432534489137
    vertex 53.516706321448254 31.331966706150972 71.3984005848723
  endloop
endfacet
facet normal 1.2656048095435171e-14 1.0 3.727533065622449e-16
  outer loop
    vertex 53.516706321448254 31.331966706150972 71.3984005848723
    vertex 50.798265292810804 31.331966706151015 74.33432534489137
    vertex 54.13474031019806 31.331966706150975 73.39561926909211
  endloop
endfacet
facet normal 1.2656048095435171e-14 1.0 3.727533065622449e-16
  outer loop
    vertex 53.516706321448254 31.331966706150972 71.3984005848723
    vertex 54.13474031019806 31.331966706150975 73.39561926909211
    vertex 56.54601543117463 31.33196670615093 70.17741562573174
  endloop
endfacet
facet normal 1.2656048095435171e-14 1.0 3.727533065622449e-16
  outer loop
    vertex 56.54601543117463 31.33196670615093 70.17741562573174
    vertex 54.13474031019806 31.331966706150975 73.39561926909211
    vertex 57.35948871732625 31.331966706150947 72.09586108678121
  endloop
endfacet
facet normal 1.2656048095435171e-14 1.0 3.727533065622449e-16
  outer loop
    vertex 56.54601543117463 31.33196670615093 70.17741562573174
    vertex 57.35948871732625 31.331966706150947 72.09586108678121
    vertex 59.43717949582492 31.331966706150897 68.63063787264863
  endloop
endfacet
facet normal 1.2656048095435171e-14 1.0 3.727533065622449e-16
  outer loop
    vertex 59.43717949582492 31.331966706150897 68.63063787264863
    vertex 57.35948871732625 31.331966706150947 72.09586108678121
    vertex 60.4371794958249 31.331966706150926 70.44929122059594
  endloop
endfacet
facet normal 1.2656048095435171e-14 1.0 3.727533065622449e-16
  outer loop
    vertex 59.43717949582492 31.331966706150897 68.63063787264863
    vertex 60.4371794958249 31.331966706150926 70.44929122059594
    vertex 62.15852231689153 31.33196670615086 66.77501414636971
  endloop
endfacet
facet normal 1.2656048095435171e-14 1.0 3.727533065622449e-16
  outer loop
    vertex 62.15852231689153 31.33196670615086 66.77501414636971
    vertex 60.4371794958249 31.331966706150926 70.44929122059594
    vertex 63.33409282147646 31.331966706150848 68.4739498345571
  endloop
endfacet
facet normal 1.2656048095435171e-14 1.0 3.727533065622449e-16
  outer loop
    vertex 62.15852231689153 31.33196670615086 66.77501414636971
    vertex 63.33409282147646 31.331966706150848 68.4739498345571
    vertex 64.68022829294955 31.33196670615083 64.63087504875438
  endloop
endfacet
facet normal 1.2656048095435171e-14 1.0 3.727533065622449e-16
  outer loop
    vertex 64.68022829294955 31.33196670615083 64.63087504875438
    vertex 63.33409282147646 31.331966706150848 68.4739498345571
    vertex 66.0184895056672 31.331966706150812 66.19147918225691
  endloop
endfacet
facet normal 1.2656048095435171e-14 1.0 3.727533065622449e-16
  outer loop
    vertex 64.68022829294955 31.33196670615083 64.63087504875438
    vertex 66.0184895056672 31.331966706150812 66.19147918225691
    vertex 66.97466908562416 31.3319667061508 62.221712216446065
  endloop
endfacet
facet normal 1.2656048095435171e-14 1.0 3.727533065622449e-16
  outer loop
    vertex 66.97466908562416 31.3319667061508 62.221712216446065
    vertex 66.0184895056672 31.331966706150812 66.19147918225691
    vertex 68.46095873657893 31.331966706150823 63.62688648979969
  endloop
endfacet
facet normal 1.2656048095435171e-14 1.0 3.727533065622449e-16
  outer loop
    vertex 66.97466908562416 31.3319667061508 62.221712216446065
    vertex 68.46095873657893 31.331966706150823 63.62688648979969
    vertex 69.01670632144832 31.33196670615082 59.57392094158526
  endloop
endfacet
facet normal 1.2656048095435171e-14 1.0 3.727533065622449e-16
  outer loop
    vertex 69.01670632144832 31.33196670615082 59.57392094158526
    vertex 68.46095873657893 31.331966706150823 63.62688648979969
    vertex 70.63474031019821 31.331966706150794 60.80826997139943
  endloop
endfacet
facet normal 1.2656048095435171e-14 1.0 3.727533065622449e-16
  outer loop
    vertex 69.01670632144832 31.33196670615082 59.57392094158526
    vertex 70.63474031019821 31.331966706150794 60.80826997139943
    vertex 70.78396701314257 31.331966706150794 56.71651097946527
  endloop
endfacet
facet normal 1.2656048095435171e-14 1.0 3.727533065622449e-16
  outer loop
    vertex 70.78396701314257 31.331966706150794 56.71651097946527
    vertex 70.63474031019821 31.331966706150794 60.80826997139943
    vertex 72.51601782071148 31.331966706150773 57.76651097946527
  endloop
endfacet
facet normal 1.2656048095435171e-14 1.0 3.727533065622449e-16
  outer loop
    vertex 70.78396701314257 31.331966706150794 56.71651097946527
    vertex 72.51601782071148 31.331966706150773 57.76651097946527
    vertex 72.25708868274566 31.33196670615078 53.680788711582615
  endloop
endfacet
facet normal 1.2656048095435171e-14 1.0 3.727533065622449e-16
  outer loop
    vertex 72.25708868274566 31.33196670615078 53.680788711582615
    vertex 72.51601782071148 31.331966706150773 57.76651097946527
    vertex 73.41993150097484 31.331966706150723 50.50001414636984
  endloop
endfacet
facet normal 1.2656048095435171e-14 1.0 3.727533065622449e-16
  outer loop
    vertex 73.41993150097484 31.331966706150723 50.50001414636984
    vertex 72.51601782071148 31.331966706150773 57.76651097946527
    vertex 74.08417959803091 31.331966706150755 54.534935662041775
  endloop
endfacet
facet normal 1.2656048095435171e-14 1.0 3.727533065622449e-16
  outer loop
    vertex 73.41993150097484 31.331966706150723 50.50001414636984
    vertex 74.08417959803091 31.331966706150755 54.534935662041775
    vertex 74.25975511857308 31.331966706150737 47.20903651558338
  endloop
endfacet
facet normal 1.2656048095435171e-14 1.0 3.727533065622449e-16
  outer loop
    vertex 74.25975511857308 31.331966706150737 47.20903651558338
    vertex 74.08417959803091 31.331966706150755 54.534935662041775
    vertex 75.32204453356512 31.3319667061507 51.14894983455723
  endloop
endfacet
facet normal 1.2656048095435171e-14 1.0 3.727533065622449e-16
  outer loop
    vertex 74.25975511857308 31.331966706150737 47.20903651558338
    vertex 75.32204453356512 31.3319667061507 51.14894983455723
    vertex 74.64704663767507 31.331966706150734 44.64151097946527
  endloop
endfacet
facet normal 1.2656048095435171e-14 1.0 3.727533065622449e-16
  outer loop
    vertex 74.64704663767507 31.331966706150734 44.64151097946527
    vertex 75.32204453356512 31.3319667061507 51.14894983455723
    vertex 76.66920179271683 31.33196670615067 44.641510979465295
  endloop
endfacet
facet normal 1.2656048095435171e-14 1.0 3.727533065622449e-16
  outer loop
    vertex 76.66920179271683 31.33196670615067 44.641510979465295
    vertex 75.32204453356512 31.3319667061507 51.14894983455723
    vertex 76.2160503200407 31.331966706150688 47.64565106630068
  endloop
endfacet
facet normal 0.9864519303523388 -9.382358015943188e-15 -0.16405056874069263
  outer loop
    vertex 13.614603873077149 31.331966706151483 47.20903651558262
    vertex 13.227312353975243 27.33196670615154 44.641510979464485
    vertex 13.22731235397526 31.331966706151483 44.641510979464485
  endloop
endfacet
facet normal 0.9864519303523388 -9.382358015943188e-15 -0.16405056874069263
  outer loop
    vertex 13.227312353975243 27.33196670615154 44.641510979464485
    vertex 13.614603873077149 31.331966706151483 47.20903651558262
    vertex 13.614603873077119 27.33196670615152 47.20903651558262
  endloop
endfacet
facet normal 0.9626266869937364 -1.2190012954205415e-14 -0.2708317955622328
  outer loop
    vertex 14.45442749067531 31.331966706151473 50.5000141463691
    vertex 13.614603873077119 27.33196670615152 47.20903651558262
    vertex 13.614603873077149 31.331966706151483 47.20903651558262
  endloop
endfacet
facet normal 0.9626266869937364 -1.2190012954205415e-14 -0.2708317955622328
  outer loop
    vertex 13.614603873077119 27.33196670615152 47.20903651558262
    vertex 14.45442749067531 31.331966706151473 50.5000141463691
    vertex 14.454427490675279 27.33196670615149 50.5000141463691
  endloop
endfacet
facet normal 0.9274956889184982 -1.1714590360888625e-14 -0.3738338495075055
  outer loop
    vertex 15.617270308904418 31.3319667061515 53.68078871158187
    vertex 14.454427490675279 27.33196670615149 50.5000141463691
    vertex 14.45442749067531 31.331966706151473 50.5000141463691
  endloop
endfacet
facet normal 0.9274956889184982 -1.1714590360888625e-14 -0.3738338495075055
  outer loop
    vertex 14.454427490675279 27.33196670615149 50.5000141463691
    vertex 15.617270308904418 31.3319667061515 53.68078871158187
    vertex 15.617270308904384 27.331966706151498 53.68078871158189
  endloop
endfacet
facet normal 0.8817413657732037 -1.1105213670842268e-14 -0.47173314902008445
  outer loop
    vertex 17.09039197850742 31.331966706151476 56.716510979464594
    vertex 15.617270308904384 27.331966706151498 53.68078871158189
    vertex 15.617270308904418 31.3319667061515 53.68078871158187
  endloop
endfacet
facet normal 0.8817413657732037 -1.1105213670842268e-14 -0.47173314902008445
  outer loop
    vertex 15.617270308904384 27.331966706151498 53.68078871158189
    vertex 17.09039197850742 31.331966706151476 56.716510979464594
    vertex 17.090391978507377 27.33196670615148 56.716510979464594
  endloop
endfacet
facet normal 0.8262043493499719 -1.0372905729380377e-14 -0.5633705469006963
  outer loop
    vertex 18.857652670201595 31.331966706151455 59.57392094158461
    vertex 17.090391978507377 27.33196670615148 56.716510979464594
    vertex 17.09039197850742 31.331966706151476 56.716510979464594
  endloop
endfacet
facet normal 0.8262043493499719 -1.0372905729380377e-14 -0.5633705469006963
  outer loop
    vertex 17.090391978507377 27.33196670615148 56.716510979464594
    vertex 18.857652670201595 31.331966706151455 59.57392094158461
    vertex 18.857652670201563 27.33196670615146 59.57392094158461
  endloop
endfacet
facet normal 0.7618365875588123 -9.530058133757447e-15 -0.6477692597343163
  outer loop
    vertex 20.8996899060257 31.331966706151388 62.221712216445475
    vertex 18.857652670201563 27.33196670615146 59.57392094158461
    vertex 18.857652670201595 31.331966706151455 59.57392094158461
  endloop
endfacet
facet normal 0.7618365875588123 -9.530058133757447e-15 -0.6477692597343163
  outer loop
    vertex 18.857652670201563 27.33196670615146 59.57392094158461
    vertex 20.8996899060257 31.331966706151388 62.221712216445475
    vertex 20.899689906025653 27.331966706151388 62.221712216445475
  endloop
endfacet
facet normal 0.689655172413799 -8.589842199604634e-15 -0.724137931034477
  outer loop
    vertex 23.19413069870026 27.331966706151363 64.63087504875386
    vertex 20.8996899060257 31.331966706151388 62.221712216445475
    vertex 23.194130698700302 31.33196670615136 64.63087504875386
  endloop
endfacet
facet normal 0.689655172413799 -8.589842199604634e-15 -0.724137931034477
  outer loop
    vertex 20.8996899060257 31.331966706151388 62.221712216445475
    vertex 23.19413069870026 27.331966706151363 64.63087504875386
    vertex 20.899689906025653 27.331966706151388 62.221712216445475
  endloop
endfacet
facet normal 0.610701341582523 -7.565689266074798e-15 -0.7918610177230009
  outer loop
    vertex 25.71583667475818 27.331966706151327 66.77501414636923
    vertex 23.194130698700302 31.33196670615136 64.63087504875386
    vertex 25.715836674758222 31.331966706151327 66.77501414636923
  endloop
endfacet
facet normal 0.610701341582523 -7.565689266074798e-15 -0.7918610177230009
  outer loop
    vertex 23.194130698700302 31.33196670615136 64.63087504875386
    vertex 25.71583667475818 27.331966706151327 66.77501414636923
    vertex 23.19413069870026 27.331966706151363 64.63087504875386
  endloop
endfacet
facet normal 0.526007671442268 -6.470877887227372e-15 -0.8504798231491933
  outer loop
    vertex 28.437179495824797 27.33196670615129 68.63063787264825
    vertex 25.715836674758222 31.331966706151327 66.77501414636923
    vertex 28.437179495824854 31.33196670615129 68.63063787264825
  endloop
endfacet
facet normal 0.526007671442268 -6.470877887227372e-15 -0.8504798231491933
  outer loop
    vertex 25.715836674758222 31.331966706151327 66.77501414636923
    vertex 28.437179495824797 27.33196670615129 68.63063787264825
    vertex 25.71583667475818 27.331966706151327 66.77501414636923
  endloop
endfacet
facet normal 0.43657494133263164 -5.318245753895634e-15 -0.8996678946146791
  outer loop
    vertex 31.328343560474988 27.331966706151277 70.17741562573147
    vertex 28.437179495824854 31.33196670615129 68.63063787264825
    vertex 31.328343560475034 31.331966706151253 70.17741562573147
  endloop
endfacet
facet normal 0.43657494133263164 -5.318245753895634e-15 -0.8996678946146791
  outer loop
    vertex 28.437179495824854 31.33196670615129 68.63063787264825
    vertex 31.328343560474988 27.331966706151277 70.17741562573147
    vertex 28.437179495824797 27.33196670615129 68.63063787264825
  endloop
endfacet
facet normal 0.3433588133247417 -4.120027232304932e-15 -0.9392043043514148
  outer loop
    vertex 34.3576526702014 27.33196670615125 71.39840058487205
    vertex 31.328343560475034 31.331966706151253 70.17741562573147
    vertex 34.35765267020145 31.331966706151242 71.39840058487205
  endloop
endfacet
facet normal 0.3433588133247417 -4.120027232304932e-15 -0.9392043043514148
  outer loop
    vertex 31.328343560475034 31.331966706151253 70.17741562573147
    vertex 34.3576526702014 27.33196670615125 71.39840058487205
    vertex 31.328343560474988 27.331966706151277 70.17741562573147
  endloop
endfacet
facet normal 0.24726549669805922 -2.8878051364173542e-15 -0.9689477664676573
  outer loop
    vertex 37.4919170804743 31.331966706151174 72.28021538335021
    vertex 34.3576526702014 27.33196670615125 71.39840058487205
    vertex 34.35765267020145 31.331966706151242 71.39840058487205
  endloop
endfacet
facet normal 0.24726549669805922 -2.8878051364173542e-15 -0.9689477664676573
  outer loop
    vertex 34.3576526702014 27.33196670615125 71.39840058487205
    vertex 37.4919170804743 31.331966706151174 72.28021538335021
    vertex 37.49191708047425 27.331966706151174 72.28021538335021
  endloop
endfacet
facet normal 0.14915497643652437 -1.6325580286848358e-15 -0.98881383131721
  outer loop
    vertex 40.69679713452751 27.331966706151135 72.81319867370219
    vertex 37.4919170804743 31.331966706151174 72.28021538335021
    vertex 40.69679713452756 31.331966706151135 72.81319867370219
  endloop
endfacet
facet normal 0.14915497643652437 -1.6325580286848358e-15 -0.98881383131721
  outer loop
    vertex 37.4919170804743 31.331966706151174 72.28021538335021
    vertex 40.69679713452751 27.331966706151135 72.81319867370219
    vertex 37.49191708047425 27.331966706151174 72.28021538335021
  endloop
endfacet
facet normal 0.0498501154484916 -3.6478109560857427e-16 -0.9987567101100107
  outer loop
    vertex 43.93717949582474 27.331966706151107 72.99151097946495
    vertex 40.69679713452756 31.331966706151135 72.81319867370219
    vertex 43.93717949582479 31.331966706151107 72.99151097946495
  endloop
endfacet
facet normal 0.0498501154484916 -3.6478109560857427e-16 -0.9987567101100107
  outer loop
    vertex 40.69679713452756 31.331966706151135 72.81319867370219
    vertex 43.93717949582474 27.331966706151107 72.99151097946495
    vertex 40.69679713452751 27.331966706151135 72.81319867370219
  endloop
endfacet
facet normal -0.049850115448464495 9.053419096951939e-16 -0.998756710110012
  outer loop
    vertex 47.17756185712203 27.331966706151075 72.81319867370229
    vertex 43.93717949582479 31.331966706151107 72.99151097946495
    vertex 47.177561857122086 31.33196670615108 72.81319867370229
  endloop
endfacet
facet normal -0.049850115448464495 9.053419096951939e-16 -0.998756710110012
  outer loop
    vertex 43.93717949582479 31.331966706151107 72.99151097946495
    vertex 47.17756185712203 27.331966706151075 72.81319867370229
    vertex 43.93717949582474 27.331966706151107 72.99151097946495
  endloop
endfacet
facet normal -0.1491549764364992 2.167737421450157e-15 -0.9888138313172138
  outer loop
    vertex 50.38244191117535 31.33196670615101 72.2802153833504
    vertex 47.17756185712203 27.331966706151075 72.81319867370229
    vertex 47.177561857122086 31.33196670615108 72.81319867370229
  endloop
endfacet
facet normal -0.1491549764364992 2.167737421450157e-15 -0.9888138313172138
  outer loop
    vertex 47.17756185712203 27.331966706151075 72.81319867370229
    vertex 50.38244191117535 31.33196670615101 72.2802153833504
    vertex 50.3824419111753 27.33196670615101 72.2802153833504
  endloop
endfacet
facet normal -0.2472654966980344 3.412232344912904e-15 -0.9689477664676637
  outer loop
    vertex 53.51670632144813 27.331966706150972 71.3984005848723
    vertex 50.38244191117535 31.33196670615101 72.2802153833504
    vertex 53.516706321448254 31.331966706150972 71.3984005848723
  endloop
endfacet
facet normal -0.2472654966980344 3.412232344912904e-15 -0.9689477664676637
  outer loop
    vertex 50.38244191117535 31.33196670615101 72.2802153833504
    vertex 53.51670632144813 27.331966706150972 71.3984005848723
    vertex 50.3824419111753 27.33196670615101 72.2802153833504
  endloop
endfacet
facet normal -0.3433588133247178 4.628356276019645e-15 -0.9392043043514238
  outer loop
    vertex 56.54601543117452 27.33196670615095 70.17741562573175
    vertex 53.516706321448254 31.331966706150972 71.3984005848723
    vertex 56.54601543117463 31.33196670615093 70.17741562573174
  endloop
endfacet
facet normal -0.3433588133247178 4.628356276019645e-15 -0.9392043043514238
  outer loop
    vertex 53.516706321448254 31.331966706150972 71.3984005848723
    vertex 56.54601543117452 27.33196670615095 70.17741562573175
    vertex 53.51670632144813 27.331966706150972 71.3984005848723
  endloop
endfacet
facet normal -0.4365749413326086 5.805176359315007e-15 -0.8996678946146902
  outer loop
    vertex 59.437179495824786 27.331966706150897 68.63063787264863
    vertex 56.54601543117463 31.33196670615093 70.17741562573174
    vertex 59.43717949582492 31.331966706150897 68.63063787264863
  endloop
endfacet
facet normal -0.4365749413326086 5.805176359315007e-15 -0.8996678946146902
  outer loop
    vertex 56.54601543117463 31.33196670615093 70.17741562573174
    vertex 59.437179495824786 27.331966706150897 68.63063787264863
    vertex 56.54601543117452 27.33196670615095 70.17741562573175
  endloop
endfacet
facet normal -0.5260076714422458 6.93118624952628e-15 -0.8504798231492069
  outer loop
    vertex 62.15852231689142 27.331966706150865 66.77501414636973
    vertex 59.43717949582492 31.331966706150897 68.63063787264863
    vertex 62.15852231689153 31.33196670615086 66.77501414636971
  endloop
endfacet
facet normal -0.5260076714422458 6.93118624952628e-15 -0.8504798231492069
  outer loop
    vertex 59.43717949582492 31.331966706150897 68.63063787264863
    vertex 62.15852231689142 27.331966706150865 66.77501414636973
    vertex 59.437179495824786 27.331966706150897 68.63063787264863
  endloop
endfacet
facet normal -0.6107013415825026 7.994271153986905e-15 -0.7918610177230166
  outer loop
    vertex 64.68022829294944 27.33196670615083 64.63087504875438
    vertex 62.15852231689153 31.33196670615086 66.77501414636971
    vertex 64.68022829294955 31.33196670615083 64.63087504875438
  endloop
endfacet
facet normal -0.6107013415825026 7.994271153986905e-15 -0.7918610177230166
  outer loop
    vertex 62.15852231689153 31.33196670615086 66.77501414636971
    vertex 64.68022829294944 27.33196670615083 64.63087504875438
    vertex 62.15852231689142 27.331966706150865 66.77501414636973
  endloop
endfacet
facet normal -0.689655172413781 8.981770069073374e-15 -0.7241379310344941
  outer loop
    vertex 66.97466908562404 27.3319667061508 62.221712216446065
    vertex 64.68022829294955 31.33196670615083 64.63087504875438
    vertex 66.97466908562416 31.3319667061508 62.221712216446065
  endloop
endfacet
facet normal -0.689655172413781 8.981770069073374e-15 -0.7241379310344941
  outer loop
    vertex 64.68022829294955 31.33196670615083 64.63087504875438
    vertex 66.97466908562404 27.3319667061508 62.221712216446065
    vertex 64.68022829294944 27.33196670615083 64.63087504875438
  endloop
endfacet
facet normal -0.7618365875587956 9.880652702822936e-15 -0.647769259734336
  outer loop
    vertex 66.97466908562404 27.3319667061508 62.221712216446065
    vertex 69.01670632144832 31.33196670615082 59.57392094158526
    vertex 69.01670632144821 27.33196670615082 59.57392094158526
  endloop
endfacet
facet normal -0.7618365875587956 9.880652702822936e-15 -0.647769259734336
  outer loop
    vertex 69.01670632144832 31.33196670615082 59.57392094158526
    vertex 66.97466908562404 27.3319667061508 62.221712216446065
    vertex 66.97466908562416 31.3319667061508 62.221712216446065
  endloop
endfacet
facet normal -0.826204349349958 1.0677820868755534e-14 -0.5633705469007166
  outer loop
    vertex 69.01670632144821 27.33196670615082 59.57392094158526
    vertex 70.78396701314257 31.331966706150794 56.71651097946527
    vertex 70.78396701314246 27.331966706150798 56.71651097946527
  endloop
endfacet
facet normal -0.826204349349958 1.0677820868755534e-14 -0.5633705469007166
  outer loop
    vertex 70.78396701314257 31.331966706150794 56.71651097946527
    vertex 69.01670632144821 27.33196670615082 59.57392094158526
    vertex 69.01670632144832 31.33196670615082 59.57392094158526
  endloop
endfacet
facet normal -0.8817413657731921 1.1360531560058607e-14 -0.47173314902010627
  outer loop
    vertex 70.78396701314246 27.331966706150798 56.71651097946527
    vertex 72.25708868274566 31.33196670615078 53.680788711582615
    vertex 72.25708868274555 27.331966706150773 53.680788711582615
  endloop
endfacet
facet normal -0.8817413657731921 1.1360531560058607e-14 -0.47173314902010627
  outer loop
    vertex 72.25708868274566 31.33196670615078 53.680788711582615
    vertex 70.78396701314246 27.331966706150798 56.71651097946527
    vertex 70.78396701314257 31.331966706150794 56.71651097946527
  endloop
endfacet
facet normal -0.927495688918489 1.1916921847603401e-14 -0.37383384950752846
  outer loop
    vertex 72.25708868274555 27.331966706150773 53.680788711582615
    vertex 73.41993150097484 31.331966706150723 50.50001414636984
    vertex 73.41993150097473 27.331966706150723 50.50001414636984
  endloop
endfacet
facet normal -0.927495688918489 1.1916921847603401e-14 -0.37383384950752846
  outer loop
    vertex 73.41993150097484 31.331966706150723 50.50001414636984
    vertex 72.25708868274555 27.331966706150773 53.680788711582615
    vertex 72.25708868274566 31.33196670615078 53.680788711582615
  endloop
endfacet
facet normal -0.9626266869937296 1.23365962556318e-14 -0.2708317955622572
  outer loop
    vertex 73.41993150097473 27.331966706150723 50.50001414636984
    vertex 74.25975511857308 31.331966706150737 47.20903651558338
    vertex 74.25975511857297 27.33196670615075 47.20903651558337
  endloop
endfacet
facet normal -0.9626266869937296 1.23365962556318e-14 -0.2708317955622572
  outer loop
    vertex 74.25975511857308 31.331966706150737 47.20903651558338
    vertex 73.41993150097473 27.331966706150723 50.50001414636984
    vertex 73.41993150097484 31.331966706150723 50.50001414636984
  endloop
endfacet
facet normal -0.9864519303523301 1.2633315190665594e-14 -0.16405056874074353
  outer loop
    vertex 74.25975511857297 27.33196670615075 47.20903651558337
    vertex 74.64704663767507 31.331966706150734 44.64151097946527
    vertex 74.647046637675 27.331966706150734 44.64151097946527
  endloop
endfacet
facet normal -0.9864519303523301 1.2633315190665594e-14 -0.16405056874074353
  outer loop
    vertex 74.64704663767507 31.331966706150734 44.64151097946527
    vertex 74.25975511857297 27.33196670615075 47.20903651558337
    vertex 74.25975511857308 31.331966706150737 47.20903651558338
  endloop
endfacet
facet normal 0.9864519303523336 -1.2518135853680007e-14 0.16405056874072324
  outer loop
    vertex 76.2160503200407 31.331966706150688 47.64565106630068
    vertex 76.66920179271679 27.331966706150673 44.641510979465295
    vertex 76.66920179271683 31.33196670615067 44.641510979465295
  endloop
endfacet
facet normal 0.9864519303523336 -1.2518135853680007e-14 0.16405056874072324
  outer loop
    vertex 76.66920179271679 27.331966706150673 44.641510979465295
    vertex 76.2160503200407 31.331966706150688 47.64565106630068
    vertex 76.21605032004058 27.33196670615069 47.64565106630069
  endloop
endfacet
facet normal 0.9626266869937271 -1.2336596255631773e-14 0.27083179556226533
  outer loop
    vertex 75.32204453356512 31.3319667061507 51.14894983455723
    vertex 76.21605032004058 27.33196670615069 47.64565106630069
    vertex 76.2160503200407 31.331966706150688 47.64565106630068
  endloop
endfacet
facet normal 0.9626266869937271 -1.2336596255631773e-14 0.27083179556226533
  outer loop
    vertex 76.21605032004058 27.33196670615069 47.64565106630069
    vertex 75.32204453356512 31.3319667061507 51.14894983455723
    vertex 75.322044533565 27.331966706150702 51.14894983455725
  endloop
endfacet
facet normal 0.9274956889184904 -1.1916921847603431e-14 0.37383384950752474
  outer loop
    vertex 74.08417959803091 31.331966706150755 54.534935662041775
    vertex 75.322044533565 27.331966706150702 51.14894983455725
    vertex 75.32204453356512 31.3319667061507 51.14894983455723
  endloop
endfacet
facet normal 0.9274956889184904 -1.1916921847603431e-14 0.37383384950752474
  outer loop
    vertex 75.322044533565 27.331966706150702 51.14894983455725
    vertex 74.08417959803091 31.331966706150755 54.534935662041775
    vertex 74.08417959803076 27.33196670615075 54.534935662041775
  endloop
endfacet
facet normal 0.8817413657731957 -1.136053156005867e-14 0.47173314902009916
  outer loop
    vertex 72.51601782071148 31.331966706150773 57.76651097946527
    vertex 74.08417959803076 27.33196670615075 54.534935662041775
    vertex 74.08417959803091 31.331966706150755 54.534935662041775
  endloop
endfacet
facet normal 0.8817413657731957 -1.136053156005867e-14 0.47173314902009916
  outer loop
    vertex 74.08417959803076 27.33196670615075 54.534935662041775
    vertex 72.51601782071148 31.331966706150773 57.76651097946527
    vertex 72.51601782071137 27.331966706150773 57.76651097946527
  endloop
endfacet
facet normal 0.8262043493499542 -1.0677820868755486e-14 0.563370546900722
  outer loop
    vertex 70.63474031019821 31.331966706150794 60.80826997139943
    vertex 72.51601782071137 27.331966706150773 57.76651097946527
    vertex 72.51601782071148 31.331966706150773 57.76651097946527
  endloop
endfacet
facet normal 0.8262043493499542 -1.0677820868755486e-14 0.563370546900722
  outer loop
    vertex 72.51601782071137 27.331966706150773 57.76651097946527
    vertex 70.63474031019821 31.331966706150794 60.80826997139943
    vertex 70.6347403101981 27.331966706150798 60.80826997139945
  endloop
endfacet
facet normal 0.7618365875587948 -9.880652702822925e-15 0.6477692597343367
  outer loop
    vertex 68.46095873657893 31.331966706150823 63.62688648979969
    vertex 70.6347403101981 27.331966706150798 60.80826997139945
    vertex 70.63474031019821 31.331966706150794 60.80826997139943
  endloop
endfacet
facet normal 0.7618365875587948 -9.880652702822925e-15 0.6477692597343367
  outer loop
    vertex 70.6347403101981 27.331966706150798 60.80826997139945
    vertex 68.46095873657893 31.331966706150823 63.62688648979969
    vertex 68.46095873657882 27.331966706150826 63.62688648979969
  endloop
endfacet
facet normal 0.6896551724137818 -8.981770069073385e-15 0.7241379310344935
  outer loop
    vertex 66.0184895056672 31.331966706150812 66.19147918225691
    vertex 68.46095873657882 27.331966706150826 63.62688648979969
    vertex 68.46095873657893 31.331966706150823 63.62688648979969
  endloop
endfacet
facet normal 0.6896551724137818 -8.981770069073385e-15 0.7241379310344935
  outer loop
    vertex 68.46095873657882 27.331966706150826 63.62688648979969
    vertex 66.0184895056672 31.331966706150812 66.19147918225691
    vertex 66.01848950566709 27.331966706150816 66.19147918225691
  endloop
endfacet
facet normal 0.6107013415825029 -7.994271153986895e-15 0.7918610177230164
  outer loop
    vertex 63.33409282147635 27.331966706150848 68.4739498345571
    vertex 66.0184895056672 31.331966706150812 66.19147918225691
    vertex 63.33409282147646 31.331966706150848 68.4739498345571
  endloop
endfacet
facet normal 0.6107013415825029 -7.994271153986895e-15 0.7918610177230164
  outer loop
    vertex 66.0184895056672 31.331966706150812 66.19147918225691
    vertex 63.33409282147635 27.331966706150848 68.4739498345571
    vertex 66.01848950566709 27.331966706150816 66.19147918225691
  endloop
endfacet
facet normal 0.5260076714422457 -6.931186249526278e-15 0.850479823149207
  outer loop
    vertex 60.437179495824765 27.331966706150922 70.44929122059594
    vertex 63.33409282147646 31.331966706150848 68.4739498345571
    vertex 60.4371794958249 31.331966706150926 70.44929122059594
  endloop
endfacet
facet normal 0.5260076714422457 -6.931186249526278e-15 0.850479823149207
  outer loop
    vertex 63.33409282147646 31.331966706150848 68.4739498345571
    vertex 60.437179495824765 27.331966706150922 70.44929122059594
    vertex 63.33409282147635 27.331966706150848 68.4739498345571
  endloop
endfacet
facet normal 0.43657494133260843 -5.805176359314998e-15 0.8996678946146903
  outer loop
    vertex 57.35948871732625 31.331966706150947 72.09586108678121
    vertex 60.437179495824765 27.331966706150922 70.44929122059594
    vertex 60.4371794958249 31.331966706150926 70.44929122059594
  endloop
endfacet
facet normal 0.43657494133260843 -5.805176359314998e-15 0.8996678946146903
  outer loop
    vertex 60.437179495824765 27.331966706150922 70.44929122059594
    vertex 57.35948871732625 31.331966706150947 72.09586108678121
    vertex 57.35948871732614 27.331966706150954 72.09586108678121
  endloop
endfacet
facet normal 0.3433588133247183 -4.628356276019649e-15 0.9392043043514234
  outer loop
    vertex 54.13474031019806 31.331966706150975 73.39561926909211
    vertex 57.35948871732614 27.331966706150954 72.09586108678121
    vertex 57.35948871732625 31.331966706150947 72.09586108678121
  endloop
endfacet
facet normal 0.3433588133247183 -4.628356276019649e-15 0.9392043043514234
  outer loop
    vertex 57.35948871732614 27.331966706150954 72.09586108678121
    vertex 54.13474031019806 31.331966706150975 73.39561926909211
    vertex 54.134740310198005 27.331966706150972 73.39561926909211
  endloop
endfacet
facet normal 0.2472654966980344 -3.412232344912904e-15 0.9689477664676637
  outer loop
    vertex 50.798265292810754 27.331966706151018 74.33432534489137
    vertex 54.13474031019806 31.331966706150975 73.39561926909211
    vertex 50.798265292810804 31.331966706151015 74.33432534489137
  endloop
endfacet
facet normal 0.2472654966980344 -3.412232344912904e-15 0.9689477664676637
  outer loop
    vertex 54.13474031019806 31.331966706150975 73.39561926909211
    vertex 50.798265292810754 27.331966706151018 74.33432534489137
    vertex 54.134740310198005 27.331966706150972 73.39561926909211
  endloop
endfacet
facet normal -0.1491549764365111 1.8653485274986732e-15 0.9888138313172121
  outer loop
    vertex 37.07609369883869 27.331966706151192 74.3343253448912
    vertex 38.949491155229666 31.331966706151157 74.64587820290888
    vertex 37.07609369883875 31.33196670615119 74.3343253448912
  endloop
endfacet
facet normal -0.1491549764365111 1.8653485274986732e-15 0.9888138313172121
  outer loop
    vertex 38.949491155229666 31.331966706151157 74.64587820290888
    vertex 37.07609369883869 27.331966706151192 74.3343253448912
    vertex 38.949491155229616 27.331966706151164 74.64587820290888
  endloop
endfacet
facet normal -0.24726549669805625 2.887805136417319e-15 0.9689477664676581
  outer loop
    vertex 33.73961868145147 27.33196670615124 73.39561926909185
    vertex 37.07609369883875 31.33196670615119 74.3343253448912
    vertex 33.739618681451525 31.331966706151235 73.39561926909185
  endloop
endfacet
facet normal -0.24726549669805625 2.887805136417319e-15 0.9689477664676581
  outer loop
    vertex 37.07609369883875 31.33196670615119 74.3343253448912
    vertex 33.73961868145147 27.33196670615124 73.39561926909185
    vertex 37.07609369883869 27.331966706151192 74.3343253448912
  endloop
endfacet
facet normal -0.3433588133247436 4.120027232304948e-15 0.9392043043514142
  outer loop
    vertex 30.51487027432341 31.331966706151263 72.09586108678086
    vertex 33.73961868145147 27.33196670615124 73.39561926909185
    vertex 33.739618681451525 31.331966706151235 73.39561926909185
  endloop
endfacet
facet normal -0.3433588133247436 4.120027232304948e-15 0.9392043043514142
  outer loop
    vertex 33.73961868145147 27.33196670615124 73.39561926909185
    vertex 30.51487027432341 31.331966706151263 72.09586108678086
    vertex 30.514870274323368 27.331966706151267 72.09586108678089
  endloop
endfacet
facet normal -0.4365749413326314 5.318245753895631e-15 0.8996678946146792
  outer loop
    vertex 27.43717949582478 27.331966706151306 70.44929122059551
    vertex 30.51487027432341 31.331966706151263 72.09586108678086
    vertex 27.437179495824832 31.331966706151302 70.44929122059551
  endloop
endfacet
facet normal -0.4365749413326314 5.318245753895631e-15 0.8996678946146792
  outer loop
    vertex 30.51487027432341 31.331966706151263 72.09586108678086
    vertex 27.43717949582478 27.331966706151306 70.44929122059551
    vertex 30.514870274323368 27.331966706151267 72.09586108678089
  endloop
endfacet
facet normal -0.5260076714422659 6.470877887227339e-15 0.8504798231491945
  outer loop
    vertex 24.54026617017323 27.331966706151345 68.47394983455662
    vertex 27.437179495824832 31.331966706151302 70.44929122059551
    vertex 24.540266170173243 31.33196670615134 68.47394983455662
  endloop
endfacet
facet normal -0.5260076714422659 6.470877887227339e-15 0.8504798231491945
  outer loop
    vertex 27.437179495824832 31.331966706151302 70.44929122059551
    vertex 24.54026617017323 27.331966706151345 68.47394983455662
    vertex 27.43717949582478 27.331966706151306 70.44929122059551
  endloop
endfacet
facet normal -0.6107013415825226 7.565689266074796e-15 0.791861017723001
  outer loop
    vertex 21.855869485982517 27.331966706151377 66.19147918225637
    vertex 24.540266170173243 31.33196670615134 68.47394983455662
    vertex 21.855869485982556 31.331966706151377 66.19147918225637
  endloop
endfacet
facet normal -0.6107013415825226 7.565689266074796e-15 0.791861017723001
  outer loop
    vertex 24.540266170173243 31.33196670615134 68.47394983455662
    vertex 21.855869485982517 27.331966706151377 66.19147918225637
    vertex 24.54026617017323 27.331966706151345 68.47394983455662
  endloop
endfacet
facet normal -0.6896551724138069 8.589842199604738e-15 0.7241379310344694
  outer loop
    vertex 21.855869485982517 27.331966706151377 66.19147918225637
    vertex 19.41340025507093 31.331966706151448 63.626886489799034
    vertex 19.41340025507089 27.331966706151444 63.626886489799034
  endloop
endfacet
facet normal -0.6896551724138069 8.589842199604738e-15 0.7241379310344694
  outer loop
    vertex 19.41340025507093 31.331966706151448 63.626886489799034
    vertex 21.855869485982517 27.331966706151377 66.19147918225637
    vertex 21.855869485982556 31.331966706151377 66.19147918225637
  endloop
endfacet
facet normal -0.7618365875588041 9.530058133757343e-15 0.647769259734326
  outer loop
    vertex 19.41340025507089 27.331966706151444 63.626886489799034
    vertex 17.239618681451688 31.331966706151476 60.80826997139879
    vertex 17.239618681451656 27.331966706151473 60.80826997139879
  endloop
endfacet
facet normal -0.7618365875588041 9.530058133757343e-15 0.647769259734326
  outer loop
    vertex 17.239618681451688 31.331966706151476 60.80826997139879
    vertex 19.41340025507089 27.331966706151444 63.626886489799034
    vertex 19.41340025507093 31.331966706151448 63.626886489799034
  endloop
endfacet
facet normal -0.8262043493499742 1.0372905729380389e-14 0.5633705469006925
  outer loop
    vertex 17.239618681451656 27.331966706151473 60.80826997139879
    vertex 15.358341170938548 31.3319667061515 57.76651097946458
    vertex 15.358341170938514 27.3319667061515 57.76651097946458
  endloop
endfacet
facet normal -0.8262043493499742 1.0372905729380389e-14 0.5633705469006925
  outer loop
    vertex 15.358341170938548 31.3319667061515 57.76651097946458
    vertex 17.239618681451656 27.331966706151473 60.80826997139879
    vertex 17.239618681451688 31.331966706151476 60.80826997139879
  endloop
endfacet
facet normal -0.8817413657732018 1.1105213670842226e-14 0.471733149020088
  outer loop
    vertex 13.790179393619166 27.33196670615152 54.53493566204103
    vertex 15.358341170938548 31.3319667061515 57.76651097946458
    vertex 13.7901793936192 31.331966706151523 54.53493566204101
  endloop
endfacet
facet normal -0.8817413657732018 1.1105213670842226e-14 0.471733149020088
  outer loop
    vertex 15.358341170938548 31.3319667061515 57.76651097946458
    vertex 13.790179393619166 27.33196670615152 54.53493566204103
    vertex 15.358341170938514 27.3319667061515 57.76651097946458
  endloop
endfacet
facet normal -0.9274956889184999 1.1714590360888634e-14 0.3738338495075016
  outer loop
    vertex 13.790179393619166 27.33196670615152 54.53493566204103
    vertex 12.552314458085021 31.3319667061515 51.14894983455646
    vertex 12.55231445808497 27.3319667061515 51.14894983455646
  endloop
endfacet
facet normal -0.9274956889184999 1.1714590360888634e-14 0.3738338495075016
  outer loop
    vertex 12.552314458085021 31.3319667061515 51.14894983455646
    vertex 13.790179393619166 27.33196670615152 54.53493566204103
    vertex 13.7901793936192 31.331966706151523 54.53493566204101
  endloop
endfacet
facet normal -0.9626266869937341 1.219001295420539e-14 0.2708317955622411
  outer loop
    vertex 11.658308671609477 27.331966706151512 47.645651066299884
    vertex 12.552314458085021 31.3319667061515 51.14894983455646
    vertex 11.658308671609527 31.331966706151512 47.645651066299884
  endloop
endfacet
facet normal -0.9626266869937341 1.219001295420539e-14 0.2708317955622411
  outer loop
    vertex 12.552314458085021 31.3319667061515 51.14894983455646
    vertex 11.658308671609477 27.331966706151512 47.645651066299884
    vertex 12.55231445808497 27.3319667061515 51.14894983455646
  endloop
endfacet
facet normal -0.9864519303523395 1.1948190114791852e-14 0.16405056874068738
  outer loop
    vertex 11.658308671609477 27.331966706151512 47.645651066299884
    vertex 11.205157198933467 31.331966706151505 44.641510979464464
    vertex 11.205157198933415 27.331966706151526 44.641510979464435
  endloop
endfacet
facet normal -0.9864519303523395 1.1948190114791852e-14 0.16405056874068738
  outer loop
    vertex 11.205157198933467 31.331966706151505 44.641510979464464
    vertex 11.658308671609477 27.331966706151512 47.645651066299884
    vertex 11.658308671609527 31.331966706151512 47.645651066299884
  endloop
endfacet
facet normal -1.3973354058463173e-14 -2.5159390821473038e-17 1.0
  outer loop
    vertex 39.93717949582473 27.33196670615118 74.81013439120115
    vertex 47.937179495824765 31.33196670615108 74.81013439120126
    vertex 39.93717949582478 31.331966706151178 74.81013439120115
  endloop
endfacet
facet normal -1.3973354058463173e-14 -2.5159390821473038e-17 1.0
  outer loop
    vertex 47.937179495824765 31.33196670615108 74.81013439120126
    vertex 39.93717949582473 27.33196670615118 74.81013439120115
    vertex 47.937179495824715 27.33196670615108 74.81013439120126
  endloop
endfacet
facet normal 8.57541139398796e-15 -4.015637029247043e-15 -1.0
  outer loop
    vertex 13.227312353975249 27.33196670615154 37.29151097946448
    vertex 11.20515719893355 31.331966706151476 37.29151097946444
    vertex 13.227312353975282 31.331966706151505 37.291510979464455
  endloop
endfacet
facet normal 8.57541139398796e-15 -4.015637029247043e-15 -1.0
  outer loop
    vertex 11.20515719893355 31.331966706151476 37.29151097946444
    vertex 13.227312353975249 27.33196670615154 37.29151097946448
    vertex 11.205157198933493 27.331966706151526 37.29151097946445
  endloop
endfacet
facet normal -1.0 1.2965090396030092e-14 -9.403260206509784e-15
  outer loop
    vertex 11.205157198933493 27.331966706151526 37.29151097946445
    vertex 11.205157198933561 32.14352269802137 37.51908403746703
    vertex 11.20515719893355 31.331966706151476 37.29151097946444
  endloop
endfacet
facet normal -1.0 1.2965090396030092e-14 -9.403260206509784e-15
  outer loop
    vertex 11.205157198933561 32.14352269802137 37.51908403746703
    vertex 11.205157198933493 27.331966706151526 37.29151097946445
    vertex 11.20515719893352 29.731966706151457 38.96599229672244
  endloop
endfacet
facet normal -1.0 1.2965090396030092e-14 -9.403260206509784e-15
  outer loop
    vertex 11.20515719893352 29.731966706151457 38.96599229672244
    vertex 11.205157198933493 27.331966706151526 37.29151097946445
    vertex 11.205157198933518 29.27633178754105 39.33309431492357
  endloop
endfacet
facet normal -1.0 1.2965090396030092e-14 -9.403260206509784e-15
  outer loop
    vertex 11.205157198933518 29.27633178754105 39.33309431492357
    vertex 11.205157198933493 27.331966706151526 37.29151097946445
    vertex 11.205157198933513 28.926710817825693 39.811510979464494
  endloop
endfacet
facet normal -1.0 1.2965090396030092e-14 -9.403260206509784e-15
  outer loop
    vertex 11.205157198933513 28.926710817825693 39.811510979464494
    vertex 11.205157198933493 27.331966706151526 37.29151097946445
    vertex 11.205157198933502 28.706929888315504 40.36863898527767
  endloop
endfacet
facet normal -1.0 1.2965090396030092e-14 -9.403260206509784e-15
  outer loop
    vertex 11.205157198933502 28.706929888315504 40.36863898527767
    vertex 11.205157198933493 27.331966706151526 37.29151097946445
    vertex 11.205157198933415 27.331966706151526 44.641510979464435
  endloop
endfacet
facet normal -1.0 1.2965090396030092e-14 -9.403260206509784e-15
  outer loop
    vertex 11.205157198933561 32.14352269802137 37.51908403746703
    vertex 11.20515719893352 29.731966706151457 38.96599229672244
    vertex 11.205157198933538 30.26256480692591 38.735222320736746
  endloop
endfacet
facet normal -1.0 1.2965090396030092e-14 -9.403260206509784e-15
  outer loop
    vertex 11.205157198933561 32.14352269802137 37.51908403746703
    vertex 11.205157198933538 30.26256480692591 38.735222320736746
    vertex 11.20515719893357 32.88104421563516 37.94125682492779
  endloop
endfacet
facet normal -1.0 1.2965090396030092e-14 -9.403260206509784e-15
  outer loop
    vertex 11.20515719893357 32.88104421563516 37.94125682492779
    vertex 11.205157198933538 30.26256480692591 38.735222320736746
    vertex 11.205157198933541 30.831966706151455 38.656510979464464
  endloop
endfacet
facet normal -1.0 1.2965090396030092e-14 -9.403260206509784e-15
  outer loop
    vertex 11.20515719893357 32.88104421563516 37.94125682492779
    vertex 11.205157198933541 30.831966706151455 38.656510979464464
    vertex 11.205157198933572 33.50289977840979 38.5341986090693
  endloop
endfacet
facet normal -1.0 1.2965090396030092e-14 -9.403260206509784e-15
  outer loop
    vertex 11.205157198933502 28.706929888315504 40.36863898527767
    vertex 11.205157198933415 27.331966706151526 44.641510979464435
    vertex 11.205157198933493 28.631966706151456 40.96651097946449
  endloop
endfacet
facet normal -1.0 1.2965090396030092e-14 -9.403260206509784e-15
  outer loop
    vertex 11.205157198933493 28.631966706151456 40.96651097946449
    vertex 11.205157198933415 27.331966706151526 44.641510979464435
    vertex 11.205157198933495 28.706929888315504 41.564382973651306
  endloop
endfacet
facet normal -1.0 1.2965090396030092e-14 -9.403260206509784e-15
  outer loop
    vertex 11.205157198933495 28.706929888315504 41.564382973651306
    vertex 11.205157198933415 27.331966706151526 44.641510979464435
    vertex 11.205157198933488 28.926710817825693 42.12151097946448
  endloop
endfacet
facet normal -1.0 1.2965090396030092e-14 -9.403260206509784e-15
  outer loop
    vertex 11.205157198933488 28.926710817825693 42.12151097946448
    vertex 11.205157198933415 27.331966706151526 44.641510979464435
    vertex 11.205157198933481 29.27633178754105 42.599927644005426
  endloop
endfacet
facet normal -1.0 1.2965090396030092e-14 -9.403260206509784e-15
  outer loop
    vertex 11.205157198933481 29.27633178754105 42.599927644005426
    vertex 11.205157198933415 27.331966706151526 44.641510979464435
    vertex 11.205157198933481 29.731966706151454 42.967029662206535
  endloop
endfacet
facet normal -1.0 1.2965090396030092e-14 -9.403260206509784e-15
  outer loop
    vertex 11.205157198933481 29.731966706151454 42.967029662206535
    vertex 11.205157198933415 27.331966706151526 44.641510979464435
    vertex 11.205157198933488 30.26256480692591 43.19779963819223
  endloop
endfacet
facet normal -1.0 1.2965090396030092e-14 -9.403260206509784e-15
  outer loop
    vertex 11.205157198933488 30.26256480692591 43.19779963819223
    vertex 11.205157198933415 27.331966706151526 44.641510979464435
    vertex 11.205157198933483 30.831966706151455 43.27651097946448
  endloop
endfacet
facet normal -1.0 1.2965090396030092e-14 -9.403260206509784e-15
  outer loop
    vertex 11.205157198933483 30.831966706151455 43.27651097946448
    vertex 11.205157198933415 27.331966706151526 44.641510979464435
    vertex 11.205157198933506 33.50289977840979 43.398823349859626
  endloop
endfacet
facet normal -1.0 1.2965090396030092e-14 -9.403260206509784e-15
  outer loop
    vertex 11.205157198933506 33.50289977840979 43.398823349859626
    vertex 11.205157198933415 27.331966706151526 44.641510979464435
    vertex 11.205157198933502 32.88104421563516 43.99176513400112
  endloop
endfacet
facet normal -1.0 1.2965090396030092e-14 -9.403260206509784e-15
  outer loop
    vertex 11.205157198933502 32.88104421563516 43.99176513400112
    vertex 11.205157198933415 27.331966706151526 44.641510979464435
    vertex 11.205157198933492 32.14352269802137 44.413937921461894
  endloop
endfacet
facet normal -1.0 1.2965090396030092e-14 -9.403260206509784e-15
  outer loop
    vertex 11.205157198933492 32.14352269802137 44.413937921461894
    vertex 11.205157198933415 27.331966706151526 44.641510979464435
    vertex 11.205157198933467 31.331966706151505 44.641510979464464
  endloop
endfacet
facet normal -1.0 1.2965090396030092e-14 -9.403260206509784e-15
  outer loop
    vertex 11.205157198933572 33.50289977840979 38.5341986090693
    vertex 11.205157198933541 31.401368605377 38.73522232073673
    vertex 11.20515719893358 33.9739869965589 39.26443911982644
  endloop
endfacet
facet normal -1.0 1.2965090396030092e-14 -9.403260206509784e-15
  outer loop
    vertex 11.205157198933541 31.401368605377 38.73522232073673
    vertex 11.205157198933572 33.50289977840979 38.5341986090693
    vertex 11.205157198933541 30.831966706151455 38.656510979464464
  endloop
endfacet
facet normal -1.0 1.2965090396030092e-14 -9.403260206509784e-15
  outer loop
    vertex 11.20515719893358 33.9739869965589 39.26443911982644
    vertex 11.205157198933541 31.401368605377 38.73522232073673
    vertex 11.205157198933541 31.93196670615146 38.96599229672243
  endloop
endfacet
facet normal -1.0 1.2965090396030092e-14 -9.403260206509784e-15
  outer loop
    vertex 11.20515719893358 33.9739869965589 39.26443911982644
    vertex 11.205157198933541 31.93196670615146 38.96599229672243
    vertex 11.205157198933547 32.387601624761864 39.33309431492356
  endloop
endfacet
facet normal -1.0 1.2965090396030092e-14 -9.403260206509784e-15
  outer loop
    vertex 11.20515719893358 33.9739869965589 39.26443911982644
    vertex 11.205157198933547 32.387601624761864 39.33309431492356
    vertex 11.205157198933573 34.26771402441167 40.09075787356791
  endloop
endfacet
facet normal -1.0 1.2965090396030092e-14 -9.403260206509784e-15
  outer loop
    vertex 11.205157198933573 34.26771402441167 40.09075787356791
    vertex 11.205157198933547 32.387601624761864 39.33309431492356
    vertex 11.205157198933543 32.73722259447722 39.81151097946449
  endloop
endfacet
facet normal -1.0 1.2965090396030092e-14 -9.403260206509784e-15
  outer loop
    vertex 11.205157198933573 34.26771402441167 40.09075787356791
    vertex 11.205157198933543 32.73722259447722 39.81151097946449
    vertex 11.20515719893354 32.95700352398741 40.36863898527766
  endloop
endfacet
facet normal -1.0 1.2965090396030092e-14 -9.403260206509784e-15
  outer loop
    vertex 11.205157198933573 34.26771402441167 40.09075787356791
    vertex 11.20515719893354 32.95700352398741 40.36863898527766
    vertex 11.205157198933575 34.3319667061515 40.65465615797943
  endloop
endfacet
facet normal -1.0 1.2965090396030092e-14 -9.403260206509784e-15
  outer loop
    vertex 11.205157198933575 34.3319667061515 40.65465615797943
    vertex 11.20515719893354 32.95700352398741 40.36863898527766
    vertex 11.205157198933541 33.03196670615146 40.96651097946449
  endloop
endfacet
facet normal -1.0 1.2965090396030092e-14 -9.403260206509784e-15
  outer loop
    vertex 11.205157198933575 34.3319667061515 40.65465615797943
    vertex 11.205157198933541 33.03196670615146 40.96651097946449
    vertex 11.205157198933529 34.33196670615149 41.278365800949516
  endloop
endfacet
facet normal -1.0 1.2965090396030092e-14 -9.403260206509784e-15
  outer loop
    vertex 11.205157198933529 34.33196670615149 41.278365800949516
    vertex 11.205157198933541 33.03196670615146 40.96651097946449
    vertex 11.20515719893353 32.9570035239874 41.56438297365131
  endloop
endfacet
facet normal -1.0 1.2965090396030092e-14 -9.403260206509784e-15
  outer loop
    vertex 11.205157198933529 34.33196670615149 41.278365800949516
    vertex 11.20515719893353 32.9570035239874 41.56438297365131
    vertex 11.205157198933525 34.26771402441167 41.842264085361016
  endloop
endfacet
facet normal -1.0 1.2965090396030092e-14 -9.403260206509784e-15
  outer loop
    vertex 11.205157198933525 34.26771402441167 41.842264085361016
    vertex 11.20515719893353 32.9570035239874 41.56438297365131
    vertex 11.205157198933515 32.73722259447722 42.12151097946449
  endloop
endfacet
facet normal -1.0 1.2965090396030092e-14 -9.403260206509784e-15
  outer loop
    vertex 11.205157198933525 34.26771402441167 41.842264085361016
    vertex 11.205157198933515 32.73722259447722 42.12151097946449
    vertex 11.205157198933525 33.9739869965589 42.668582839102484
  endloop
endfacet
facet normal -1.0 1.2965090396030092e-14 -9.403260206509784e-15
  outer loop
    vertex 11.205157198933525 33.9739869965589 42.668582839102484
    vertex 11.205157198933515 32.73722259447722 42.12151097946449
    vertex 11.205157198933513 32.387601624761864 42.59992764400541
  endloop
endfacet
facet normal -1.0 1.2965090396030092e-14 -9.403260206509784e-15
  outer loop
    vertex 11.205157198933525 33.9739869965589 42.668582839102484
    vertex 11.205157198933513 32.387601624761864 42.59992764400541
    vertex 11.205157198933499 31.931966706151453 42.96702966220654
  endloop
endfacet
facet normal -1.0 1.2965090396030092e-14 -9.403260206509784e-15
  outer loop
    vertex 11.205157198933525 33.9739869965589 42.668582839102484
    vertex 11.205157198933499 31.931966706151453 42.96702966220654
    vertex 11.205157198933506 33.50289977840979 43.398823349859626
  endloop
endfacet
facet normal -1.0 1.2965090396030092e-14 -9.403260206509784e-15
  outer loop
    vertex 11.205157198933506 33.50289977840979 43.398823349859626
    vertex 11.205157198933499 31.931966706151453 42.96702966220654
    vertex 11.205157198933493 31.401368605377 43.19779963819223
  endloop
endfacet
facet normal -1.0 1.2965090396030092e-14 -9.403260206509784e-15
  outer loop
    vertex 11.205157198933506 33.50289977840979 43.398823349859626
    vertex 11.205157198933493 31.401368605377 43.19779963819223
    vertex 11.205157198933483 30.831966706151455 43.27651097946448
  endloop
endfacet
facet normal -1.5777218104420236e-30 1.0 9.955893494160887e-15
  outer loop
    vertex 13.227312353975316 34.33196670615152 41.278365800949494
    vertex 11.205157198933575 34.3319667061515 40.65465615797943
    vertex 11.205157198933529 34.33196670615149 41.278365800949516
  endloop
endfacet
facet normal -1.5777218104420236e-30 1.0 9.955893494160887e-15
  outer loop
    vertex 11.205157198933575 34.3319667061515 40.65465615797943
    vertex 13.227312353975316 34.33196670615152 41.278365800949494
    vertex 13.227312353975321 34.331966706151526 40.65465615797943
  endloop
endfacet
facet normal -1.4347865479186438e-14 -0.5900262613536904 0.8073840541607116
  outer loop
    vertex 11.205157198933547 32.387601624761864 39.33309431492356
    vertex 13.227312353975313 31.93196670615151 38.965992296722405
    vertex 13.22731235397531 32.38760162476191 39.333094314923535
  endloop
endfacet
facet normal -1.4347865479186438e-14 -0.5900262613536904 0.8073840541607116
  outer loop
    vertex 13.227312353975313 31.93196670615151 38.965992296722405
    vertex 11.205157198933547 32.387601624761864 39.33309431492356
    vertex 11.205157198933541 31.93196670615146 38.96599229672243
  endloop
endfacet
facet normal -1.404040123203022e-14 -0.7787014909646409 0.6273946030764412
  outer loop
    vertex 11.205157198933547 32.387601624761864 39.33309431492356
    vertex 13.227312353975305 32.737222594477274 39.811510979464465
    vertex 11.205157198933543 32.73722259447722 39.81151097946449
  endloop
endfacet
facet normal -1.404040123203022e-14 -0.7787014909646409 0.6273946030764412
  outer loop
    vertex 13.227312353975305 32.737222594477274 39.811510979464465
    vertex 11.205157198933547 32.387601624761864 39.33309431492356
    vertex 13.22731235397531 32.38760162476191 39.333094314923535
  endloop
endfacet
facet normal -1.2735645357792844e-14 -0.9170225580199944 0.39883533956065886
  outer loop
    vertex 13.227312353975305 32.737222594477274 39.811510979464465
    vertex 11.20515719893354 32.95700352398741 40.36863898527766
    vertex 11.205157198933543 32.73722259447722 39.81151097946449
  endloop
endfacet
facet normal -1.2735645357792844e-14 -0.9170225580199944 0.39883533956065886
  outer loop
    vertex 11.20515719893354 32.95700352398741 40.36863898527766
    vertex 13.227312353975305 32.737222594477274 39.811510979464465
    vertex 13.227312353975298 32.95700352398746 40.368638985277634
  endloop
endfacet
facet normal -1.0473624714949609e-14 -0.9905803127549716 0.13693299084684635
  outer loop
    vertex 13.227312353975298 32.95700352398746 40.368638985277634
    vertex 11.205157198933541 33.03196670615146 40.96651097946449
    vertex 11.20515719893354 32.95700352398741 40.36863898527766
  endloop
endfacet
facet normal -1.0473624714949609e-14 -0.9905803127549716 0.13693299084684635
  outer loop
    vertex 11.205157198933541 33.03196670615146 40.96651097946449
    vertex 13.227312353975298 32.95700352398746 40.368638985277634
    vertex 13.227312353975293 33.03196670615151 40.96651097946446
  endloop
endfacet
facet normal -7.413802560645263e-15 -0.9905803127549702 -0.1369329908468564
  outer loop
    vertex 11.205157198933541 33.03196670615146 40.96651097946449
    vertex 13.227312353975291 32.95700352398745 41.564382973651284
    vertex 11.20515719893353 32.9570035239874 41.56438297365131
  endloop
endfacet
facet normal -7.413802560645263e-15 -0.9905803127549702 -0.1369329908468564
  outer loop
    vertex 13.227312353975291 32.95700352398745 41.564382973651284
    vertex 11.205157198933541 33.03196670615146 40.96651097946449
    vertex 13.227312353975293 33.03196670615151 40.96651097946446
  endloop
endfacet
facet normal -3.823511033113941e-15 -0.9170225580199998 -0.3988353395606467
  outer loop
    vertex 11.20515719893353 32.9570035239874 41.56438297365131
    vertex 13.227312353975277 32.737222594477274 42.12151097946448
    vertex 11.205157198933515 32.73722259447722 42.12151097946449
  endloop
endfacet
facet normal -3.823511033113941e-15 -0.9170225580199998 -0.3988353395606467
  outer loop
    vertex 13.227312353975277 32.737222594477274 42.12151097946448
    vertex 11.20515719893353 32.9570035239874 41.56438297365131
    vertex 13.227312353975291 32.95700352398745 41.564382973651284
  endloop
endfacet
facet normal -2.1019240065077538e-17 -0.7787014909646371 -0.627394603076446
  outer loop
    vertex 13.227312353975277 32.737222594477274 42.12151097946448
    vertex 11.205157198933513 32.387601624761864 42.59992764400541
    vertex 11.205157198933515 32.73722259447722 42.12151097946449
  endloop
endfacet
facet normal -2.1019240065077538e-17 -0.7787014909646371 -0.627394603076446
  outer loop
    vertex 11.205157198933513 32.387601624761864 42.59992764400541
    vertex 13.227312353975277 32.737222594477274 42.12151097946448
    vertex 13.227312353975272 32.38760162476191 42.59992764400539
  endloop
endfacet
facet normal 3.693452399541483e-15 -0.5900262613536921 -0.8073840541607104
  outer loop
    vertex 13.227312353975265 31.931966706151506 42.96702966220653
    vertex 11.205157198933513 32.387601624761864 42.59992764400541
    vertex 13.227312353975272 32.38760162476191 42.59992764400539
  endloop
endfacet
facet normal 3.693452399541483e-15 -0.5900262613536921 -0.8073840541607104
  outer loop
    vertex 11.205157198933513 32.387601624761864 42.59992764400541
    vertex 13.227312353975265 31.931966706151506 42.96702966220653
    vertex 11.205157198933499 31.931966706151453 42.96702966220654
  endloop
endfacet
facet normal 7.0799644279236565e-15 -0.366967142194973 -0.9302339042140177
  outer loop
    vertex 13.227312353975254 31.401368605377055 43.197799638192215
    vertex 11.205157198933499 31.931966706151453 42.96702966220654
    vertex 13.227312353975265 31.931966706151506 42.96702966220653
  endloop
endfacet
facet normal 7.0799644279236565e-15 -0.366967142194973 -0.9302339042140177
  outer loop
    vertex 11.205157198933499 31.931966706151453 42.96702966220654
    vertex 13.227312353975254 31.401368605377055 43.197799638192215
    vertex 11.205157198933493 31.401368605377 43.19779963819223
  endloop
endfacet
facet normal 9.962636864046285e-15 -0.12440922710593924 -0.99223099337347
  outer loop
    vertex 13.227312353975254 30.83196670615151 43.27651097946446
    vertex 11.205157198933493 31.401368605377 43.19779963819223
    vertex 13.227312353975254 31.401368605377055 43.197799638192215
  endloop
endfacet
facet normal 9.962636864046285e-15 -0.12440922710593924 -0.99223099337347
  outer loop
    vertex 11.205157198933493 31.401368605377 43.19779963819223
    vertex 13.227312353975254 30.83196670615151 43.27651097946446
    vertex 11.205157198933483 30.831966706151455 43.27651097946448
  endloop
endfacet
facet normal 1.2209159406051408e-14 0.12440922710594834 -0.9922309933734687
  outer loop
    vertex 13.227312353975243 30.262564806925962 43.197799638192215
    vertex 11.205157198933483 30.831966706151455 43.27651097946448
    vertex 13.227312353975254 30.83196670615151 43.27651097946446
  endloop
endfacet
facet normal 1.2209159406051408e-14 0.12440922710594834 -0.9922309933734687
  outer loop
    vertex 11.205157198933483 30.831966706151455 43.27651097946448
    vertex 13.227312353975243 30.262564806925962 43.197799638192215
    vertex 11.205157198933488 30.26256480692591 43.19779963819223
  endloop
endfacet
facet normal 1.3706482221609282e-14 0.3669671421949697 -0.9302339042140192
  outer loop
    vertex 13.227312353975245 29.731966706151503 42.967029662206514
    vertex 11.205157198933488 30.26256480692591 43.19779963819223
    vertex 13.227312353975243 30.262564806925962 43.197799638192215
  endloop
endfacet
facet normal 1.3706482221609282e-14 0.3669671421949697 -0.9302339042140192
  outer loop
    vertex 11.205157198933488 30.26256480692591 43.19779963819223
    vertex 13.227312353975245 29.731966706151503 42.967029662206514
    vertex 11.205157198933481 29.731966706151454 42.967029662206535
  endloop
endfacet
facet normal 1.4347865479186438e-14 0.5900262613536904 -0.8073840541607116
  outer loop
    vertex 13.227312353975243 29.2763317875411 42.59992764400539
    vertex 11.205157198933481 29.731966706151454 42.967029662206535
    vertex 13.227312353975245 29.731966706151503 42.967029662206514
  endloop
endfacet
facet normal 1.4347865479186438e-14 0.5900262613536904 -0.8073840541607116
  outer loop
    vertex 11.205157198933481 29.731966706151454 42.967029662206535
    vertex 13.227312353975243 29.2763317875411 42.59992764400539
    vertex 11.205157198933481 29.27633178754105 42.599927644005426
  endloop
endfacet
facet normal 1.404040123203022e-14 0.7787014909646409 -0.6273946030764412
  outer loop
    vertex 13.227312353975243 29.2763317875411 42.59992764400539
    vertex 11.205157198933488 28.926710817825693 42.12151097946448
    vertex 11.205157198933481 29.27633178754105 42.599927644005426
  endloop
endfacet
facet normal 1.404040123203022e-14 0.7787014909646409 -0.6273946030764412
  outer loop
    vertex 11.205157198933488 28.926710817825693 42.12151097946448
    vertex 13.227312353975243 29.2763317875411 42.59992764400539
    vertex 13.22731235397523 28.926710817825743 42.12151097946445
  endloop
endfacet
facet normal 1.2735645357792844e-14 0.9170225580199944 -0.39883533956065886
  outer loop
    vertex 13.22731235397523 28.926710817825743 42.12151097946445
    vertex 11.205157198933495 28.706929888315504 41.564382973651306
    vertex 11.205157198933488 28.926710817825693 42.12151097946448
  endloop
endfacet
facet normal 1.2735645357792844e-14 0.9170225580199944 -0.39883533956065886
  outer loop
    vertex 11.205157198933495 28.706929888315504 41.564382973651306
    vertex 13.22731235397523 28.926710817825743 42.12151097946445
    vertex 13.227312353975249 28.706929888315553 41.564382973651284
  endloop
endfacet
facet normal 1.0473624714949609e-14 0.9905803127549716 -0.13693299084684635
  outer loop
    vertex 11.205157198933495 28.706929888315504 41.564382973651306
    vertex 13.227312353975258 28.631966706151506 40.96651097946446
    vertex 11.205157198933493 28.631966706151456 40.96651097946449
  endloop
endfacet
facet normal 1.0473624714949609e-14 0.9905803127549716 -0.13693299084684635
  outer loop
    vertex 13.227312353975258 28.631966706151506 40.96651097946446
    vertex 11.205157198933495 28.706929888315504 41.564382973651306
    vertex 13.227312353975249 28.706929888315553 41.564382973651284
  endloop
endfacet
facet normal 7.413802560645391e-15 0.9905803127549716 0.13693299084684632
  outer loop
    vertex 13.227312353975258 28.631966706151506 40.96651097946446
    vertex 11.205157198933502 28.706929888315504 40.36863898527767
    vertex 11.205157198933493 28.631966706151456 40.96651097946449
  endloop
endfacet
facet normal 7.413802560645391e-15 0.9905803127549716 0.13693299084684632
  outer loop
    vertex 11.205157198933502 28.706929888315504 40.36863898527767
    vertex 13.227312353975258 28.631966706151506 40.96651097946446
    vertex 13.227312353975258 28.706929888315553 40.368638985277634
  endloop
endfacet
facet normal 3.823511033113806e-15 0.917022558019996 0.39883533956065526
  outer loop
    vertex 13.227312353975258 28.706929888315553 40.368638985277634
    vertex 11.205157198933513 28.926710817825693 39.811510979464494
    vertex 11.205157198933502 28.706929888315504 40.36863898527767
  endloop
endfacet
facet normal 3.823511033113806e-15 0.917022558019996 0.39883533956065526
  outer loop
    vertex 11.205157198933513 28.926710817825693 39.811510979464494
    vertex 13.227312353975258 28.706929888315553 40.368638985277634
    vertex 13.22731235397526 28.926710817825743 39.81151097946446
  endloop
endfacet
facet normal 2.1019240065077538e-17 0.7787014909646371 0.627394603076446
  outer loop
    vertex 11.205157198933513 28.926710817825693 39.811510979464494
    vertex 13.227312353975282 29.2763317875411 39.333094314923535
    vertex 11.205157198933518 29.27633178754105 39.33309431492357
  endloop
endfacet
facet normal 2.1019240065077538e-17 0.7787014909646371 0.627394603076446
  outer loop
    vertex 13.227312353975282 29.2763317875411 39.333094314923535
    vertex 11.205157198933513 28.926710817825693 39.811510979464494
    vertex 13.22731235397526 28.926710817825743 39.81151097946446
  endloop
endfacet
facet normal -3.69345239954158e-15 0.5900262613536856 0.8073840541607149
  outer loop
    vertex 11.20515719893352 29.731966706151457 38.96599229672244
    vertex 13.227312353975282 29.2763317875411 39.333094314923535
    vertex 13.227312353975291 29.73196670615151 38.965992296722405
  endloop
endfacet
facet normal -3.69345239954158e-15 0.5900262613536856 0.8073840541607149
  outer loop
    vertex 13.227312353975282 29.2763317875411 39.333094314923535
    vertex 11.20515719893352 29.731966706151457 38.96599229672244
    vertex 11.205157198933518 29.27633178754105 39.33309431492357
  endloop
endfacet
facet normal -7.079964427923541e-15 0.366967142194981 0.9302339042140145
  outer loop
    vertex 11.205157198933538 30.26256480692591 38.735222320736746
    vertex 13.227312353975291 29.73196670615151 38.965992296722405
    vertex 13.227312353975297 30.262564806925962 38.73522232073671
  endloop
endfacet
facet normal -7.079964427923541e-15 0.366967142194981 0.9302339042140145
  outer loop
    vertex 13.227312353975291 29.73196670615151 38.965992296722405
    vertex 11.205157198933538 30.26256480692591 38.735222320736746
    vertex 11.20515719893352 29.731966706151457 38.96599229672244
  endloop
endfacet
facet normal -9.962636864046285e-15 0.12440922710593924 0.99223099337347
  outer loop
    vertex 11.205157198933541 30.831966706151455 38.656510979464464
    vertex 13.227312353975297 30.262564806925962 38.73522232073671
    vertex 13.227312353975307 30.83196670615151 38.656510979464464
  endloop
endfacet
facet normal -9.962636864046285e-15 0.12440922710593924 0.99223099337347
  outer loop
    vertex 13.227312353975297 30.262564806925962 38.73522232073671
    vertex 11.205157198933541 30.831966706151455 38.656510979464464
    vertex 11.205157198933538 30.26256480692591 38.735222320736746
  endloop
endfacet
facet normal -1.2209159406051343e-14 -0.12440922710593919 0.99223099337347
  outer loop
    vertex 11.205157198933541 31.401368605377 38.73522232073673
    vertex 13.227312353975307 30.83196670615151 38.656510979464464
    vertex 13.227312353975305 31.401368605377055 38.73522232073671
  endloop
endfacet
facet normal -1.2209159406051343e-14 -0.12440922710593919 0.99223099337347
  outer loop
    vertex 13.227312353975307 30.83196670615151 38.656510979464464
    vertex 11.205157198933541 31.401368605377 38.73522232073673
    vertex 11.205157198933541 30.831966706151455 38.656510979464464
  endloop
endfacet
facet normal -1.370648222160932e-14 -0.3669671421949778 0.9302339042140159
  outer loop
    vertex 11.205157198933541 31.93196670615146 38.96599229672243
    vertex 13.227312353975305 31.401368605377055 38.73522232073671
    vertex 13.227312353975313 31.93196670615151 38.965992296722405
  endloop
endfacet
facet normal -1.370648222160932e-14 -0.3669671421949778 0.9302339042140159
  outer loop
    vertex 13.227312353975305 31.401368605377055 38.73522232073671
    vertex 11.205157198933541 31.93196670615146 38.96599229672243
    vertex 11.205157198933541 31.401368605377 38.73522232073673
  endloop
endfacet
facet normal 1.0 -1.152587439800179e-14 2.588323615454914e-15
  outer loop
    vertex 13.227312353975325 33.50289977840982 38.5341986090693
    vertex 13.227312353975305 31.401368605377055 38.73522232073671
    vertex 13.227312353975307 30.83196670615151 38.656510979464464
  endloop
endfacet
facet normal 1.0 -1.152587439800179e-14 2.588323615454914e-15
  outer loop
    vertex 13.227312353975305 31.401368605377055 38.73522232073671
    vertex 13.227312353975325 33.50289977840982 38.5341986090693
    vertex 13.227312353975327 33.97398699655893 39.26443911982643
  endloop
endfacet
facet normal 1.0 -1.152587439800179e-14 2.588323615454914e-15
  outer loop
    vertex 13.227312353975305 31.401368605377055 38.73522232073671
    vertex 13.227312353975327 33.97398699655893 39.26443911982643
    vertex 13.227312353975313 31.93196670615151 38.965992296722405
  endloop
endfacet
facet normal 1.0 -1.152587439800179e-14 2.588323615454914e-15
  outer loop
    vertex 13.227312353975313 31.93196670615151 38.965992296722405
    vertex 13.227312353975327 33.97398699655893 39.26443911982643
    vertex 13.22731235397531 32.38760162476191 39.333094314923535
  endloop
endfacet
facet normal 1.0 -1.152587439800179e-14 2.588323615454914e-15
  outer loop
    vertex 13.22731235397531 32.38760162476191 39.333094314923535
    vertex 13.227312353975327 33.97398699655893 39.26443911982643
    vertex 13.227312353975327 34.267714024411696 40.090757873567895
  endloop
endfacet
facet normal 1.0 -1.152587439800179e-14 2.588323615454914e-15
  outer loop
    vertex 13.22731235397531 32.38760162476191 39.333094314923535
    vertex 13.227312353975327 34.267714024411696 40.090757873567895
    vertex 13.227312353975305 32.737222594477274 39.811510979464465
  endloop
endfacet
facet normal 1.0 -1.152587439800179e-14 2.588323615454914e-15
  outer loop
    vertex 13.227312353975305 32.737222594477274 39.811510979464465
    vertex 13.227312353975327 34.267714024411696 40.090757873567895
    vertex 13.227312353975298 32.95700352398746 40.368638985277634
  endloop
endfacet
facet normal 1.0 -1.152587439800179e-14 2.588323615454914e-15
  outer loop
    vertex 13.227312353975298 32.95700352398746 40.368638985277634
    vertex 13.227312353975327 34.267714024411696 40.090757873567895
    vertex 13.227312353975321 34.331966706151526 40.65465615797943
  endloop
endfacet
facet normal 1.0 -1.152587439800179e-14 2.588323615454914e-15
  outer loop
    vertex 13.227312353975298 32.95700352398746 40.368638985277634
    vertex 13.227312353975321 34.331966706151526 40.65465615797943
    vertex 13.227312353975293 33.03196670615151 40.96651097946446
  endloop
endfacet
facet normal 1.0 -1.152587439800179e-14 2.588323615454914e-15
  outer loop
    vertex 13.227312353975293 33.03196670615151 40.96651097946446
    vertex 13.227312353975321 34.331966706151526 40.65465615797943
    vertex 13.227312353975316 34.33196670615152 41.278365800949494
  endloop
endfacet
facet normal 1.0 -1.152587439800179e-14 2.588323615454914e-15
  outer loop
    vertex 13.227312353975293 33.03196670615151 40.96651097946446
    vertex 13.227312353975316 34.33196670615152 41.278365800949494
    vertex 13.227312353975291 32.95700352398745 41.564382973651284
  endloop
endfacet
facet normal 1.0 -1.152587439800179e-14 2.588323615454914e-15
  outer loop
    vertex 13.227312353975291 32.95700352398745 41.564382973651284
    vertex 13.227312353975316 34.33196670615152 41.278365800949494
    vertex 13.22731235397532 34.267714024411696 41.842264085361
  endloop
endfacet
facet normal 1.0 -1.152587439800179e-14 2.588323615454914e-15
  outer loop
    vertex 13.227312353975291 32.95700352398745 41.564382973651284
    vertex 13.22731235397532 34.267714024411696 41.842264085361
    vertex 13.227312353975277 32.737222594477274 42.12151097946448
  endloop
endfacet
facet normal 1.0 -1.152587439800179e-14 2.588323615454914e-15
  outer loop
    vertex 13.227312353975277 32.737222594477274 42.12151097946448
    vertex 13.22731235397532 34.267714024411696 41.842264085361
    vertex 13.227312353975327 33.97398699655893 42.66858283910246
  endloop
endfacet
facet normal 1.0 -1.152587439800179e-14 2.588323615454914e-15
  outer loop
    vertex 13.227312353975277 32.737222594477274 42.12151097946448
    vertex 13.227312353975327 33.97398699655893 42.66858283910246
    vertex 13.227312353975272 32.38760162476191 42.59992764400539
  endloop
endfacet
facet normal 1.0 -1.152587439800179e-14 2.588323615454914e-15
  outer loop
    vertex 13.227312353975272 32.38760162476191 42.59992764400539
    vertex 13.227312353975327 33.97398699655893 42.66858283910246
    vertex 13.227312353975265 31.931966706151506 42.96702966220653
  endloop
endfacet
facet normal 1.0 -1.152587439800179e-14 2.588323615454914e-15
  outer loop
    vertex 13.227312353975265 31.931966706151506 42.96702966220653
    vertex 13.227312353975327 33.97398699655893 42.66858283910246
    vertex 13.227312353975305 33.50289977840982 43.398823349859626
  endloop
endfacet
facet normal 1.0 -1.152587439800179e-14 2.588323615454914e-15
  outer loop
    vertex 13.227312353975265 31.931966706151506 42.96702966220653
    vertex 13.227312353975305 33.50289977840982 43.398823349859626
    vertex 13.227312353975254 31.401368605377055 43.197799638192215
  endloop
endfacet
facet normal 1.0 -1.152587439800179e-14 2.588323615454914e-15
  outer loop
    vertex 13.227312353975254 31.401368605377055 43.197799638192215
    vertex 13.227312353975305 33.50289977840982 43.398823349859626
    vertex 13.227312353975254 30.83196670615151 43.27651097946446
  endloop
endfacet
facet normal 1.0 -1.152587439800179e-14 2.588323615454914e-15
  outer loop
    vertex 13.227312353975307 32.1435226980214 37.51908403746703
    vertex 13.227312353975249 27.33196670615154 37.29151097946448
    vertex 13.227312353975282 31.331966706151505 37.291510979464455
  endloop
endfacet
facet normal 1.0 -1.152587439800179e-14 2.588323615454914e-15
  outer loop
    vertex 13.227312353975249 27.33196670615154 37.29151097946448
    vertex 13.227312353975307 32.1435226980214 37.51908403746703
    vertex 13.227312353975291 29.73196670615151 38.965992296722405
  endloop
endfacet
facet normal 1.0 -1.152587439800179e-14 2.588323615454914e-15
  outer loop
    vertex 13.227312353975249 27.33196670615154 37.29151097946448
    vertex 13.227312353975291 29.73196670615151 38.965992296722405
    vertex 13.227312353975282 29.2763317875411 39.333094314923535
  endloop
endfacet
facet normal 1.0 -1.152587439800179e-14 2.588323615454914e-15
  outer loop
    vertex 13.227312353975249 27.33196670615154 37.29151097946448
    vertex 13.227312353975282 29.2763317875411 39.333094314923535
    vertex 13.22731235397526 28.926710817825743 39.81151097946446
  endloop
endfacet
facet normal 1.0 -1.152587439800179e-14 2.588323615454914e-15
  outer loop
    vertex 13.227312353975249 27.33196670615154 37.29151097946448
    vertex 13.22731235397526 28.926710817825743 39.81151097946446
    vertex 13.227312353975258 28.706929888315553 40.368638985277634
  endloop
endfacet
facet normal 1.0 -1.152587439800179e-14 2.588323615454914e-15
  outer loop
    vertex 13.227312353975249 27.33196670615154 37.29151097946448
    vertex 13.227312353975258 28.706929888315553 40.368638985277634
    vertex 13.227312353975243 27.33196670615154 44.641510979464485
  endloop
endfacet
facet normal 1.0 -1.152587439800179e-14 2.588323615454914e-15
  outer loop
    vertex 13.227312353975291 29.73196670615151 38.965992296722405
    vertex 13.227312353975307 32.1435226980214 37.51908403746703
    vertex 13.227312353975297 30.262564806925962 38.73522232073671
  endloop
endfacet
facet normal 1.0 -1.152587439800179e-14 2.588323615454914e-15
  outer loop
    vertex 13.227312353975297 30.262564806925962 38.73522232073671
    vertex 13.227312353975307 32.1435226980214 37.51908403746703
    vertex 13.227312353975305 32.881044215635185 37.94125682492779
  endloop
endfacet
facet normal 1.0 -1.152587439800179e-14 2.588323615454914e-15
  outer loop
    vertex 13.227312353975297 30.262564806925962 38.73522232073671
    vertex 13.227312353975305 32.881044215635185 37.94125682492779
    vertex 13.227312353975307 30.83196670615151 38.656510979464464
  endloop
endfacet
facet normal 1.0 -1.152587439800179e-14 2.588323615454914e-15
  outer loop
    vertex 13.227312353975307 30.83196670615151 38.656510979464464
    vertex 13.227312353975305 32.881044215635185 37.94125682492779
    vertex 13.227312353975325 33.50289977840982 38.5341986090693
  endloop
endfacet
facet normal 1.0 -1.152587439800179e-14 2.588323615454914e-15
  outer loop
    vertex 13.227312353975243 27.33196670615154 44.641510979464485
    vertex 13.227312353975258 28.706929888315553 40.368638985277634
    vertex 13.227312353975258 28.631966706151506 40.96651097946446
  endloop
endfacet
facet normal 1.0 -1.152587439800179e-14 2.588323615454914e-15
  outer loop
    vertex 13.227312353975243 27.33196670615154 44.641510979464485
    vertex 13.227312353975258 28.631966706151506 40.96651097946446
    vertex 13.227312353975249 28.706929888315553 41.564382973651284
  endloop
endfacet
facet normal 1.0 -1.152587439800179e-14 2.588323615454914e-15
  outer loop
    vertex 13.227312353975243 27.33196670615154 44.641510979464485
    vertex 13.227312353975249 28.706929888315553 41.564382973651284
    vertex 13.22731235397523 28.926710817825743 42.12151097946445
  endloop
endfacet
facet normal 1.0 -1.152587439800179e-14 2.588323615454914e-15
  outer loop
    vertex 13.227312353975243 27.33196670615154 44.641510979464485
    vertex 13.22731235397523 28.926710817825743 42.12151097946445
    vertex 13.227312353975243 29.2763317875411 42.59992764400539
  endloop
endfacet
facet normal 1.0 -1.152587439800179e-14 2.588323615454914e-15
  outer loop
    vertex 13.227312353975243 27.33196670615154 44.641510979464485
    vertex 13.227312353975243 29.2763317875411 42.59992764400539
    vertex 13.227312353975245 29.731966706151503 42.967029662206514
  endloop
endfacet
facet normal 1.0 -1.152587439800179e-14 2.588323615454914e-15
  outer loop
    vertex 13.227312353975243 27.33196670615154 44.641510979464485
    vertex 13.227312353975245 29.731966706151503 42.967029662206514
    vertex 13.227312353975243 30.262564806925962 43.197799638192215
  endloop
endfacet
facet normal 1.0 -1.152587439800179e-14 2.588323615454914e-15
  outer loop
    vertex 13.227312353975243 27.33196670615154 44.641510979464485
    vertex 13.227312353975243 30.262564806925962 43.197799638192215
    vertex 13.227312353975254 30.83196670615151 43.27651097946446
  endloop
endfacet
facet normal 1.0 -1.152587439800179e-14 2.588323615454914e-15
  outer loop
    vertex 13.227312353975243 27.33196670615154 44.641510979464485
    vertex 13.227312353975254 30.83196670615151 43.27651097946446
    vertex 13.227312353975305 33.50289977840982 43.398823349859626
  endloop
endfacet
facet normal 1.0 -1.152587439800179e-14 2.588323615454914e-15
  outer loop
    vertex 13.227312353975243 27.33196670615154 44.641510979464485
    vertex 13.227312353975305 33.50289977840982 43.398823349859626
    vertex 13.227312353975284 32.88104421563518 43.991765134001135
  endloop
endfacet
facet normal 1.0 -1.152587439800179e-14 2.588323615454914e-15
  outer loop
    vertex 13.227312353975243 27.33196670615154 44.641510979464485
    vertex 13.227312353975284 32.88104421563518 43.991765134001135
    vertex 13.227312353975282 32.14352269802139 44.4139379214619
  endloop
endfacet
facet normal 1.0 -1.152587439800179e-14 2.588323615454914e-15
  outer loop
    vertex 13.227312353975243 27.33196670615154 44.641510979464485
    vertex 13.227312353975282 32.14352269802139 44.4139379214619
    vertex 13.22731235397526 31.331966706151483 44.641510979464485
  endloop
endfacet
facet normal 1.0 -1.983996980156198e-13 4.3477412238951945e-15
  outer loop
    vertex 13.227312353975316 34.33196670615152 41.278365800949494
    vertex 13.227312353975321 34.331966706151526 40.65465615797943
    vertex 13.227312353975327 34.36750061208426 40.966510979464445
  endloop
endfacet
facet normal -4.364357477250869e-15 0.24649712382559255 0.9691435228828136
  outer loop
    vertex 11.205157198933492 32.14352269802137 44.413937921461894
    vertex 13.22731235397526 31.331966706151483 44.641510979464485
    vertex 13.227312353975282 32.14352269802139 44.4139379214619
  endloop
endfacet
facet normal -4.364357477250869e-15 0.24649712382559255 0.9691435228828136
  outer loop
    vertex 13.22731235397526 31.331966706151483 44.641510979464485
    vertex 11.205157198933492 32.14352269802137 44.413937921461894
    vertex 11.205157198933467 31.331966706151505 44.641510979464464
  endloop
endfacet
facet normal 2.909657546888436e-15 0.4607956488939362 0.8875062647443207
  outer loop
    vertex 11.205157198933502 32.88104421563516 43.99176513400112
    vertex 13.227312353975282 32.14352269802139 44.4139379214619
    vertex 13.227312353975284 32.88104421563518 43.991765134001135
  endloop
endfacet
facet normal 2.909657546888436e-15 0.4607956488939362 0.8875062647443207
  outer loop
    vertex 13.227312353975282 32.14352269802139 44.4139379214619
    vertex 11.205157198933502 32.88104421563516 43.99176513400112
    vertex 11.205157198933492 32.14352269802137 44.413937921461894
  endloop
endfacet
facet normal 6.0021395691527865e-15 0.6541482102036664 0.756366392092708
  outer loop
    vertex 11.205157198933506 33.50289977840979 43.398823349859626
    vertex 13.227312353975284 32.88104421563518 43.991765134001135
    vertex 13.227312353975305 33.50289977840982 43.398823349859626
  endloop
endfacet
facet normal 6.0021395691527865e-15 0.6541482102036664 0.756366392092708
  outer loop
    vertex 13.227312353975284 32.88104421563518 43.991765134001135
    vertex 11.205157198933506 33.50289977840979 43.398823349859626
    vertex 11.205157198933502 32.88104421563516 43.99176513400112
  endloop
endfacet
facet normal 8.825099641225406e-15 0.8149070882055542 0.5795916127691505
  outer loop
    vertex 13.227312353975305 33.50289977840982 43.398823349859626
    vertex 11.205157198933525 33.9739869965589 42.668582839102484
    vertex 11.205157198933506 33.50289977840979 43.398823349859626
  endloop
endfacet
facet normal 8.825099641225406e-15 0.8149070882055542 0.5795916127691505
  outer loop
    vertex 11.205157198933525 33.9739869965589 42.668582839102484
    vertex 13.227312353975305 33.50289977840982 43.398823349859626
    vertex 13.227312353975327 33.97398699655893 42.66858283910246
  endloop
endfacet
facet normal 1.118800954302641e-14 0.9310545642880841 0.36487997796306393
  outer loop
    vertex 11.205157198933525 33.9739869965589 42.668582839102484
    vertex 13.22731235397532 34.267714024411696 41.842264085361
    vertex 11.205157198933525 34.26771402441167 41.842264085361016
  endloop
endfacet
facet normal 1.118800954302641e-14 0.9310545642880841 0.36487997796306393
  outer loop
    vertex 13.22731235397532 34.267714024411696 41.842264085361
    vertex 11.205157198933525 33.9739869965589 42.668582839102484
    vertex 13.227312353975327 33.97398699655893 42.66858283910246
  endloop
endfacet
facet normal -7.471870334937547e-17 0.9922016138234412 0.12464332122564348
  outer loop
    vertex 11.205157198933525 34.26771402441167 41.842264085361016
    vertex 13.227312353975316 34.33196670615152 41.278365800949494
    vertex 11.205157198933529 34.33196670615149 41.278365800949516
  endloop
endfacet
facet normal -7.471870334937547e-17 0.9922016138234412 0.12464332122564348
  outer loop
    vertex 13.227312353975316 34.33196670615152 41.278365800949494
    vertex 11.205157198933525 34.26771402441167 41.842264085361016
    vertex 13.22731235397532 34.267714024411696 41.842264085361
  endloop
endfacet
facet normal 7.634230240678711e-17 0.992201613823439 -0.12464332122566117
  outer loop
    vertex 11.205157198933575 34.3319667061515 40.65465615797943
    vertex 13.227312353975327 34.267714024411696 40.090757873567895
    vertex 11.205157198933573 34.26771402441167 40.09075787356791
  endloop
endfacet
facet normal 7.634230240678711e-17 0.992201613823439 -0.12464332122566117
  outer loop
    vertex 13.227312353975327 34.267714024411696 40.090757873567895
    vertex 11.205157198933575 34.3319667061515 40.65465615797943
    vertex 13.227312353975321 34.331966706151526 40.65465615797943
  endloop
endfacet
facet normal 5.5977800048101535e-15 0.9310545642880873 -0.3648799779630556
  outer loop
    vertex 13.227312353975327 34.267714024411696 40.090757873567895
    vertex 11.20515719893358 33.9739869965589 39.26443911982644
    vertex 11.205157198933573 34.26771402441167 40.09075787356791
  endloop
endfacet
facet normal 5.5977800048101535e-15 0.9310545642880873 -0.3648799779630556
  outer loop
    vertex 11.20515719893358 33.9739869965589 39.26443911982644
    vertex 13.227312353975327 34.267714024411696 40.090757873567895
    vertex 13.227312353975327 33.97398699655893 39.26443911982643
  endloop
endfacet
facet normal 4.492044799421036e-15 0.8149070882055544 -0.5795916127691504
  outer loop
    vertex 11.20515719893358 33.9739869965589 39.26443911982644
    vertex 13.227312353975325 33.50289977840982 38.5341986090693
    vertex 11.205157198933572 33.50289977840979 38.5341986090693
  endloop
endfacet
facet normal 4.492044799421036e-15 0.8149070882055544 -0.5795916127691504
  outer loop
    vertex 13.227312353975325 33.50289977840982 38.5341986090693
    vertex 11.20515719893358 33.9739869965589 39.26443911982644
    vertex 13.227312353975327 33.97398699655893 39.26443911982643
  endloop
endfacet
facet normal 3.1501151470345047e-15 0.6541482102036664 -0.756366392092708
  outer loop
    vertex 13.227312353975305 32.881044215635185 37.94125682492779
    vertex 11.205157198933572 33.50289977840979 38.5341986090693
    vertex 13.227312353975325 33.50289977840982 38.5341986090693
  endloop
endfacet
facet normal 3.1501151470345047e-15 0.6541482102036664 -0.756366392092708
  outer loop
    vertex 11.205157198933572 33.50289977840979 38.5341986090693
    vertex 13.227312353975305 32.881044215635185 37.94125682492779
    vertex 11.20515719893357 32.88104421563516 37.94125682492779
  endloop
endfacet
facet normal 1.663671104351459e-15 0.4607956488939339 -0.8875062647443217
  outer loop
    vertex 13.227312353975307 32.1435226980214 37.51908403746703
    vertex 11.20515719893357 32.88104421563516 37.94125682492779
    vertex 13.227312353975305 32.881044215635185 37.94125682492779
  endloop
endfacet
facet normal 1.663671104351459e-15 0.4607956488939339 -0.8875062647443217
  outer loop
    vertex 11.20515719893357 32.88104421563516 37.94125682492779
    vertex 13.227312353975307 32.1435226980214 37.51908403746703
    vertex 11.205157198933561 32.14352269802137 37.51908403746703
  endloop
endfacet
facet normal 5.923705184104051e-16 0.2464971238255919 -0.9691435228828136
  outer loop
    vertex 13.227312353975282 31.331966706151505 37.291510979464455
    vertex 11.205157198933561 32.14352269802137 37.51908403746703
    vertex 13.227312353975307 32.1435226980214 37.51908403746703
  endloop
endfacet
facet normal 5.923705184104051e-16 0.2464971238255919 -0.9691435228828136
  outer loop
    vertex 11.205157198933561 32.14352269802137 37.51908403746703
    vertex 13.227312353975282 31.331966706151505 37.291510979464455
    vertex 11.20515719893355 31.331966706151476 37.29151097946444
  endloop
endfacet
facet normal 0.14915497643649045 -1.9172857234215383e-15 0.9888138313172152
  outer loop
    vertex 48.92486783641992 31.331966706151032 74.645878202909
    vertex 50.798265292810754 27.331966706151018 74.33432534489137
    vertex 50.798265292810804 31.331966706151015 74.33432534489137
  endloop
endfacet
facet normal 0.14915497643649045 -1.9172857234215383e-15 0.9888138313172152
  outer loop
    vertex 50.798265292810754 27.331966706151018 74.33432534489137
    vertex 48.92486783641992 31.331966706151032 74.645878202909
    vertex 48.92486783641987 27.33196670615104 74.645878202909
  endloop
endfacet
facet normal -1.2791659607841214e-14 -1.0 -5.321262191787949e-16
  outer loop
    vertex 13.227312353975249 27.33196670615154 37.29151097946448
    vertex 11.205157198933415 27.331966706151526 44.641510979464435
    vertex 11.205157198933493 27.331966706151526 37.29151097946445
  endloop
endfacet
facet normal -1.2791659607841214e-14 -1.0 -5.321262191787949e-16
  outer loop
    vertex 11.205157198933415 27.331966706151526 44.641510979464435
    vertex 13.227312353975249 27.33196670615154 37.29151097946448
    vertex 11.658308671609477 27.331966706151512 47.645651066299884
  endloop
endfacet
facet normal -1.2791659607841214e-14 -1.0 -5.321262191787949e-16
  outer loop
    vertex 11.658308671609477 27.331966706151512 47.645651066299884
    vertex 13.227312353975249 27.33196670615154 37.29151097946448
    vertex 12.55231445808497 27.3319667061515 51.14894983455646
  endloop
endfacet
facet normal -1.2791659607841214e-14 -1.0 -5.321262191787949e-16
  outer loop
    vertex 12.55231445808497 27.3319667061515 51.14894983455646
    vertex 13.227312353975249 27.33196670615154 37.29151097946448
    vertex 13.227312353975243 27.33196670615154 44.641510979464485
  endloop
endfacet
facet normal -1.2791659607841214e-14 -1.0 -5.321262191787949e-16
  outer loop
    vertex 12.55231445808497 27.3319667061515 51.14894983455646
    vertex 13.227312353975243 27.33196670615154 44.641510979464485
    vertex 13.790179393619166 27.33196670615152 54.53493566204103
  endloop
endfacet
facet normal -1.2791659607841214e-14 -1.0 -5.321262191787949e-16
  outer loop
    vertex 13.790179393619166 27.33196670615152 54.53493566204103
    vertex 13.227312353975243 27.33196670615154 44.641510979464485
    vertex 13.614603873077119 27.33196670615152 47.20903651558262
  endloop
endfacet
facet normal -1.2791659607841214e-14 -1.0 -5.321262191787949e-16
  outer loop
    vertex 13.790179393619166 27.33196670615152 54.53493566204103
    vertex 13.614603873077119 27.33196670615152 47.20903651558262
    vertex 14.454427490675279 27.33196670615149 50.5000141463691
  endloop
endfacet
facet normal -1.2791659607841214e-14 -1.0 -5.321262191787949e-16
  outer loop
    vertex 13.790179393619166 27.33196670615152 54.53493566204103
    vertex 14.454427490675279 27.33196670615149 50.5000141463691
    vertex 15.358341170938514 27.3319667061515 57.76651097946458
  endloop
endfacet
facet normal -1.2791659607841214e-14 -1.0 -5.321262191787949e-16
  outer loop
    vertex 15.358341170938514 27.3319667061515 57.76651097946458
    vertex 14.454427490675279 27.33196670615149 50.5000141463691
    vertex 15.617270308904384 27.331966706151498 53.68078871158189
  endloop
endfacet
facet normal -1.2791659607841214e-14 -1.0 -5.321262191787949e-16
  outer loop
    vertex 15.358341170938514 27.3319667061515 57.76651097946458
    vertex 15.617270308904384 27.331966706151498 53.68078871158189
    vertex 17.239618681451656 27.331966706151473 60.80826997139879
  endloop
endfacet
facet normal -1.2791659607841214e-14 -1.0 -5.321262191787949e-16
  outer loop
    vertex 17.239618681451656 27.331966706151473 60.80826997139879
    vertex 15.617270308904384 27.331966706151498 53.68078871158189
    vertex 17.090391978507377 27.33196670615148 56.716510979464594
  endloop
endfacet
facet normal -1.2791659607841214e-14 -1.0 -5.321262191787949e-16
  outer loop
    vertex 17.239618681451656 27.331966706151473 60.80826997139879
    vertex 17.090391978507377 27.33196670615148 56.716510979464594
    vertex 18.857652670201563 27.33196670615146 59.57392094158461
  endloop
endfacet
facet normal -1.2791659607841214e-14 -1.0 -5.321262191787949e-16
  outer loop
    vertex 17.239618681451656 27.331966706151473 60.80826997139879
    vertex 18.857652670201563 27.33196670615146 59.57392094158461
    vertex 19.41340025507089 27.331966706151444 63.626886489799034
  endloop
endfacet
facet normal -1.2791659607841214e-14 -1.0 -5.321262191787949e-16
  outer loop
    vertex 19.41340025507089 27.331966706151444 63.626886489799034
    vertex 18.857652670201563 27.33196670615146 59.57392094158461
    vertex 20.899689906025653 27.331966706151388 62.221712216445475
  endloop
endfacet
facet normal -1.2791659607841214e-14 -1.0 -5.321262191787949e-16
  outer loop
    vertex 19.41340025507089 27.331966706151444 63.626886489799034
    vertex 20.899689906025653 27.331966706151388 62.221712216445475
    vertex 21.855869485982517 27.331966706151377 66.19147918225637
  endloop
endfacet
facet normal -1.2791659607841214e-14 -1.0 -5.321262191787949e-16
  outer loop
    vertex 21.855869485982517 27.331966706151377 66.19147918225637
    vertex 20.899689906025653 27.331966706151388 62.221712216445475
    vertex 23.19413069870026 27.331966706151363 64.63087504875386
  endloop
endfacet
facet normal -1.2791659607841214e-14 -1.0 -5.321262191787949e-16
  outer loop
    vertex 21.855869485982517 27.331966706151377 66.19147918225637
    vertex 23.19413069870026 27.331966706151363 64.63087504875386
    vertex 24.54026617017323 27.331966706151345 68.47394983455662
  endloop
endfacet
facet normal -1.2791659607841214e-14 -1.0 -5.321262191787949e-16
  outer loop
    vertex 24.54026617017323 27.331966706151345 68.47394983455662
    vertex 23.19413069870026 27.331966706151363 64.63087504875386
    vertex 25.71583667475818 27.331966706151327 66.77501414636923
  endloop
endfacet
facet normal -1.2791659607841214e-14 -1.0 -5.321262191787949e-16
  outer loop
    vertex 24.54026617017323 27.331966706151345 68.47394983455662
    vertex 25.71583667475818 27.331966706151327 66.77501414636923
    vertex 27.43717949582478 27.331966706151306 70.44929122059551
  endloop
endfacet
facet normal -1.2791659607841214e-14 -1.0 -5.321262191787949e-16
  outer loop
    vertex 27.43717949582478 27.331966706151306 70.44929122059551
    vertex 25.71583667475818 27.331966706151327 66.77501414636923
    vertex 28.437179495824797 27.33196670615129 68.63063787264825
  endloop
endfacet
facet normal -1.2791659607841214e-14 -1.0 -5.321262191787949e-16
  outer loop
    vertex 27.43717949582478 27.331966706151306 70.44929122059551
    vertex 28.437179495824797 27.33196670615129 68.63063787264825
    vertex 30.514870274323368 27.331966706151267 72.09586108678089
  endloop
endfacet
facet normal -1.2791659607841214e-14 -1.0 -5.321262191787949e-16
  outer loop
    vertex 30.514870274323368 27.331966706151267 72.09586108678089
    vertex 28.437179495824797 27.33196670615129 68.63063787264825
    vertex 31.328343560474988 27.331966706151277 70.17741562573147
  endloop
endfacet
facet normal -1.2791659607841214e-14 -1.0 -5.321262191787949e-16
  outer loop
    vertex 30.514870274323368 27.331966706151267 72.09586108678089
    vertex 31.328343560474988 27.331966706151277 70.17741562573147
    vertex 33.73961868145147 27.33196670615124 73.39561926909185
  endloop
endfacet
facet normal -1.2791659607841214e-14 -1.0 -5.321262191787949e-16
  outer loop
    vertex 33.73961868145147 27.33196670615124 73.39561926909185
    vertex 31.328343560474988 27.331966706151277 70.17741562573147
    vertex 34.3576526702014 27.33196670615125 71.39840058487205
  endloop
endfacet
facet normal -1.2791659607841214e-14 -1.0 -5.321262191787949e-16
  outer loop
    vertex 33.73961868145147 27.33196670615124 73.39561926909185
    vertex 34.3576526702014 27.33196670615125 71.39840058487205
    vertex 37.07609369883869 27.331966706151192 74.3343253448912
  endloop
endfacet
facet normal -1.2791659607841214e-14 -1.0 -5.321262191787949e-16
  outer loop
    vertex 37.07609369883869 27.331966706151192 74.3343253448912
    vertex 34.3576526702014 27.33196670615125 71.39840058487205
    vertex 37.49191708047425 27.331966706151174 72.28021538335021
  endloop
endfacet
facet normal -1.2791659607841214e-14 -1.0 -5.321262191787949e-16
  outer loop
    vertex 37.07609369883869 27.331966706151192 74.3343253448912
    vertex 37.49191708047425 27.331966706151174 72.28021538335021
    vertex 38.949491155229616 27.331966706151164 74.64587820290888
  endloop
endfacet
facet normal -1.2791659607841214e-14 -1.0 -5.321262191787949e-16
  outer loop
    vertex 38.949491155229616 27.331966706151164 74.64587820290888
    vertex 37.49191708047425 27.331966706151174 72.28021538335021
    vertex 40.69679713452751 27.331966706151135 72.81319867370219
  endloop
endfacet
facet normal -1.2791659607841214e-14 -1.0 -5.321262191787949e-16
  outer loop
    vertex 38.949491155229616 27.331966706151164 74.64587820290888
    vertex 40.69679713452751 27.331966706151135 72.81319867370219
    vertex 39.93717949582473 27.33196670615118 74.81013439120115
  endloop
endfacet
facet normal -1.2791659607841214e-14 -1.0 -5.321262191787949e-16
  outer loop
    vertex 39.93717949582473 27.33196670615118 74.81013439120115
    vertex 40.69679713452751 27.331966706151135 72.81319867370219
    vertex 47.937179495824715 27.33196670615108 74.81013439120126
  endloop
endfacet
facet normal -1.2791659607841214e-14 -1.0 -5.321262191787949e-16
  outer loop
    vertex 47.937179495824715 27.33196670615108 74.81013439120126
    vertex 40.69679713452751 27.331966706151135 72.81319867370219
    vertex 43.93717949582474 27.331966706151107 72.99151097946495
  endloop
endfacet
facet normal -1.2791659607841214e-14 -1.0 -5.321262191787949e-16
  outer loop
    vertex 47.937179495824715 27.33196670615108 74.81013439120126
    vertex 43.93717949582474 27.331966706151107 72.99151097946495
    vertex 47.17756185712203 27.331966706151075 72.81319867370229
  endloop
endfacet
facet normal -1.2791659607841214e-14 -1.0 -5.321262191787949e-16
  outer loop
    vertex 47.937179495824715 27.33196670615108 74.81013439120126
    vertex 47.17756185712203 27.331966706151075 72.81319867370229
    vertex 50.3824419111753 27.33196670615101 72.2802153833504
  endloop
endfacet
facet normal -1.2791659607841214e-14 -1.0 -5.321262191787949e-16
  outer loop
    vertex 47.937179495824715 27.33196670615108 74.81013439120126
    vertex 50.3824419111753 27.33196670615101 72.2802153833504
    vertex 48.92486783641987 27.33196670615104 74.645878202909
  endloop
endfacet
facet normal -1.2791659607841214e-14 -1.0 -5.321262191787949e-16
  outer loop
    vertex 48.92486783641987 27.33196670615104 74.645878202909
    vertex 50.3824419111753 27.33196670615101 72.2802153833504
    vertex 50.798265292810754 27.331966706151018 74.33432534489137
  endloop
endfacet
facet normal -1.2791659607841214e-14 -1.0 -5.321262191787949e-16
  outer loop
    vertex 50.798265292810754 27.331966706151018 74.33432534489137
    vertex 50.3824419111753 27.33196670615101 72.2802153833504
    vertex 53.51670632144813 27.331966706150972 71.3984005848723
  endloop
endfacet
facet normal -1.2791659607841214e-14 -1.0 -5.321262191787949e-16
  outer loop
    vertex 50.798265292810754 27.331966706151018 74.33432534489137
    vertex 53.51670632144813 27.331966706150972 71.3984005848723
    vertex 54.134740310198005 27.331966706150972 73.39561926909211
  endloop
endfacet
facet normal -1.2791659607841214e-14 -1.0 -5.321262191787949e-16
  outer loop
    vertex 54.134740310198005 27.331966706150972 73.39561926909211
    vertex 53.51670632144813 27.331966706150972 71.3984005848723
    vertex 56.54601543117452 27.33196670615095 70.17741562573175
  endloop
endfacet
facet normal -1.2791659607841214e-14 -1.0 -5.321262191787949e-16
  outer loop
    vertex 54.134740310198005 27.331966706150972 73.39561926909211
    vertex 56.54601543117452 27.33196670615095 70.17741562573175
    vertex 57.35948871732614 27.331966706150954 72.09586108678121
  endloop
endfacet
facet normal -1.2791659607841214e-14 -1.0 -5.321262191787949e-16
  outer loop
    vertex 57.35948871732614 27.331966706150954 72.09586108678121
    vertex 56.54601543117452 27.33196670615095 70.17741562573175
    vertex 59.437179495824786 27.331966706150897 68.63063787264863
  endloop
endfacet
facet normal -1.2791659607841214e-14 -1.0 -5.321262191787949e-16
  outer loop
    vertex 57.35948871732614 27.331966706150954 72.09586108678121
    vertex 59.437179495824786 27.331966706150897 68.63063787264863
    vertex 60.437179495824765 27.331966706150922 70.44929122059594
  endloop
endfacet
facet normal -1.2791659607841214e-14 -1.0 -5.321262191787949e-16
  outer loop
    vertex 60.437179495824765 27.331966706150922 70.44929122059594
    vertex 59.437179495824786 27.331966706150897 68.63063787264863
    vertex 62.15852231689142 27.331966706150865 66.77501414636973
  endloop
endfacet
facet normal -1.2791659607841214e-14 -1.0 -5.321262191787949e-16
  outer loop
    vertex 60.437179495824765 27.331966706150922 70.44929122059594
    vertex 62.15852231689142 27.331966706150865 66.77501414636973
    vertex 63.33409282147635 27.331966706150848 68.4739498345571
  endloop
endfacet
facet normal -1.2791659607841214e-14 -1.0 -5.321262191787949e-16
  outer loop
    vertex 63.33409282147635 27.331966706150848 68.4739498345571
    vertex 62.15852231689142 27.331966706150865 66.77501414636973
    vertex 64.68022829294944 27.33196670615083 64.63087504875438
  endloop
endfacet
facet normal -1.2791659607841214e-14 -1.0 -5.321262191787949e-16
  outer loop
    vertex 63.33409282147635 27.331966706150848 68.4739498345571
    vertex 64.68022829294944 27.33196670615083 64.63087504875438
    vertex 66.01848950566709 27.331966706150816 66.19147918225691
  endloop
endfacet
facet normal -1.2791659607841214e-14 -1.0 -5.321262191787949e-16
  outer loop
    vertex 66.01848950566709 27.331966706150816 66.19147918225691
    vertex 64.68022829294944 27.33196670615083 64.63087504875438
    vertex 66.97466908562404 27.3319667061508 62.221712216446065
  endloop
endfacet
facet normal -1.2791659607841214e-14 -1.0 -5.321262191787949e-16
  outer loop
    vertex 66.01848950566709 27.331966706150816 66.19147918225691
    vertex 66.97466908562404 27.3319667061508 62.221712216446065
    vertex 68.46095873657882 27.331966706150826 63.62688648979969
  endloop
endfacet
facet normal -1.2791659607841214e-14 -1.0 -5.321262191787949e-16
  outer loop
    vertex 68.46095873657882 27.331966706150826 63.62688648979969
    vertex 66.97466908562404 27.3319667061508 62.221712216446065
    vertex 69.01670632144821 27.33196670615082 59.57392094158526
  endloop
endfacet
facet normal -1.2791659607841214e-14 -1.0 -5.321262191787949e-16
  outer loop
    vertex 68.46095873657882 27.331966706150826 63.62688648979969
    vertex 69.01670632144821 27.33196670615082 59.57392094158526
    vertex 70.6347403101981 27.331966706150798 60.80826997139945
  endloop
endfacet
facet normal -1.2791659607841214e-14 -1.0 -5.321262191787949e-16
  outer loop
    vertex 70.6347403101981 27.331966706150798 60.80826997139945
    vertex 69.01670632144821 27.33196670615082 59.57392094158526
    vertex 70.78396701314246 27.331966706150798 56.71651097946527
  endloop
endfacet
facet normal -1.2791659607841214e-14 -1.0 -5.321262191787949e-16
  outer loop
    vertex 70.6347403101981 27.331966706150798 60.80826997139945
    vertex 70.78396701314246 27.331966706150798 56.71651097946527
    vertex 72.51601782071137 27.331966706150773 57.76651097946527
  endloop
endfacet
facet normal -1.2791659607841214e-14 -1.0 -5.321262191787949e-16
  outer loop
    vertex 72.51601782071137 27.331966706150773 57.76651097946527
    vertex 70.78396701314246 27.331966706150798 56.71651097946527
    vertex 72.25708868274555 27.331966706150773 53.680788711582615
  endloop
endfacet
facet normal -1.2791659607841214e-14 -1.0 -5.321262191787949e-16
  outer loop
    vertex 72.51601782071137 27.331966706150773 57.76651097946527
    vertex 72.25708868274555 27.331966706150773 53.680788711582615
    vertex 73.41993150097473 27.331966706150723 50.50001414636984
  endloop
endfacet
facet normal -1.2791659607841214e-14 -1.0 -5.321262191787949e-16
  outer loop
    vertex 72.51601782071137 27.331966706150773 57.76651097946527
    vertex 73.41993150097473 27.331966706150723 50.50001414636984
    vertex 74.08417959803076 27.33196670615075 54.534935662041775
  endloop
endfacet
facet normal -1.2791659607841214e-14 -1.0 -5.321262191787949e-16
  outer loop
    vertex 74.08417959803076 27.33196670615075 54.534935662041775
    vertex 73.41993150097473 27.331966706150723 50.50001414636984
    vertex 74.25975511857297 27.33196670615075 47.20903651558337
  endloop
endfacet
facet normal -1.2791659607841214e-14 -1.0 -5.321262191787949e-16
  outer loop
    vertex 74.08417959803076 27.33196670615075 54.534935662041775
    vertex 74.25975511857297 27.33196670615075 47.20903651558337
    vertex 75.322044533565 27.331966706150702 51.14894983455725
  endloop
endfacet
facet normal -1.2791659607841214e-14 -1.0 -5.321262191787949e-16
  outer loop
    vertex 75.322044533565 27.331966706150702 51.14894983455725
    vertex 74.25975511857297 27.33196670615075 47.20903651558337
    vertex 74.647046637675 27.331966706150734 44.64151097946527
  endloop
endfacet
facet normal -1.2791659607841214e-14 -1.0 -5.321262191787949e-16
  outer loop
    vertex 75.322044533565 27.331966706150702 51.14894983455725
    vertex 74.647046637675 27.331966706150734 44.64151097946527
    vertex 74.64704663767512 27.331966706150734 37.29151097946527
  endloop
endfacet
facet normal -1.2791659607841214e-14 -1.0 -5.321262191787949e-16
  outer loop
    vertex 75.322044533565 27.331966706150702 51.14894983455725
    vertex 74.64704663767512 27.331966706150734 37.29151097946527
    vertex 76.66920179271689 27.331966706150695 37.2915109794653
  endloop
endfacet
facet normal -1.2791659607841214e-14 -1.0 -5.321262191787949e-16
  outer loop
    vertex 75.322044533565 27.331966706150702 51.14894983455725
    vertex 76.66920179271689 27.331966706150695 37.2915109794653
    vertex 76.21605032004058 27.33196670615069 47.64565106630069
  endloop
endfacet
facet normal -1.2791659607841214e-14 -1.0 -5.321262191787949e-16
  outer loop
    vertex 76.21605032004058 27.33196670615069 47.64565106630069
    vertex 76.66920179271689 27.331966706150695 37.2915109794653
    vertex 76.66920179271679 27.331966706150673 44.641510979465295
  endloop
endfacet
facet normal 1.2117438885253617e-14 2.9347208314608465e-17 -1.0
  outer loop
    vertex 76.66920179271695 30.95265636132308 37.29151097946527
    vertex 74.64704663767512 27.331966706150734 37.29151097946527
    vertex 74.66920179271696 30.952656361323108 37.29151097946527
  endloop
endfacet
facet normal 1.2117438885253617e-14 2.9347208314608465e-17 -1.0
  outer loop
    vertex 74.64704663767512 27.331966706150734 37.29151097946527
    vertex 76.66920179271695 30.95265636132308 37.29151097946527
    vertex 76.66920179271689 27.331966706150695 37.2915109794653
  endloop
endfacet
facet normal -1.0 8.459899447643695e-15 -1.4005648338418813e-14
  outer loop
    vertex 74.64704663767512 27.331966706150734 37.29151097946527
    vertex 74.66920179271698 31.782317526466358 37.39266567973355
    vertex 74.66920179271696 30.952656361323108 37.29151097946527
  endloop
endfacet
facet normal -1.0 8.459899447643695e-15 -1.4005648338418813e-14
  outer loop
    vertex 74.66920179271698 31.782317526466358 37.39266567973355
    vertex 74.64704663767512 27.331966706150734 37.29151097946527
    vertex 74.6470466376752 29.397021442712678 39.45981845285533
  endloop
endfacet
facet normal -1.0 8.459899447643695e-15 -1.4005648338418813e-14
  outer loop
    vertex 74.6470466376752 29.397021442712678 39.45981845285533
    vertex 74.64704663767512 27.331966706150734 37.29151097946527
    vertex 74.64704663767512 29.04740047299732 39.93823511739627
  endloop
endfacet
facet normal -1.0 8.459899447643695e-15 -1.4005648338418813e-14
  outer loop
    vertex 74.64704663767512 29.04740047299732 39.93823511739627
    vertex 74.64704663767512 27.331966706150734 37.29151097946527
    vertex 74.64704663767512 28.82761954348713 40.49536312320944
  endloop
endfacet
facet normal -1.0 8.459899447643695e-15 -1.4005648338418813e-14
  outer loop
    vertex 74.64704663767512 28.82761954348713 40.49536312320944
    vertex 74.64704663767512 27.331966706150734 37.29151097946527
    vertex 74.647046637675 27.331966706150734 44.64151097946527
  endloop
endfacet
facet normal -1.0 8.459899447643695e-15 -1.4005648338418813e-14
  outer loop
    vertex 74.66920179271698 31.782317526466358 37.39266567973355
    vertex 74.6470466376752 29.397021442712678 39.45981845285533
    vertex 74.64704663767513 29.85265636132309 39.092716434654214
  endloop
endfacet
facet normal -1.0 8.459899447643695e-15 -1.4005648338418813e-14
  outer loop
    vertex 74.66920179271698 31.782317526466358 37.39266567973355
    vertex 74.64704663767513 29.85265636132309 39.092716434654214
    vertex 74.66920179271698 32.56782813073805 37.69074681585445
  endloop
endfacet
facet normal -1.0 8.459899447643695e-15 -1.4005648338418813e-14
  outer loop
    vertex 74.66920179271698 32.56782813073805 37.69074681585445
    vertex 74.64704663767513 29.85265636132309 39.092716434654214
    vertex 74.64704663767516 30.38325446209754 38.86194645866852
  endloop
endfacet
facet normal -1.0 8.459899447643695e-15 -1.4005648338418813e-14
  outer loop
    vertex 74.66920179271698 32.56782813073805 37.69074681585445
    vertex 74.64704663767516 30.38325446209754 38.86194645866852
    vertex 74.66920179271696 33.26738709291827 38.16989194916273
  endloop
endfacet
facet normal -1.0 8.459899447643695e-15 -1.4005648338418813e-14
  outer loop
    vertex 74.66920179271696 33.26738709291827 38.16989194916273
    vertex 74.64704663767516 30.38325446209754 38.86194645866852
    vertex 74.64704663767519 30.952656361323086 38.78323511739626
  endloop
endfacet
facet normal -1.0 8.459899447643695e-15 -1.4005648338418813e-14
  outer loop
    vertex 74.64704663767512 28.82761954348713 40.49536312320944
    vertex 74.647046637675 27.331966706150734 44.64151097946527
    vertex 74.64704663767512 28.752656361323083 41.09323511739626
  endloop
endfacet
facet normal -1.0 8.459899447643695e-15 -1.4005648338418813e-14
  outer loop
    vertex 74.64704663767512 28.752656361323083 41.09323511739626
    vertex 74.647046637675 27.331966706150734 44.64151097946527
    vertex 74.64704663767509 28.82761954348713 41.69110711158309
  endloop
endfacet
facet normal -1.0 8.459899447643695e-15 -1.4005648338418813e-14
  outer loop
    vertex 74.64704663767509 28.82761954348713 41.69110711158309
    vertex 74.647046637675 27.331966706150734 44.64151097946527
    vertex 74.64704663767507 29.047400472997317 42.248235117396256
  endloop
endfacet
facet normal -1.0 8.459899447643695e-15 -1.4005648338418813e-14
  outer loop
    vertex 74.64704663767507 29.047400472997317 42.248235117396256
    vertex 74.647046637675 27.331966706150734 44.64151097946527
    vertex 74.64704663767512 29.397021442712678 42.726651781937186
  endloop
endfacet
facet normal -1.0 8.459899447643695e-15 -1.4005648338418813e-14
  outer loop
    vertex 74.64704663767512 29.397021442712678 42.726651781937186
    vertex 74.647046637675 27.331966706150734 44.64151097946527
    vertex 74.64704663767507 29.85265636132308 43.093753800138316
  endloop
endfacet
facet normal -1.0 8.459899447643695e-15 -1.4005648338418813e-14
  outer loop
    vertex 74.64704663767507 29.85265636132308 43.093753800138316
    vertex 74.647046637675 27.331966706150734 44.64151097946527
    vertex 74.64704663767512 30.38325446209754 43.324523776124
  endloop
endfacet
facet normal -1.0 8.459899447643695e-15 -1.4005648338418813e-14
  outer loop
    vertex 74.64704663767512 30.38325446209754 43.324523776124
    vertex 74.647046637675 27.331966706150734 44.64151097946527
    vertex 74.64704663767512 30.952656361323086 43.40323511739628
  endloop
endfacet
facet normal -1.0 8.459899447643695e-15 -1.4005648338418813e-14
  outer loop
    vertex 74.64704663767512 30.952656361323086 43.40323511739628
    vertex 74.647046637675 27.331966706150734 44.64151097946527
    vertex 74.6692017927169 33.62351256885002 43.66003323359292
  endloop
endfacet
facet normal -1.0 8.459899447643695e-15 -1.4005648338418813e-14
  outer loop
    vertex 74.6692017927169 33.62351256885002 43.66003323359292
    vertex 74.647046637675 27.331966706150734 44.64151097946527
    vertex 74.6692017927169 32.99228781717478 44.23434957829524
  endloop
endfacet
facet normal -1.0 8.459899447643695e-15 -1.4005648338418813e-14
  outer loop
    vertex 74.6692017927169 32.99228781717478 44.23434957829524
    vertex 74.647046637675 27.331966706150734 44.64151097946527
    vertex 74.66920179271689 32.2525237285624 44.64151097946526
  endloop
endfacet
facet normal -1.0 8.459899447643695e-15 -1.4005648338418813e-14
  outer loop
    vertex 74.66920179271689 32.2525237285624 44.64151097946526
    vertex 74.647046637675 27.331966706150734 44.64151097946527
    vertex 74.64704663767507 31.331966706150734 44.64151097946527
  endloop
endfacet
facet normal -1.0 8.459899447643695e-15 -1.4005648338418813e-14
  outer loop
    vertex 74.64704663767519 30.952656361323086 38.78323511739626
    vertex 74.66920179271698 33.843767263128726 38.804603289399964
    vertex 74.66920179271696 33.26738709291827 38.16989194916273
  endloop
endfacet
facet normal -1.0 8.459899447643695e-15 -1.4005648338418813e-14
  outer loop
    vertex 74.66920179271698 33.843767263128726 38.804603289399964
    vertex 74.64704663767519 30.952656361323086 38.78323511739626
    vertex 74.64704663767516 31.522058260548633 38.86194645866852
  endloop
endfacet
facet normal -1.0 8.459899447643695e-15 -1.4005648338418813e-14
  outer loop
    vertex 74.66920179271698 33.843767263128726 38.804603289399964
    vertex 74.64704663767516 31.522058260548633 38.86194645866852
    vertex 74.66920179271696 34.26629647198369 39.56110456398597
  endloop
endfacet
facet normal -1.0 8.459899447643695e-15 -1.4005648338418813e-14
  outer loop
    vertex 74.66920179271696 34.26629647198369 39.56110456398597
    vertex 74.64704663767516 31.522058260548633 38.86194645866852
    vertex 74.64704663767519 32.05265636132309 39.092716434654214
  endloop
endfacet
facet normal -1.0 8.459899447643695e-15 -1.4005648338418813e-14
  outer loop
    vertex 74.66920179271696 34.26629647198369 39.56110456398597
    vertex 74.64704663767519 32.05265636132309 39.092716434654214
    vertex 74.64704663767516 32.508291279933495 39.459818452855345
  endloop
endfacet
facet normal -1.0 8.459899447643695e-15 -1.4005648338418813e-14
  outer loop
    vertex 74.66920179271696 34.26629647198369 39.56110456398597
    vertex 74.64704663767516 32.508291279933495 39.459818452855345
    vertex 74.64704663767519 32.85791224964885 39.93823511739627
  endloop
endfacet
facet normal -1.0 8.459899447643695e-15 -1.4005648338418813e-14
  outer loop
    vertex 74.66920179271696 34.26629647198369 39.56110456398597
    vertex 74.64704663767519 32.85791224964885 39.93823511739627
    vertex 74.66920179271696 34.51248975533236 40.39913842814408
  endloop
endfacet
facet normal -1.0 8.459899447643695e-15 -1.4005648338418813e-14
  outer loop
    vertex 74.66920179271696 34.51248975533236 40.39913842814408
    vertex 74.64704663767519 32.85791224964885 39.93823511739627
    vertex 74.64704663767519 33.07769317915904 40.49536312320945
  endloop
endfacet
facet normal -1.0 8.459899447643695e-15 -1.4005648338418813e-14
  outer loop
    vertex 74.66920179271696 34.51248975533236 40.39913842814408
    vertex 74.64704663767519 33.07769317915904 40.49536312320945
    vertex 74.669201792717 34.569245895473664 41.274108766391926
  endloop
endfacet
facet normal -1.0 8.459899447643695e-15 -1.4005648338418813e-14
  outer loop
    vertex 74.669201792717 34.569245895473664 41.274108766391926
    vertex 74.64704663767519 33.07769317915904 40.49536312320945
    vertex 74.64704663767516 33.15265636132309 41.093235117396276
  endloop
endfacet
facet normal -1.0 8.459899447643695e-15 -1.4005648338418813e-14
  outer loop
    vertex 74.669201792717 34.569245895473664 41.274108766391926
    vertex 74.64704663767516 33.15265636132309 41.093235117396276
    vertex 74.64704663767516 33.07769317915904 41.69110711158309
  endloop
endfacet
facet normal -1.0 8.459899447643695e-15 -1.4005648338418813e-14
  outer loop
    vertex 74.669201792717 34.569245895473664 41.274108766391926
    vertex 74.64704663767516 33.07769317915904 41.69110711158309
    vertex 74.669201792717 34.43354460469809 42.13945388245806
  endloop
endfacet
facet normal -1.0 8.459899447643695e-15 -1.4005648338418813e-14
  outer loop
    vertex 74.669201792717 34.43354460469809 42.13945388245806
    vertex 74.64704663767516 33.07769317915904 41.69110711158309
    vertex 74.64704663767512 32.85791224964885 42.24823511739626
  endloop
endfacet
facet normal -1.0 8.459899447643695e-15 -1.4005648338418813e-14
  outer loop
    vertex 74.669201792717 34.43354460469809 42.13945388245806
    vertex 74.64704663767512 32.85791224964885 42.24823511739626
    vertex 74.6692017927169 34.11260725041496 42.94912428791647
  endloop
endfacet
facet normal -1.0 8.459899447643695e-15 -1.4005648338418813e-14
  outer loop
    vertex 74.6692017927169 34.11260725041496 42.94912428791647
    vertex 74.64704663767512 32.85791224964885 42.24823511739626
    vertex 74.64704663767512 32.508291279933495 42.726651781937186
  endloop
endfacet
facet normal -1.0 8.459899447643695e-15 -1.4005648338418813e-14
  outer loop
    vertex 74.6692017927169 34.11260725041496 42.94912428791647
    vertex 74.64704663767512 32.508291279933495 42.726651781937186
    vertex 74.64704663767512 32.05265636132308 43.093753800138316
  endloop
endfacet
facet normal -1.0 8.459899447643695e-15 -1.4005648338418813e-14
  outer loop
    vertex 74.6692017927169 34.11260725041496 42.94912428791647
    vertex 74.64704663767512 32.05265636132308 43.093753800138316
    vertex 74.6692017927169 33.62351256885002 43.66003323359292
  endloop
endfacet
facet normal -1.0 8.459899447643695e-15 -1.4005648338418813e-14
  outer loop
    vertex 74.6692017927169 33.62351256885002 43.66003323359292
    vertex 74.64704663767512 32.05265636132308 43.093753800138316
    vertex 74.64704663767509 31.522058260548633 43.32452377612401
  endloop
endfacet
facet normal -1.0 8.459899447643695e-15 -1.4005648338418813e-14
  outer loop
    vertex 74.6692017927169 33.62351256885002 43.66003323359292
    vertex 74.64704663767509 31.522058260548633 43.32452377612401
    vertex 74.64704663767512 30.952656361323086 43.40323511739628
  endloop
endfacet
facet normal 1.0 -1.4206140894236799e-14 1.3862424879932903e-14
  outer loop
    vertex 76.66920179271698 33.843767263128676 38.804603289399985
    vertex 76.66920179271695 30.952656361323058 38.78323511739631
    vertex 76.66920179271695 33.267387092918234 38.169891949162775
  endloop
endfacet
facet normal 1.0 -1.4206140894236799e-14 1.3862424879932903e-14
  outer loop
    vertex 76.66920179271695 30.952656361323058 38.78323511739631
    vertex 76.66920179271698 33.843767263128676 38.804603289399985
    vertex 76.66920179271693 31.522058260548604 38.86194645866855
  endloop
endfacet
facet normal 1.0 -1.4206140894236799e-14 1.3862424879932903e-14
  outer loop
    vertex 76.66920179271693 31.522058260548604 38.86194645866855
    vertex 76.66920179271698 33.843767263128676 38.804603289399985
    vertex 76.66920179271695 34.266296471983644 39.561104563986014
  endloop
endfacet
facet normal 1.0 -1.4206140894236799e-14 1.3862424879932903e-14
  outer loop
    vertex 76.66920179271693 31.522058260548604 38.86194645866855
    vertex 76.66920179271695 34.266296471983644 39.561104563986014
    vertex 76.66920179271695 32.05265636132306 39.092716434654264
  endloop
endfacet
facet normal 1.0 -1.4206140894236799e-14 1.3862424879932903e-14
  outer loop
    vertex 76.66920179271695 32.05265636132306 39.092716434654264
    vertex 76.66920179271695 34.266296471983644 39.561104563986014
    vertex 76.66920179271693 32.50829127993347 39.45981845285537
  endloop
endfacet
facet normal 1.0 -1.4206140894236799e-14 1.3862424879932903e-14
  outer loop
    vertex 76.66920179271693 32.50829127993347 39.45981845285537
    vertex 76.66920179271695 34.266296471983644 39.561104563986014
    vertex 76.66920179271695 32.85791224964882 39.93823511739632
  endloop
endfacet
facet normal 1.0 -1.4206140894236799e-14 1.3862424879932903e-14
  outer loop
    vertex 76.66920179271695 32.85791224964882 39.93823511739632
    vertex 76.66920179271695 34.266296471983644 39.561104563986014
    vertex 76.66920179271695 34.512489755332304 40.399138428144106
  endloop
endfacet
facet normal 1.0 -1.4206140894236799e-14 1.3862424879932903e-14
  outer loop
    vertex 76.66920179271695 32.85791224964882 39.93823511739632
    vertex 76.66920179271695 34.512489755332304 40.399138428144106
    vertex 76.66920179271695 33.07769317915901 40.49536312320948
  endloop
endfacet
facet normal 1.0 -1.4206140894236799e-14 1.3862424879932903e-14
  outer loop
    vertex 76.66920179271695 33.07769317915901 40.49536312320948
    vertex 76.66920179271695 34.512489755332304 40.399138428144106
    vertex 76.669201792717 34.569245895473614 41.274108766391954
  endloop
endfacet
facet normal 1.0 -1.4206140894236799e-14 1.3862424879932903e-14
  outer loop
    vertex 76.66920179271695 33.07769317915901 40.49536312320948
    vertex 76.669201792717 34.569245895473614 41.274108766391954
    vertex 76.66920179271693 33.15265636132306 41.09323511739631
  endloop
endfacet
facet normal 1.0 -1.4206140894236799e-14 1.3862424879932903e-14
  outer loop
    vertex 76.66920179271693 33.15265636132306 41.09323511739631
    vertex 76.669201792717 34.569245895473614 41.274108766391954
    vertex 76.66920179271693 33.07769317915901 41.69110711158314
  endloop
endfacet
facet normal 1.0 -1.4206140894236799e-14 1.3862424879932903e-14
  outer loop
    vertex 76.66920179271693 33.07769317915901 41.69110711158314
    vertex 76.669201792717 34.569245895473614 41.274108766391954
    vertex 76.669201792717 34.43354460469804 42.139453882458085
  endloop
endfacet
facet normal 1.0 -1.4206140894236799e-14 1.3862424879932903e-14
  outer loop
    vertex 76.66920179271693 33.07769317915901 41.69110711158314
    vertex 76.669201792717 34.43354460469804 42.139453882458085
    vertex 76.6692017927169 32.85791224964882 42.24823511739632
  endloop
endfacet
facet normal 1.0 -1.4206140894236799e-14 1.3862424879932903e-14
  outer loop
    vertex 76.6692017927169 32.85791224964882 42.24823511739632
    vertex 76.669201792717 34.43354460469804 42.139453882458085
    vertex 76.6692017927169 34.11260725041491 42.94912428791649
  endloop
endfacet
facet normal 1.0 -1.4206140894236799e-14 1.3862424879932903e-14
  outer loop
    vertex 76.6692017927169 32.85791224964882 42.24823511739632
    vertex 76.6692017927169 34.11260725041491 42.94912428791649
    vertex 76.66920179271689 32.50829127993347 42.72665178193724
  endloop
endfacet
facet normal 1.0 -1.4206140894236799e-14 1.3862424879932903e-14
  outer loop
    vertex 76.66920179271689 32.50829127993347 42.72665178193724
    vertex 76.6692017927169 34.11260725041491 42.94912428791649
    vertex 76.66920179271689 32.05265636132306 43.09375380013837
  endloop
endfacet
facet normal 1.0 -1.4206140894236799e-14 1.3862424879932903e-14
  outer loop
    vertex 76.66920179271689 32.05265636132306 43.09375380013837
    vertex 76.6692017927169 34.11260725041491 42.94912428791649
    vertex 76.6692017927169 33.62351256884997 43.660033233592955
  endloop
endfacet
facet normal 1.0 -1.4206140894236799e-14 1.3862424879932903e-14
  outer loop
    vertex 76.66920179271689 32.05265636132306 43.09375380013837
    vertex 76.6692017927169 33.62351256884997 43.660033233592955
    vertex 76.66920179271689 31.522058260548604 43.32452377612406
  endloop
endfacet
facet normal 1.0 -1.4206140894236799e-14 1.3862424879932903e-14
  outer loop
    vertex 76.66920179271689 31.522058260548604 43.32452377612406
    vertex 76.6692017927169 33.62351256884997 43.660033233592955
    vertex 76.66920179271689 30.952656361323058 43.40323511739631
  endloop
endfacet
facet normal 1.0 -1.4206140894236799e-14 1.3862424879932903e-14
  outer loop
    vertex 76.66920179271698 31.78231752646633 37.39266567973356
    vertex 76.66920179271689 27.331966706150695 37.2915109794653
    vertex 76.66920179271695 30.95265636132308 37.29151097946527
  endloop
endfacet
facet normal 1.0 -1.4206140894236799e-14 1.3862424879932903e-14
  outer loop
    vertex 76.66920179271689 27.331966706150695 37.2915109794653
    vertex 76.66920179271698 31.78231752646633 37.39266567973356
    vertex 76.66920179271698 29.39702144271265 39.45981845285537
  endloop
endfacet
facet normal 1.0 -1.4206140894236799e-14 1.3862424879932903e-14
  outer loop
    vertex 76.66920179271689 27.331966706150695 37.2915109794653
    vertex 76.66920179271698 29.39702144271265 39.45981845285537
    vertex 76.66920179271689 29.047400472997293 39.938235117396296
  endloop
endfacet
facet normal 1.0 -1.4206140894236799e-14 1.3862424879932903e-14
  outer loop
    vertex 76.66920179271689 27.331966706150695 37.2915109794653
    vertex 76.66920179271689 29.047400472997293 39.938235117396296
    vertex 76.66920179271689 28.827619543487103 40.49536312320947
  endloop
endfacet
facet normal 1.0 -1.4206140894236799e-14 1.3862424879932903e-14
  outer loop
    vertex 76.66920179271689 27.331966706150695 37.2915109794653
    vertex 76.66920179271689 28.827619543487103 40.49536312320947
    vertex 76.66920179271679 27.331966706150673 44.641510979465295
  endloop
endfacet
facet normal 1.0 -1.4206140894236799e-14 1.3862424879932903e-14
  outer loop
    vertex 76.66920179271698 29.39702144271265 39.45981845285537
    vertex 76.66920179271698 31.78231752646633 37.39266567973356
    vertex 76.6692017927169 29.85265636132306 39.09271643465424
  endloop
endfacet
facet normal 1.0 -1.4206140894236799e-14 1.3862424879932903e-14
  outer loop
    vertex 76.6692017927169 29.85265636132306 39.09271643465424
    vertex 76.66920179271698 31.78231752646633 37.39266567973356
    vertex 76.66920179271698 32.567828130738015 37.690746815854475
  endloop
endfacet
facet normal 1.0 -1.4206140894236799e-14 1.3862424879932903e-14
  outer loop
    vertex 76.6692017927169 29.85265636132306 39.09271643465424
    vertex 76.66920179271698 32.567828130738015 37.690746815854475
    vertex 76.66920179271693 30.38325446209751 38.86194645866855
  endloop
endfacet
facet normal 1.0 -1.4206140894236799e-14 1.3862424879932903e-14
  outer loop
    vertex 76.66920179271693 30.38325446209751 38.86194645866855
    vertex 76.66920179271698 32.567828130738015 37.690746815854475
    vertex 76.66920179271695 33.267387092918234 38.169891949162775
  endloop
endfacet
facet normal 1.0 -1.4206140894236799e-14 1.3862424879932903e-14
  outer loop
    vertex 76.66920179271693 30.38325446209751 38.86194645866855
    vertex 76.66920179271695 33.267387092918234 38.169891949162775
    vertex 76.66920179271695 30.952656361323058 38.78323511739631
  endloop
endfacet
facet normal 1.0 -1.4206140894236799e-14 1.3862424879932903e-14
  outer loop
    vertex 76.66920179271679 27.331966706150673 44.641510979465295
    vertex 76.66920179271689 28.827619543487103 40.49536312320947
    vertex 76.66920179271689 28.752656361323055 41.09323511739631
  endloop
endfacet
facet normal 1.0 -1.4206140894236799e-14 1.3862424879932903e-14
  outer loop
    vertex 76.66920179271679 27.331966706150673 44.641510979465295
    vertex 76.66920179271689 28.752656361323055 41.09323511739631
    vertex 76.66920179271686 28.827619543487103 41.691107111583136
  endloop
endfacet
facet normal 1.0 -1.4206140894236799e-14 1.3862424879932903e-14
  outer loop
    vertex 76.66920179271679 27.331966706150673 44.641510979465295
    vertex 76.66920179271686 28.827619543487103 41.691107111583136
    vertex 76.66920179271683 29.04740047299729 42.24823511739631
  endloop
endfacet
facet normal 1.0 -1.4206140894236799e-14 1.3862424879932903e-14
  outer loop
    vertex 76.66920179271679 27.331966706150673 44.641510979465295
    vertex 76.66920179271683 29.04740047299729 42.24823511739631
    vertex 76.66920179271689 29.39702144271265 42.726651781937235
  endloop
endfacet
facet normal 1.0 -1.4206140894236799e-14 1.3862424879932903e-14
  outer loop
    vertex 76.66920179271679 27.331966706150673 44.641510979465295
    vertex 76.66920179271689 29.39702144271265 42.726651781937235
    vertex 76.66920179271683 29.852656361323053 43.093753800138366
  endloop
endfacet
facet normal 1.0 -1.4206140894236799e-14 1.3862424879932903e-14
  outer loop
    vertex 76.66920179271679 27.331966706150673 44.641510979465295
    vertex 76.66920179271683 29.852656361323053 43.093753800138366
    vertex 76.66920179271689 30.38325446209751 43.32452377612406
  endloop
endfacet
facet normal 1.0 -1.4206140894236799e-14 1.3862424879932903e-14
  outer loop
    vertex 76.66920179271679 27.331966706150673 44.641510979465295
    vertex 76.66920179271689 30.38325446209751 43.32452377612406
    vertex 76.66920179271689 30.952656361323058 43.40323511739631
  endloop
endfacet
facet normal 1.0 -1.4206140894236799e-14 1.3862424879932903e-14
  outer loop
    vertex 76.66920179271679 27.331966706150673 44.641510979465295
    vertex 76.66920179271689 30.952656361323058 43.40323511739631
    vertex 76.6692017927169 33.62351256884997 43.660033233592955
  endloop
endfacet
facet normal 1.0 -1.4206140894236799e-14 1.3862424879932903e-14
  outer loop
    vertex 76.66920179271679 27.331966706150673 44.641510979465295
    vertex 76.6692017927169 33.62351256884997 43.660033233592955
    vertex 76.6692017927169 32.99228781717473 44.23434957829528
  endloop
endfacet
facet normal 1.0 -1.4206140894236799e-14 1.3862424879932903e-14
  outer loop
    vertex 76.66920179271679 27.331966706150673 44.641510979465295
    vertex 76.6692017927169 32.99228781717473 44.23434957829528
    vertex 76.66920179271689 32.25252372856235 44.64151097946529
  endloop
endfacet
facet normal 1.0 -1.4206140894236799e-14 1.3862424879932903e-14
  outer loop
    vertex 76.66920179271679 27.331966706150673 44.641510979465295
    vertex 76.66920179271689 32.25252372856235 44.64151097946529
    vertex 76.66920179271683 31.33196670615067 44.641510979465295
  endloop
endfacet
facet normal -1.218099690730318e-14 -4.803099494921936e-16 1.0
  outer loop
    vertex 74.64704663767507 31.331966706150734 44.64151097946527
    vertex 76.66920179271689 32.25252372856235 44.64151097946529
    vertex 74.66920179271689 32.2525237285624 44.64151097946526
  endloop
endfacet
facet normal -1.218099690730318e-14 -4.803099494921936e-16 1.0
  outer loop
    vertex 76.66920179271689 32.25252372856235 44.64151097946529
    vertex 74.64704663767507 31.331966706150734 44.64151097946527
    vertex 76.66920179271683 31.33196670615067 44.641510979465295
  endloop
endfacet
facet normal -1.6274907815849616e-14 -0.3669671421949778 0.9302339042140159
  outer loop
    vertex 74.64704663767516 31.522058260548633 38.86194645866852
    vertex 76.66920179271695 32.05265636132306 39.092716434654264
    vertex 74.64704663767519 32.05265636132309 39.092716434654214
  endloop
endfacet
facet normal -1.6274907815849616e-14 -0.3669671421949778 0.9302339042140159
  outer loop
    vertex 76.66920179271695 32.05265636132306 39.092716434654264
    vertex 74.64704663767516 31.522058260548633 38.86194645866852
    vertex 76.66920179271693 31.522058260548604 38.86194645866855
  endloop
endfacet
facet normal -1.6709144902916035e-14 -0.5900262613536904 0.8073840541607116
  outer loop
    vertex 74.64704663767519 32.05265636132309 39.092716434654214
    vertex 76.66920179271693 32.50829127993347 39.45981845285537
    vertex 74.64704663767516 32.508291279933495 39.459818452855345
  endloop
endfacet
facet normal -1.6709144902916035e-14 -0.5900262613536904 0.8073840541607116
  outer loop
    vertex 76.66920179271693 32.50829127993347 39.45981845285537
    vertex 74.64704663767519 32.05265636132309 39.092716434654214
    vertex 76.66920179271695 32.05265636132306 39.092716434654264
  endloop
endfacet
facet normal -1.6031009432874762e-14 -0.7787014909646409 0.6273946030764412
  outer loop
    vertex 76.66920179271693 32.50829127993347 39.45981845285537
    vertex 74.64704663767519 32.85791224964885 39.93823511739627
    vertex 74.64704663767516 32.508291279933495 39.459818452855345
  endloop
endfacet
facet normal -1.6031009432874762e-14 -0.7787014909646409 0.6273946030764412
  outer loop
    vertex 74.64704663767519 32.85791224964885 39.93823511739627
    vertex 76.66920179271693 32.50829127993347 39.45981845285537
    vertex 76.66920179271695 32.85791224964882 39.93823511739632
  endloop
endfacet
facet normal -1.4206308009334341e-14 -0.9170225580199944 0.39883533956065886
  outer loop
    vertex 76.66920179271695 32.85791224964882 39.93823511739632
    vertex 74.64704663767519 33.07769317915904 40.49536312320945
    vertex 74.64704663767519 32.85791224964885 39.93823511739627
  endloop
endfacet
facet normal -1.4206308009334341e-14 -0.9170225580199944 0.39883533956065886
  outer loop
    vertex 74.64704663767519 33.07769317915904 40.49536312320945
    vertex 76.66920179271695 32.85791224964882 39.93823511739632
    vertex 76.66920179271695 33.07769317915901 40.49536312320948
  endloop
endfacet
facet normal -1.1307180457259787e-14 -0.9905803127549716 0.13693299084684635
  outer loop
    vertex 74.64704663767519 33.07769317915904 40.49536312320945
    vertex 76.66920179271693 33.15265636132306 41.09323511739631
    vertex 74.64704663767516 33.15265636132309 41.093235117396276
  endloop
endfacet
facet normal -1.1307180457259787e-14 -0.9905803127549716 0.13693299084684635
  outer loop
    vertex 76.66920179271693 33.15265636132306 41.09323511739631
    vertex 74.64704663767519 33.07769317915904 40.49536312320945
    vertex 76.66920179271695 33.07769317915901 40.49536312320948
  endloop
endfacet
facet normal -7.543741186380015e-15 -0.9905803127549716 -0.13693299084684632
  outer loop
    vertex 76.66920179271693 33.15265636132306 41.09323511739631
    vertex 74.64704663767516 33.07769317915904 41.69110711158309
    vertex 74.64704663767516 33.15265636132309 41.093235117396276
  endloop
endfacet
facet normal -7.543741186380015e-15 -0.9905803127549716 -0.13693299084684632
  outer loop
    vertex 74.64704663767516 33.07769317915904 41.69110711158309
    vertex 76.66920179271693 33.15265636132306 41.09323511739631
    vertex 76.66920179271693 33.07769317915901 41.69110711158314
  endloop
endfacet
facet normal -3.244796322234511e-15 -0.917022558019996 -0.39883533956065526
  outer loop
    vertex 74.64704663767516 33.07769317915904 41.69110711158309
    vertex 76.6692017927169 32.85791224964882 42.24823511739632
    vertex 74.64704663767512 32.85791224964885 42.24823511739626
  endloop
endfacet
facet normal -3.244796322234511e-15 -0.917022558019996 -0.39883533956065526
  outer loop
    vertex 76.6692017927169 32.85791224964882 42.24823511739632
    vertex 74.64704663767516 33.07769317915904 41.69110711158309
    vertex 76.66920179271693 33.07769317915901 41.69110711158314
  endloop
endfacet
facet normal 1.2121799034099748e-15 -0.7787014909646371 -0.627394603076446
  outer loop
    vertex 76.6692017927169 32.85791224964882 42.24823511739632
    vertex 74.64704663767512 32.508291279933495 42.726651781937186
    vertex 74.64704663767512 32.85791224964885 42.24823511739626
  endloop
endfacet
facet normal 1.2121799034099748e-15 -0.7787014909646371 -0.627394603076446
  outer loop
    vertex 74.64704663767512 32.508291279933495 42.726651781937186
    vertex 76.6692017927169 32.85791224964882 42.24823511739632
    vertex 76.66920179271689 32.50829127993347 42.72665178193724
  endloop
endfacet
facet normal 5.480838952099675e-15 -0.5900262613536921 -0.8073840541607104
  outer loop
    vertex 76.66920179271689 32.05265636132306 43.09375380013837
    vertex 74.64704663767512 32.508291279933495 42.726651781937186
    vertex 76.66920179271689 32.50829127993347 42.72665178193724
  endloop
endfacet
facet normal 5.480838952099675e-15 -0.5900262613536921 -0.8073840541607104
  outer loop
    vertex 74.64704663767512 32.508291279933495 42.726651781937186
    vertex 76.66920179271689 32.05265636132306 43.09375380013837
    vertex 74.64704663767512 32.05265636132308 43.093753800138316
  endloop
endfacet
facet normal 9.291457050440533e-15 -0.366967142194973 -0.9302339042140177
  outer loop
    vertex 76.66920179271689 31.522058260548604 43.32452377612406
    vertex 74.64704663767512 32.05265636132308 43.093753800138316
    vertex 76.66920179271689 32.05265636132306 43.09375380013837
  endloop
endfacet
facet normal 9.291457050440533e-15 -0.366967142194973 -0.9302339042140177
  outer loop
    vertex 74.64704663767512 32.05265636132308 43.093753800138316
    vertex 76.66920179271689 31.522058260548604 43.32452377612406
    vertex 74.64704663767509 31.522058260548633 43.32452377612401
  endloop
endfacet
facet normal 1.2451375317008576e-14 -0.12440922710593924 -0.99223099337347
  outer loop
    vertex 76.66920179271689 30.952656361323058 43.40323511739631
    vertex 74.64704663767509 31.522058260548633 43.32452377612401
    vertex 76.66920179271689 31.522058260548604 43.32452377612406
  endloop
endfacet
facet normal 1.2451375317008576e-14 -0.12440922710593924 -0.99223099337347
  outer loop
    vertex 74.64704663767509 31.522058260548633 43.32452377612401
    vertex 76.66920179271689 30.952656361323058 43.40323511739631
    vertex 74.64704663767512 30.952656361323086 43.40323511739628
  endloop
endfacet
facet normal 1.4818905300920157e-14 0.12440922710594834 -0.9922309933734687
  outer loop
    vertex 76.66920179271689 30.38325446209751 43.32452377612406
    vertex 74.64704663767512 30.952656361323086 43.40323511739628
    vertex 76.66920179271689 30.952656361323058 43.40323511739631
  endloop
endfacet
facet normal 1.4818905300920157e-14 0.12440922710594834 -0.9922309933734687
  outer loop
    vertex 74.64704663767512 30.952656361323086 43.40323511739628
    vertex 76.66920179271689 30.38325446209751 43.32452377612406
    vertex 74.64704663767512 30.38325446209754 43.324523776124
  endloop
endfacet
facet normal 1.627490781584959e-14 0.3669671421949697 -0.9302339042140192
  outer loop
    vertex 76.66920179271683 29.852656361323053 43.093753800138366
    vertex 74.64704663767512 30.38325446209754 43.324523776124
    vertex 76.66920179271689 30.38325446209751 43.32452377612406
  endloop
endfacet
facet normal 1.627490781584959e-14 0.3669671421949697 -0.9302339042140192
  outer loop
    vertex 74.64704663767512 30.38325446209754 43.324523776124
    vertex 76.66920179271683 29.852656361323053 43.093753800138366
    vertex 74.64704663767507 29.85265636132308 43.093753800138316
  endloop
endfacet
facet normal 1.6709144902916035e-14 0.5900262613536904 -0.8073840541607116
  outer loop
    vertex 76.66920179271689 29.39702144271265 42.726651781937235
    vertex 74.64704663767507 29.85265636132308 43.093753800138316
    vertex 76.66920179271683 29.852656361323053 43.093753800138366
  endloop
endfacet
facet normal 1.6709144902916035e-14 0.5900262613536904 -0.8073840541607116
  outer loop
    vertex 74.64704663767507 29.85265636132308 43.093753800138316
    vertex 76.66920179271689 29.39702144271265 42.726651781937235
    vertex 74.64704663767512 29.397021442712678 42.726651781937186
  endloop
endfacet
facet normal 1.6031009432874788e-14 0.7787014909646359 -0.6273946030764473
  outer loop
    vertex 74.64704663767512 29.397021442712678 42.726651781937186
    vertex 76.66920179271683 29.04740047299729 42.24823511739631
    vertex 74.64704663767507 29.047400472997317 42.248235117396256
  endloop
endfacet
facet normal 1.6031009432874788e-14 0.7787014909646359 -0.6273946030764473
  outer loop
    vertex 76.66920179271683 29.04740047299729 42.24823511739631
    vertex 74.64704663767512 29.397021442712678 42.726651781937186
    vertex 76.66920179271689 29.39702144271265 42.726651781937235
  endloop
endfacet
facet normal 1.4206308009334262e-14 0.9170225580199982 -0.3988353395606503
  outer loop
    vertex 76.66920179271683 29.04740047299729 42.24823511739631
    vertex 74.64704663767509 28.82761954348713 41.69110711158309
    vertex 74.64704663767507 29.047400472997317 42.248235117396256
  endloop
endfacet
facet normal 1.4206308009334262e-14 0.9170225580199982 -0.3988353395606503
  outer loop
    vertex 74.64704663767509 28.82761954348713 41.69110711158309
    vertex 76.66920179271683 29.04740047299729 42.24823511739631
    vertex 76.66920179271686 28.827619543487103 41.691107111583136
  endloop
endfacet
facet normal 1.1307180457259787e-14 0.9905803127549716 -0.13693299084684635
  outer loop
    vertex 76.66920179271686 28.827619543487103 41.691107111583136
    vertex 74.64704663767512 28.752656361323083 41.09323511739626
    vertex 74.64704663767509 28.82761954348713 41.69110711158309
  endloop
endfacet
facet normal 1.1307180457259787e-14 0.9905803127549716 -0.13693299084684635
  outer loop
    vertex 74.64704663767512 28.752656361323083 41.09323511739626
    vertex 76.66920179271686 28.827619543487103 41.691107111583136
    vertex 76.66920179271689 28.752656361323055 41.09323511739631
  endloop
endfacet
facet normal 7.543741186380015e-15 0.9905803127549716 0.13693299084684632
  outer loop
    vertex 74.64704663767512 28.752656361323083 41.09323511739626
    vertex 76.66920179271689 28.827619543487103 40.49536312320947
    vertex 74.64704663767512 28.82761954348713 40.49536312320944
  endloop
endfacet
facet normal 7.543741186380015e-15 0.9905803127549716 0.13693299084684632
  outer loop
    vertex 76.66920179271689 28.827619543487103 40.49536312320947
    vertex 74.64704663767512 28.752656361323083 41.09323511739626
    vertex 76.66920179271689 28.752656361323055 41.09323511739631
  endloop
endfacet
facet normal 3.244796322234511e-15 0.917022558019996 0.39883533956065526
  outer loop
    vertex 74.64704663767512 28.82761954348713 40.49536312320944
    vertex 76.66920179271689 29.047400472997293 39.938235117396296
    vertex 74.64704663767512 29.04740047299732 39.93823511739627
  endloop
endfacet
facet normal 3.244796322234511e-15 0.917022558019996 0.39883533956065526
  outer loop
    vertex 76.66920179271689 29.047400472997293 39.938235117396296
    vertex 74.64704663767512 28.82761954348713 40.49536312320944
    vertex 76.66920179271689 28.827619543487103 40.49536312320947
  endloop
endfacet
facet normal -1.2121799034099748e-15 0.7787014909646371 0.627394603076446
  outer loop
    vertex 76.66920179271689 29.047400472997293 39.938235117396296
    vertex 74.6470466376752 29.397021442712678 39.45981845285533
    vertex 74.64704663767512 29.04740047299732 39.93823511739627
  endloop
endfacet
facet normal -1.2121799034099748e-15 0.7787014909646371 0.627394603076446
  outer loop
    vertex 74.6470466376752 29.397021442712678 39.45981845285533
    vertex 76.66920179271689 29.047400472997293 39.938235117396296
    vertex 76.66920179271698 29.39702144271265 39.45981845285537
  endloop
endfacet
facet normal -5.480838952099791e-15 0.5900262613536856 0.8073840541607149
  outer loop
    vertex 74.6470466376752 29.397021442712678 39.45981845285533
    vertex 76.6692017927169 29.85265636132306 39.09271643465424
    vertex 74.64704663767513 29.85265636132309 39.092716434654214
  endloop
endfacet
facet normal -5.480838952099791e-15 0.5900262613536856 0.8073840541607149
  outer loop
    vertex 76.6692017927169 29.85265636132306 39.09271643465424
    vertex 74.6470466376752 29.397021442712678 39.45981845285533
    vertex 76.66920179271698 29.39702144271265 39.45981845285537
  endloop
endfacet
facet normal -9.2914570504404e-15 0.366967142194981 0.9302339042140145
  outer loop
    vertex 74.64704663767513 29.85265636132309 39.092716434654214
    vertex 76.66920179271693 30.38325446209751 38.86194645866855
    vertex 74.64704663767516 30.38325446209754 38.86194645866852
  endloop
endfacet
facet normal -9.2914570504404e-15 0.366967142194981 0.9302339042140145
  outer loop
    vertex 76.66920179271693 30.38325446209751 38.86194645866855
    vertex 74.64704663767513 29.85265636132309 39.092716434654214
    vertex 76.6692017927169 29.85265636132306 39.09271643465424
  endloop
endfacet
facet normal -1.2451375317008576e-14 0.12440922710593924 0.99223099337347
  outer loop
    vertex 74.64704663767516 30.38325446209754 38.86194645866852
    vertex 76.66920179271695 30.952656361323058 38.78323511739631
    vertex 74.64704663767519 30.952656361323086 38.78323511739626
  endloop
endfacet
facet normal -1.2451375317008576e-14 0.12440922710593924 0.99223099337347
  outer loop
    vertex 76.66920179271695 30.952656361323058 38.78323511739631
    vertex 74.64704663767516 30.38325446209754 38.86194645866852
    vertex 76.66920179271693 30.38325446209751 38.86194645866855
  endloop
endfacet
facet normal -1.4818905300920097e-14 -0.12440922710593919 0.99223099337347
  outer loop
    vertex 74.64704663767519 30.952656361323086 38.78323511739626
    vertex 76.66920179271693 31.522058260548604 38.86194645866855
    vertex 74.64704663767516 31.522058260548633 38.86194645866852
  endloop
endfacet
facet normal -1.4818905300920097e-14 -0.12440922710593919 0.99223099337347
  outer loop
    vertex 76.66920179271693 31.522058260548604 38.86194645866855
    vertex 74.64704663767519 30.952656361323086 38.78323511739626
    vertex 76.66920179271695 30.952656361323058 38.78323511739631
  endloop
endfacet
facet normal -5.670970911988186e-15 0.44665750146362476 0.8947050219967876
  outer loop
    vertex 74.66920179271689 32.2525237285624 44.64151097946526
    vertex 76.6692017927169 32.99228781717473 44.23434957829528
    vertex 74.6692017927169 32.99228781717478 44.23434957829524
  endloop
endfacet
facet normal -5.670970911988186e-15 0.44665750146362476 0.8947050219967876
  outer loop
    vertex 76.6692017927169 32.99228781717473 44.23434957829528
    vertex 74.66920179271689 32.2525237285624 44.64151097946526
    vertex 76.66920179271689 32.25252372856235 44.64151097946529
  endloop
endfacet
facet normal -1.5865088069699384e-15 0.6365003159162154 0.7712764406090452
  outer loop
    vertex 74.6692017927169 32.99228781717478 44.23434957829524
    vertex 76.6692017927169 33.62351256884997 43.660033233592955
    vertex 74.6692017927169 33.62351256885002 43.66003323359292
  endloop
endfacet
facet normal -1.5865088069699384e-15 0.6365003159162154 0.7712764406090452
  outer loop
    vertex 76.6692017927169 33.62351256884997 43.660033233592955
    vertex 74.6692017927169 32.99228781717478 44.23434957829524
    vertex 76.6692017927169 32.99228781717473 44.23434957829528
  endloop
endfacet
facet normal 2.670320501078417e-15 0.7967362468636199 0.6043271902981637
  outer loop
    vertex 74.6692017927169 33.62351256885002 43.66003323359292
    vertex 76.6692017927169 34.11260725041491 42.94912428791649
    vertex 74.6692017927169 34.11260725041496 42.94912428791647
  endloop
endfacet
facet normal 2.670320501078417e-15 0.7967362468636199 0.6043271902981637
  outer loop
    vertex 76.6692017927169 34.11260725041491 42.94912428791649
    vertex 74.6692017927169 33.62351256885002 43.66003323359292
    vertex 76.6692017927169 33.62351256884997 43.660033233592955
  endloop
endfacet
facet normal 6.869609203822642e-15 0.9163223972350865 0.4004413369338193
  outer loop
    vertex 76.6692017927169 34.11260725041491 42.94912428791649
    vertex 74.669201792717 34.43354460469809 42.13945388245806
    vertex 74.6692017927169 34.11260725041496 42.94912428791647
  endloop
endfacet
facet normal 6.869609203822642e-15 0.9163223972350865 0.4004413369338193
  outer loop
    vertex 74.669201792717 34.43354460469809 42.13945388245806
    vertex 76.6692017927169 34.11260725041491 42.94912428791649
    vertex 76.669201792717 34.43354460469804 42.139453882458085
  endloop
endfacet
facet normal 1.0743101383473483e-14 0.9853812205995783 0.1703638755419853
  outer loop
    vertex 74.669201792717 34.43354460469809 42.13945388245806
    vertex 76.669201792717 34.569245895473614 41.274108766391954
    vertex 74.669201792717 34.569245895473664 41.274108766391926
  endloop
endfacet
facet normal 1.0743101383473483e-14 0.9853812205995783 0.1703638755419853
  outer loop
    vertex 76.669201792717 34.569245895473614 41.274108766391954
    vertex 74.669201792717 34.43354460469809 42.13945388245806
    vertex 76.669201792717 34.43354460469804 42.139453882458085
  endloop
endfacet
facet normal 1.4018069080183485e-14 0.9974525582400179 -0.07133298017357376
  outer loop
    vertex 74.669201792717 34.569245895473664 41.274108766391926
    vertex 76.66920179271695 34.512489755332304 40.399138428144106
    vertex 74.66920179271696 34.51248975533236 40.39913842814408
  endloop
endfacet
facet normal 1.4018069080183485e-14 0.9974525582400179 -0.07133298017357376
  outer loop
    vertex 76.66920179271695 34.512489755332304 40.399138428144106
    vertex 74.669201792717 34.569245895473664 41.274108766391926
    vertex 76.669201792717 34.569245895473614 41.274108766391954
  endloop
endfacet
facet normal 1.646584067791422e-14 0.9513448956733526 -0.3081280407172608
  outer loop
    vertex 74.66920179271696 34.51248975533236 40.39913842814408
    vertex 76.66920179271695 34.266296471983644 39.561104563986014
    vertex 74.66920179271696 34.26629647198369 39.56110456398597
  endloop
endfacet
facet normal 1.646584067791422e-14 0.9513448956733526 -0.3081280407172608
  outer loop
    vertex 76.66920179271695 34.266296471983644 39.561104563986014
    vertex 74.66920179271696 34.51248975533236 40.39913842814408
    vertex 76.66920179271695 34.512489755332304 40.399138428144106
  endloop
endfacet
facet normal 1.7942675071696215e-14 0.8515079577784909 -0.5243416804335738
  outer loop
    vertex 76.66920179271695 34.266296471983644 39.561104563986014
    vertex 74.66920179271698 33.843767263128726 38.804603289399964
    vertex 74.66920179271696 34.26629647198369 39.56110456398597
  endloop
endfacet
facet normal 1.7942675071696215e-14 0.8515079577784909 -0.5243416804335738
  outer loop
    vertex 74.66920179271698 33.843767263128726 38.804603289399964
    vertex 76.66920179271695 34.266296471983644 39.561104563986014
    vertex 76.66920179271698 33.843767263128676 38.804603289399985
  endloop
endfacet
facet normal 1.840291390469504e-14 0.706690358195887 -0.7075229590854059
  outer loop
    vertex 74.66920179271698 33.843767263128726 38.804603289399964
    vertex 76.66920179271695 33.267387092918234 38.169891949162775
    vertex 74.66920179271696 33.26738709291827 38.16989194916273
  endloop
endfacet
facet normal 1.840291390469504e-14 0.706690358195887 -0.7075229590854059
  outer loop
    vertex 76.66920179271695 33.267387092918234 38.169891949162775
    vertex 74.66920179271698 33.843767263128726 38.804603289399964
    vertex 76.66920179271698 33.843767263128676 38.804603289399985
  endloop
endfacet
facet normal 1.788224605243848e-14 0.5277044505285539 -0.8494280504506293
  outer loop
    vertex 76.66920179271695 33.267387092918234 38.169891949162775
    vertex 74.66920179271698 32.56782813073805 37.69074681585445
    vertex 74.66920179271696 33.26738709291827 38.16989194916273
  endloop
endfacet
facet normal 1.788224605243848e-14 0.5277044505285539 -0.8494280504506293
  outer loop
    vertex 74.66920179271698 32.56782813073805 37.69074681585445
    vertex 76.66920179271695 33.267387092918234 38.169891949162775
    vertex 76.66920179271698 32.567828130738015 37.690746815854475
  endloop
endfacet
facet normal 1.6465859362612757e-14 0.3254555708203352 -0.945557333757192
  outer loop
    vertex 76.66920179271698 32.567828130738015 37.690746815854475
    vertex 74.66920179271698 31.782317526466358 37.39266567973355
    vertex 74.66920179271698 32.56782813073805 37.69074681585445
  endloop
endfacet
facet normal 1.6465859362612757e-14 0.3254555708203352 -0.945557333757192
  outer loop
    vertex 74.66920179271698 31.782317526466358 37.39266567973355
    vertex 76.66920179271698 32.567828130738015 37.690746815854475
    vertex 76.66920179271698 31.78231752646633 37.39266567973356
  endloop
endfacet
facet normal 1.4259325563947942e-14 0.10991758649782542 -0.9939407045586236
  outer loop
    vertex 76.66920179271698 31.78231752646633 37.39266567973356
    vertex 74.66920179271696 30.952656361323108 37.29151097946527
    vertex 74.66920179271698 31.782317526466358 37.39266567973355
  endloop
endfacet
facet normal 1.4259325563947942e-14 0.10991758649782542 -0.9939407045586236
  outer loop
    vertex 74.66920179271696 30.952656361323108 37.29151097946527
    vertex 76.66920179271698 31.78231752646633 37.39266567973356
    vertex 76.66920179271695 30.95265636132308 37.29151097946527
  endloop
endfacet
facet normal 0.1491549764365182 -1.918692346906289e-15 0.9888138313172109
  outer loop
    vertex 47.937179495824715 27.33196670615108 74.81013439120126
    vertex 48.92486783641992 31.331966706151032 74.645878202909
    vertex 47.937179495824765 31.33196670615108 74.81013439120126
  endloop
endfacet
facet normal 0.1491549764365182 -1.918692346906289e-15 0.9888138313172109
  outer loop
    vertex 48.92486783641992 31.331966706151032 74.645878202909
    vertex 47.937179495824715 27.33196670615108 74.81013439120126
    vertex 48.92486783641987 27.33196670615104 74.645878202909
  endloop
endfacet
facet normal -0.14915497643654715 1.8663854592190048e-15 0.9888138313172066
  outer loop
    vertex 38.949491155229666 31.331966706151157 74.64587820290888
    vertex 39.93717949582473 27.33196670615118 74.81013439120115
    vertex 39.93717949582478 31.331966706151178 74.81013439120115
  endloop
endfacet
facet normal -0.14915497643654715 1.8663854592190048e-15 0.9888138313172066
  outer loop
    vertex 39.93717949582473 27.33196670615118 74.81013439120115
    vertex 38.949491155229666 31.331966706151157 74.64587820290888
    vertex 38.949491155229616 27.331966706151164 74.64587820290888
  endloop
endfacet
endsolid Attitude indicator1
