solid Attitude indicator1
facet normal -0.0 -1.0 0.0
  outer loop
    vertex 14.474757792772996 2.486890987748445 -0.014456929938895273
    vertex 68.4747577927731 2.486890987748445 -4.014456929938914
    vertex 68.47475779277308 2.486890987748445 -0.014456929938914736
  endloop
endfacet
facet normal -0.0 -1.0 0.0
  outer loop
    vertex 68.4747577927731 2.486890987748445 -4.014456929938914
    vertex 14.474757792772996 2.486890987748445 -0.014456929938895273
    vertex 14.474757792772996 2.486890987748445 -4.014456929938892
  endloop
endfacet
facet normal 1.0 0.0 -4.649058915617843e-16
  outer loop
    vertex 80.47475779277309 63.48689098774845 -4.014456929938921
    vertex 80.47475779277306 14.486890987748444 -0.014456929938918906
    vertex 80.47475779277309 14.486890987748444 -4.014456929938921
  endloop
endfacet
facet normal 1.0 0.0 -4.649058915617843e-16
  outer loop
    vertex 80.47475779277306 14.486890987748444 -0.014456929938918906
    vertex 80.47475779277309 63.48689098774845 -4.014456929938921
    vertex 80.47475779277306 63.48689098774845 -0.014456929938921725
  endloop
endfacet
facet normal 0.0 1.0 0.0
  outer loop
    vertex 63.474757792773076 80.48689098774844 -4.014456929938915
    vertex 14.474757792772996 80.48689098774844 -0.014456929938895273
    vertex 63.47475779277304 80.48689098774844 -0.014456929938913822
  endloop
endfacet
facet normal 0.0 1.0 0.0
  outer loop
    vertex 14.474757792772996 80.48689098774844 -0.014456929938895273
    vertex 63.474757792773076 80.48689098774844 -4.014456929938915
    vertex 14.474757792772996 80.48689098774844 -4.014456929938892
  endloop
endfacet
facet normal -4.852542089500673e-16 -1.727579339267051e-17 -1.0
  outer loop
    vertex 80.47475779277309 14.486890987748444 -4.014456929938921
    vertex 75.70992381845625 34.20998180912688 -4.014456929938921
    vertex 80.47475779277309 63.48689098774845 -4.014456929938921
  endloop
endfacet
facet normal -4.852542089500673e-16 -1.727579339267051e-17 -1.0
  outer loop
    vertex 75.70992381845625 34.20998180912688 -4.014456929938921
    vertex 80.47475779277309 14.486890987748444 -4.014456929938921
    vertex 68.4747577927731 2.486890987748445 -4.014456929938914
  endloop
endfacet
facet normal -4.852542089500673e-16 -1.727579339267051e-17 -1.0
  outer loop
    vertex 80.47475779277309 63.48689098774845 -4.014456929938921
    vertex 75.70992381845625 34.20998180912688 -4.014456929938921
    vertex 76.28302413066261 37.828394773380595 -4.014456929938921
  endloop
endfacet
facet normal -4.852542089500673e-16 -1.727579339267051e-17 -1.0
  outer loop
    vertex 80.47475779277309 63.48689098774845 -4.014456929938921
    vertex 76.28302413066261 37.828394773380595 -4.014456929938921
    vertex 78.2558125250322 63.63232834439368 -4.01445692993892
  endloop
endfacet
facet normal -4.852542089500673e-16 -1.727579339267051e-17 -1.0
  outer loop
    vertex 78.2558125250322 63.63232834439368 -4.01445692993892
    vertex 76.28302413066261 37.828394773380595 -4.014456929938921
    vertex 76.474757792773 41.48689098774844 -4.014456929938921
  endloop
endfacet
facet normal -4.852542089500673e-16 -1.727579339267051e-17 -1.0
  outer loop
    vertex 75.70992381845625 34.20998180912688 -4.014456929938921
    vertex 68.4747577927731 2.486890987748445 -4.014456929938914
    vertex 74.76173586310337 30.67129618462529 -4.014456929938921
  endloop
endfacet
facet normal -4.852542089500673e-16 -1.727579339267051e-17 -1.0
  outer loop
    vertex 74.76173586310337 30.67129618462529 -4.014456929938921
    vertex 68.4747577927731 2.486890987748445 -4.014456929938914
    vertex 73.44884881026405 27.25110848009545 -4.014456929938917
  endloop
endfacet
facet normal -4.852542089500673e-16 -1.727579339267051e-17 -1.0
  outer loop
    vertex 73.44884881026405 27.25110848009545 -4.014456929938917
    vertex 68.4747577927731 2.486890987748445 -4.014456929938914
    vertex 71.78564692522833 23.98689098774845 -4.0144569299389135
  endloop
endfacet
facet normal -4.852542089500673e-16 -1.727579339267051e-17 -1.0
  outer loop
    vertex 71.78564692522833 23.98689098774845 -4.0144569299389135
    vertex 68.4747577927731 2.486890987748445 -4.014456929938914
    vertex 69.7903525958962 20.914407157511906 -4.014456929938918
  endloop
endfacet
facet normal -4.852542089500673e-16 -1.727579339267051e-17 -1.0
  outer loop
    vertex 69.7903525958962 20.914407157511906 -4.014456929938918
    vertex 68.4747577927731 2.486890987748445 -4.014456929938914
    vertex 67.48482668448179 18.06731976518842 -4.0144569299389135
  endloop
endfacet
facet normal -4.852542089500673e-16 -1.727579339267051e-17 -1.0
  outer loop
    vertex 67.48482668448179 18.06731976518842 -4.0144569299389135
    vertex 68.4747577927731 2.486890987748445 -4.014456929938914
    vertex 64.89432901533307 15.476822096039653 -4.014456929938916
  endloop
endfacet
facet normal -4.852542089500673e-16 -1.727579339267051e-17 -1.0
  outer loop
    vertex 64.89432901533307 15.476822096039653 -4.014456929938916
    vertex 68.4747577927731 2.486890987748445 -4.014456929938914
    vertex 62.04724162300953 13.1712961846253 -4.014456929938914
  endloop
endfacet
facet normal -4.852542089500673e-16 -1.727579339267051e-17 -1.0
  outer loop
    vertex 62.04724162300953 13.1712961846253 -4.014456929938914
    vertex 68.4747577927731 2.486890987748445 -4.014456929938914
    vertex 58.97475779277302 11.17600185529311 -4.014456929938916
  endloop
endfacet
facet normal -4.852542089500673e-16 -1.727579339267051e-17 -1.0
  outer loop
    vertex 58.97475779277302 11.17600185529311 -4.014456929938916
    vertex 68.4747577927731 2.486890987748445 -4.014456929938914
    vertex 55.71054030042602 9.512799970257433 -4.014456929938909
  endloop
endfacet
facet normal -4.852542089500673e-16 -1.727579339267051e-17 -1.0
  outer loop
    vertex 55.71054030042602 9.512799970257433 -4.014456929938909
    vertex 68.4747577927731 2.486890987748445 -4.014456929938914
    vertex 52.290352595896195 8.199912917418091 -4.01445692993891
  endloop
endfacet
facet normal -4.852542089500673e-16 -1.727579339267051e-17 -1.0
  outer loop
    vertex 52.290352595896195 8.199912917418091 -4.01445692993891
    vertex 68.4747577927731 2.486890987748445 -4.014456929938914
    vertex 48.75166697139461 7.2517249620652695 -4.0144569299389055
  endloop
endfacet
facet normal -4.852542089500673e-16 -1.727579339267051e-17 -1.0
  outer loop
    vertex 48.75166697139461 7.2517249620652695 -4.0144569299389055
    vertex 68.4747577927731 2.486890987748445 -4.014456929938914
    vertex 45.13325400714088 6.678624649858896 -4.014456929938907
  endloop
endfacet
facet normal -4.852542089500673e-16 -1.727579339267051e-17 -1.0
  outer loop
    vertex 45.13325400714088 6.678624649858896 -4.014456929938907
    vertex 68.4747577927731 2.486890987748445 -4.014456929938914
    vertex 14.474757792772996 2.486890987748445 -4.014456929938892
  endloop
endfacet
facet normal -4.852542089500673e-16 -1.727579339267051e-17 -1.0
  outer loop
    vertex 45.13325400714088 6.678624649858896 -4.014456929938907
    vertex 14.474757792772996 2.486890987748445 -4.014456929938892
    vertex 41.47475779277301 6.486890987748461 -4.014456929938902
  endloop
endfacet
facet normal -4.852542089500673e-16 -1.727579339267051e-17 -1.0
  outer loop
    vertex 41.47475779277301 6.486890987748461 -4.014456929938902
    vertex 14.474757792772996 2.486890987748445 -4.014456929938892
    vertex 37.81626157840514 6.678624649858896 -4.014456929938904
  endloop
endfacet
facet normal -4.852542089500673e-16 -1.727579339267051e-17 -1.0
  outer loop
    vertex 37.81626157840514 6.678624649858896 -4.014456929938904
    vertex 14.474757792772996 2.486890987748445 -4.014456929938892
    vertex 34.197848614151425 7.251724962065246 -4.014456929938901
  endloop
endfacet
facet normal -4.852542089500673e-16 -1.727579339267051e-17 -1.0
  outer loop
    vertex 34.197848614151425 7.251724962065246 -4.014456929938901
    vertex 14.474757792772996 2.486890987748445 -4.014456929938892
    vertex 30.659162989649836 8.19991291741807 -4.014456929938897
  endloop
endfacet
facet normal -4.852542089500673e-16 -1.727579339267051e-17 -1.0
  outer loop
    vertex 30.659162989649836 8.19991291741807 -4.014456929938897
    vertex 14.474757792772996 2.486890987748445 -4.014456929938892
    vertex 27.238975285120002 9.512799970257433 -4.014456929938898
  endloop
endfacet
facet normal -4.852542089500673e-16 -1.727579339267051e-17 -1.0
  outer loop
    vertex 27.238975285120002 9.512799970257433 -4.014456929938898
    vertex 14.474757792772996 2.486890987748445 -4.014456929938892
    vertex 23.974757792773 11.176001855293087 -4.014456929938894
  endloop
endfacet
facet normal -4.852542089500673e-16 -1.727579339267051e-17 -1.0
  outer loop
    vertex 23.974757792773 11.176001855293087 -4.014456929938894
    vertex 14.474757792772996 2.486890987748445 -4.014456929938892
    vertex 20.90227396253648 13.1712961846253 -4.014456929938896
  endloop
endfacet
facet normal -4.852542089500673e-16 -1.727579339267051e-17 -1.0
  outer loop
    vertex 20.90227396253648 13.1712961846253 -4.014456929938896
    vertex 14.474757792772996 2.486890987748445 -4.014456929938892
    vertex 18.055186570212946 15.476822096039653 -4.014456929938891
  endloop
endfacet
facet normal -4.852542089500673e-16 -1.727579339267051e-17 -1.0
  outer loop
    vertex 18.055186570212946 15.476822096039653 -4.014456929938891
    vertex 14.474757792772996 2.486890987748445 -4.014456929938892
    vertex 15.464688901064227 18.067319765188394 -4.014456929938893
  endloop
endfacet
facet normal -4.852542089500673e-16 -1.727579339267051e-17 -1.0
  outer loop
    vertex 15.464688901064227 18.067319765188394 -4.014456929938893
    vertex 14.474757792772996 2.486890987748445 -4.014456929938892
    vertex 13.159162989649829 20.914407157511885 -4.014456929938892
  endloop
endfacet
facet normal -4.852542089500673e-16 -1.727579339267051e-17 -1.0
  outer loop
    vertex 13.159162989649829 20.914407157511885 -4.014456929938892
    vertex 14.474757792772996 2.486890987748445 -4.014456929938892
    vertex 2.4747577927730515 14.486890987748444 -4.0144569299388815
  endloop
endfacet
facet normal -4.852542089500673e-16 -1.727579339267051e-17 -1.0
  outer loop
    vertex 13.159162989649829 20.914407157511885 -4.014456929938892
    vertex 2.4747577927730515 14.486890987748444 -4.0144569299388815
    vertex 11.163868660317682 23.986890987748428 -4.014456929938885
  endloop
endfacet
facet normal -4.852542089500673e-16 -1.727579339267051e-17 -1.0
  outer loop
    vertex 11.163868660317682 23.986890987748428 -4.014456929938885
    vertex 2.4747577927730515 14.486890987748444 -4.0144569299388815
    vertex 9.50066677528196 27.25110848009543 -4.0144569299388895
  endloop
endfacet
facet normal -4.852542089500673e-16 -1.727579339267051e-17 -1.0
  outer loop
    vertex 9.50066677528196 27.25110848009543 -4.0144569299388895
    vertex 2.4747577927730515 14.486890987748444 -4.0144569299388815
    vertex 8.187779722442675 30.671296184625266 -4.014456929938887
  endloop
endfacet
facet normal -4.852542089500673e-16 -1.727579339267051e-17 -1.0
  outer loop
    vertex 8.187779722442675 30.671296184625266 -4.014456929938887
    vertex 2.4747577927730515 14.486890987748444 -4.0144569299388815
    vertex 7.2395917670898084 34.20998180912686 -4.014456929938887
  endloop
endfacet
facet normal -4.852542089500673e-16 -1.727579339267051e-17 -1.0
  outer loop
    vertex 7.2395917670898084 34.20998180912686 -4.014456929938887
    vertex 2.4747577927730515 14.486890987748444 -4.0144569299388815
    vertex 6.666491454883525 37.82839477338055 -4.014456929938886
  endloop
endfacet
facet normal -4.852542089500673e-16 -1.727579339267051e-17 -1.0
  outer loop
    vertex 6.666491454883525 37.82839477338055 -4.014456929938886
    vertex 2.4747577927730515 14.486890987748444 -4.0144569299388815
    vertex 6.474757792773044 41.48689098774844 -4.014456929938886
  endloop
endfacet
facet normal -4.852542089500673e-16 -1.727579339267051e-17 -1.0
  outer loop
    vertex 76.474757792773 41.48689098774844 -4.014456929938921
    vertex 76.07483402603029 64.0661519408343 -4.014456929938921
    vertex 78.2558125250322 63.63232834439368 -4.01445692993892
  endloop
endfacet
facet normal -4.852542089500673e-16 -1.727579339267051e-17 -1.0
  outer loop
    vertex 76.07483402603029 64.0661519408343 -4.014456929938921
    vertex 76.474757792773 41.48689098774844 -4.014456929938921
    vertex 76.28302413066253 45.14538720211631 -4.014456929938921
  endloop
endfacet
facet normal -4.852542089500673e-16 -1.727579339267051e-17 -1.0
  outer loop
    vertex 76.07483402603029 64.0661519408343 -4.014456929938921
    vertex 76.28302413066253 45.14538720211631 -4.014456929938921
    vertex 75.70992381845625 48.763800166370025 -4.014456929938921
  endloop
endfacet
facet normal -4.852542089500673e-16 -1.727579339267051e-17 -1.0
  outer loop
    vertex 76.07483402603029 64.0661519408343 -4.014456929938921
    vertex 75.70992381845625 48.763800166370025 -4.014456929938921
    vertex 73.9691394425666 64.78093893505657 -4.014456929938921
  endloop
endfacet
facet normal -4.852542089500673e-16 -1.727579339267051e-17 -1.0
  outer loop
    vertex 73.9691394425666 64.78093893505657 -4.014456929938921
    vertex 75.70992381845625 48.763800166370025 -4.014456929938921
    vertex 74.76173586310337 52.30248579087159 -4.014456929938921
  endloop
endfacet
facet normal -4.852542089500673e-16 -1.727579339267051e-17 -1.0
  outer loop
    vertex 73.9691394425666 64.78093893505657 -4.014456929938921
    vertex 74.76173586310337 52.30248579087159 -4.014456929938921
    vertex 73.44884881026405 55.72267349540146 -4.014456929938917
  endloop
endfacet
facet normal -4.852542089500673e-16 -1.727579339267051e-17 -1.0
  outer loop
    vertex 73.9691394425666 64.78093893505657 -4.014456929938921
    vertex 73.44884881026405 55.72267349540146 -4.014456929938917
    vertex 71.97475779277313 65.76445912341298 -4.0144569299389135
  endloop
endfacet
facet normal -4.852542089500673e-16 -1.727579339267051e-17 -1.0
  outer loop
    vertex 71.97475779277313 65.76445912341298 -4.0144569299389135
    vertex 73.44884881026405 55.72267349540146 -4.014456929938917
    vertex 71.78564692522833 58.98689098774846 -4.0144569299389135
  endloop
endfacet
facet normal -4.852542089500673e-16 -1.727579339267051e-17 -1.0
  outer loop
    vertex 71.97475779277313 65.76445912341298 -4.0144569299389135
    vertex 71.78564692522833 58.98689098774846 -4.0144569299389135
    vertex 70.12581349962488 66.99988420279743 -4.014456929938918
  endloop
endfacet
facet normal -4.852542089500673e-16 -1.727579339267051e-17 -1.0
  outer loop
    vertex 70.12581349962488 66.99988420279743 -4.014456929938918
    vertex 71.78564692522833 58.98689098774846 -4.0144569299389135
    vertex 69.7903525958962 62.059374817985 -4.014456929938918
  endloop
endfacet
facet normal -4.852542089500673e-16 -1.727579339267051e-17 -1.0
  outer loop
    vertex 70.12581349962488 66.99988420279743 -4.014456929938918
    vertex 69.7903525958962 62.059374817985 -4.014456929938918
    vertex 68.4539425126018 68.46607570757715 -4.014456929938914
  endloop
endfacet
facet normal -4.852542089500673e-16 -1.727579339267051e-17 -1.0
  outer loop
    vertex 68.4539425126018 68.46607570757715 -4.014456929938914
    vertex 69.7903525958962 62.059374817985 -4.014456929938918
    vertex 67.48482668448179 64.90646221030846 -4.0144569299389135
  endloop
endfacet
facet normal -4.852542089500673e-16 -1.727579339267051e-17 -1.0
  outer loop
    vertex 68.4539425126018 68.46607570757715 -4.014456929938914
    vertex 67.48482668448179 64.90646221030846 -4.0144569299389135
    vertex 66.98775100782208 70.13794669460019 -4.0144569299389135
  endloop
endfacet
facet normal -4.852542089500673e-16 -1.727579339267051e-17 -1.0
  outer loop
    vertex 66.98775100782208 70.13794669460019 -4.0144569299389135
    vertex 67.48482668448179 64.90646221030846 -4.0144569299389135
    vertex 64.89432901533307 67.49695987945724 -4.014456929938916
  endloop
endfacet
facet normal -4.852542089500673e-16 -1.727579339267051e-17 -1.0
  outer loop
    vertex 66.98775100782208 70.13794669460019 -4.0144569299389135
    vertex 64.89432901533307 67.49695987945724 -4.014456929938916
    vertex 65.75232592843767 71.98689098774844 -4.0144569299389135
  endloop
endfacet
facet normal -4.852542089500673e-16 -1.727579339267051e-17 -1.0
  outer loop
    vertex 65.75232592843767 71.98689098774844 -4.0144569299389135
    vertex 64.89432901533307 67.49695987945724 -4.014456929938916
    vertex 64.76880574008119 73.98127263754192 -4.014456929938916
  endloop
endfacet
facet normal -4.852542089500673e-16 -1.727579339267051e-17 -1.0
  outer loop
    vertex 64.76880574008119 73.98127263754192 -4.014456929938916
    vertex 64.89432901533307 67.49695987945724 -4.014456929938916
    vertex 62.04724162300953 69.80248579087159 -4.014456929938914
  endloop
endfacet
facet normal -4.852542089500673e-16 -1.727579339267051e-17 -1.0
  outer loop
    vertex 64.76880574008119 73.98127263754192 -4.014456929938916
    vertex 62.04724162300953 69.80248579087159 -4.014456929938914
    vertex 64.0540187458589 76.0869672210056 -4.014456929938915
  endloop
endfacet
facet normal -4.852542089500673e-16 -1.727579339267051e-17 -1.0
  outer loop
    vertex 64.0540187458589 76.0869672210056 -4.014456929938915
    vertex 62.04724162300953 69.80248579087159 -4.014456929938914
    vertex 63.6201951494183 78.26794572000757 -4.014456929938915
  endloop
endfacet
facet normal -4.852542089500673e-16 -1.727579339267051e-17 -1.0
  outer loop
    vertex 63.6201951494183 78.26794572000757 -4.014456929938915
    vertex 62.04724162300953 69.80248579087159 -4.014456929938914
    vertex 63.474757792773076 80.48689098774844 -4.014456929938915
  endloop
endfacet
facet normal -4.852542089500673e-16 -1.727579339267051e-17 -1.0
  outer loop
    vertex 63.474757792773076 80.48689098774844 -4.014456929938915
    vertex 62.04724162300953 69.80248579087159 -4.014456929938914
    vertex 58.97475779277302 71.79778012020378 -4.014456929938916
  endloop
endfacet
facet normal -4.852542089500673e-16 -1.727579339267051e-17 -1.0
  outer loop
    vertex 63.474757792773076 80.48689098774844 -4.014456929938915
    vertex 58.97475779277302 71.79778012020378 -4.014456929938916
    vertex 55.71054030042602 73.46098200523946 -4.014456929938909
  endloop
endfacet
facet normal -4.852542089500673e-16 -1.727579339267051e-17 -1.0
  outer loop
    vertex 63.474757792773076 80.48689098774844 -4.014456929938915
    vertex 55.71054030042602 73.46098200523946 -4.014456929938909
    vertex 52.290352595896195 74.77386905807882 -4.01445692993891
  endloop
endfacet
facet normal -4.852542089500673e-16 -1.727579339267051e-17 -1.0
  outer loop
    vertex 63.474757792773076 80.48689098774844 -4.014456929938915
    vertex 52.290352595896195 74.77386905807882 -4.01445692993891
    vertex 48.75166697139461 75.72205701343164 -4.0144569299389055
  endloop
endfacet
facet normal -4.852542089500673e-16 -1.727579339267051e-17 -1.0
  outer loop
    vertex 63.474757792773076 80.48689098774844 -4.014456929938915
    vertex 48.75166697139461 75.72205701343164 -4.0144569299389055
    vertex 45.13325400714088 76.29515732563799 -4.014456929938907
  endloop
endfacet
facet normal -4.852542089500673e-16 -1.727579339267051e-17 -1.0
  outer loop
    vertex 63.474757792773076 80.48689098774844 -4.014456929938915
    vertex 45.13325400714088 76.29515732563799 -4.014456929938907
    vertex 14.474757792772996 80.48689098774844 -4.014456929938892
  endloop
endfacet
facet normal -4.852542089500673e-16 -1.727579339267051e-17 -1.0
  outer loop
    vertex 14.474757792772996 80.48689098774844 -4.014456929938892
    vertex 45.13325400714088 76.29515732563799 -4.014456929938907
    vertex 41.47475779277301 76.48689098774842 -4.014456929938902
  endloop
endfacet
facet normal -4.852542089500673e-16 -1.727579339267051e-17 -1.0
  outer loop
    vertex 14.474757792772996 80.48689098774844 -4.014456929938892
    vertex 41.47475779277301 76.48689098774842 -4.014456929938902
    vertex 37.81626157840514 76.29515732563799 -4.014456929938904
  endloop
endfacet
facet normal -4.852542089500673e-16 -1.727579339267051e-17 -1.0
  outer loop
    vertex 14.474757792772996 80.48689098774844 -4.014456929938892
    vertex 37.81626157840514 76.29515732563799 -4.014456929938904
    vertex 34.197848614151425 75.72205701343162 -4.014456929938901
  endloop
endfacet
facet normal -4.852542089500673e-16 -1.727579339267051e-17 -1.0
  outer loop
    vertex 14.474757792772996 80.48689098774844 -4.014456929938892
    vertex 34.197848614151425 75.72205701343162 -4.014456929938901
    vertex 30.659162989649836 74.7738690580788 -4.014456929938897
  endloop
endfacet
facet normal -4.852542089500673e-16 -1.727579339267051e-17 -1.0
  outer loop
    vertex 14.474757792772996 80.48689098774844 -4.014456929938892
    vertex 30.659162989649836 74.7738690580788 -4.014456929938897
    vertex 27.238975285120002 73.46098200523946 -4.014456929938898
  endloop
endfacet
facet normal -4.852542089500673e-16 -1.727579339267051e-17 -1.0
  outer loop
    vertex 14.474757792772996 80.48689098774844 -4.014456929938892
    vertex 27.238975285120002 73.46098200523946 -4.014456929938898
    vertex 23.974757792773 71.79778012020378 -4.014456929938894
  endloop
endfacet
facet normal -4.852542089500673e-16 -1.727579339267051e-17 -1.0
  outer loop
    vertex 14.474757792772996 80.48689098774844 -4.014456929938892
    vertex 23.974757792773 71.79778012020378 -4.014456929938894
    vertex 20.90227396253648 69.80248579087159 -4.014456929938896
  endloop
endfacet
facet normal -4.852542089500673e-16 -1.727579339267051e-17 -1.0
  outer loop
    vertex 14.474757792772996 80.48689098774844 -4.014456929938892
    vertex 20.90227396253648 69.80248579087159 -4.014456929938896
    vertex 18.055186570212946 67.49695987945724 -4.014456929938891
  endloop
endfacet
facet normal -4.852542089500673e-16 -1.727579339267051e-17 -1.0
  outer loop
    vertex 14.474757792772996 80.48689098774844 -4.014456929938892
    vertex 18.055186570212946 67.49695987945724 -4.014456929938891
    vertex 15.464688901064227 64.90646221030846 -4.014456929938893
  endloop
endfacet
facet normal -4.852542089500673e-16 -1.727579339267051e-17 -1.0
  outer loop
    vertex 14.474757792772996 80.48689098774844 -4.014456929938892
    vertex 15.464688901064227 64.90646221030846 -4.014456929938893
    vertex 13.159162989649829 62.059374817985 -4.014456929938892
  endloop
endfacet
facet normal -4.852542089500673e-16 -1.727579339267051e-17 -1.0
  outer loop
    vertex 14.474757792772996 80.48689098774844 -4.014456929938892
    vertex 13.159162989649829 62.059374817985 -4.014456929938892
    vertex 2.4747577927730515 68.48689098774844 -4.0144569299388815
  endloop
endfacet
facet normal -4.852542089500673e-16 -1.727579339267051e-17 -1.0
  outer loop
    vertex 2.4747577927730515 68.48689098774844 -4.0144569299388815
    vertex 13.159162989649829 62.059374817985 -4.014456929938892
    vertex 11.163868660317682 58.98689098774844 -4.014456929938885
  endloop
endfacet
facet normal -4.852542089500673e-16 -1.727579339267051e-17 -1.0
  outer loop
    vertex 2.4747577927730515 68.48689098774844 -4.0144569299388815
    vertex 11.163868660317682 58.98689098774844 -4.014456929938885
    vertex 9.50066677528196 55.72267349540144 -4.0144569299388895
  endloop
endfacet
facet normal -4.852542089500673e-16 -1.727579339267051e-17 -1.0
  outer loop
    vertex 2.4747577927730515 68.48689098774844 -4.0144569299388815
    vertex 9.50066677528196 55.72267349540144 -4.0144569299388895
    vertex 8.187779722442675 52.30248579087159 -4.014456929938887
  endloop
endfacet
facet normal -4.852542089500673e-16 -1.727579339267051e-17 -1.0
  outer loop
    vertex 2.4747577927730515 68.48689098774844 -4.0144569299388815
    vertex 8.187779722442675 52.30248579087159 -4.014456929938887
    vertex 7.2395917670898084 48.763800166370004 -4.014456929938887
  endloop
endfacet
facet normal -4.852542089500673e-16 -1.727579339267051e-17 -1.0
  outer loop
    vertex 2.4747577927730515 68.48689098774844 -4.0144569299388815
    vertex 7.2395917670898084 48.763800166370004 -4.014456929938887
    vertex 6.666491454883525 45.14538720211631 -4.014456929938886
  endloop
endfacet
facet normal -4.852542089500673e-16 -1.727579339267051e-17 -1.0
  outer loop
    vertex 2.4747577927730515 68.48689098774844 -4.0144569299388815
    vertex 6.666491454883525 45.14538720211631 -4.014456929938886
    vertex 6.474757792773044 41.48689098774844 -4.014456929938886
  endloop
endfacet
facet normal -4.852542089500673e-16 -1.727579339267051e-17 -1.0
  outer loop
    vertex 2.4747577927730515 68.48689098774844 -4.0144569299388815
    vertex 6.474757792773044 41.48689098774844 -4.014456929938886
    vertex 2.4747577927730515 14.486890987748444 -4.0144569299388815
  endloop
endfacet
facet normal -1.0 0.0 4.649058915617843e-16
  outer loop
    vertex 2.4747577927730178 68.48689098774844 -0.014456929938885463
    vertex 2.4747577927730515 14.486890987748444 -4.0144569299388815
    vertex 2.4747577927730178 14.486890987748444 -0.014456929938882644
  endloop
endfacet
facet normal -1.0 0.0 4.649058915617843e-16
  outer loop
    vertex 2.4747577927730515 14.486890987748444 -4.0144569299388815
    vertex 2.4747577927730178 68.48689098774844 -0.014456929938885463
    vertex 2.4747577927730515 68.48689098774844 -4.0144569299388815
  endloop
endfacet
facet normal 0.8386705679454286 0.5446390350150203 -3.8990288811729747e-16
  outer loop
    vertex 11.163868660317682 23.986890987748428 -4.014456929938885
    vertex 13.159162989649829 20.914407157511885 -3.0144569299388904
    vertex 13.159162989649829 20.914407157511885 -4.014456929938892
  endloop
endfacet
facet normal 0.8386705679454286 0.5446390350150203 -3.8990288811729747e-16
  outer loop
    vertex 13.159162989649829 20.914407157511885 -3.0144569299388904
    vertex 11.163868660317682 23.986890987748428 -4.014456929938885
    vertex 11.163868660317682 23.986890987748428 -3.0144569299388895
  endloop
endfacet
facet normal 0.9335804264972039 0.358367949545295 -4.340270405253134e-16
  outer loop
    vertex 8.187779722442675 30.671296184625266 -4.014456929938887
    vertex 9.50066677528196 27.25110848009543 -3.014456929938889
    vertex 9.50066677528196 27.25110848009543 -4.0144569299388895
  endloop
endfacet
facet normal 0.9335804264972039 0.358367949545295 -4.340270405253134e-16
  outer loop
    vertex 9.50066677528196 27.25110848009543 -3.014456929938889
    vertex 8.187779722442675 30.671296184625266 -4.014456929938887
    vertex 8.187779722442642 30.671296184625266 -3.014456929938888
  endloop
endfacet
facet normal 0.8910065241883636 0.45399049973955524 -4.142341825151577e-16
  outer loop
    vertex 9.50066677528196 27.25110848009543 -4.0144569299388895
    vertex 11.163868660317682 23.986890987748428 -3.0144569299388895
    vertex 11.163868660317682 23.986890987748428 -4.014456929938885
  endloop
endfacet
facet normal 0.8910065241883636 0.45399049973955524 -4.142341825151577e-16
  outer loop
    vertex 11.163868660317682 23.986890987748428 -3.0144569299388895
    vertex 9.50066677528196 27.25110848009543 -4.0144569299388895
    vertex 9.50066677528196 27.25110848009543 -3.014456929938889
  endloop
endfacet
facet normal 0.9659258262890653 0.258819045102532 -4.490646074534711e-16
  outer loop
    vertex 7.2395917670898084 34.20998180912686 -4.014456929938887
    vertex 8.187779722442642 30.671296184625266 -3.014456929938888
    vertex 8.187779722442675 30.671296184625266 -4.014456929938887
  endloop
endfacet
facet normal 0.9659258262890653 0.258819045102532 -4.490646074534711e-16
  outer loop
    vertex 8.187779722442642 30.671296184625266 -3.014456929938888
    vertex 7.2395917670898084 34.20998180912686 -4.014456929938887
    vertex 7.239591767089775 34.20998180912686 -3.0144569299388877
  endloop
endfacet
facet normal 0.9876883405951414 0.15643446504020833 -4.591821285695635e-16
  outer loop
    vertex 6.666491454883525 37.82839477338055 -4.014456929938886
    vertex 7.239591767089775 34.20998180912686 -3.0144569299388877
    vertex 7.2395917670898084 34.20998180912686 -4.014456929938887
  endloop
endfacet
facet normal 0.9876883405951414 0.15643446504020833 -4.591821285695635e-16
  outer loop
    vertex 7.239591767089775 34.20998180912686 -3.0144569299388877
    vertex 6.666491454883525 37.82839477338055 -4.014456929938886
    vertex 6.6664914548834915 37.82839477338055 -3.0144569299388877
  endloop
endfacet
facet normal 0.9986295347545733 0.05233595624295655 -4.642687541950048e-16
  outer loop
    vertex 6.474757792773044 41.48689098774844 -4.014456929938886
    vertex 6.6664914548834915 37.82839477338055 -3.0144569299388877
    vertex 6.666491454883525 37.82839477338055 -4.014456929938886
  endloop
endfacet
facet normal 0.9986295347545733 0.05233595624295655 -4.642687541950048e-16
  outer loop
    vertex 6.6664914548834915 37.82839477338055 -3.0144569299388877
    vertex 6.474757792773044 41.48689098774844 -4.014456929938886
    vertex 6.47475779277301 41.48689098774844 -3.0144569299388877
  endloop
endfacet
facet normal 0.9986295347545733 -0.05233595624295687 -4.642687541950048e-16
  outer loop
    vertex 6.666491454883525 45.14538720211631 -4.014456929938886
    vertex 6.47475779277301 41.48689098774844 -3.0144569299388877
    vertex 6.474757792773044 41.48689098774844 -4.014456929938886
  endloop
endfacet
facet normal 0.9986295347545733 -0.05233595624295687 -4.642687541950048e-16
  outer loop
    vertex 6.47475779277301 41.48689098774844 -3.0144569299388877
    vertex 6.666491454883525 45.14538720211631 -4.014456929938886
    vertex 6.6664914548834915 45.14538720211631 -3.0144569299388877
  endloop
endfacet
facet normal 0.9876883405951414 -0.15643446504020833 -4.591821285695635e-16
  outer loop
    vertex 7.2395917670898084 48.763800166370004 -4.014456929938887
    vertex 6.6664914548834915 45.14538720211631 -3.0144569299388877
    vertex 6.666491454883525 45.14538720211631 -4.014456929938886
  endloop
endfacet
facet normal 0.9876883405951414 -0.15643446504020833 -4.591821285695635e-16
  outer loop
    vertex 6.6664914548834915 45.14538720211631 -3.0144569299388877
    vertex 7.2395917670898084 48.763800166370004 -4.014456929938887
    vertex 7.239591767089775 48.763800166370004 -3.0144569299388877
  endloop
endfacet
facet normal 0.9659258262890653 -0.258819045102532 -4.490646074534711e-16
  outer loop
    vertex 8.187779722442675 52.30248579087159 -4.014456929938887
    vertex 7.239591767089775 48.763800166370004 -3.0144569299388877
    vertex 7.2395917670898084 48.763800166370004 -4.014456929938887
  endloop
endfacet
facet normal 0.9659258262890653 -0.258819045102532 -4.490646074534711e-16
  outer loop
    vertex 7.239591767089775 48.763800166370004 -3.0144569299388877
    vertex 8.187779722442675 52.30248579087159 -4.014456929938887
    vertex 8.187779722442642 52.30248579087159 -3.014456929938888
  endloop
endfacet
facet normal 0.9335804264972039 -0.358367949545295 -4.340270405253134e-16
  outer loop
    vertex 9.50066677528196 55.72267349540144 -4.0144569299388895
    vertex 8.187779722442642 52.30248579087159 -3.014456929938888
    vertex 8.187779722442675 52.30248579087159 -4.014456929938887
  endloop
endfacet
facet normal 0.9335804264972039 -0.358367949545295 -4.340270405253134e-16
  outer loop
    vertex 8.187779722442642 52.30248579087159 -3.014456929938888
    vertex 9.50066677528196 55.72267349540144 -4.0144569299388895
    vertex 9.50066677528196 55.72267349540144 -3.014456929938889
  endloop
endfacet
facet normal 0.8910065241883636 -0.45399049973955524 -4.142341825151577e-16
  outer loop
    vertex 11.163868660317682 58.98689098774844 -4.014456929938885
    vertex 9.50066677528196 55.72267349540144 -3.014456929938889
    vertex 9.50066677528196 55.72267349540144 -4.0144569299388895
  endloop
endfacet
facet normal 0.8910065241883636 -0.45399049973955524 -4.142341825151577e-16
  outer loop
    vertex 9.50066677528196 55.72267349540144 -3.014456929938889
    vertex 11.163868660317682 58.98689098774844 -4.014456929938885
    vertex 11.163868660317682 58.98689098774844 -3.0144569299388895
  endloop
endfacet
facet normal 0.8386705679454304 -0.5446390350150174 -3.899028881172983e-16
  outer loop
    vertex 13.159162989649829 62.059374817985 -4.014456929938892
    vertex 11.163868660317682 58.98689098774844 -3.0144569299388895
    vertex 11.163868660317682 58.98689098774844 -4.014456929938885
  endloop
endfacet
facet normal 0.8386705679454304 -0.5446390350150174 -3.899028881172983e-16
  outer loop
    vertex 11.163868660317682 58.98689098774844 -3.0144569299388895
    vertex 13.159162989649829 62.059374817985 -4.014456929938892
    vertex 13.159162989649829 62.059374817985 -3.0144569299388904
  endloop
endfacet
facet normal 0.7771459614569648 -0.6293203910498449 -3.6129973608479026e-16
  outer loop
    vertex 15.464688901064227 64.90646221030846 -4.014456929938893
    vertex 13.159162989649829 62.059374817985 -3.0144569299388904
    vertex 13.159162989649829 62.059374817985 -4.014456929938892
  endloop
endfacet
facet normal 0.7771459614569648 -0.6293203910498449 -3.6129973608479026e-16
  outer loop
    vertex 13.159162989649829 62.059374817985 -3.0144569299388904
    vertex 15.464688901064227 64.90646221030846 -4.014456929938893
    vertex 15.464688901064227 64.90646221030846 -3.0144569299388917
  endloop
endfacet
facet normal 0.7071067811865537 -0.7071067811865414 -3.2873810853691826e-16
  outer loop
    vertex 18.055186570212946 67.49695987945724 -4.014456929938891
    vertex 15.464688901064227 64.90646221030846 -3.0144569299388917
    vertex 15.464688901064227 64.90646221030846 -4.014456929938893
  endloop
endfacet
facet normal 0.7071067811865537 -0.7071067811865414 -3.2873810853691826e-16
  outer loop
    vertex 15.464688901064227 64.90646221030846 -3.0144569299388917
    vertex 18.055186570212946 67.49695987945724 -4.014456929938891
    vertex 18.055186570212946 67.49695987945724 -3.014456929938893
  endloop
endfacet
facet normal 0.6293203910498285 -0.7771459614569782 -2.9257475747903126e-16
  outer loop
    vertex 18.055186570212946 67.49695987945724 -4.014456929938891
    vertex 20.90227396253648 69.80248579087159 -3.014456929938894
    vertex 18.055186570212946 67.49695987945724 -3.014456929938893
  endloop
endfacet
facet normal 0.6293203910498285 -0.7771459614569782 -2.9257475747903126e-16
  outer loop
    vertex 20.90227396253648 69.80248579087159 -3.014456929938894
    vertex 18.055186570212946 67.49695987945724 -4.014456929938891
    vertex 20.90227396253648 69.80248579087159 -4.014456929938896
  endloop
endfacet
facet normal 0.5446390350150317 -0.8386705679454212 -2.532058961530132e-16
  outer loop
    vertex 20.90227396253648 69.80248579087159 -4.014456929938896
    vertex 23.974757792773 71.79778012020378 -3.0144569299388952
    vertex 20.90227396253648 69.80248579087159 -3.014456929938894
  endloop
endfacet
facet normal 0.5446390350150317 -0.8386705679454212 -2.532058961530132e-16
  outer loop
    vertex 23.974757792773 71.79778012020378 -3.0144569299388952
    vertex 20.90227396253648 69.80248579087159 -4.014456929938896
    vertex 23.974757792773 71.79778012020378 -4.014456929938894
  endloop
endfacet
facet normal 0.4539904997395456 -0.8910065241883687 -2.1106285804199347e-16
  outer loop
    vertex 23.974757792773 71.79778012020378 -4.014456929938894
    vertex 27.238975285120002 73.46098200523946 -3.0144569299388975
    vertex 23.974757792773 71.79778012020378 -3.0144569299388952
  endloop
endfacet
facet normal 0.4539904997395456 -0.8910065241883687 -2.1106285804199347e-16
  outer loop
    vertex 27.238975285120002 73.46098200523946 -3.0144569299388975
    vertex 23.974757792773 71.79778012020378 -4.014456929938894
    vertex 27.238975285120002 73.46098200523946 -4.014456929938898
  endloop
endfacet
facet normal 0.35836794954530243 -0.9335804264972011 -1.6660737109052734e-16
  outer loop
    vertex 27.238975285120002 73.46098200523946 -4.014456929938898
    vertex 30.659162989649836 74.7738690580788 -3.014456929938899
    vertex 27.238975285120002 73.46098200523946 -3.0144569299388975
  endloop
endfacet
facet normal 0.35836794954530243 -0.9335804264972011 -1.6660737109052734e-16
  outer loop
    vertex 30.659162989649836 74.7738690580788 -3.014456929938899
    vertex 27.238975285120002 73.46098200523946 -4.014456929938898
    vertex 30.659162989649836 74.7738690580788 -4.014456929938897
  endloop
endfacet
facet normal 0.2588190451025205 -0.9659258262890683 -1.20326498916557e-16
  outer loop
    vertex 30.659162989649836 74.7738690580788 -4.014456929938897
    vertex 34.197848614151425 75.72205701343162 -3.0144569299389
    vertex 30.659162989649836 74.7738690580788 -3.014456929938899
  endloop
endfacet
facet normal 0.2588190451025205 -0.9659258262890683 -1.20326498916557e-16
  outer loop
    vertex 34.197848614151425 75.72205701343162 -3.0144569299389
    vertex 30.659162989649836 74.7738690580788 -4.014456929938897
    vertex 34.197848614151425 75.72205701343162 -4.014456929938901
  endloop
endfacet
facet normal 0.15643446504023142 -0.9876883405951377 -7.272730444051959e-17
  outer loop
    vertex 34.197848614151425 75.72205701343162 -4.014456929938901
    vertex 37.81626157840514 76.29515732563799 -3.0144569299389024
    vertex 34.197848614151425 75.72205701343162 -3.0144569299389
  endloop
endfacet
facet normal 0.15643446504023142 -0.9876883405951377 -7.272730444051959e-17
  outer loop
    vertex 37.81626157840514 76.29515732563799 -3.0144569299389024
    vertex 34.197848614151425 75.72205701343162 -4.014456929938901
    vertex 37.81626157840514 76.29515732563799 -4.014456929938904
  endloop
endfacet
facet normal 0.0523359562429446 -0.998629534754574 -2.4331294397864718e-17
  outer loop
    vertex 37.81626157840514 76.29515732563799 -4.014456929938904
    vertex 41.47475779277301 76.48689098774842 -3.0144569299389037
    vertex 37.81626157840514 76.29515732563799 -3.0144569299389024
  endloop
endfacet
facet normal 0.0523359562429446 -0.998629534754574 -2.4331294397864718e-17
  outer loop
    vertex 41.47475779277301 76.48689098774842 -3.0144569299389037
    vertex 37.81626157840514 76.29515732563799 -4.014456929938904
    vertex 41.47475779277301 76.48689098774842 -4.014456929938902
  endloop
endfacet
facet normal -0.0523359562429446 -0.998629534754574 2.4331294397864662e-17
  outer loop
    vertex 41.47475779277301 76.48689098774842 -4.014456929938902
    vertex 45.13325400714088 76.29515732563799 -3.014456929938905
    vertex 41.47475779277301 76.48689098774842 -3.0144569299389037
  endloop
endfacet
facet normal -0.0523359562429446 -0.998629534754574 2.4331294397864662e-17
  outer loop
    vertex 45.13325400714088 76.29515732563799 -3.014456929938905
    vertex 41.47475779277301 76.48689098774842 -4.014456929938902
    vertex 45.13325400714088 76.29515732563799 -4.014456929938907
  endloop
endfacet
facet normal -0.15643446504022543 -0.9876883405951388 7.272730444051675e-17
  outer loop
    vertex 45.13325400714088 76.29515732563799 -4.014456929938907
    vertex 48.75166697139461 75.72205701343164 -3.0144569299389072
    vertex 45.13325400714088 76.29515732563799 -3.014456929938905
  endloop
endfacet
facet normal -0.15643446504022543 -0.9876883405951388 7.272730444051675e-17
  outer loop
    vertex 48.75166697139461 75.72205701343164 -3.0144569299389072
    vertex 45.13325400714088 76.29515732563799 -4.014456929938907
    vertex 48.75166697139461 75.72205701343164 -4.0144569299389055
  endloop
endfacet
facet normal -0.2588190451025205 -0.9659258262890683 1.2032649891655695e-16
  outer loop
    vertex 48.75166697139461 75.72205701343164 -4.0144569299389055
    vertex 52.290352595896195 74.77386905807882 -3.0144569299389086
    vertex 48.75166697139461 75.72205701343164 -3.0144569299389072
  endloop
endfacet
facet normal -0.2588190451025205 -0.9659258262890683 1.2032649891655695e-16
  outer loop
    vertex 52.290352595896195 74.77386905807882 -3.0144569299389086
    vertex 48.75166697139461 75.72205701343164 -4.0144569299389055
    vertex 52.290352595896195 74.77386905807882 -4.01445692993891
  endloop
endfacet
facet normal -0.3583679495453078 -0.933580426497199 1.6660737109052983e-16
  outer loop
    vertex 52.290352595896195 74.77386905807882 -4.01445692993891
    vertex 55.71054030042602 73.46098200523946 -3.01445692993891
    vertex 52.290352595896195 74.77386905807882 -3.0144569299389086
  endloop
endfacet
facet normal -0.3583679495453078 -0.933580426497199 1.6660737109052983e-16
  outer loop
    vertex 55.71054030042602 73.46098200523946 -3.01445692993891
    vertex 52.290352595896195 74.77386905807882 -4.01445692993891
    vertex 55.71054030042602 73.46098200523946 -4.014456929938909
  endloop
endfacet
facet normal -0.4539904997395456 -0.8910065241883687 2.1106285804199342e-16
  outer loop
    vertex 55.71054030042602 73.46098200523946 -4.014456929938909
    vertex 58.97475779277302 71.79778012020378 -3.014456929938912
    vertex 55.71054030042602 73.46098200523946 -3.01445692993891
  endloop
endfacet
facet normal -0.4539904997395456 -0.8910065241883687 2.1106285804199342e-16
  outer loop
    vertex 58.97475779277302 71.79778012020378 -3.014456929938912
    vertex 55.71054030042602 73.46098200523946 -4.014456929938909
    vertex 58.97475779277302 71.79778012020378 -4.014456929938916
  endloop
endfacet
facet normal -0.5446390350150317 -0.8386705679454212 2.532058961530132e-16
  outer loop
    vertex 58.97475779277302 71.79778012020378 -4.014456929938916
    vertex 62.04724162300953 69.80248579087159 -3.0144569299389135
    vertex 58.97475779277302 71.79778012020378 -3.014456929938912
  endloop
endfacet
facet normal -0.5446390350150317 -0.8386705679454212 2.532058961530132e-16
  outer loop
    vertex 62.04724162300953 69.80248579087159 -3.0144569299389135
    vertex 58.97475779277302 71.79778012020378 -4.014456929938916
    vertex 62.04724162300953 69.80248579087159 -4.014456929938914
  endloop
endfacet
facet normal -0.6293203910498285 -0.7771459614569782 2.9257475747903126e-16
  outer loop
    vertex 62.04724162300953 69.80248579087159 -4.014456929938914
    vertex 64.89432901533307 67.49695987945724 -3.0144569299389143
    vertex 62.04724162300953 69.80248579087159 -3.0144569299389135
  endloop
endfacet
facet normal -0.6293203910498285 -0.7771459614569782 2.9257475747903126e-16
  outer loop
    vertex 64.89432901533307 67.49695987945724 -3.0144569299389143
    vertex 62.04724162300953 69.80248579087159 -4.014456929938914
    vertex 64.89432901533307 67.49695987945724 -4.014456929938916
  endloop
endfacet
facet normal -0.7071067811865537 -0.7071067811865414 3.2873810853691826e-16
  outer loop
    vertex 64.89432901533307 67.49695987945724 -3.0144569299389143
    vertex 67.48482668448179 64.90646221030846 -4.0144569299389135
    vertex 67.48482668448179 64.90646221030846 -3.0144569299389157
  endloop
endfacet
facet normal -0.7071067811865537 -0.7071067811865414 3.2873810853691826e-16
  outer loop
    vertex 67.48482668448179 64.90646221030846 -4.0144569299389135
    vertex 64.89432901533307 67.49695987945724 -3.0144569299389143
    vertex 64.89432901533307 67.49695987945724 -4.014456929938916
  endloop
endfacet
facet normal -0.7771459614569648 -0.6293203910498449 3.6129973608479026e-16
  outer loop
    vertex 67.48482668448179 64.90646221030846 -3.0144569299389157
    vertex 69.7903525958962 62.059374817985 -4.014456929938918
    vertex 69.7903525958962 62.059374817985 -3.014456929938917
  endloop
endfacet
facet normal -0.7771459614569648 -0.6293203910498449 3.6129973608479026e-16
  outer loop
    vertex 69.7903525958962 62.059374817985 -4.014456929938918
    vertex 67.48482668448179 64.90646221030846 -3.0144569299389157
    vertex 67.48482668448179 64.90646221030846 -4.0144569299389135
  endloop
endfacet
facet normal -0.8386705679454286 -0.5446390350150203 3.8990288811729747e-16
  outer loop
    vertex 69.7903525958962 62.059374817985 -3.014456929938917
    vertex 71.78564692522833 58.98689098774846 -4.0144569299389135
    vertex 71.78564692522833 58.98689098774846 -3.014456929938918
  endloop
endfacet
facet normal -0.8386705679454286 -0.5446390350150203 3.8990288811729747e-16
  outer loop
    vertex 71.78564692522833 58.98689098774846 -4.0144569299389135
    vertex 69.7903525958962 62.059374817985 -3.014456929938917
    vertex 69.7903525958962 62.059374817985 -4.014456929938918
  endloop
endfacet
facet normal -0.8910065241883636 -0.45399049973955524 4.142341825151577e-16
  outer loop
    vertex 71.78564692522833 58.98689098774846 -3.014456929938918
    vertex 73.44884881026405 55.72267349540146 -4.014456929938917
    vertex 73.44884881026405 55.72267349540146 -3.0144569299389183
  endloop
endfacet
facet normal -0.8910065241883636 -0.45399049973955524 4.142341825151577e-16
  outer loop
    vertex 73.44884881026405 55.72267349540146 -4.014456929938917
    vertex 71.78564692522833 58.98689098774846 -3.014456929938918
    vertex 71.78564692522833 58.98689098774846 -4.0144569299389135
  endloop
endfacet
facet normal -0.9335804264972047 -0.35836794954529294 4.3402704052531383e-16
  outer loop
    vertex 73.44884881026405 55.72267349540146 -3.0144569299389183
    vertex 74.76173586310337 52.30248579087159 -4.014456929938921
    vertex 74.76173586310337 52.30248579087159 -3.0144569299389192
  endloop
endfacet
facet normal -0.9335804264972047 -0.35836794954529294 4.3402704052531383e-16
  outer loop
    vertex 74.76173586310337 52.30248579087159 -4.014456929938921
    vertex 73.44884881026405 55.72267349540146 -3.0144569299389183
    vertex 73.44884881026405 55.72267349540146 -4.014456929938917
  endloop
endfacet
facet normal -0.965925826289065 -0.25881904510253356 4.490646074534709e-16
  outer loop
    vertex 74.76173586310337 52.30248579087159 -3.0144569299389192
    vertex 75.70992381845625 48.763800166370025 -4.014456929938921
    vertex 75.70992381845625 48.763800166370025 -3.01445692993892
  endloop
endfacet
facet normal -0.965925826289065 -0.25881904510253356 4.490646074534709e-16
  outer loop
    vertex 75.70992381845625 48.763800166370025 -4.014456929938921
    vertex 74.76173586310337 52.30248579087159 -3.0144569299389192
    vertex 74.76173586310337 52.30248579087159 -4.014456929938921
  endloop
endfacet
facet normal -0.9876883405951415 -0.1564344650402074 4.591821285695636e-16
  outer loop
    vertex 75.70992381845625 48.763800166370025 -3.01445692993892
    vertex 76.28302413066253 45.14538720211631 -4.014456929938921
    vertex 76.28302413066253 45.14538720211631 -3.01445692993892
  endloop
endfacet
facet normal -0.9876883405951415 -0.1564344650402074 4.591821285695636e-16
  outer loop
    vertex 76.28302413066253 45.14538720211631 -4.014456929938921
    vertex 75.70992381845625 48.763800166370025 -3.01445692993892
    vertex 75.70992381845625 48.763800166370025 -4.014456929938921
  endloop
endfacet
facet normal -0.9986295347545733 -0.05233595624295687 4.642687541950048e-16
  outer loop
    vertex 76.28302413066253 45.14538720211631 -3.01445692993892
    vertex 76.474757792773 41.48689098774844 -4.014456929938921
    vertex 76.474757792773 41.48689098774844 -3.01445692993892
  endloop
endfacet
facet normal -0.9986295347545733 -0.05233595624295687 4.642687541950048e-16
  outer loop
    vertex 76.474757792773 41.48689098774844 -4.014456929938921
    vertex 76.28302413066253 45.14538720211631 -3.01445692993892
    vertex 76.28302413066253 45.14538720211631 -4.014456929938921
  endloop
endfacet
facet normal -0.9986295347545745 0.05233595624293263 4.642687541950053e-16
  outer loop
    vertex 76.474757792773 41.48689098774844 -3.01445692993892
    vertex 76.28302413066261 37.828394773380595 -4.014456929938921
    vertex 76.28302413066261 37.828394773380595 -3.01445692993892
  endloop
endfacet
facet normal -0.9986295347545745 0.05233595624293263 4.642687541950053e-16
  outer loop
    vertex 76.28302413066261 37.828394773380595 -4.014456929938921
    vertex 76.474757792773 41.48689098774844 -3.01445692993892
    vertex 76.474757792773 41.48689098774844 -4.014456929938921
  endloop
endfacet
facet normal -0.9876883405951377 0.15643446504023142 4.591821285695618e-16
  outer loop
    vertex 76.28302413066261 37.828394773380595 -3.01445692993892
    vertex 75.70992381845625 34.20998180912688 -4.014456929938921
    vertex 75.70992381845625 34.20998180912688 -3.01445692993892
  endloop
endfacet
facet normal -0.9876883405951377 0.15643446504023142 4.591821285695618e-16
  outer loop
    vertex 75.70992381845625 34.20998180912688 -4.014456929938921
    vertex 76.28302413066261 37.828394773380595 -3.01445692993892
    vertex 76.28302413066261 37.828394773380595 -4.014456929938921
  endloop
endfacet
facet normal -0.9659258262890653 0.258819045102532 4.490646074534711e-16
  outer loop
    vertex 75.70992381845625 34.20998180912688 -3.01445692993892
    vertex 74.76173586310337 30.67129618462529 -4.014456929938921
    vertex 74.76173586310337 30.67129618462529 -3.0144569299389192
  endloop
endfacet
facet normal -0.9659258262890653 0.258819045102532 4.490646074534711e-16
  outer loop
    vertex 74.76173586310337 30.67129618462529 -4.014456929938921
    vertex 75.70992381845625 34.20998180912688 -3.01445692993892
    vertex 75.70992381845625 34.20998180912688 -4.014456929938921
  endloop
endfacet
facet normal -0.9335804264972039 0.358367949545295 4.340270405253134e-16
  outer loop
    vertex 74.76173586310337 30.67129618462529 -3.0144569299389192
    vertex 73.44884881026405 27.25110848009545 -4.014456929938917
    vertex 73.44884881026405 27.25110848009545 -3.0144569299389183
  endloop
endfacet
facet normal -0.9335804264972039 0.358367949545295 4.340270405253134e-16
  outer loop
    vertex 73.44884881026405 27.25110848009545 -4.014456929938917
    vertex 74.76173586310337 30.67129618462529 -3.0144569299389192
    vertex 74.76173586310337 30.67129618462529 -4.014456929938921
  endloop
endfacet
facet normal -0.8910065241883636 0.45399049973955524 4.142341825151577e-16
  outer loop
    vertex 73.44884881026405 27.25110848009545 -3.0144569299389183
    vertex 71.78564692522833 23.98689098774845 -4.0144569299389135
    vertex 71.78564692522833 23.98689098774845 -3.014456929938918
  endloop
endfacet
facet normal -0.8910065241883636 0.45399049973955524 4.142341825151577e-16
  outer loop
    vertex 71.78564692522833 23.98689098774845 -4.0144569299389135
    vertex 73.44884881026405 27.25110848009545 -3.0144569299389183
    vertex 73.44884881026405 27.25110848009545 -4.014456929938917
  endloop
endfacet
facet normal -0.8386705679454286 0.5446390350150203 3.8990288811729747e-16
  outer loop
    vertex 71.78564692522833 23.98689098774845 -3.014456929938918
    vertex 69.7903525958962 20.914407157511906 -4.014456929938918
    vertex 69.7903525958962 20.914407157511906 -3.014456929938917
  endloop
endfacet
facet normal -0.8386705679454286 0.5446390350150203 3.8990288811729747e-16
  outer loop
    vertex 69.7903525958962 20.914407157511906 -4.014456929938918
    vertex 71.78564692522833 23.98689098774845 -3.014456929938918
    vertex 71.78564692522833 23.98689098774845 -4.0144569299389135
  endloop
endfacet
facet normal -0.7771459614569675 0.6293203910498419 3.612997360847915e-16
  outer loop
    vertex 69.7903525958962 20.914407157511906 -3.014456929938917
    vertex 67.48482668448179 18.06731976518842 -4.0144569299389135
    vertex 67.48482668448179 18.06731976518842 -3.0144569299389157
  endloop
endfacet
facet normal -0.7771459614569675 0.6293203910498419 3.612997360847915e-16
  outer loop
    vertex 67.48482668448179 18.06731976518842 -4.0144569299389135
    vertex 69.7903525958962 20.914407157511906 -3.014456929938917
    vertex 69.7903525958962 20.914407157511906 -4.014456929938918
  endloop
endfacet
facet normal -0.7071067811865537 0.7071067811865414 3.2873810853691826e-16
  outer loop
    vertex 67.48482668448179 18.06731976518842 -3.0144569299389157
    vertex 64.89432901533307 15.476822096039653 -4.014456929938916
    vertex 64.89432901533307 15.476822096039653 -3.0144569299389143
  endloop
endfacet
facet normal -0.7071067811865537 0.7071067811865414 3.2873810853691826e-16
  outer loop
    vertex 64.89432901533307 15.476822096039653 -4.014456929938916
    vertex 67.48482668448179 18.06731976518842 -3.0144569299389157
    vertex 67.48482668448179 18.06731976518842 -4.0144569299389135
  endloop
endfacet
facet normal -0.6293203910498285 0.7771459614569782 2.9257475747903126e-16
  outer loop
    vertex 64.89432901533307 15.476822096039653 -4.014456929938916
    vertex 62.04724162300953 13.1712961846253 -3.0144569299389135
    vertex 64.89432901533307 15.476822096039653 -3.0144569299389143
  endloop
endfacet
facet normal -0.6293203910498285 0.7771459614569782 2.9257475747903126e-16
  outer loop
    vertex 62.04724162300953 13.1712961846253 -3.0144569299389135
    vertex 64.89432901533307 15.476822096039653 -4.014456929938916
    vertex 62.04724162300953 13.1712961846253 -4.014456929938914
  endloop
endfacet
facet normal -0.5446390350150317 0.8386705679454212 2.532058961530132e-16
  outer loop
    vertex 62.04724162300953 13.1712961846253 -4.014456929938914
    vertex 58.97475779277302 11.17600185529311 -3.014456929938912
    vertex 62.04724162300953 13.1712961846253 -3.0144569299389135
  endloop
endfacet
facet normal -0.5446390350150317 0.8386705679454212 2.532058961530132e-16
  outer loop
    vertex 58.97475779277302 11.17600185529311 -3.014456929938912
    vertex 62.04724162300953 13.1712961846253 -4.014456929938914
    vertex 58.97475779277302 11.17600185529311 -4.014456929938916
  endloop
endfacet
facet normal -0.4539904997395456 0.8910065241883687 2.1106285804199347e-16
  outer loop
    vertex 58.97475779277302 11.17600185529311 -4.014456929938916
    vertex 55.71054030042602 9.512799970257433 -3.01445692993891
    vertex 58.97475779277302 11.17600185529311 -3.014456929938912
  endloop
endfacet
facet normal -0.4539904997395456 0.8910065241883687 2.1106285804199347e-16
  outer loop
    vertex 55.71054030042602 9.512799970257433 -3.01445692993891
    vertex 58.97475779277302 11.17600185529311 -4.014456929938916
    vertex 55.71054030042602 9.512799970257433 -4.014456929938909
  endloop
endfacet
facet normal -0.35836794954530243 0.9335804264972011 1.6660737109052734e-16
  outer loop
    vertex 55.71054030042602 9.512799970257433 -4.014456929938909
    vertex 52.290352595896195 8.199912917418091 -3.0144569299389086
    vertex 55.71054030042602 9.512799970257433 -3.01445692993891
  endloop
endfacet
facet normal -0.35836794954530243 0.9335804264972011 1.6660737109052734e-16
  outer loop
    vertex 52.290352595896195 8.199912917418091 -3.0144569299389086
    vertex 55.71054030042602 9.512799970257433 -4.014456929938909
    vertex 52.290352595896195 8.199912917418091 -4.01445692993891
  endloop
endfacet
facet normal -0.2588190451025205 0.9659258262890683 1.20326498916557e-16
  outer loop
    vertex 52.290352595896195 8.199912917418091 -4.01445692993891
    vertex 48.75166697139461 7.2517249620652695 -3.0144569299389072
    vertex 52.290352595896195 8.199912917418091 -3.0144569299389086
  endloop
endfacet
facet normal -0.2588190451025205 0.9659258262890683 1.20326498916557e-16
  outer loop
    vertex 48.75166697139461 7.2517249620652695 -3.0144569299389072
    vertex 52.290352595896195 8.199912917418091 -4.01445692993891
    vertex 48.75166697139461 7.2517249620652695 -4.0144569299389055
  endloop
endfacet
facet normal -0.15643446504023142 0.9876883405951377 7.272730444051959e-17
  outer loop
    vertex 48.75166697139461 7.2517249620652695 -4.0144569299389055
    vertex 45.13325400714088 6.678624649858896 -3.014456929938905
    vertex 48.75166697139461 7.2517249620652695 -3.0144569299389072
  endloop
endfacet
facet normal -0.15643446504023142 0.9876883405951377 7.272730444051959e-17
  outer loop
    vertex 45.13325400714088 6.678624649858896 -3.014456929938905
    vertex 48.75166697139461 7.2517249620652695 -4.0144569299389055
    vertex 45.13325400714088 6.678624649858896 -4.014456929938907
  endloop
endfacet
facet normal -0.0523359562429446 0.998629534754574 2.4331294397864718e-17
  outer loop
    vertex 45.13325400714088 6.678624649858896 -4.014456929938907
    vertex 41.47475779277301 6.486890987748461 -3.0144569299389037
    vertex 45.13325400714088 6.678624649858896 -3.014456929938905
  endloop
endfacet
facet normal -0.0523359562429446 0.998629534754574 2.4331294397864718e-17
  outer loop
    vertex 41.47475779277301 6.486890987748461 -3.0144569299389037
    vertex 45.13325400714088 6.678624649858896 -4.014456929938907
    vertex 41.47475779277301 6.486890987748461 -4.014456929938902
  endloop
endfacet
facet normal 0.0523359562429446 0.998629534754574 -2.4331294397864662e-17
  outer loop
    vertex 41.47475779277301 6.486890987748461 -4.014456929938902
    vertex 37.81626157840514 6.678624649858896 -3.0144569299389024
    vertex 41.47475779277301 6.486890987748461 -3.0144569299389037
  endloop
endfacet
facet normal 0.0523359562429446 0.998629534754574 -2.4331294397864662e-17
  outer loop
    vertex 37.81626157840514 6.678624649858896 -3.0144569299389024
    vertex 41.47475779277301 6.486890987748461 -4.014456929938902
    vertex 37.81626157840514 6.678624649858896 -4.014456929938904
  endloop
endfacet
facet normal 0.15643446504022543 0.9876883405951388 -7.272730444051675e-17
  outer loop
    vertex 37.81626157840514 6.678624649858896 -4.014456929938904
    vertex 34.197848614151425 7.251724962065246 -3.0144569299389
    vertex 37.81626157840514 6.678624649858896 -3.0144569299389024
  endloop
endfacet
facet normal 0.15643446504022543 0.9876883405951388 -7.272730444051675e-17
  outer loop
    vertex 34.197848614151425 7.251724962065246 -3.0144569299389
    vertex 37.81626157840514 6.678624649858896 -4.014456929938904
    vertex 34.197848614151425 7.251724962065246 -4.014456929938901
  endloop
endfacet
facet normal 0.2588190451025205 0.9659258262890683 -1.2032649891655695e-16
  outer loop
    vertex 34.197848614151425 7.251724962065246 -4.014456929938901
    vertex 30.659162989649836 8.19991291741807 -3.014456929938899
    vertex 34.197848614151425 7.251724962065246 -3.0144569299389
  endloop
endfacet
facet normal 0.2588190451025205 0.9659258262890683 -1.2032649891655695e-16
  outer loop
    vertex 30.659162989649836 8.19991291741807 -3.014456929938899
    vertex 34.197848614151425 7.251724962065246 -4.014456929938901
    vertex 30.659162989649836 8.19991291741807 -4.014456929938897
  endloop
endfacet
facet normal 0.3583679495453078 0.933580426497199 -1.6660737109052983e-16
  outer loop
    vertex 30.659162989649836 8.19991291741807 -4.014456929938897
    vertex 27.238975285120002 9.512799970257433 -3.0144569299388975
    vertex 30.659162989649836 8.19991291741807 -3.014456929938899
  endloop
endfacet
facet normal 0.3583679495453078 0.933580426497199 -1.6660737109052983e-16
  outer loop
    vertex 27.238975285120002 9.512799970257433 -3.0144569299388975
    vertex 30.659162989649836 8.19991291741807 -4.014456929938897
    vertex 27.238975285120002 9.512799970257433 -4.014456929938898
  endloop
endfacet
facet normal 0.45399049973954064 0.8910065241883711 -2.1106285804199113e-16
  outer loop
    vertex 27.238975285120002 9.512799970257433 -4.014456929938898
    vertex 23.974757792773 11.176001855293087 -3.0144569299388952
    vertex 27.238975285120002 9.512799970257433 -3.0144569299388975
  endloop
endfacet
facet normal 0.45399049973954064 0.8910065241883711 -2.1106285804199113e-16
  outer loop
    vertex 23.974757792773 11.176001855293087 -3.0144569299388952
    vertex 27.238975285120002 9.512799970257433 -4.014456929938898
    vertex 23.974757792773 11.176001855293087 -4.014456929938894
  endloop
endfacet
facet normal 0.5446390350150361 0.8386705679454184 -2.532058961530152e-16
  outer loop
    vertex 23.974757792773 11.176001855293087 -4.014456929938894
    vertex 20.90227396253648 13.1712961846253 -3.014456929938894
    vertex 23.974757792773 11.176001855293087 -3.0144569299388952
  endloop
endfacet
facet normal 0.5446390350150361 0.8386705679454184 -2.532058961530152e-16
  outer loop
    vertex 20.90227396253648 13.1712961846253 -3.014456929938894
    vertex 23.974757792773 11.176001855293087 -4.014456929938894
    vertex 20.90227396253648 13.1712961846253 -4.014456929938896
  endloop
endfacet
facet normal 0.6293203910498285 0.7771459614569782 -2.9257475747903126e-16
  outer loop
    vertex 20.90227396253648 13.1712961846253 -4.014456929938896
    vertex 18.055186570212946 15.476822096039653 -3.014456929938893
    vertex 20.90227396253648 13.1712961846253 -3.014456929938894
  endloop
endfacet
facet normal 0.6293203910498285 0.7771459614569782 -2.9257475747903126e-16
  outer loop
    vertex 18.055186570212946 15.476822096039653 -3.014456929938893
    vertex 20.90227396253648 13.1712961846253 -4.014456929938896
    vertex 18.055186570212946 15.476822096039653 -4.014456929938891
  endloop
endfacet
facet normal 0.7071067811865506 0.7071067811865445 -3.2873810853691683e-16
  outer loop
    vertex 15.464688901064227 18.067319765188394 -4.014456929938893
    vertex 18.055186570212946 15.476822096039653 -3.014456929938893
    vertex 18.055186570212946 15.476822096039653 -4.014456929938891
  endloop
endfacet
facet normal 0.7071067811865506 0.7071067811865445 -3.2873810853691683e-16
  outer loop
    vertex 18.055186570212946 15.476822096039653 -3.014456929938893
    vertex 15.464688901064227 18.067319765188394 -4.014456929938893
    vertex 15.464688901064227 18.067319765188394 -3.0144569299388917
  endloop
endfacet
facet normal 0.7771459614569675 0.6293203910498419 -3.612997360847915e-16
  outer loop
    vertex 13.159162989649829 20.914407157511885 -4.014456929938892
    vertex 15.464688901064227 18.067319765188394 -3.0144569299388917
    vertex 15.464688901064227 18.067319765188394 -4.014456929938893
  endloop
endfacet
facet normal 0.7771459614569675 0.6293203910498419 -3.612997360847915e-16
  outer loop
    vertex 15.464688901064227 18.067319765188394 -3.0144569299388917
    vertex 13.159162989649829 20.914407157511885 -4.014456929938892
    vertex 13.159162989649829 20.914407157511885 -3.0144569299388904
  endloop
endfacet
facet normal 0.777145961456978 -0.6293203910498286 -3.6129973608479643e-16
  outer loop
    vertex 13.97839925010939 66.24472342302619 -3.014456929938891
    vertex 11.54112900089997 63.234945322569935 -0.01445692993888968
    vertex 11.54112900089997 63.234945322569935 -3.0144569299388895
  endloop
endfacet
facet normal 0.777145961456978 -0.6293203910498286 -3.6129973608479643e-16
  outer loop
    vertex 11.54112900089997 63.234945322569935 -0.01445692993888968
    vertex 13.97839925010939 66.24472342302619 -3.014456929938891
    vertex 13.97839925010939 66.24472342302619 -0.014456929938890811
  endloop
endfacet
facet normal 0.7071067811865476 -0.7071067811865476 -3.2873810853691544e-16
  outer loop
    vertex 16.71692535749522 68.98324953041202 -3.0144569299388952
    vertex 13.97839925010939 66.24472342302619 -0.014456929938890811
    vertex 13.97839925010939 66.24472342302619 -3.014456929938891
  endloop
endfacet
facet normal 0.7071067811865476 -0.7071067811865476 -3.2873810853691544e-16
  outer loop
    vertex 13.97839925010939 66.24472342302619 -0.014456929938890811
    vertex 16.71692535749522 68.98324953041202 -3.0144569299388952
    vertex 16.71692535749522 68.98324953041202 -0.014456929938892082
  endloop
endfacet
facet normal 0.6293203910498301 -0.777145961456977 -2.92574757479032e-16
  outer loop
    vertex 16.71692535749522 68.98324953041202 -3.0144569299388952
    vertex 19.726703457951526 71.42051977962149 -0.014456929938893486
    vertex 16.71692535749522 68.98324953041202 -0.014456929938892082
  endloop
endfacet
facet normal 0.6293203910498301 -0.777145961456977 -2.92574757479032e-16
  outer loop
    vertex 19.726703457951526 71.42051977962149 -0.014456929938893486
    vertex 16.71692535749522 68.98324953041202 -3.0144569299388952
    vertex 19.726703457951526 71.42051977962149 -3.014456929938894
  endloop
endfacet
facet normal 0.5446390350150322 -0.8386705679454209 -2.532058961530135e-16
  outer loop
    vertex 19.726703457951526 71.42051977962149 -3.014456929938894
    vertex 22.97475779277296 73.52983092777265 -0.014456929938894993
    vertex 19.726703457951526 71.42051977962149 -0.014456929938893486
  endloop
endfacet
facet normal 0.5446390350150322 -0.8386705679454209 -2.532058961530135e-16
  outer loop
    vertex 22.97475779277296 73.52983092777265 -0.014456929938894993
    vertex 19.726703457951526 71.42051977962149 -3.014456929938894
    vertex 22.97475779277296 73.52983092777265 -3.0144569299388952
  endloop
endfacet
facet normal 0.4539904997395487 -0.8910065241883669 -2.110628580419949e-16
  outer loop
    vertex 22.97475779277296 73.52983092777265 -3.0144569299388952
    vertex 26.425501998968357 75.28807292052466 -0.014456929938896596
    vertex 22.97475779277296 73.52983092777265 -0.014456929938894993
  endloop
endfacet
facet normal 0.4539904997395487 -0.8910065241883669 -2.110628580419949e-16
  outer loop
    vertex 26.425501998968357 75.28807292052466 -0.014456929938896596
    vertex 22.97475779277296 73.52983092777265 -3.0144569299388952
    vertex 26.425501998968357 75.28807292052466 -3.0144569299388966
  endloop
endfacet
facet normal 0.35836794954530143 -0.9335804264972014 -1.666073710905269e-16
  outer loop
    vertex 26.425501998968357 75.28807292052466 -3.0144569299388966
    vertex 30.04112900089993 76.67598209066911 -0.014456929938898279
    vertex 26.425501998968357 75.28807292052466 -0.014456929938896596
  endloop
endfacet
facet normal 0.35836794954530143 -0.9335804264972014 -1.666073710905269e-16
  outer loop
    vertex 30.04112900089993 76.67598209066911 -0.014456929938898279
    vertex 26.425501998968357 75.28807292052466 -3.0144569299388966
    vertex 30.04112900089993 76.67598209066911 -3.014456929938898
  endloop
endfacet
facet normal 0.258819045102518 -0.9659258262890692 -1.203264989165558e-16
  outer loop
    vertex 30.04112900089993 76.67598209066911 -3.014456929938898
    vertex 33.78202523251587 77.67835221489922 -0.014456929938904246
    vertex 30.04112900089993 76.67598209066911 -0.014456929938898279
  endloop
endfacet
facet normal 0.258819045102518 -0.9659258262890692 -1.203264989165558e-16
  outer loop
    vertex 33.78202523251587 77.67835221489922 -0.014456929938904246
    vertex 30.04112900089993 76.67598209066911 -3.014456929938898
    vertex 33.78202523251587 77.67835221489922 -3.0144569299389
  endloop
endfacet
facet normal 0.1564344650402338 -0.9876883405951372 -7.272730444052068e-17
  outer loop
    vertex 33.78202523251587 77.67835221489922 -0.014456929938904246
    vertex 37.60720465186979 78.28420111637455 -3.0144569299389015
    vertex 37.60720465186979 78.28420111637455 -0.014456929938901797
  endloop
endfacet
facet normal 0.1564344650402338 -0.9876883405951372 -7.272730444052068e-17
  outer loop
    vertex 37.60720465186979 78.28420111637455 -3.0144569299389015
    vertex 33.78202523251587 77.67835221489922 -0.014456929938904246
    vertex 33.78202523251587 77.67835221489922 -3.0144569299389
  endloop
endfacet
facet normal 0.05233595624294171 -0.9986295347545742 -2.433129439786336e-17
  outer loop
    vertex 37.60720465186979 78.28420111637455 -3.0144569299389015
    vertex 41.47475779277301 78.48689098774842 -0.014456929938903594
    vertex 37.60720465186979 78.28420111637455 -0.014456929938901797
  endloop
endfacet
facet normal 0.05233595624294171 -0.9986295347545742 -2.433129439786336e-17
  outer loop
    vertex 41.47475779277301 78.48689098774842 -0.014456929938903594
    vertex 37.60720465186979 78.28420111637455 -3.0144569299389015
    vertex 41.47475779277301 78.48689098774842 -3.0144569299389037
  endloop
endfacet
facet normal -0.05233595624294171 -0.9986295347545742 2.433129439786333e-17
  outer loop
    vertex 41.47475779277301 78.48689098774842 -3.0144569299389037
    vertex 45.342310933676224 78.28420111637455 -0.014456929938905393
    vertex 41.47475779277301 78.48689098774842 -0.014456929938903594
  endloop
endfacet
facet normal -0.05233595624294171 -0.9986295347545742 2.433129439786333e-17
  outer loop
    vertex 45.342310933676224 78.28420111637455 -0.014456929938905393
    vertex 41.47475779277301 78.48689098774842 -3.0144569299389037
    vertex 45.342310933676224 78.28420111637455 -3.014456929938906
  endloop
endfacet
facet normal -0.15643446504023745 -0.9876883405951368 7.272730444052236e-17
  outer loop
    vertex 45.342310933676224 78.28420111637455 -3.014456929938906
    vertex 49.16749035303004 77.67835221489922 -0.014456929938907171
    vertex 45.342310933676224 78.28420111637455 -0.014456929938905393
  endloop
endfacet
facet normal -0.15643446504023745 -0.9876883405951368 7.272730444052236e-17
  outer loop
    vertex 49.16749035303004 77.67835221489922 -0.014456929938907171
    vertex 45.342310933676224 78.28420111637455 -3.014456929938906
    vertex 49.167490353030075 77.67835221489922 -3.0144569299389072
  endloop
endfacet
facet normal -0.25881904510251214 -0.9659258262890706 1.2032649891655303e-16
  outer loop
    vertex 49.167490353030075 77.67835221489922 -3.0144569299389072
    vertex 52.90838658464607 76.67598209066911 -0.01445692993890891
    vertex 49.16749035303004 77.67835221489922 -0.014456929938907171
  endloop
endfacet
facet normal -0.25881904510251214 -0.9659258262890706 1.2032649891655303e-16
  outer loop
    vertex 52.90838658464607 76.67598209066911 -0.01445692993890891
    vertex 49.167490353030075 77.67835221489922 -3.0144569299389072
    vertex 52.9083865846461 76.67598209066911 -3.014456929938912
  endloop
endfacet
facet normal -0.35836794954530143 -0.9335804264972014 1.6660737109052688e-16
  outer loop
    vertex 52.9083865846461 76.67598209066911 -3.014456929938912
    vertex 56.524013586577624 75.28807292052466 -0.014456929938910592
    vertex 52.90838658464607 76.67598209066911 -0.01445692993890891
  endloop
endfacet
facet normal -0.35836794954530143 -0.9335804264972014 1.6660737109052688e-16
  outer loop
    vertex 56.524013586577624 75.28807292052466 -0.014456929938910592
    vertex 52.9083865846461 76.67598209066911 -3.014456929938912
    vertex 56.52401358657766 75.28807292052466 -3.014456929938911
  endloop
endfacet
facet normal -0.45399049973955813 -0.8910065241883622 2.1106285804199926e-16
  outer loop
    vertex 56.52401358657766 75.28807292052466 -3.014456929938911
    vertex 59.974757792772934 73.52983092777265 -0.014456929938912195
    vertex 56.524013586577624 75.28807292052466 -0.014456929938910592
  endloop
endfacet
facet normal -0.45399049973955813 -0.8910065241883622 2.1106285804199926e-16
  outer loop
    vertex 59.974757792772934 73.52983092777265 -0.014456929938912195
    vertex 56.52401358657766 75.28807292052466 -3.014456929938911
    vertex 59.97475779277297 73.52983092777265 -3.014456929938912
  endloop
endfacet
facet normal -0.5446390350150215 -0.8386705679454277 2.5320589615300844e-16
  outer loop
    vertex 59.97475779277297 73.52983092777265 -3.014456929938912
    vertex 63.22281212759446 71.42051977962149 -0.014456929938913708
    vertex 59.974757792772934 73.52983092777265 -0.014456929938912195
  endloop
endfacet
facet normal -0.5446390350150215 -0.8386705679454277 2.5320589615300844e-16
  outer loop
    vertex 63.22281212759446 71.42051977962149 -0.014456929938913708
    vertex 59.97475779277297 73.52983092777265 -3.014456929938912
    vertex 63.22281212759449 71.42051977962149 -3.0144569299389135
  endloop
endfacet
facet normal -0.6293203910498301 -0.777145961456977 2.92574757479032e-16
  outer loop
    vertex 63.22281212759449 71.42051977962149 -3.0144569299389135
    vertex 66.23259022805077 68.98324953041202 -0.014456929938915106
    vertex 63.22281212759446 71.42051977962149 -0.014456929938913708
  endloop
endfacet
facet normal -0.6293203910498301 -0.777145961456977 2.92574757479032e-16
  outer loop
    vertex 66.23259022805077 68.98324953041202 -0.014456929938915106
    vertex 63.22281212759449 71.42051977962149 -3.0144569299389135
    vertex 66.2325902280508 68.98324953041202 -3.014456929938915
  endloop
endfacet
facet normal -0.7071067811865476 -0.7071067811865476 3.2873810853691544e-16
  outer loop
    vertex 66.23259022805077 68.98324953041202 -0.014456929938915106
    vertex 68.97111633543662 66.24472342302619 -3.0144569299389166
    vertex 68.97111633543659 66.24472342302619 -0.014456929938916377
  endloop
endfacet
facet normal -0.7071067811865476 -0.7071067811865476 3.2873810853691544e-16
  outer loop
    vertex 68.97111633543662 66.24472342302619 -3.0144569299389166
    vertex 66.23259022805077 68.98324953041202 -0.014456929938915106
    vertex 66.2325902280508 68.98324953041202 -3.014456929938915
  endloop
endfacet
facet normal -0.777145961456978 -0.6293203910498286 3.6129973608479643e-16
  outer loop
    vertex 68.97111633543659 66.24472342302619 -0.014456929938916377
    vertex 71.40838658464605 63.234945322569935 -3.014456929938918
    vertex 71.40838658464601 63.234945322569935 -0.01445692993891751
  endloop
endfacet
facet normal -0.777145961456978 -0.6293203910498286 3.6129973608479643e-16
  outer loop
    vertex 71.40838658464605 63.234945322569935 -3.014456929938918
    vertex 68.97111633543659 66.24472342302619 -0.014456929938916377
    vertex 68.97111633543662 66.24472342302619 -3.0144569299389166
  endloop
endfacet
facet normal -0.8386705679454242 -0.5446390350150269 3.899028881172954e-16
  outer loop
    vertex 71.40838658464601 63.234945322569935 -0.01445692993891751
    vertex 73.5176977327972 59.98689098774846 -3.0144569299389183
    vertex 73.51769773279717 59.98689098774846 -0.014456929938918494
  endloop
endfacet
facet normal -0.8386705679454242 -0.5446390350150269 3.899028881172954e-16
  outer loop
    vertex 73.5176977327972 59.98689098774846 -3.0144569299389183
    vertex 71.40838658464601 63.234945322569935 -0.01445692993891751
    vertex 71.40838658464605 63.234945322569935 -3.014456929938918
  endloop
endfacet
facet normal -0.8910065241883623 -0.45399049973955796 4.1423418251515714e-16
  outer loop
    vertex 73.51769773279717 59.98689098774846 -0.014456929938918494
    vertex 75.27593972554926 56.53614678155306 -3.0144569299389192
    vertex 75.27593972554924 56.53614678155306 -0.014456929938919309
  endloop
endfacet
facet normal -0.8910065241883623 -0.45399049973955796 4.1423418251515714e-16
  outer loop
    vertex 75.27593972554926 56.53614678155306 -3.0144569299389192
    vertex 73.51769773279717 59.98689098774846 -0.014456929938918494
    vertex 73.5176977327972 59.98689098774846 -3.0144569299389183
  endloop
endfacet
facet normal -0.9335804264972052 -0.3583679495452912 4.3402704052531403e-16
  outer loop
    vertex 75.27593972554924 56.53614678155306 -0.014456929938919309
    vertex 76.66384889569368 52.9205197796215 -3.01445692993892
    vertex 76.66384889569363 52.9205197796215 -0.014456929938919956
  endloop
endfacet
facet normal -0.9335804264972052 -0.3583679495452912 4.3402704052531403e-16
  outer loop
    vertex 76.66384889569368 52.9205197796215 -3.01445692993892
    vertex 75.27593972554924 56.53614678155306 -0.014456929938919309
    vertex 75.27593972554926 56.53614678155306 -3.0144569299389192
  endloop
endfacet
facet normal -0.9659258262890692 -0.258819045102518 4.490646074534729e-16
  outer loop
    vertex 76.66384889569363 52.9205197796215 -0.014456929938919956
    vertex 77.66621901992379 49.17962354800555 -3.0144569299389237
    vertex 77.66621901992374 49.17962354800555 -0.014456929938920421
  endloop
endfacet
facet normal -0.9659258262890692 -0.258819045102518 4.490646074534729e-16
  outer loop
    vertex 77.66621901992379 49.17962354800555 -3.0144569299389237
    vertex 76.66384889569363 52.9205197796215 -0.014456929938919956
    vertex 76.66384889569368 52.9205197796215 -3.01445692993892
  endloop
endfacet
facet normal -0.9876883405951364 -0.15643446504023953 4.591821285695612e-16
  outer loop
    vertex 77.66621901992374 49.17962354800555 -0.014456929938920421
    vertex 78.27206792139913 45.354444128651636 -3.0144569299389206
    vertex 78.27206792139908 45.354444128651636 -0.014456929938920702
  endloop
endfacet
facet normal -0.9876883405951364 -0.15643446504023953 4.591821285695612e-16
  outer loop
    vertex 78.27206792139913 45.354444128651636 -3.0144569299389206
    vertex 77.66621901992374 49.17962354800555 -0.014456929938920421
    vertex 77.66621901992379 49.17962354800555 -3.0144569299389237
  endloop
endfacet
facet normal -0.998629534754574 -0.05233595624294202 4.642687541950051e-16
  outer loop
    vertex 78.27206792139908 45.354444128651636 -0.014456929938920702
    vertex 78.474757792773 41.48689098774844 -3.0144569299389206
    vertex 78.47475779277296 41.48689098774844 -0.014456929938920796
  endloop
endfacet
facet normal -0.998629534754574 -0.05233595624294202 4.642687541950051e-16
  outer loop
    vertex 78.474757792773 41.48689098774844 -3.0144569299389206
    vertex 78.27206792139908 45.354444128651636 -0.014456929938920702
    vertex 78.27206792139913 45.354444128651636 -3.0144569299389206
  endloop
endfacet
facet normal -0.9986295347545742 0.05233595624294233 4.642687541950052e-16
  outer loop
    vertex 78.47475779277296 41.48689098774844 -0.014456929938920796
    vertex 78.27206792139913 37.61933784684527 -3.0144569299389206
    vertex 78.27206792139908 37.61933784684527 -0.014456929938920702
  endloop
endfacet
facet normal -0.9986295347545742 0.05233595624294233 4.642687541950052e-16
  outer loop
    vertex 78.27206792139913 37.61933784684527 -3.0144569299389206
    vertex 78.47475779277296 41.48689098774844 -0.014456929938920796
    vertex 78.474757792773 41.48689098774844 -3.0144569299389206
  endloop
endfacet
facet normal -0.9876883405951362 0.15643446504024042 4.591821285695611e-16
  outer loop
    vertex 78.27206792139908 37.61933784684527 -0.014456929938920702
    vertex 77.66621901992379 33.79415842749137 -3.0144569299389237
    vertex 77.66621901992374 33.79415842749137 -0.014456929938920421
  endloop
endfacet
facet normal -0.9876883405951362 0.15643446504024042 4.591821285695611e-16
  outer loop
    vertex 77.66621901992379 33.79415842749137 -3.0144569299389237
    vertex 78.27206792139908 37.61933784684527 -0.014456929938920702
    vertex 78.27206792139913 37.61933784684527 -3.0144569299389206
  endloop
endfacet
facet normal -0.9659258262890694 0.2588190451025165 4.49064607453473e-16
  outer loop
    vertex 77.66621901992374 33.79415842749137 -0.014456929938920421
    vertex 76.66384889569368 30.053262195875405 -3.01445692993892
    vertex 76.66384889569363 30.053262195875405 -0.014456929938919956
  endloop
endfacet
facet normal -0.9659258262890694 0.2588190451025165 4.49064607453473e-16
  outer loop
    vertex 76.66384889569368 30.053262195875405 -3.01445692993892
    vertex 77.66621901992374 33.79415842749137 -0.014456929938920421
    vertex 77.66621901992379 33.79415842749137 -3.0144569299389237
  endloop
endfacet
facet normal -0.9335804264972052 0.3583679495452912 4.3402704052531403e-16
  outer loop
    vertex 76.66384889569363 30.053262195875405 -0.014456929938919956
    vertex 75.27593972554926 26.43763519394385 -3.0144569299389192
    vertex 75.27593972554924 26.43763519394385 -0.014456929938919309
  endloop
endfacet
facet normal -0.9335804264972052 0.3583679495452912 4.3402704052531403e-16
  outer loop
    vertex 75.27593972554926 26.43763519394385 -3.0144569299389192
    vertex 76.66384889569363 30.053262195875405 -0.014456929938919956
    vertex 76.66384889569368 30.053262195875405 -3.01445692993892
  endloop
endfacet
facet normal -0.891006524188361 0.4539904997395603 4.142341825151565e-16
  outer loop
    vertex 75.27593972554924 26.43763519394385 -0.014456929938919309
    vertex 73.5176977327972 22.986890987748474 -3.0144569299389183
    vertex 73.51769773279717 22.986890987748474 -0.014456929938918494
  endloop
endfacet
facet normal -0.891006524188361 0.4539904997395603 4.142341825151565e-16
  outer loop
    vertex 73.5176977327972 22.986890987748474 -3.0144569299389183
    vertex 75.27593972554924 26.43763519394385 -0.014456929938919309
    vertex 75.27593972554926 26.43763519394385 -3.0144569299389192
  endloop
endfacet
facet normal -0.8386705679454277 0.5446390350150215 3.899028881172971e-16
  outer loop
    vertex 73.51769773279717 22.986890987748474 -0.014456929938918494
    vertex 71.40838658464605 19.738836652926953 -3.014456929938918
    vertex 71.40838658464601 19.738836652926953 -0.01445692993891751
  endloop
endfacet
facet normal -0.8386705679454277 0.5446390350150215 3.899028881172971e-16
  outer loop
    vertex 71.40838658464605 19.738836652926953 -3.014456929938918
    vertex 73.51769773279717 22.986890987748474 -0.014456929938918494
    vertex 73.5176977327972 22.986890987748474 -3.0144569299389183
  endloop
endfacet
facet normal -0.7771459614569759 0.6293203910498315 3.6129973608479544e-16
  outer loop
    vertex 71.40838658464601 19.738836652926953 -0.01445692993891751
    vertex 68.97111633543662 16.729058552470715 -3.0144569299389166
    vertex 68.97111633543659 16.729058552470715 -0.014456929938916377
  endloop
endfacet
facet normal -0.7771459614569759 0.6293203910498315 3.6129973608479544e-16
  outer loop
    vertex 68.97111633543662 16.729058552470715 -3.0144569299389166
    vertex 71.40838658464601 19.738836652926953 -0.01445692993891751
    vertex 71.40838658464605 19.738836652926953 -3.014456929938918
  endloop
endfacet
facet normal -0.7071067811865476 0.7071067811865476 3.2873810853691544e-16
  outer loop
    vertex 68.97111633543659 16.729058552470715 -0.014456929938916377
    vertex 66.2325902280508 13.990532445084884 -3.014456929938915
    vertex 66.23259022805077 13.990532445084884 -0.014456929938915106
  endloop
endfacet
facet normal -0.7071067811865476 0.7071067811865476 3.2873810853691544e-16
  outer loop
    vertex 66.2325902280508 13.990532445084884 -3.014456929938915
    vertex 68.97111633543659 16.729058552470715 -0.014456929938916377
    vertex 68.97111633543662 16.729058552470715 -3.0144569299389166
  endloop
endfacet
facet normal -0.6293203910498335 0.7771459614569741 2.925747574790336e-16
  outer loop
    vertex 66.2325902280508 13.990532445084884 -3.014456929938915
    vertex 63.22281212759446 11.553262195875396 -0.014456929938913708
    vertex 66.23259022805077 13.990532445084884 -0.014456929938915106
  endloop
endfacet
facet normal -0.6293203910498335 0.7771459614569741 2.925747574790336e-16
  outer loop
    vertex 63.22281212759446 11.553262195875396 -0.014456929938913708
    vertex 66.2325902280508 13.990532445084884 -3.014456929938915
    vertex 63.22281212759449 11.553262195875396 -3.0144569299389135
  endloop
endfacet
facet normal -0.5446390350150322 0.8386705679454209 2.532058961530135e-16
  outer loop
    vertex 63.22281212759449 11.553262195875396 -3.0144569299389135
    vertex 59.974757792773026 9.443951047724243 -0.014456929938912195
    vertex 63.22281212759446 11.553262195875396 -0.014456929938913708
  endloop
endfacet
facet normal -0.5446390350150322 0.8386705679454209 2.532058961530135e-16
  outer loop
    vertex 59.974757792773026 9.443951047724243 -0.014456929938912195
    vertex 63.22281212759449 11.553262195875396 -3.0144569299389135
    vertex 59.97475779277306 9.443951047724243 -3.014456929938912
  endloop
endfacet
facet normal -0.45399049973954403 0.8910065241883692 2.1106285804199273e-16
  outer loop
    vertex 59.97475779277306 9.443951047724243 -3.014456929938912
    vertex 56.524013586577624 7.685709054972249 -0.014456929938910592
    vertex 59.974757792773026 9.443951047724243 -0.014456929938912195
  endloop
endfacet
facet normal -0.45399049973954403 0.8910065241883692 2.1106285804199273e-16
  outer loop
    vertex 56.524013586577624 7.685709054972249 -0.014456929938910592
    vertex 59.97475779277306 9.443951047724243 -3.014456929938912
    vertex 56.52401358657766 7.685709054972249 -3.014456929938911
  endloop
endfacet
facet normal -0.35836794954530654 0.9335804264971995 1.6660737109052922e-16
  outer loop
    vertex 56.52401358657766 7.685709054972249 -3.014456929938911
    vertex 52.90838658464607 6.297799884827771 -0.01445692993890891
    vertex 56.524013586577624 7.685709054972249 -0.014456929938910592
  endloop
endfacet
facet normal -0.35836794954530654 0.9335804264971995 1.6660737109052922e-16
  outer loop
    vertex 52.90838658464607 6.297799884827771 -0.01445692993890891
    vertex 56.52401358657766 7.685709054972249 -3.014456929938911
    vertex 52.9083865846461 6.297799884827771 -3.014456929938912
  endloop
endfacet
facet normal -0.258819045102518 0.9659258262890692 1.203264989165558e-16
  outer loop
    vertex 52.9083865846461 6.297799884827771 -3.014456929938912
    vertex 49.167490353030125 5.295429760597662 -0.014456929938907171
    vertex 52.90838658464607 6.297799884827771 -0.01445692993890891
  endloop
endfacet
facet normal -0.258819045102518 0.9659258262890692 1.203264989165558e-16
  outer loop
    vertex 49.167490353030125 5.295429760597662 -0.014456929938907171
    vertex 52.9083865846461 6.297799884827771 -3.014456929938912
    vertex 49.16749035303016 5.295429760597662 -3.0144569299389072
  endloop
endfacet
facet normal -0.1564344650402338 0.9876883405951372 7.272730444052068e-17
  outer loop
    vertex 49.16749035303016 5.295429760597662 -3.0144569299389072
    vertex 45.342310933676224 4.689580859122344 -0.014456929938905393
    vertex 49.167490353030125 5.295429760597662 -0.014456929938907171
  endloop
endfacet
facet normal -0.1564344650402338 0.9876883405951372 7.272730444052068e-17
  outer loop
    vertex 45.342310933676224 4.689580859122344 -0.014456929938905393
    vertex 49.16749035303016 5.295429760597662 -3.0144569299389072
    vertex 45.342310933676224 4.689580859122344 -3.014456929938906
  endloop
endfacet
facet normal -0.05233595624294171 0.9986295347545742 2.433129439786336e-17
  outer loop
    vertex 45.342310933676224 4.689580859122344 -3.014456929938906
    vertex 41.47475779277301 4.486890987748464 -0.014456929938903594
    vertex 45.342310933676224 4.689580859122344 -0.014456929938905393
  endloop
endfacet
facet normal -0.05233595624294171 0.9986295347545742 2.433129439786336e-17
  outer loop
    vertex 41.47475779277301 4.486890987748464 -0.014456929938903594
    vertex 45.342310933676224 4.689580859122344 -3.014456929938906
    vertex 41.47475779277301 4.486890987748464 -3.0144569299389037
  endloop
endfacet
facet normal 0.052335956242942926 0.9986295347545739 -2.4331294397863898e-17
  outer loop
    vertex 41.47475779277301 4.486890987748464 -3.0144569299389037
    vertex 37.607204651869885 4.689580859122344 -0.014456929938901797
    vertex 41.47475779277301 4.486890987748464 -0.014456929938903594
  endloop
endfacet
facet normal 0.052335956242942926 0.9986295347545739 -2.4331294397863898e-17
  outer loop
    vertex 37.607204651869885 4.689580859122344 -0.014456929938901797
    vertex 41.47475779277301 4.486890987748464 -3.0144569299389037
    vertex 37.607204651869885 4.689580859122344 -3.0144569299389015
  endloop
endfacet
facet normal 0.1564344650402338 0.9876883405951372 -7.272730444052066e-17
  outer loop
    vertex 37.607204651869885 4.689580859122344 -3.0144569299389015
    vertex 33.78202523251596 5.295429760597662 -0.014456929938904246
    vertex 37.607204651869885 4.689580859122344 -0.014456929938901797
  endloop
endfacet
facet normal 0.1564344650402338 0.9876883405951372 -7.272730444052066e-17
  outer loop
    vertex 33.78202523251596 5.295429760597662 -0.014456929938904246
    vertex 37.607204651869885 4.689580859122344 -3.0144569299389015
    vertex 33.78202523251596 5.295429760597662 -3.0144569299389
  endloop
endfacet
facet normal 0.25881904510251214 0.9659258262890706 -1.2032649891655303e-16
  outer loop
    vertex 33.78202523251596 5.295429760597662 -0.014456929938904246
    vertex 30.04112900089993 6.297799884827771 -3.014456929938898
    vertex 30.04112900089993 6.297799884827771 -0.014456929938898279
  endloop
endfacet
facet normal 0.25881904510251214 0.9659258262890706 -1.2032649891655303e-16
  outer loop
    vertex 30.04112900089993 6.297799884827771 -3.014456929938898
    vertex 33.78202523251596 5.295429760597662 -0.014456929938904246
    vertex 33.78202523251596 5.295429760597662 -3.0144569299389
  endloop
endfacet
facet normal 0.3583679495453092 0.9335804264971983 -1.6660737109053048e-16
  outer loop
    vertex 30.04112900089993 6.297799884827771 -3.014456929938898
    vertex 26.42550199896845 7.685709054972226 -0.014456929938896596
    vertex 30.04112900089993 6.297799884827771 -0.014456929938898279
  endloop
endfacet
facet normal 0.3583679495453092 0.9335804264971983 -1.6660737109053048e-16
  outer loop
    vertex 26.42550199896845 7.685709054972226 -0.014456929938896596
    vertex 30.04112900089993 6.297799884827771 -3.014456929938898
    vertex 26.42550199896845 7.685709054972226 -3.0144569299388966
  endloop
endfacet
facet normal 0.45399049973954403 0.8910065241883692 -2.110628580419927e-16
  outer loop
    vertex 26.42550199896845 7.685709054972226 -3.0144569299388966
    vertex 22.974757792773048 9.44395104772422 -0.014456929938894993
    vertex 26.42550199896845 7.685709054972226 -0.014456929938896596
  endloop
endfacet
facet normal 0.45399049973954403 0.8910065241883692 -2.110628580419927e-16
  outer loop
    vertex 22.974757792773048 9.44395104772422 -0.014456929938894993
    vertex 26.42550199896845 7.685709054972226 -3.0144569299388966
    vertex 22.974757792773048 9.44395104772422 -3.0144569299388952
  endloop
endfacet
facet normal 0.5446390350150256 0.8386705679454252 -2.5320589615301037e-16
  outer loop
    vertex 22.974757792773048 9.44395104772422 -3.0144569299388952
    vertex 19.726703457951526 11.553262195875396 -0.014456929938893486
    vertex 22.974757792773048 9.44395104772422 -0.014456929938894993
  endloop
endfacet
facet normal 0.5446390350150256 0.8386705679454252 -2.5320589615301037e-16
  outer loop
    vertex 19.726703457951526 11.553262195875396 -0.014456929938893486
    vertex 22.974757792773048 9.44395104772422 -3.0144569299388952
    vertex 19.726703457951526 11.553262195875396 -3.014456929938894
  endloop
endfacet
facet normal 0.6293203910498414 0.7771459614569677 -2.9257475747903727e-16
  outer loop
    vertex 19.726703457951526 11.553262195875396 -3.014456929938894
    vertex 16.716925357495313 13.990532445084861 -0.014456929938892082
    vertex 19.726703457951526 11.553262195875396 -0.014456929938893486
  endloop
endfacet
facet normal 0.6293203910498414 0.7771459614569677 -2.9257475747903727e-16
  outer loop
    vertex 16.716925357495313 13.990532445084861 -0.014456929938892082
    vertex 19.726703457951526 11.553262195875396 -3.014456929938894
    vertex 16.716925357495313 13.990532445084861 -3.0144569299388952
  endloop
endfacet
facet normal 0.7071067811865447 0.7071067811865505 -3.2873810853691406e-16
  outer loop
    vertex 16.716925357495313 13.990532445084861 -3.0144569299388952
    vertex 13.978399250109481 16.729058552470672 -0.014456929938890811
    vertex 16.716925357495313 13.990532445084861 -0.014456929938892082
  endloop
endfacet
facet normal 0.7071067811865447 0.7071067811865505 -3.2873810853691406e-16
  outer loop
    vertex 13.978399250109481 16.729058552470672 -0.014456929938890811
    vertex 16.716925357495313 13.990532445084861 -3.0144569299388952
    vertex 13.978399250109481 16.729058552470672 -3.014456929938891
  endloop
endfacet
facet normal 0.7771459614569667 0.6293203910498427 -3.6129973608479115e-16
  outer loop
    vertex 11.54112900089997 19.73883665292693 -3.0144569299388895
    vertex 13.978399250109481 16.729058552470672 -0.014456929938890811
    vertex 13.978399250109481 16.729058552470672 -3.014456929938891
  endloop
endfacet
facet normal 0.7771459614569667 0.6293203910498427 -3.6129973608479115e-16
  outer loop
    vertex 13.978399250109481 16.729058552470672 -0.014456929938890811
    vertex 11.54112900089997 19.73883665292693 -3.0144569299388895
    vertex 11.54112900089997 19.73883665292693 -0.01445692993888968
  endloop
endfacet
facet normal 0.8386705679454259 0.5446390350150242 -3.8990288811729624e-16
  outer loop
    vertex 9.431817852748816 22.986890987748428 -3.014456929938889
    vertex 11.54112900089997 19.73883665292693 -0.01445692993888968
    vertex 11.54112900089997 19.73883665292693 -3.0144569299388895
  endloop
endfacet
facet normal 0.8386705679454259 0.5446390350150242 -3.8990288811729624e-16
  outer loop
    vertex 11.54112900089997 19.73883665292693 -0.01445692993888968
    vertex 9.431817852748816 22.986890987748428 -3.014456929938889
    vertex 9.431817852748816 22.986890987748428 -0.014456929938892929
  endloop
endfacet
facet normal 0.891006524188361 0.4539904997395603 -4.142341825151565e-16
  outer loop
    vertex 7.673575859996754 26.437635193943805 -3.014456929938888
    vertex 9.431817852748816 22.986890987748428 -0.014456929938892929
    vertex 9.431817852748816 22.986890987748428 -3.014456929938889
  endloop
endfacet
facet normal 0.891006524188361 0.4539904997395603 -4.142341825151565e-16
  outer loop
    vertex 9.431817852748816 22.986890987748428 -0.014456929938892929
    vertex 7.673575859996754 26.437635193943805 -3.014456929938888
    vertex 7.673575859996754 26.437635193943805 -0.014456929938887881
  endloop
endfacet
facet normal 0.9335804264972061 0.3583679495452893 -4.340270405253144e-16
  outer loop
    vertex 6.285666689852344 30.053262195875384 -3.0144569299388877
    vertex 7.673575859996754 26.437635193943805 -0.014456929938887881
    vertex 7.673575859996754 26.437635193943805 -3.014456929938888
  endloop
endfacet
facet normal 0.9335804264972061 0.3583679495452893 -4.340270405253144e-16
  outer loop
    vertex 7.673575859996754 26.437635193943805 -0.014456929938887881
    vertex 6.285666689852344 30.053262195875384 -3.0144569299388877
    vertex 6.285666689852344 30.053262195875384 -0.014456929938891463
  endloop
endfacet
facet normal 0.9659258262890692 0.258819045102518 -4.490646074534729e-16
  outer loop
    vertex 5.283296565622234 33.794158427491325 -3.014456929938887
    vertex 6.285666689852344 30.053262195875384 -0.014456929938891463
    vertex 6.285666689852344 30.053262195875384 -3.0144569299388877
  endloop
endfacet
facet normal 0.9659258262890692 0.258819045102518 -4.490646074534729e-16
  outer loop
    vertex 6.285666689852344 30.053262195875384 -0.014456929938891463
    vertex 5.283296565622234 33.794158427491325 -3.014456929938887
    vertex 5.283296565622234 33.794158427491325 -0.014456929938886769
  endloop
endfacet
facet normal 0.9876883405951362 0.15643446504024042 -4.591821285695611e-16
  outer loop
    vertex 4.677447664146895 37.61933784684523 -3.0144569299388895
    vertex 5.283296565622234 33.794158427491325 -0.014456929938886769
    vertex 5.283296565622234 33.794158427491325 -3.014456929938887
  endloop
endfacet
facet normal 0.9876883405951362 0.15643446504024042 -4.591821285695611e-16
  outer loop
    vertex 5.283296565622234 33.794158427491325 -0.014456929938886769
    vertex 4.677447664146895 37.61933784684523 -3.0144569299388895
    vertex 4.677447664146895 37.61933784684523 -0.014456929938886488
  endloop
endfacet
facet normal 0.9986295347545742 0.05233595624294171 -4.642687541950052e-16
  outer loop
    vertex 4.474757792773015 41.48689098774844 -3.0144569299388895
    vertex 4.677447664146895 37.61933784684523 -0.014456929938886488
    vertex 4.677447664146895 37.61933784684523 -3.0144569299388895
  endloop
endfacet
facet normal 0.9986295347545742 0.05233595624294171 -4.642687541950052e-16
  outer loop
    vertex 4.677447664146895 37.61933784684523 -0.014456929938886488
    vertex 4.474757792773015 41.48689098774844 -3.0144569299388895
    vertex 4.474757792773015 41.48689098774844 -0.014456929938886394
  endloop
endfacet
facet normal 0.9986295347545742 -0.05233595624294233 -4.642687541950052e-16
  outer loop
    vertex 4.677447664146895 45.35444412865161 -3.0144569299388895
    vertex 4.474757792773015 41.48689098774844 -0.014456929938886394
    vertex 4.474757792773015 41.48689098774844 -3.0144569299388895
  endloop
endfacet
facet normal 0.9986295347545742 -0.05233595624294233 -4.642687541950052e-16
  outer loop
    vertex 4.474757792773015 41.48689098774844 -0.014456929938886394
    vertex 4.677447664146895 45.35444412865161 -3.0144569299388895
    vertex 4.677447664146895 45.35444412865161 -0.014456929938886488
  endloop
endfacet
facet normal 0.9876883405951364 -0.15643446504023953 -4.591821285695612e-16
  outer loop
    vertex 5.283296565622234 49.17962354800553 -3.014456929938887
    vertex 4.677447664146895 45.35444412865161 -0.014456929938886488
    vertex 4.677447664146895 45.35444412865161 -3.0144569299388895
  endloop
endfacet
facet normal 0.9876883405951364 -0.15643446504023953 -4.591821285695612e-16
  outer loop
    vertex 4.677447664146895 45.35444412865161 -0.014456929938886488
    vertex 5.283296565622234 49.17962354800553 -3.014456929938887
    vertex 5.283296565622234 49.17962354800553 -0.014456929938886769
  endloop
endfacet
facet normal 0.9659258262890694 -0.2588190451025165 -4.49064607453473e-16
  outer loop
    vertex 6.285666689852344 52.9205197796215 -3.0144569299388877
    vertex 5.283296565622234 49.17962354800553 -0.014456929938886769
    vertex 5.283296565622234 49.17962354800553 -3.014456929938887
  endloop
endfacet
facet normal 0.9659258262890694 -0.2588190451025165 -4.49064607453473e-16
  outer loop
    vertex 5.283296565622234 49.17962354800553 -0.014456929938886769
    vertex 6.285666689852344 52.9205197796215 -3.0144569299388877
    vertex 6.285666689852344 52.9205197796215 -0.014456929938891463
  endloop
endfacet
facet normal 0.9335804264972046 -0.3583679495452932 -4.3402704052531373e-16
  outer loop
    vertex 7.673575859996754 56.536146781553036 -3.014456929938888
    vertex 6.285666689852344 52.9205197796215 -0.014456929938891463
    vertex 6.285666689852344 52.9205197796215 -3.0144569299388877
  endloop
endfacet
facet normal 0.9335804264972046 -0.3583679495452932 -4.3402704052531373e-16
  outer loop
    vertex 6.285666689852344 52.9205197796215 -0.014456929938891463
    vertex 7.673575859996754 56.536146781553036 -3.014456929938888
    vertex 7.673575859996754 56.536146781553036 -0.014456929938887881
  endloop
endfacet
facet normal 0.8910065241883623 -0.45399049973955796 -4.1423418251515714e-16
  outer loop
    vertex 9.431817852748816 59.98689098774843 -3.014456929938889
    vertex 7.673575859996754 56.536146781553036 -0.014456929938887881
    vertex 7.673575859996754 56.536146781553036 -3.014456929938888
  endloop
endfacet
facet normal 0.8910065241883623 -0.45399049973955796 -4.1423418251515714e-16
  outer loop
    vertex 7.673575859996754 56.536146781553036 -0.014456929938887881
    vertex 9.431817852748816 59.98689098774843 -3.014456929938889
    vertex 9.431817852748816 59.98689098774843 -0.014456929938892929
  endloop
endfacet
facet normal 0.8386705679454259 -0.5446390350150242 -3.8990288811729624e-16
  outer loop
    vertex 11.54112900089997 63.234945322569935 -3.0144569299388895
    vertex 9.431817852748816 59.98689098774843 -0.014456929938892929
    vertex 9.431817852748816 59.98689098774843 -3.014456929938889
  endloop
endfacet
facet normal 0.8386705679454259 -0.5446390350150242 -3.8990288811729624e-16
  outer loop
    vertex 9.431817852748816 59.98689098774843 -0.014456929938892929
    vertex 11.54112900089997 63.234945322569935 -3.0144569299388895
    vertex 11.54112900089997 63.234945322569935 -0.01445692993888968
  endloop
endfacet
facet normal 4.649058915617843e-16 -1.3553804903543953e-32 1.0
  outer loop
    vertex 78.27206792139913 45.354444128651636 -3.0144569299389206
    vertex 78.27206792139913 37.61933784684527 -3.0144569299389206
    vertex 78.474757792773 41.48689098774844 -3.0144569299389206
  endloop
endfacet
facet normal 4.649058915617843e-16 -1.3553804903543953e-32 1.0
  outer loop
    vertex 78.27206792139913 37.61933784684527 -3.0144569299389206
    vertex 78.27206792139913 45.354444128651636 -3.0144569299389206
    vertex 77.66621901992379 49.17962354800555 -3.0144569299389237
  endloop
endfacet
facet normal 4.649058915617843e-16 -1.3553804903543953e-32 1.0
  outer loop
    vertex 78.27206792139913 37.61933784684527 -3.0144569299389206
    vertex 77.66621901992379 49.17962354800555 -3.0144569299389237
    vertex 77.66621901992379 33.79415842749137 -3.0144569299389237
  endloop
endfacet
facet normal 4.649058915617843e-16 -1.3553804903543953e-32 1.0
  outer loop
    vertex 77.66621901992379 33.79415842749137 -3.0144569299389237
    vertex 77.66621901992379 49.17962354800555 -3.0144569299389237
    vertex 76.66384889569368 52.9205197796215 -3.01445692993892
  endloop
endfacet
facet normal 4.649058915617843e-16 -1.3553804903543953e-32 1.0
  outer loop
    vertex 77.66621901992379 33.79415842749137 -3.0144569299389237
    vertex 76.66384889569368 52.9205197796215 -3.01445692993892
    vertex 76.66384889569368 30.053262195875405 -3.01445692993892
  endloop
endfacet
facet normal 4.649058915617843e-16 -1.3553804903543953e-32 1.0
  outer loop
    vertex 76.66384889569368 30.053262195875405 -3.01445692993892
    vertex 76.66384889569368 52.9205197796215 -3.01445692993892
    vertex 76.474757792773 41.48689098774844 -3.01445692993892
  endloop
endfacet
facet normal 4.649058915617843e-16 -1.3553804903543953e-32 1.0
  outer loop
    vertex 76.474757792773 41.48689098774844 -3.01445692993892
    vertex 76.66384889569368 52.9205197796215 -3.01445692993892
    vertex 76.28302413066253 45.14538720211631 -3.01445692993892
  endloop
endfacet
facet normal 4.649058915617843e-16 -1.3553804903543953e-32 1.0
  outer loop
    vertex 76.28302413066253 45.14538720211631 -3.01445692993892
    vertex 76.66384889569368 52.9205197796215 -3.01445692993892
    vertex 75.27593972554926 56.53614678155306 -3.0144569299389192
  endloop
endfacet
facet normal 4.649058915617843e-16 -1.3553804903543953e-32 1.0
  outer loop
    vertex 76.28302413066253 45.14538720211631 -3.01445692993892
    vertex 75.27593972554926 56.53614678155306 -3.0144569299389192
    vertex 75.70992381845625 48.763800166370025 -3.01445692993892
  endloop
endfacet
facet normal 4.649058915617843e-16 -1.3553804903543953e-32 1.0
  outer loop
    vertex 75.70992381845625 48.763800166370025 -3.01445692993892
    vertex 75.27593972554926 56.53614678155306 -3.0144569299389192
    vertex 74.76173586310337 52.30248579087159 -3.0144569299389192
  endloop
endfacet
facet normal 4.649058915617843e-16 -1.3553804903543953e-32 1.0
  outer loop
    vertex 74.76173586310337 52.30248579087159 -3.0144569299389192
    vertex 75.27593972554926 56.53614678155306 -3.0144569299389192
    vertex 73.5176977327972 59.98689098774846 -3.0144569299389183
  endloop
endfacet
facet normal 4.649058915617843e-16 -1.3553804903543953e-32 1.0
  outer loop
    vertex 74.76173586310337 52.30248579087159 -3.0144569299389192
    vertex 73.5176977327972 59.98689098774846 -3.0144569299389183
    vertex 73.44884881026405 55.72267349540146 -3.0144569299389183
  endloop
endfacet
facet normal 4.649058915617843e-16 -1.3553804903543953e-32 1.0
  outer loop
    vertex 73.44884881026405 55.72267349540146 -3.0144569299389183
    vertex 73.5176977327972 59.98689098774846 -3.0144569299389183
    vertex 71.40838658464605 63.234945322569935 -3.014456929938918
  endloop
endfacet
facet normal 4.649058915617843e-16 -1.3553804903543953e-32 1.0
  outer loop
    vertex 73.44884881026405 55.72267349540146 -3.0144569299389183
    vertex 71.40838658464605 63.234945322569935 -3.014456929938918
    vertex 71.78564692522833 58.98689098774846 -3.014456929938918
  endloop
endfacet
facet normal 4.649058915617843e-16 -1.3553804903543953e-32 1.0
  outer loop
    vertex 71.78564692522833 58.98689098774846 -3.014456929938918
    vertex 71.40838658464605 63.234945322569935 -3.014456929938918
    vertex 69.7903525958962 62.059374817985 -3.014456929938917
  endloop
endfacet
facet normal 4.649058915617843e-16 -1.3553804903543953e-32 1.0
  outer loop
    vertex 69.7903525958962 62.059374817985 -3.014456929938917
    vertex 71.40838658464605 63.234945322569935 -3.014456929938918
    vertex 68.97111633543662 66.24472342302619 -3.0144569299389166
  endloop
endfacet
facet normal 4.649058915617843e-16 -1.3553804903543953e-32 1.0
  outer loop
    vertex 69.7903525958962 62.059374817985 -3.014456929938917
    vertex 68.97111633543662 66.24472342302619 -3.0144569299389166
    vertex 67.48482668448179 64.90646221030846 -3.0144569299389157
  endloop
endfacet
facet normal 4.649058915617843e-16 -1.3553804903543953e-32 1.0
  outer loop
    vertex 67.48482668448179 64.90646221030846 -3.0144569299389157
    vertex 68.97111633543662 66.24472342302619 -3.0144569299389166
    vertex 66.2325902280508 68.98324953041202 -3.014456929938915
  endloop
endfacet
facet normal 4.649058915617843e-16 -1.3553804903543953e-32 1.0
  outer loop
    vertex 67.48482668448179 64.90646221030846 -3.0144569299389157
    vertex 66.2325902280508 68.98324953041202 -3.014456929938915
    vertex 64.89432901533307 67.49695987945724 -3.0144569299389143
  endloop
endfacet
facet normal 4.649058915617843e-16 -1.3553804903543953e-32 1.0
  outer loop
    vertex 64.89432901533307 67.49695987945724 -3.0144569299389143
    vertex 66.2325902280508 68.98324953041202 -3.014456929938915
    vertex 63.22281212759449 71.42051977962149 -3.0144569299389135
  endloop
endfacet
facet normal 4.649058915617843e-16 -1.3553804903543953e-32 1.0
  outer loop
    vertex 64.89432901533307 67.49695987945724 -3.0144569299389143
    vertex 63.22281212759449 71.42051977962149 -3.0144569299389135
    vertex 62.04724162300953 69.80248579087159 -3.0144569299389135
  endloop
endfacet
facet normal 4.649058915617843e-16 -1.3553804903543953e-32 1.0
  outer loop
    vertex 62.04724162300953 69.80248579087159 -3.0144569299389135
    vertex 63.22281212759449 71.42051977962149 -3.0144569299389135
    vertex 59.97475779277297 73.52983092777265 -3.014456929938912
  endloop
endfacet
facet normal 4.649058915617843e-16 -1.3553804903543953e-32 1.0
  outer loop
    vertex 62.04724162300953 69.80248579087159 -3.0144569299389135
    vertex 59.97475779277297 73.52983092777265 -3.014456929938912
    vertex 58.97475779277302 71.79778012020378 -3.014456929938912
  endloop
endfacet
facet normal 4.649058915617843e-16 -1.3553804903543953e-32 1.0
  outer loop
    vertex 58.97475779277302 71.79778012020378 -3.014456929938912
    vertex 59.97475779277297 73.52983092777265 -3.014456929938912
    vertex 56.52401358657766 75.28807292052466 -3.014456929938911
  endloop
endfacet
facet normal 4.649058915617843e-16 -1.3553804903543953e-32 1.0
  outer loop
    vertex 58.97475779277302 71.79778012020378 -3.014456929938912
    vertex 56.52401358657766 75.28807292052466 -3.014456929938911
    vertex 55.71054030042602 73.46098200523946 -3.01445692993891
  endloop
endfacet
facet normal 4.649058915617843e-16 -1.3553804903543953e-32 1.0
  outer loop
    vertex 55.71054030042602 73.46098200523946 -3.01445692993891
    vertex 56.52401358657766 75.28807292052466 -3.014456929938911
    vertex 52.9083865846461 76.67598209066911 -3.014456929938912
  endloop
endfacet
facet normal 4.649058915617843e-16 -1.3553804903543953e-32 1.0
  outer loop
    vertex 55.71054030042602 73.46098200523946 -3.01445692993891
    vertex 52.9083865846461 76.67598209066911 -3.014456929938912
    vertex 52.290352595896195 74.77386905807882 -3.0144569299389086
  endloop
endfacet
facet normal 4.649058915617843e-16 -1.3553804903543953e-32 1.0
  outer loop
    vertex 52.290352595896195 74.77386905807882 -3.0144569299389086
    vertex 52.9083865846461 76.67598209066911 -3.014456929938912
    vertex 49.167490353030075 77.67835221489922 -3.0144569299389072
  endloop
endfacet
facet normal 4.649058915617843e-16 -1.3553804903543953e-32 1.0
  outer loop
    vertex 52.290352595896195 74.77386905807882 -3.0144569299389086
    vertex 49.167490353030075 77.67835221489922 -3.0144569299389072
    vertex 48.75166697139461 75.72205701343164 -3.0144569299389072
  endloop
endfacet
facet normal 4.649058915617843e-16 -1.3553804903543953e-32 1.0
  outer loop
    vertex 48.75166697139461 75.72205701343164 -3.0144569299389072
    vertex 49.167490353030075 77.67835221489922 -3.0144569299389072
    vertex 45.342310933676224 78.28420111637455 -3.014456929938906
  endloop
endfacet
facet normal 4.649058915617843e-16 -1.3553804903543953e-32 1.0
  outer loop
    vertex 48.75166697139461 75.72205701343164 -3.0144569299389072
    vertex 45.342310933676224 78.28420111637455 -3.014456929938906
    vertex 45.13325400714088 76.29515732563799 -3.014456929938905
  endloop
endfacet
facet normal 4.649058915617843e-16 -1.3553804903543953e-32 1.0
  outer loop
    vertex 45.13325400714088 76.29515732563799 -3.014456929938905
    vertex 45.342310933676224 78.28420111637455 -3.014456929938906
    vertex 41.47475779277301 78.48689098774842 -3.0144569299389037
  endloop
endfacet
facet normal 4.649058915617843e-16 -1.3553804903543953e-32 1.0
  outer loop
    vertex 45.13325400714088 76.29515732563799 -3.014456929938905
    vertex 41.47475779277301 78.48689098774842 -3.0144569299389037
    vertex 41.47475779277301 76.48689098774842 -3.0144569299389037
  endloop
endfacet
facet normal 4.649058915617843e-16 -1.3553804903543953e-32 1.0
  outer loop
    vertex 41.47475779277301 76.48689098774842 -3.0144569299389037
    vertex 41.47475779277301 78.48689098774842 -3.0144569299389037
    vertex 37.60720465186979 78.28420111637455 -3.0144569299389015
  endloop
endfacet
facet normal 4.649058915617843e-16 -1.3553804903543953e-32 1.0
  outer loop
    vertex 41.47475779277301 76.48689098774842 -3.0144569299389037
    vertex 37.60720465186979 78.28420111637455 -3.0144569299389015
    vertex 37.81626157840514 76.29515732563799 -3.0144569299389024
  endloop
endfacet
facet normal 4.649058915617843e-16 -1.3553804903543953e-32 1.0
  outer loop
    vertex 37.81626157840514 76.29515732563799 -3.0144569299389024
    vertex 37.60720465186979 78.28420111637455 -3.0144569299389015
    vertex 34.197848614151425 75.72205701343162 -3.0144569299389
  endloop
endfacet
facet normal 4.649058915617843e-16 -1.3553804903543953e-32 1.0
  outer loop
    vertex 34.197848614151425 75.72205701343162 -3.0144569299389
    vertex 37.60720465186979 78.28420111637455 -3.0144569299389015
    vertex 33.78202523251587 77.67835221489922 -3.0144569299389
  endloop
endfacet
facet normal 4.649058915617843e-16 -1.3553804903543953e-32 1.0
  outer loop
    vertex 34.197848614151425 75.72205701343162 -3.0144569299389
    vertex 33.78202523251587 77.67835221489922 -3.0144569299389
    vertex 30.659162989649836 74.7738690580788 -3.014456929938899
  endloop
endfacet
facet normal 4.649058915617843e-16 -1.3553804903543953e-32 1.0
  outer loop
    vertex 30.659162989649836 74.7738690580788 -3.014456929938899
    vertex 33.78202523251587 77.67835221489922 -3.0144569299389
    vertex 30.04112900089993 76.67598209066911 -3.014456929938898
  endloop
endfacet
facet normal 4.649058915617843e-16 -1.3553804903543953e-32 1.0
  outer loop
    vertex 30.659162989649836 74.7738690580788 -3.014456929938899
    vertex 30.04112900089993 76.67598209066911 -3.014456929938898
    vertex 27.238975285120002 73.46098200523946 -3.0144569299388975
  endloop
endfacet
facet normal 4.649058915617843e-16 -1.3553804903543953e-32 1.0
  outer loop
    vertex 27.238975285120002 73.46098200523946 -3.0144569299388975
    vertex 30.04112900089993 76.67598209066911 -3.014456929938898
    vertex 26.425501998968357 75.28807292052466 -3.0144569299388966
  endloop
endfacet
facet normal 4.649058915617843e-16 -1.3553804903543953e-32 1.0
  outer loop
    vertex 27.238975285120002 73.46098200523946 -3.0144569299388975
    vertex 26.425501998968357 75.28807292052466 -3.0144569299388966
    vertex 23.974757792773 71.79778012020378 -3.0144569299388952
  endloop
endfacet
facet normal 4.649058915617843e-16 -1.3553804903543953e-32 1.0
  outer loop
    vertex 23.974757792773 71.79778012020378 -3.0144569299388952
    vertex 26.425501998968357 75.28807292052466 -3.0144569299388966
    vertex 22.97475779277296 73.52983092777265 -3.0144569299388952
  endloop
endfacet
facet normal 4.649058915617843e-16 -1.3553804903543953e-32 1.0
  outer loop
    vertex 23.974757792773 71.79778012020378 -3.0144569299388952
    vertex 22.97475779277296 73.52983092777265 -3.0144569299388952
    vertex 20.90227396253648 69.80248579087159 -3.014456929938894
  endloop
endfacet
facet normal 4.649058915617843e-16 -1.3553804903543953e-32 1.0
  outer loop
    vertex 20.90227396253648 69.80248579087159 -3.014456929938894
    vertex 22.97475779277296 73.52983092777265 -3.0144569299388952
    vertex 19.726703457951526 71.42051977962149 -3.014456929938894
  endloop
endfacet
facet normal 4.649058915617843e-16 -1.3553804903543953e-32 1.0
  outer loop
    vertex 20.90227396253648 69.80248579087159 -3.014456929938894
    vertex 19.726703457951526 71.42051977962149 -3.014456929938894
    vertex 18.055186570212946 67.49695987945724 -3.014456929938893
  endloop
endfacet
facet normal 4.649058915617843e-16 -1.3553804903543953e-32 1.0
  outer loop
    vertex 18.055186570212946 67.49695987945724 -3.014456929938893
    vertex 19.726703457951526 71.42051977962149 -3.014456929938894
    vertex 16.71692535749522 68.98324953041202 -3.0144569299388952
  endloop
endfacet
facet normal 4.649058915617843e-16 -1.3553804903543953e-32 1.0
  outer loop
    vertex 18.055186570212946 67.49695987945724 -3.014456929938893
    vertex 16.71692535749522 68.98324953041202 -3.0144569299388952
    vertex 15.464688901064227 64.90646221030846 -3.0144569299388917
  endloop
endfacet
facet normal 4.649058915617843e-16 -1.3553804903543953e-32 1.0
  outer loop
    vertex 15.464688901064227 64.90646221030846 -3.0144569299388917
    vertex 16.71692535749522 68.98324953041202 -3.0144569299388952
    vertex 13.97839925010939 66.24472342302619 -3.014456929938891
  endloop
endfacet
facet normal 4.649058915617843e-16 -1.3553804903543953e-32 1.0
  outer loop
    vertex 15.464688901064227 64.90646221030846 -3.0144569299388917
    vertex 13.97839925010939 66.24472342302619 -3.014456929938891
    vertex 13.159162989649829 62.059374817985 -3.0144569299388904
  endloop
endfacet
facet normal 4.649058915617843e-16 -1.3553804903543953e-32 1.0
  outer loop
    vertex 13.159162989649829 62.059374817985 -3.0144569299388904
    vertex 13.97839925010939 66.24472342302619 -3.014456929938891
    vertex 11.54112900089997 63.234945322569935 -3.0144569299388895
  endloop
endfacet
facet normal 4.649058915617843e-16 -1.3553804903543953e-32 1.0
  outer loop
    vertex 13.159162989649829 62.059374817985 -3.0144569299388904
    vertex 11.54112900089997 63.234945322569935 -3.0144569299388895
    vertex 11.163868660317682 58.98689098774844 -3.0144569299388895
  endloop
endfacet
facet normal 4.649058915617843e-16 -1.3553804903543953e-32 1.0
  outer loop
    vertex 11.163868660317682 58.98689098774844 -3.0144569299388895
    vertex 11.54112900089997 63.234945322569935 -3.0144569299388895
    vertex 9.431817852748816 59.98689098774843 -3.014456929938889
  endloop
endfacet
facet normal 4.649058915617843e-16 -1.3553804903543953e-32 1.0
  outer loop
    vertex 11.163868660317682 58.98689098774844 -3.0144569299388895
    vertex 9.431817852748816 59.98689098774843 -3.014456929938889
    vertex 9.50066677528196 55.72267349540144 -3.014456929938889
  endloop
endfacet
facet normal 4.649058915617843e-16 -1.3553804903543953e-32 1.0
  outer loop
    vertex 9.50066677528196 55.72267349540144 -3.014456929938889
    vertex 9.431817852748816 59.98689098774843 -3.014456929938889
    vertex 8.187779722442642 52.30248579087159 -3.014456929938888
  endloop
endfacet
facet normal 4.649058915617843e-16 -1.3553804903543953e-32 1.0
  outer loop
    vertex 8.187779722442642 52.30248579087159 -3.014456929938888
    vertex 9.431817852748816 59.98689098774843 -3.014456929938889
    vertex 7.673575859996754 56.536146781553036 -3.014456929938888
  endloop
endfacet
facet normal 4.649058915617843e-16 -1.3553804903543953e-32 1.0
  outer loop
    vertex 8.187779722442642 52.30248579087159 -3.014456929938888
    vertex 7.673575859996754 56.536146781553036 -3.014456929938888
    vertex 7.239591767089775 48.763800166370004 -3.0144569299388877
  endloop
endfacet
facet normal 4.649058915617843e-16 -1.3553804903543953e-32 1.0
  outer loop
    vertex 7.239591767089775 48.763800166370004 -3.0144569299388877
    vertex 7.673575859996754 56.536146781553036 -3.014456929938888
    vertex 6.285666689852344 52.9205197796215 -3.0144569299388877
  endloop
endfacet
facet normal 4.649058915617843e-16 -1.3553804903543953e-32 1.0
  outer loop
    vertex 7.239591767089775 48.763800166370004 -3.0144569299388877
    vertex 6.285666689852344 52.9205197796215 -3.0144569299388877
    vertex 6.6664914548834915 45.14538720211631 -3.0144569299388877
  endloop
endfacet
facet normal 4.649058915617843e-16 -1.3553804903543953e-32 1.0
  outer loop
    vertex 6.6664914548834915 45.14538720211631 -3.0144569299388877
    vertex 6.285666689852344 52.9205197796215 -3.0144569299388877
    vertex 6.47475779277301 41.48689098774844 -3.0144569299388877
  endloop
endfacet
facet normal 4.649058915617843e-16 -1.3553804903543953e-32 1.0
  outer loop
    vertex 76.66384889569368 30.053262195875405 -3.01445692993892
    vertex 76.28302413066261 37.828394773380595 -3.01445692993892
    vertex 75.27593972554926 26.43763519394385 -3.0144569299389192
  endloop
endfacet
facet normal 4.649058915617843e-16 -1.3553804903543953e-32 1.0
  outer loop
    vertex 76.28302413066261 37.828394773380595 -3.01445692993892
    vertex 76.66384889569368 30.053262195875405 -3.01445692993892
    vertex 76.474757792773 41.48689098774844 -3.01445692993892
  endloop
endfacet
facet normal 4.649058915617843e-16 -1.3553804903543953e-32 1.0
  outer loop
    vertex 75.27593972554926 26.43763519394385 -3.0144569299389192
    vertex 76.28302413066261 37.828394773380595 -3.01445692993892
    vertex 75.70992381845625 34.20998180912688 -3.01445692993892
  endloop
endfacet
facet normal 4.649058915617843e-16 -1.3553804903543953e-32 1.0
  outer loop
    vertex 75.27593972554926 26.43763519394385 -3.0144569299389192
    vertex 75.70992381845625 34.20998180912688 -3.01445692993892
    vertex 74.76173586310337 30.67129618462529 -3.0144569299389192
  endloop
endfacet
facet normal 4.649058915617843e-16 -1.3553804903543953e-32 1.0
  outer loop
    vertex 75.27593972554926 26.43763519394385 -3.0144569299389192
    vertex 74.76173586310337 30.67129618462529 -3.0144569299389192
    vertex 73.5176977327972 22.986890987748474 -3.0144569299389183
  endloop
endfacet
facet normal 4.649058915617843e-16 -1.3553804903543953e-32 1.0
  outer loop
    vertex 73.5176977327972 22.986890987748474 -3.0144569299389183
    vertex 74.76173586310337 30.67129618462529 -3.0144569299389192
    vertex 73.44884881026405 27.25110848009545 -3.0144569299389183
  endloop
endfacet
facet normal 4.649058915617843e-16 -1.3553804903543953e-32 1.0
  outer loop
    vertex 73.5176977327972 22.986890987748474 -3.0144569299389183
    vertex 73.44884881026405 27.25110848009545 -3.0144569299389183
    vertex 71.40838658464605 19.738836652926953 -3.014456929938918
  endloop
endfacet
facet normal 4.649058915617843e-16 -1.3553804903543953e-32 1.0
  outer loop
    vertex 71.40838658464605 19.738836652926953 -3.014456929938918
    vertex 73.44884881026405 27.25110848009545 -3.0144569299389183
    vertex 71.78564692522833 23.98689098774845 -3.014456929938918
  endloop
endfacet
facet normal 4.649058915617843e-16 -1.3553804903543953e-32 1.0
  outer loop
    vertex 71.40838658464605 19.738836652926953 -3.014456929938918
    vertex 71.78564692522833 23.98689098774845 -3.014456929938918
    vertex 69.7903525958962 20.914407157511906 -3.014456929938917
  endloop
endfacet
facet normal 4.649058915617843e-16 -1.3553804903543953e-32 1.0
  outer loop
    vertex 71.40838658464605 19.738836652926953 -3.014456929938918
    vertex 69.7903525958962 20.914407157511906 -3.014456929938917
    vertex 68.97111633543662 16.729058552470715 -3.0144569299389166
  endloop
endfacet
facet normal 4.649058915617843e-16 -1.3553804903543953e-32 1.0
  outer loop
    vertex 68.97111633543662 16.729058552470715 -3.0144569299389166
    vertex 69.7903525958962 20.914407157511906 -3.014456929938917
    vertex 67.48482668448179 18.06731976518842 -3.0144569299389157
  endloop
endfacet
facet normal 4.649058915617843e-16 -1.3553804903543953e-32 1.0
  outer loop
    vertex 68.97111633543662 16.729058552470715 -3.0144569299389166
    vertex 67.48482668448179 18.06731976518842 -3.0144569299389157
    vertex 66.2325902280508 13.990532445084884 -3.014456929938915
  endloop
endfacet
facet normal 4.649058915617843e-16 -1.3553804903543953e-32 1.0
  outer loop
    vertex 66.2325902280508 13.990532445084884 -3.014456929938915
    vertex 67.48482668448179 18.06731976518842 -3.0144569299389157
    vertex 64.89432901533307 15.476822096039653 -3.0144569299389143
  endloop
endfacet
facet normal 4.649058915617843e-16 -1.3553804903543953e-32 1.0
  outer loop
    vertex 66.2325902280508 13.990532445084884 -3.014456929938915
    vertex 64.89432901533307 15.476822096039653 -3.0144569299389143
    vertex 63.22281212759449 11.553262195875396 -3.0144569299389135
  endloop
endfacet
facet normal 4.649058915617843e-16 -1.3553804903543953e-32 1.0
  outer loop
    vertex 63.22281212759449 11.553262195875396 -3.0144569299389135
    vertex 64.89432901533307 15.476822096039653 -3.0144569299389143
    vertex 62.04724162300953 13.1712961846253 -3.0144569299389135
  endloop
endfacet
facet normal 4.649058915617843e-16 -1.3553804903543953e-32 1.0
  outer loop
    vertex 63.22281212759449 11.553262195875396 -3.0144569299389135
    vertex 62.04724162300953 13.1712961846253 -3.0144569299389135
    vertex 59.97475779277306 9.443951047724243 -3.014456929938912
  endloop
endfacet
facet normal 4.649058915617843e-16 -1.3553804903543953e-32 1.0
  outer loop
    vertex 59.97475779277306 9.443951047724243 -3.014456929938912
    vertex 62.04724162300953 13.1712961846253 -3.0144569299389135
    vertex 58.97475779277302 11.17600185529311 -3.014456929938912
  endloop
endfacet
facet normal 4.649058915617843e-16 -1.3553804903543953e-32 1.0
  outer loop
    vertex 59.97475779277306 9.443951047724243 -3.014456929938912
    vertex 58.97475779277302 11.17600185529311 -3.014456929938912
    vertex 56.52401358657766 7.685709054972249 -3.014456929938911
  endloop
endfacet
facet normal 4.649058915617843e-16 -1.3553804903543953e-32 1.0
  outer loop
    vertex 56.52401358657766 7.685709054972249 -3.014456929938911
    vertex 58.97475779277302 11.17600185529311 -3.014456929938912
    vertex 55.71054030042602 9.512799970257433 -3.01445692993891
  endloop
endfacet
facet normal 4.649058915617843e-16 -1.3553804903543953e-32 1.0
  outer loop
    vertex 56.52401358657766 7.685709054972249 -3.014456929938911
    vertex 55.71054030042602 9.512799970257433 -3.01445692993891
    vertex 52.9083865846461 6.297799884827771 -3.014456929938912
  endloop
endfacet
facet normal 4.649058915617843e-16 -1.3553804903543953e-32 1.0
  outer loop
    vertex 52.9083865846461 6.297799884827771 -3.014456929938912
    vertex 55.71054030042602 9.512799970257433 -3.01445692993891
    vertex 52.290352595896195 8.199912917418091 -3.0144569299389086
  endloop
endfacet
facet normal 4.649058915617843e-16 -1.3553804903543953e-32 1.0
  outer loop
    vertex 52.9083865846461 6.297799884827771 -3.014456929938912
    vertex 52.290352595896195 8.199912917418091 -3.0144569299389086
    vertex 49.16749035303016 5.295429760597662 -3.0144569299389072
  endloop
endfacet
facet normal 4.649058915617843e-16 -1.3553804903543953e-32 1.0
  outer loop
    vertex 49.16749035303016 5.295429760597662 -3.0144569299389072
    vertex 52.290352595896195 8.199912917418091 -3.0144569299389086
    vertex 48.75166697139461 7.2517249620652695 -3.0144569299389072
  endloop
endfacet
facet normal 4.649058915617843e-16 -1.3553804903543953e-32 1.0
  outer loop
    vertex 49.16749035303016 5.295429760597662 -3.0144569299389072
    vertex 48.75166697139461 7.2517249620652695 -3.0144569299389072
    vertex 45.342310933676224 4.689580859122344 -3.014456929938906
  endloop
endfacet
facet normal 4.649058915617843e-16 -1.3553804903543953e-32 1.0
  outer loop
    vertex 45.342310933676224 4.689580859122344 -3.014456929938906
    vertex 48.75166697139461 7.2517249620652695 -3.0144569299389072
    vertex 45.13325400714088 6.678624649858896 -3.014456929938905
  endloop
endfacet
facet normal 4.649058915617843e-16 -1.3553804903543953e-32 1.0
  outer loop
    vertex 45.342310933676224 4.689580859122344 -3.014456929938906
    vertex 45.13325400714088 6.678624649858896 -3.014456929938905
    vertex 41.47475779277301 4.486890987748464 -3.0144569299389037
  endloop
endfacet
facet normal 4.649058915617843e-16 -1.3553804903543953e-32 1.0
  outer loop
    vertex 41.47475779277301 4.486890987748464 -3.0144569299389037
    vertex 45.13325400714088 6.678624649858896 -3.014456929938905
    vertex 41.47475779277301 6.486890987748461 -3.0144569299389037
  endloop
endfacet
facet normal 4.649058915617843e-16 -1.3553804903543953e-32 1.0
  outer loop
    vertex 41.47475779277301 4.486890987748464 -3.0144569299389037
    vertex 41.47475779277301 6.486890987748461 -3.0144569299389037
    vertex 37.81626157840514 6.678624649858896 -3.0144569299389024
  endloop
endfacet
facet normal 4.649058915617843e-16 -1.3553804903543953e-32 1.0
  outer loop
    vertex 41.47475779277301 4.486890987748464 -3.0144569299389037
    vertex 37.81626157840514 6.678624649858896 -3.0144569299389024
    vertex 37.607204651869885 4.689580859122344 -3.0144569299389015
  endloop
endfacet
facet normal 4.649058915617843e-16 -1.3553804903543953e-32 1.0
  outer loop
    vertex 37.607204651869885 4.689580859122344 -3.0144569299389015
    vertex 37.81626157840514 6.678624649858896 -3.0144569299389024
    vertex 34.197848614151425 7.251724962065246 -3.0144569299389
  endloop
endfacet
facet normal 4.649058915617843e-16 -1.3553804903543953e-32 1.0
  outer loop
    vertex 37.607204651869885 4.689580859122344 -3.0144569299389015
    vertex 34.197848614151425 7.251724962065246 -3.0144569299389
    vertex 33.78202523251596 5.295429760597662 -3.0144569299389
  endloop
endfacet
facet normal 4.649058915617843e-16 -1.3553804903543953e-32 1.0
  outer loop
    vertex 33.78202523251596 5.295429760597662 -3.0144569299389
    vertex 34.197848614151425 7.251724962065246 -3.0144569299389
    vertex 30.659162989649836 8.19991291741807 -3.014456929938899
  endloop
endfacet
facet normal 4.649058915617843e-16 -1.3553804903543953e-32 1.0
  outer loop
    vertex 33.78202523251596 5.295429760597662 -3.0144569299389
    vertex 30.659162989649836 8.19991291741807 -3.014456929938899
    vertex 30.04112900089993 6.297799884827771 -3.014456929938898
  endloop
endfacet
facet normal 4.649058915617843e-16 -1.3553804903543953e-32 1.0
  outer loop
    vertex 30.04112900089993 6.297799884827771 -3.014456929938898
    vertex 30.659162989649836 8.19991291741807 -3.014456929938899
    vertex 27.238975285120002 9.512799970257433 -3.0144569299388975
  endloop
endfacet
facet normal 4.649058915617843e-16 -1.3553804903543953e-32 1.0
  outer loop
    vertex 30.04112900089993 6.297799884827771 -3.014456929938898
    vertex 27.238975285120002 9.512799970257433 -3.0144569299388975
    vertex 26.42550199896845 7.685709054972226 -3.0144569299388966
  endloop
endfacet
facet normal 4.649058915617843e-16 -1.3553804903543953e-32 1.0
  outer loop
    vertex 26.42550199896845 7.685709054972226 -3.0144569299388966
    vertex 27.238975285120002 9.512799970257433 -3.0144569299388975
    vertex 23.974757792773 11.176001855293087 -3.0144569299388952
  endloop
endfacet
facet normal 4.649058915617843e-16 -1.3553804903543953e-32 1.0
  outer loop
    vertex 26.42550199896845 7.685709054972226 -3.0144569299388966
    vertex 23.974757792773 11.176001855293087 -3.0144569299388952
    vertex 22.974757792773048 9.44395104772422 -3.0144569299388952
  endloop
endfacet
facet normal 4.649058915617843e-16 -1.3553804903543953e-32 1.0
  outer loop
    vertex 22.974757792773048 9.44395104772422 -3.0144569299388952
    vertex 23.974757792773 11.176001855293087 -3.0144569299388952
    vertex 20.90227396253648 13.1712961846253 -3.014456929938894
  endloop
endfacet
facet normal 4.649058915617843e-16 -1.3553804903543953e-32 1.0
  outer loop
    vertex 22.974757792773048 9.44395104772422 -3.0144569299388952
    vertex 20.90227396253648 13.1712961846253 -3.014456929938894
    vertex 19.726703457951526 11.553262195875396 -3.014456929938894
  endloop
endfacet
facet normal 4.649058915617843e-16 -1.3553804903543953e-32 1.0
  outer loop
    vertex 19.726703457951526 11.553262195875396 -3.014456929938894
    vertex 20.90227396253648 13.1712961846253 -3.014456929938894
    vertex 18.055186570212946 15.476822096039653 -3.014456929938893
  endloop
endfacet
facet normal 4.649058915617843e-16 -1.3553804903543953e-32 1.0
  outer loop
    vertex 19.726703457951526 11.553262195875396 -3.014456929938894
    vertex 18.055186570212946 15.476822096039653 -3.014456929938893
    vertex 16.716925357495313 13.990532445084861 -3.0144569299388952
  endloop
endfacet
facet normal 4.649058915617843e-16 -1.3553804903543953e-32 1.0
  outer loop
    vertex 16.716925357495313 13.990532445084861 -3.0144569299388952
    vertex 18.055186570212946 15.476822096039653 -3.014456929938893
    vertex 15.464688901064227 18.067319765188394 -3.0144569299388917
  endloop
endfacet
facet normal 4.649058915617843e-16 -1.3553804903543953e-32 1.0
  outer loop
    vertex 16.716925357495313 13.990532445084861 -3.0144569299388952
    vertex 15.464688901064227 18.067319765188394 -3.0144569299388917
    vertex 13.978399250109481 16.729058552470672 -3.014456929938891
  endloop
endfacet
facet normal 4.649058915617843e-16 -1.3553804903543953e-32 1.0
  outer loop
    vertex 13.978399250109481 16.729058552470672 -3.014456929938891
    vertex 15.464688901064227 18.067319765188394 -3.0144569299388917
    vertex 13.159162989649829 20.914407157511885 -3.0144569299388904
  endloop
endfacet
facet normal 4.649058915617843e-16 -1.3553804903543953e-32 1.0
  outer loop
    vertex 13.978399250109481 16.729058552470672 -3.014456929938891
    vertex 13.159162989649829 20.914407157511885 -3.0144569299388904
    vertex 11.54112900089997 19.73883665292693 -3.0144569299388895
  endloop
endfacet
facet normal 4.649058915617843e-16 -1.3553804903543953e-32 1.0
  outer loop
    vertex 11.54112900089997 19.73883665292693 -3.0144569299388895
    vertex 13.159162989649829 20.914407157511885 -3.0144569299388904
    vertex 11.163868660317682 23.986890987748428 -3.0144569299388895
  endloop
endfacet
facet normal 4.649058915617843e-16 -1.3553804903543953e-32 1.0
  outer loop
    vertex 11.54112900089997 19.73883665292693 -3.0144569299388895
    vertex 11.163868660317682 23.986890987748428 -3.0144569299388895
    vertex 9.431817852748816 22.986890987748428 -3.014456929938889
  endloop
endfacet
facet normal 4.649058915617843e-16 -1.3553804903543953e-32 1.0
  outer loop
    vertex 9.431817852748816 22.986890987748428 -3.014456929938889
    vertex 11.163868660317682 23.986890987748428 -3.0144569299388895
    vertex 9.50066677528196 27.25110848009543 -3.014456929938889
  endloop
endfacet
facet normal 4.649058915617843e-16 -1.3553804903543953e-32 1.0
  outer loop
    vertex 9.431817852748816 22.986890987748428 -3.014456929938889
    vertex 9.50066677528196 27.25110848009543 -3.014456929938889
    vertex 8.187779722442642 30.671296184625266 -3.014456929938888
  endloop
endfacet
facet normal 4.649058915617843e-16 -1.3553804903543953e-32 1.0
  outer loop
    vertex 9.431817852748816 22.986890987748428 -3.014456929938889
    vertex 8.187779722442642 30.671296184625266 -3.014456929938888
    vertex 7.673575859996754 26.437635193943805 -3.014456929938888
  endloop
endfacet
facet normal 4.649058915617843e-16 -1.3553804903543953e-32 1.0
  outer loop
    vertex 7.673575859996754 26.437635193943805 -3.014456929938888
    vertex 8.187779722442642 30.671296184625266 -3.014456929938888
    vertex 7.239591767089775 34.20998180912686 -3.0144569299388877
  endloop
endfacet
facet normal 4.649058915617843e-16 -1.3553804903543953e-32 1.0
  outer loop
    vertex 7.673575859996754 26.437635193943805 -3.014456929938888
    vertex 7.239591767089775 34.20998180912686 -3.0144569299388877
    vertex 6.285666689852344 30.053262195875384 -3.0144569299388877
  endloop
endfacet
facet normal 4.649058915617843e-16 -1.3553804903543953e-32 1.0
  outer loop
    vertex 6.285666689852344 30.053262195875384 -3.0144569299388877
    vertex 7.239591767089775 34.20998180912686 -3.0144569299388877
    vertex 6.6664914548834915 37.82839477338055 -3.0144569299388877
  endloop
endfacet
facet normal 4.649058915617843e-16 -1.3553804903543953e-32 1.0
  outer loop
    vertex 6.285666689852344 30.053262195875384 -3.0144569299388877
    vertex 6.6664914548834915 37.82839477338055 -3.0144569299388877
    vertex 6.47475779277301 41.48689098774844 -3.0144569299388877
  endloop
endfacet
facet normal 4.649058915617843e-16 -1.3553804903543953e-32 1.0
  outer loop
    vertex 6.285666689852344 30.053262195875384 -3.0144569299388877
    vertex 6.47475779277301 41.48689098774844 -3.0144569299388877
    vertex 6.285666689852344 52.9205197796215 -3.0144569299388877
  endloop
endfacet
facet normal 4.649058915617843e-16 -1.3553804903543953e-32 1.0
  outer loop
    vertex 6.285666689852344 30.053262195875384 -3.0144569299388877
    vertex 6.285666689852344 52.9205197796215 -3.0144569299388877
    vertex 5.283296565622234 49.17962354800553 -3.014456929938887
  endloop
endfacet
facet normal 4.649058915617843e-16 -1.3553804903543953e-32 1.0
  outer loop
    vertex 6.285666689852344 30.053262195875384 -3.0144569299388877
    vertex 5.283296565622234 49.17962354800553 -3.014456929938887
    vertex 5.283296565622234 33.794158427491325 -3.014456929938887
  endloop
endfacet
facet normal 4.649058915617843e-16 -1.3553804903543953e-32 1.0
  outer loop
    vertex 5.283296565622234 33.794158427491325 -3.014456929938887
    vertex 5.283296565622234 49.17962354800553 -3.014456929938887
    vertex 4.677447664146895 45.35444412865161 -3.0144569299388895
  endloop
endfacet
facet normal 4.649058915617843e-16 -1.3553804903543953e-32 1.0
  outer loop
    vertex 5.283296565622234 33.794158427491325 -3.014456929938887
    vertex 4.677447664146895 45.35444412865161 -3.0144569299388895
    vertex 4.677447664146895 37.61933784684523 -3.0144569299388895
  endloop
endfacet
facet normal 4.649058915617843e-16 -1.3553804903543953e-32 1.0
  outer loop
    vertex 4.677447664146895 37.61933784684523 -3.0144569299388895
    vertex 4.677447664146895 45.35444412865161 -3.0144569299388895
    vertex 4.474757792773015 41.48689098774844 -3.0144569299388895
  endloop
endfacet
facet normal 0.9978589232386034 0.06540312923014566 -4.63910492361125e-16
  outer loop
    vertex 63.474757792773076 80.48689098774844 -4.014456929938915
    vertex 63.62019514941827 78.26794572000757 -0.014456929938913891
    vertex 63.6201951494183 78.26794572000757 -4.014456929938915
  endloop
endfacet
facet normal 0.9978589232386034 0.06540312923014566 -4.63910492361125e-16
  outer loop
    vertex 63.62019514941827 78.26794572000757 -0.014456929938913891
    vertex 63.474757792773076 80.48689098774844 -4.014456929938915
    vertex 63.47475779277304 80.48689098774844 -0.014456929938913822
  endloop
endfacet
facet normal 0.9807852804032324 0.19509032201611823 -4.559728552165394e-16
  outer loop
    vertex 63.6201951494183 78.26794572000757 -4.014456929938915
    vertex 64.05401874585887 76.0869672210056 -0.014456929938918322
    vertex 64.0540187458589 76.0869672210056 -4.014456929938915
  endloop
endfacet
facet normal 0.9807852804032324 0.19509032201611823 -4.559728552165394e-16
  outer loop
    vertex 64.05401874585887 76.0869672210056 -0.014456929938918322
    vertex 63.6201951494183 78.26794572000757 -4.014456929938915
    vertex 63.62019514941827 78.26794572000757 -0.014456929938913891
  endloop
endfacet
facet normal 0.9469301294951046 0.3214394653031648 -4.402333960996375e-16
  outer loop
    vertex 64.0540187458589 76.0869672210056 -4.014456929938915
    vertex 64.76880574008116 73.98127263754192 -0.014456929938914426
    vertex 64.76880574008119 73.98127263754192 -4.014456929938916
  endloop
endfacet
facet normal 0.9469301294951046 0.3214394653031648 -4.402333960996375e-16
  outer loop
    vertex 64.76880574008116 73.98127263754192 -0.014456929938914426
    vertex 64.0540187458589 76.0869672210056 -4.014456929938915
    vertex 64.05401874585887 76.0869672210056 -0.014456929938918322
  endloop
endfacet
facet normal 0.8968727415326776 0.44228869021902345 -4.169614215197112e-16
  outer loop
    vertex 64.76880574008119 73.98127263754192 -4.014456929938916
    vertex 65.75232592843764 71.98689098774844 -0.014456929938914882
    vertex 65.75232592843767 71.98689098774844 -4.0144569299389135
  endloop
endfacet
facet normal 0.8968727415326776 0.44228869021902345 -4.169614215197112e-16
  outer loop
    vertex 65.75232592843764 71.98689098774844 -0.014456929938914882
    vertex 64.76880574008119 73.98127263754192 -4.014456929938916
    vertex 64.76880574008116 73.98127263754192 -0.014456929938914426
  endloop
endfacet
facet normal 0.8314696123025556 0.5555702330195871 -3.8655512141405073e-16
  outer loop
    vertex 65.75232592843767 71.98689098774844 -4.0144569299389135
    vertex 66.98775100782206 70.13794669460019 -0.014456929938919685
    vertex 66.98775100782208 70.13794669460019 -4.0144569299389135
  endloop
endfacet
facet normal 0.8314696123025556 0.5555702330195871 -3.8655512141405073e-16
  outer loop
    vertex 66.98775100782206 70.13794669460019 -0.014456929938919685
    vertex 65.75232592843767 71.98689098774844 -4.0144569299389135
    vertex 65.75232592843764 71.98689098774844 -0.014456929938914882
  endloop
endfacet
facet normal 0.7518398074789682 0.6593458151000795 -3.4953475600764996e-16
  outer loop
    vertex 66.98775100782208 70.13794669460019 -4.0144569299389135
    vertex 68.45394251260176 68.46607570757715 -0.014456929938916138
    vertex 68.4539425126018 68.46607570757715 -4.014456929938914
  endloop
endfacet
facet normal 0.7518398074789682 0.6593458151000795 -3.4953475600764996e-16
  outer loop
    vertex 68.45394251260176 68.46607570757715 -0.014456929938916138
    vertex 66.98775100782208 70.13794669460019 -4.0144569299389135
    vertex 66.98775100782206 70.13794669460019 -0.014456929938919685
  endloop
endfacet
facet normal 0.6593458151000694 0.751839807478977 -3.0653375401662916e-16
  outer loop
    vertex 70.12581349962484 66.99988420279743 -0.014456929938921144
    vertex 68.4539425126018 68.46607570757715 -4.014456929938914
    vertex 68.45394251260176 68.46607570757715 -0.014456929938916138
  endloop
endfacet
facet normal 0.6593458151000694 0.751839807478977 -3.0653375401662916e-16
  outer loop
    vertex 68.4539425126018 68.46607570757715 -4.014456929938914
    vertex 70.12581349962484 66.99988420279743 -0.014456929938921144
    vertex 70.12581349962488 66.99988420279743 -4.014456929938918
  endloop
endfacet
facet normal 0.5555702330196011 0.8314696123025461 -2.582878745071659e-16
  outer loop
    vertex 71.97475779277313 65.76445912341298 -4.0144569299389135
    vertex 70.12581349962484 66.99988420279743 -0.014456929938921144
    vertex 71.97475779277309 65.76445912341298 -0.014456929938917774
  endloop
endfacet
facet normal 0.5555702330196011 0.8314696123025461 -2.582878745071659e-16
  outer loop
    vertex 70.12581349962484 66.99988420279743 -0.014456929938921144
    vertex 71.97475779277313 65.76445912341298 -4.0144569299389135
    vertex 70.12581349962488 66.99988420279743 -4.014456929938918
  endloop
endfacet
facet normal 0.44228869021899886 0.8968727415326895 -2.056226178539575e-16
  outer loop
    vertex 73.9691394425666 64.78093893505657 -4.014456929938921
    vertex 71.97475779277309 65.76445912341298 -0.014456929938917774
    vertex 73.96913944256657 64.78093893505657 -0.014456929938918702
  endloop
endfacet
facet normal 0.44228869021899886 0.8968727415326895 -2.056226178539575e-16
  outer loop
    vertex 71.97475779277309 65.76445912341298 -0.014456929938917774
    vertex 73.9691394425666 64.78093893505657 -4.014456929938921
    vertex 71.97475779277313 65.76445912341298 -4.0144569299389135
  endloop
endfacet
facet normal 0.3214394653031557 0.9469301294951077 -1.4943910119990682e-16
  outer loop
    vertex 76.07483402603025 64.0661519408343 -0.01445692993892391
    vertex 73.9691394425666 64.78093893505657 -4.014456929938921
    vertex 73.96913944256657 64.78093893505657 -0.014456929938918702
  endloop
endfacet
facet normal 0.3214394653031557 0.9469301294951077 -1.4943910119990682e-16
  outer loop
    vertex 73.9691394425666 64.78093893505657 -4.014456929938921
    vertex 76.07483402603025 64.0661519408343 -0.01445692993892391
    vertex 76.07483402603029 64.0661519408343 -4.014456929938921
  endloop
endfacet
facet normal 0.19509032201613388 0.9807852804032295 -9.069864009198632e-17
  outer loop
    vertex 78.2558125250322 63.63232834439368 -4.01445692993892
    vertex 76.07483402603025 64.0661519408343 -0.01445692993892391
    vertex 78.25581252503217 63.63232834439368 -0.014456929938920693
  endloop
endfacet
facet normal 0.19509032201613388 0.9807852804032295 -9.069864009198632e-17
  outer loop
    vertex 76.07483402603025 64.0661519408343 -0.01445692993892391
    vertex 78.2558125250322 63.63232834439368 -4.01445692993892
    vertex 76.07483402603029 64.0661519408343 -4.014456929938921
  endloop
endfacet
facet normal 0.06540312923014499 0.9978589232386034 -3.040630010567115e-17
  outer loop
    vertex 80.47475779277309 63.48689098774845 -4.014456929938921
    vertex 78.25581252503217 63.63232834439368 -0.014456929938920693
    vertex 80.47475779277306 63.48689098774845 -0.014456929938921725
  endloop
endfacet
facet normal 0.06540312923014499 0.9978589232386034 -3.040630010567115e-17
  outer loop
    vertex 78.25581252503217 63.63232834439368 -0.014456929938920693
    vertex 80.47475779277309 63.48689098774845 -4.014456929938921
    vertex 78.2558125250322 63.63232834439368 -4.01445692993892
  endloop
endfacet
facet normal 0.7071067811865482 -0.7071067811865469 -3.287381085369172e-16
  outer loop
    vertex 80.47475779277309 14.486890987748444 -4.014456929938921
    vertex 68.47475779277308 2.486890987748445 -0.014456929938914736
    vertex 68.4747577927731 2.486890987748445 -4.014456929938914
  endloop
endfacet
facet normal 0.7071067811865482 -0.7071067811865469 -3.287381085369172e-16
  outer loop
    vertex 68.47475779277308 2.486890987748445 -0.014456929938914736
    vertex 80.47475779277309 14.486890987748444 -4.014456929938921
    vertex 80.47475779277306 14.486890987748444 -0.014456929938918906
  endloop
endfacet
facet normal 4.4163817976881854e-16 2.1942284142475184e-17 1.0
  outer loop
    vertex 71.40838658464601 19.738836652926953 -0.01445692993891751
    vertex 72.27475779277304 12.486890987748446 -0.014456929938915095
    vertex 73.51769773279717 22.986890987748474 -0.014456929938918494
  endloop
endfacet
facet normal 4.4163817976881854e-16 2.1942284142475184e-17 1.0
  outer loop
    vertex 72.27475779277304 12.486890987748446 -0.014456929938915095
    vertex 71.40838658464601 19.738836652926953 -0.01445692993891751
    vertex 72.21342428009338 12.95276526893298 -0.014456929938915064
  endloop
endfacet
facet normal 4.4163817976881854e-16 2.1942284142475184e-17 1.0
  outer loop
    vertex 72.21342428009338 12.95276526893298 -0.014456929938915064
    vertex 71.40838658464601 19.738836652926953 -0.01445692993891751
    vertex 72.03360351958504 13.386890987748446 -0.014456929938914983
  endloop
endfacet
facet normal 4.4163817976881854e-16 2.1942284142475184e-17 1.0
  outer loop
    vertex 72.03360351958504 13.386890987748446 -0.014456929938914983
    vertex 71.40838658464601 19.738836652926953 -0.01445692993891751
    vertex 71.74754999890884 13.759683193884227 -0.014456929938914849
  endloop
endfacet
facet normal 4.4163817976881854e-16 2.1942284142475184e-17 1.0
  outer loop
    vertex 71.74754999890884 13.759683193884227 -0.014456929938914849
    vertex 71.40838658464601 19.738836652926953 -0.01445692993891751
    vertex 71.37475779277305 14.045736714560432 -0.014456929938914675
  endloop
endfacet
facet normal 4.4163817976881854e-16 2.1942284142475184e-17 1.0
  outer loop
    vertex 71.37475779277305 14.045736714560432 -0.014456929938914675
    vertex 71.40838658464601 19.738836652926953 -0.01445692993891751
    vertex 68.97111633543659 16.729058552470715 -0.014456929938916377
  endloop
endfacet
facet normal 4.4163817976881854e-16 2.1942284142475184e-17 1.0
  outer loop
    vertex 71.37475779277305 14.045736714560432 -0.014456929938914675
    vertex 68.97111633543659 16.729058552470715 -0.014456929938916377
    vertex 70.94063207395759 14.225557475068765 -0.014456929938914473
  endloop
endfacet
facet normal 4.4163817976881854e-16 2.1942284142475184e-17 1.0
  outer loop
    vertex 70.94063207395759 14.225557475068765 -0.014456929938914473
    vertex 68.97111633543659 16.729058552470715 -0.014456929938916377
    vertex 70.47475779277305 14.286890987748441 -0.014456929938914257
  endloop
endfacet
facet normal 4.4163817976881854e-16 2.1942284142475184e-17 1.0
  outer loop
    vertex 70.47475779277305 14.286890987748441 -0.014456929938914257
    vertex 68.97111633543659 16.729058552470715 -0.014456929938916377
    vertex 70.00888351158851 14.225557475068765 -0.01445692993891545
  endloop
endfacet
facet normal 4.4163817976881854e-16 2.1942284142475184e-17 1.0
  outer loop
    vertex 70.00888351158851 14.225557475068765 -0.01445692993891545
    vertex 68.97111633543659 16.729058552470715 -0.014456929938916377
    vertex 69.57475779277306 14.04573671456043 -0.01445692993891525
  endloop
endfacet
facet normal 4.4163817976881854e-16 2.1942284142475184e-17 1.0
  outer loop
    vertex 69.57475779277306 14.04573671456043 -0.01445692993891525
    vertex 68.97111633543659 16.729058552470715 -0.014456929938916377
    vertex 69.20196558663727 13.759683193884227 -0.014456929938915076
  endloop
endfacet
facet normal 4.4163817976881854e-16 2.1942284142475184e-17 1.0
  outer loop
    vertex 69.20196558663727 13.759683193884227 -0.014456929938915076
    vertex 68.97111633543659 16.729058552470715 -0.014456929938916377
    vertex 68.91591206596107 13.386890987748444 -0.014456929938914943
  endloop
endfacet
facet normal 4.4163817976881854e-16 2.1942284142475184e-17 1.0
  outer loop
    vertex 68.91591206596107 13.386890987748444 -0.014456929938914943
    vertex 68.97111633543659 16.729058552470715 -0.014456929938916377
    vertex 66.23259022805077 13.990532445084884 -0.014456929938915106
  endloop
endfacet
facet normal 4.4163817976881854e-16 2.1942284142475184e-17 1.0
  outer loop
    vertex 68.91591206596107 13.386890987748444 -0.014456929938914943
    vertex 66.23259022805077 13.990532445084884 -0.014456929938915106
    vertex 68.73609130545273 12.95276526893298 -0.014456929938914858
  endloop
endfacet
facet normal 4.4163817976881854e-16 2.1942284142475184e-17 1.0
  outer loop
    vertex 68.73609130545273 12.95276526893298 -0.014456929938914858
    vertex 66.23259022805077 13.990532445084884 -0.014456929938915106
    vertex 68.67475779277305 12.486890987748446 -0.01445692993891483
  endloop
endfacet
facet normal 4.4163817976881854e-16 2.1942284142475184e-17 1.0
  outer loop
    vertex 68.67475779277305 12.486890987748446 -0.01445692993891483
    vertex 66.23259022805077 13.990532445084884 -0.014456929938915106
    vertex 68.47475779277308 2.486890987748445 -0.014456929938914736
  endloop
endfacet
facet normal 4.4163817976881854e-16 2.1942284142475184e-17 1.0
  outer loop
    vertex 68.47475779277308 2.486890987748445 -0.014456929938914736
    vertex 66.23259022805077 13.990532445084884 -0.014456929938915106
    vertex 63.22281212759446 11.553262195875396 -0.014456929938913708
  endloop
endfacet
facet normal 4.4163817976881854e-16 2.1942284142475184e-17 1.0
  outer loop
    vertex 68.47475779277308 2.486890987748445 -0.014456929938914736
    vertex 63.22281212759446 11.553262195875396 -0.014456929938913708
    vertex 59.974757792773026 9.443951047724243 -0.014456929938912195
  endloop
endfacet
facet normal 4.4163817976881854e-16 2.1942284142475184e-17 1.0
  outer loop
    vertex 68.47475779277308 2.486890987748445 -0.014456929938914736
    vertex 59.974757792773026 9.443951047724243 -0.014456929938912195
    vertex 56.524013586577624 7.685709054972249 -0.014456929938910592
  endloop
endfacet
facet normal 4.4163817976881854e-16 2.1942284142475184e-17 1.0
  outer loop
    vertex 68.47475779277308 2.486890987748445 -0.014456929938914736
    vertex 56.524013586577624 7.685709054972249 -0.014456929938910592
    vertex 52.90838658464607 6.297799884827771 -0.01445692993890891
  endloop
endfacet
facet normal 4.4163817976881854e-16 2.1942284142475184e-17 1.0
  outer loop
    vertex 68.47475779277308 2.486890987748445 -0.014456929938914736
    vertex 52.90838658464607 6.297799884827771 -0.01445692993890891
    vertex 49.167490353030125 5.295429760597662 -0.014456929938907171
  endloop
endfacet
facet normal 4.4163817976881854e-16 2.1942284142475184e-17 1.0
  outer loop
    vertex 68.47475779277308 2.486890987748445 -0.014456929938914736
    vertex 49.167490353030125 5.295429760597662 -0.014456929938907171
    vertex 45.342310933676224 4.689580859122344 -0.014456929938905393
  endloop
endfacet
facet normal 4.4163817976881854e-16 2.1942284142475184e-17 1.0
  outer loop
    vertex 68.47475779277308 2.486890987748445 -0.014456929938914736
    vertex 45.342310933676224 4.689580859122344 -0.014456929938905393
    vertex 14.474757792772996 2.486890987748445 -0.014456929938895273
  endloop
endfacet
facet normal 4.4163817976881854e-16 2.1942284142475184e-17 1.0
  outer loop
    vertex 14.474757792772996 2.486890987748445 -0.014456929938895273
    vertex 45.342310933676224 4.689580859122344 -0.014456929938905393
    vertex 41.47475779277301 4.486890987748464 -0.014456929938903594
  endloop
endfacet
facet normal 4.4163817976881854e-16 2.1942284142475184e-17 1.0
  outer loop
    vertex 14.474757792772996 2.486890987748445 -0.014456929938895273
    vertex 41.47475779277301 4.486890987748464 -0.014456929938903594
    vertex 37.607204651869885 4.689580859122344 -0.014456929938901797
  endloop
endfacet
facet normal 4.4163817976881854e-16 2.1942284142475184e-17 1.0
  outer loop
    vertex 14.474757792772996 2.486890987748445 -0.014456929938895273
    vertex 37.607204651869885 4.689580859122344 -0.014456929938901797
    vertex 33.78202523251596 5.295429760597662 -0.014456929938904246
  endloop
endfacet
facet normal 4.4163817976881854e-16 2.1942284142475184e-17 1.0
  outer loop
    vertex 14.474757792772996 2.486890987748445 -0.014456929938895273
    vertex 33.78202523251596 5.295429760597662 -0.014456929938904246
    vertex 30.04112900089993 6.297799884827771 -0.014456929938898279
  endloop
endfacet
facet normal 4.4163817976881854e-16 2.1942284142475184e-17 1.0
  outer loop
    vertex 14.474757792772996 2.486890987748445 -0.014456929938895273
    vertex 30.04112900089993 6.297799884827771 -0.014456929938898279
    vertex 26.42550199896845 7.685709054972226 -0.014456929938896596
  endloop
endfacet
facet normal 4.4163817976881854e-16 2.1942284142475184e-17 1.0
  outer loop
    vertex 14.474757792772996 2.486890987748445 -0.014456929938895273
    vertex 26.42550199896845 7.685709054972226 -0.014456929938896596
    vertex 22.974757792773048 9.44395104772422 -0.014456929938894993
  endloop
endfacet
facet normal 4.4163817976881854e-16 2.1942284142475184e-17 1.0
  outer loop
    vertex 14.474757792772996 2.486890987748445 -0.014456929938895273
    vertex 22.974757792773048 9.44395104772422 -0.014456929938894993
    vertex 19.726703457951526 11.553262195875396 -0.014456929938893486
  endloop
endfacet
facet normal 4.4163817976881854e-16 2.1942284142475184e-17 1.0
  outer loop
    vertex 14.474757792772996 2.486890987748445 -0.014456929938895273
    vertex 19.726703457951526 11.553262195875396 -0.014456929938893486
    vertex 16.716925357495313 13.990532445084861 -0.014456929938892082
  endloop
endfacet
facet normal 4.4163817976881854e-16 2.1942284142475184e-17 1.0
  outer loop
    vertex 14.474757792772996 2.486890987748445 -0.014456929938895273
    vertex 16.716925357495313 13.990532445084861 -0.014456929938892082
    vertex 14.274757792773018 12.486890987748446 -0.014456929938893769
  endloop
endfacet
facet normal 4.4163817976881854e-16 2.1942284142475184e-17 1.0
  outer loop
    vertex 14.274757792773018 12.486890987748446 -0.014456929938893769
    vertex 16.716925357495313 13.990532445084861 -0.014456929938892082
    vertex 13.978399250109481 16.729058552470672 -0.014456929938890811
  endloop
endfacet
facet normal 4.4163817976881854e-16 2.1942284142475184e-17 1.0
  outer loop
    vertex 14.274757792773018 12.486890987748446 -0.014456929938893769
    vertex 13.978399250109481 16.729058552470672 -0.014456929938890811
    vertex 14.213424280093346 12.95276526893298 -0.01445692993889374
  endloop
endfacet
facet normal 4.4163817976881854e-16 2.1942284142475184e-17 1.0
  outer loop
    vertex 14.213424280093346 12.95276526893298 -0.01445692993889374
    vertex 13.978399250109481 16.729058552470672 -0.014456929938890811
    vertex 14.033603519585009 13.386890987748446 -0.014456929938893656
  endloop
endfacet
facet normal 4.4163817976881854e-16 2.1942284142475184e-17 1.0
  outer loop
    vertex 14.033603519585009 13.386890987748446 -0.014456929938893656
    vertex 13.978399250109481 16.729058552470672 -0.014456929938890811
    vertex 13.747549998908806 13.759683193884232 -0.014456929938893524
  endloop
endfacet
facet normal 4.4163817976881854e-16 2.1942284142475184e-17 1.0
  outer loop
    vertex 13.747549998908806 13.759683193884232 -0.014456929938893524
    vertex 13.978399250109481 16.729058552470672 -0.014456929938890811
    vertex 11.54112900089997 19.73883665292693 -0.01445692993888968
  endloop
endfacet
facet normal 4.4163817976881854e-16 2.1942284142475184e-17 1.0
  outer loop
    vertex 13.747549998908806 13.759683193884232 -0.014456929938893524
    vertex 11.54112900089997 19.73883665292693 -0.01445692993888968
    vertex 13.374757792773021 14.045736714560435 -0.01445692993889335
  endloop
endfacet
facet normal 4.4163817976881854e-16 2.1942284142475184e-17 1.0
  outer loop
    vertex 13.374757792773021 14.045736714560435 -0.01445692993889335
    vertex 11.54112900089997 19.73883665292693 -0.01445692993888968
    vertex 12.94063207395756 14.225557475068769 -0.01445692993889315
  endloop
endfacet
facet normal 4.4163817976881854e-16 2.1942284142475184e-17 1.0
  outer loop
    vertex 12.94063207395756 14.225557475068769 -0.01445692993889315
    vertex 11.54112900089997 19.73883665292693 -0.01445692993888968
    vertex 12.474757792773023 14.286890987748444 -0.014456929938894341
  endloop
endfacet
facet normal 4.4163817976881854e-16 2.1942284142475184e-17 1.0
  outer loop
    vertex 12.474757792773023 14.286890987748444 -0.014456929938894341
    vertex 11.54112900089997 19.73883665292693 -0.01445692993888968
    vertex 12.008883511588483 14.225557475068765 -0.014456929938894126
  endloop
endfacet
facet normal 4.4163817976881854e-16 2.1942284142475184e-17 1.0
  outer loop
    vertex 12.008883511588483 14.225557475068765 -0.014456929938894126
    vertex 11.54112900089997 19.73883665292693 -0.01445692993888968
    vertex 11.574757792773024 14.045736714560435 -0.014456929938893923
  endloop
endfacet
facet normal 4.4163817976881854e-16 2.1942284142475184e-17 1.0
  outer loop
    vertex 11.574757792773024 14.045736714560435 -0.014456929938893923
    vertex 11.54112900089997 19.73883665292693 -0.01445692993888968
    vertex 11.201965586637238 13.759683193884232 -0.01445692993889375
  endloop
endfacet
facet normal 4.4163817976881854e-16 2.1942284142475184e-17 1.0
  outer loop
    vertex 11.201965586637238 13.759683193884232 -0.01445692993889375
    vertex 11.54112900089997 19.73883665292693 -0.01445692993888968
    vertex 9.431817852748816 22.986890987748428 -0.014456929938892929
  endloop
endfacet
facet normal 4.4163817976881854e-16 2.1942284142475184e-17 1.0
  outer loop
    vertex 11.201965586637238 13.759683193884232 -0.01445692993889375
    vertex 9.431817852748816 22.986890987748428 -0.014456929938892929
    vertex 10.915912065961034 13.386890987748446 -0.014456929938893618
  endloop
endfacet
facet normal 4.4163817976881854e-16 2.1942284142475184e-17 1.0
  outer loop
    vertex 10.915912065961034 13.386890987748446 -0.014456929938893618
    vertex 9.431817852748816 22.986890987748428 -0.014456929938892929
    vertex 10.7360913054527 12.95276526893298 -0.014456929938893534
  endloop
endfacet
facet normal 4.4163817976881854e-16 2.1942284142475184e-17 1.0
  outer loop
    vertex 10.7360913054527 12.95276526893298 -0.014456929938893534
    vertex 9.431817852748816 22.986890987748428 -0.014456929938892929
    vertex 10.674757792773025 12.486890987748446 -0.014456929938893505
  endloop
endfacet
facet normal 4.4163817976881854e-16 2.1942284142475184e-17 1.0
  outer loop
    vertex 14.474757792772996 80.48689098774844 -0.014456929938895273
    vertex 14.213424280093346 70.95276526893298 -0.01445692993889938
    vertex 14.274757792773018 70.48689098774844 -0.014456929938899408
  endloop
endfacet
facet normal 4.4163817976881854e-16 2.1942284142475184e-17 1.0
  outer loop
    vertex 14.213424280093346 70.95276526893298 -0.01445692993889938
    vertex 14.474757792772996 80.48689098774844 -0.014456929938895273
    vertex 14.033603519585009 71.38689098774843 -0.014456929938899295
  endloop
endfacet
facet normal 4.4163817976881854e-16 2.1942284142475184e-17 1.0
  outer loop
    vertex 14.033603519585009 71.38689098774843 -0.014456929938899295
    vertex 14.474757792772996 80.48689098774844 -0.014456929938895273
    vertex 13.747549998908806 71.75968319388423 -0.014456929938899164
  endloop
endfacet
facet normal 4.4163817976881854e-16 2.1942284142475184e-17 1.0
  outer loop
    vertex 13.747549998908806 71.75968319388423 -0.014456929938899164
    vertex 14.474757792772996 80.48689098774844 -0.014456929938895273
    vertex 13.374757792773021 72.04573671456042 -0.01445692993889899
  endloop
endfacet
facet normal 4.4163817976881854e-16 2.1942284142475184e-17 1.0
  outer loop
    vertex 13.374757792773021 72.04573671456042 -0.01445692993889899
    vertex 14.474757792772996 80.48689098774844 -0.014456929938895273
    vertex 12.94063207395756 72.22555747506875 -0.014456929938897379
  endloop
endfacet
facet normal 4.4163817976881854e-16 2.1942284142475184e-17 1.0
  outer loop
    vertex 12.94063207395756 72.22555747506875 -0.014456929938897379
    vertex 14.474757792772996 80.48689098774844 -0.014456929938895273
    vertex 12.474757792773023 72.28689098774844 -0.014456929938898572
  endloop
endfacet
facet normal 4.4163817976881854e-16 2.1942284142475184e-17 1.0
  outer loop
    vertex 12.474757792773023 72.28689098774844 -0.014456929938898572
    vertex 14.474757792772996 80.48689098774844 -0.014456929938895273
    vertex 12.008883511588483 72.22555747506875 -0.014456929938898357
  endloop
endfacet
facet normal 4.4163817976881854e-16 2.1942284142475184e-17 1.0
  outer loop
    vertex 12.008883511588483 72.22555747506875 -0.014456929938898357
    vertex 14.474757792772996 80.48689098774844 -0.014456929938895273
    vertex 2.4747577927730178 68.48689098774844 -0.014456929938885463
  endloop
endfacet
facet normal 4.4163817976881854e-16 2.1942284142475184e-17 1.0
  outer loop
    vertex 12.008883511588483 72.22555747506875 -0.014456929938898357
    vertex 2.4747577927730178 68.48689098774844 -0.014456929938885463
    vertex 11.574757792773024 72.04573671456042 -0.014456929938898152
  endloop
endfacet
facet normal 4.4163817976881854e-16 2.1942284142475184e-17 1.0
  outer loop
    vertex 11.574757792773024 72.04573671456042 -0.014456929938898152
    vertex 2.4747577927730178 68.48689098774844 -0.014456929938885463
    vertex 11.201965586637238 71.75968319388423 -0.01445692993889657
  endloop
endfacet
facet normal 4.4163817976881854e-16 2.1942284142475184e-17 1.0
  outer loop
    vertex 11.201965586637238 71.75968319388423 -0.01445692993889657
    vertex 2.4747577927730178 68.48689098774844 -0.014456929938885463
    vertex 10.915912065961034 71.38689098774843 -0.014456929938896437
  endloop
endfacet
facet normal 4.4163817976881854e-16 2.1942284142475184e-17 1.0
  outer loop
    vertex 10.915912065961034 71.38689098774843 -0.014456929938896437
    vertex 2.4747577927730178 68.48689098774844 -0.014456929938885463
    vertex 10.7360913054527 70.95276526893298 -0.014456929938896355
  endloop
endfacet
facet normal 4.4163817976881854e-16 2.1942284142475184e-17 1.0
  outer loop
    vertex 10.7360913054527 70.95276526893298 -0.014456929938896355
    vertex 2.4747577927730178 68.48689098774844 -0.014456929938885463
    vertex 10.674757792773025 70.48689098774844 -0.014456929938896324
  endloop
endfacet
facet normal 4.4163817976881854e-16 2.1942284142475184e-17 1.0
  outer loop
    vertex 10.674757792773025 70.48689098774844 -0.014456929938896324
    vertex 2.4747577927730178 68.48689098774844 -0.014456929938885463
    vertex 9.431817852748816 59.98689098774843 -0.014456929938892929
  endloop
endfacet
facet normal 4.4163817976881854e-16 2.1942284142475184e-17 1.0
  outer loop
    vertex 9.431817852748816 59.98689098774843 -0.014456929938892929
    vertex 2.4747577927730178 68.48689098774844 -0.014456929938885463
    vertex 7.673575859996754 56.536146781553036 -0.014456929938887881
  endloop
endfacet
facet normal 4.4163817976881854e-16 2.1942284142475184e-17 1.0
  outer loop
    vertex 7.673575859996754 56.536146781553036 -0.014456929938887881
    vertex 2.4747577927730178 68.48689098774844 -0.014456929938885463
    vertex 6.285666689852344 52.9205197796215 -0.014456929938891463
  endloop
endfacet
facet normal 4.4163817976881854e-16 2.1942284142475184e-17 1.0
  outer loop
    vertex 6.285666689852344 52.9205197796215 -0.014456929938891463
    vertex 2.4747577927730178 68.48689098774844 -0.014456929938885463
    vertex 5.283296565622234 49.17962354800553 -0.014456929938886769
  endloop
endfacet
facet normal 4.4163817976881854e-16 2.1942284142475184e-17 1.0
  outer loop
    vertex 5.283296565622234 49.17962354800553 -0.014456929938886769
    vertex 2.4747577927730178 68.48689098774844 -0.014456929938885463
    vertex 4.677447664146895 45.35444412865161 -0.014456929938886488
  endloop
endfacet
facet normal 4.4163817976881854e-16 2.1942284142475184e-17 1.0
  outer loop
    vertex 4.677447664146895 45.35444412865161 -0.014456929938886488
    vertex 2.4747577927730178 68.48689098774844 -0.014456929938885463
    vertex 4.474757792773015 41.48689098774844 -0.014456929938886394
  endloop
endfacet
facet normal 4.4163817976881854e-16 2.1942284142475184e-17 1.0
  outer loop
    vertex 14.474757792772996 2.486890987748445 -0.014456929938895273
    vertex 12.008883511588483 10.748224500428122 -0.014456929938894126
    vertex 2.4747577927730178 14.486890987748444 -0.014456929938882644
  endloop
endfacet
facet normal 4.4163817976881854e-16 2.1942284142475184e-17 1.0
  outer loop
    vertex 12.008883511588483 10.748224500428122 -0.014456929938894126
    vertex 14.474757792772996 2.486890987748445 -0.014456929938895273
    vertex 12.474757792773023 10.686890987748445 -0.014456929938894341
  endloop
endfacet
facet normal 4.4163817976881854e-16 2.1942284142475184e-17 1.0
  outer loop
    vertex 12.474757792773023 10.686890987748445 -0.014456929938894341
    vertex 14.474757792772996 2.486890987748445 -0.014456929938895273
    vertex 12.94063207395756 10.748224500428124 -0.01445692993889315
  endloop
endfacet
facet normal 4.4163817976881854e-16 2.1942284142475184e-17 1.0
  outer loop
    vertex 12.94063207395756 10.748224500428124 -0.01445692993889315
    vertex 14.474757792772996 2.486890987748445 -0.014456929938895273
    vertex 13.374757792773021 10.928045260936457 -0.01445692993889335
  endloop
endfacet
facet normal 4.4163817976881854e-16 2.1942284142475184e-17 1.0
  outer loop
    vertex 13.374757792773021 10.928045260936457 -0.01445692993889335
    vertex 14.474757792772996 2.486890987748445 -0.014456929938895273
    vertex 13.747549998908806 11.21409878161266 -0.014456929938893524
  endloop
endfacet
facet normal 4.4163817976881854e-16 2.1942284142475184e-17 1.0
  outer loop
    vertex 13.747549998908806 11.21409878161266 -0.014456929938893524
    vertex 14.474757792772996 2.486890987748445 -0.014456929938895273
    vertex 14.033603519585009 11.586890987748445 -0.014456929938893656
  endloop
endfacet
facet normal 4.4163817976881854e-16 2.1942284142475184e-17 1.0
  outer loop
    vertex 14.033603519585009 11.586890987748445 -0.014456929938893656
    vertex 14.474757792772996 2.486890987748445 -0.014456929938895273
    vertex 14.213424280093346 12.021016706563907 -0.01445692993889374
  endloop
endfacet
facet normal 4.4163817976881854e-16 2.1942284142475184e-17 1.0
  outer loop
    vertex 14.213424280093346 12.021016706563907 -0.01445692993889374
    vertex 14.474757792772996 2.486890987748445 -0.014456929938895273
    vertex 14.274757792773018 12.486890987748446 -0.014456929938893769
  endloop
endfacet
facet normal 4.4163817976881854e-16 2.1942284142475184e-17 1.0
  outer loop
    vertex 2.4747577927730178 14.486890987748444 -0.014456929938882644
    vertex 12.008883511588483 10.748224500428122 -0.014456929938894126
    vertex 11.574757792773024 10.928045260936456 -0.014456929938893923
  endloop
endfacet
facet normal 4.4163817976881854e-16 2.1942284142475184e-17 1.0
  outer loop
    vertex 2.4747577927730178 14.486890987748444 -0.014456929938882644
    vertex 11.574757792773024 10.928045260936456 -0.014456929938893923
    vertex 11.201965586637238 11.214098781612659 -0.01445692993889375
  endloop
endfacet
facet normal 4.4163817976881854e-16 2.1942284142475184e-17 1.0
  outer loop
    vertex 2.4747577927730178 14.486890987748444 -0.014456929938882644
    vertex 11.201965586637238 11.214098781612659 -0.01445692993889375
    vertex 10.915912065961034 11.586890987748443 -0.014456929938893618
  endloop
endfacet
facet normal 4.4163817976881854e-16 2.1942284142475184e-17 1.0
  outer loop
    vertex 2.4747577927730178 14.486890987748444 -0.014456929938882644
    vertex 10.915912065961034 11.586890987748443 -0.014456929938893618
    vertex 10.7360913054527 12.021016706563906 -0.014456929938893534
  endloop
endfacet
facet normal 4.4163817976881854e-16 2.1942284142475184e-17 1.0
  outer loop
    vertex 2.4747577927730178 14.486890987748444 -0.014456929938882644
    vertex 10.7360913054527 12.021016706563906 -0.014456929938893534
    vertex 10.674757792773025 12.486890987748446 -0.014456929938893505
  endloop
endfacet
facet normal 4.4163817976881854e-16 2.1942284142475184e-17 1.0
  outer loop
    vertex 2.4747577927730178 14.486890987748444 -0.014456929938882644
    vertex 10.674757792773025 12.486890987748446 -0.014456929938893505
    vertex 9.431817852748816 22.986890987748428 -0.014456929938892929
  endloop
endfacet
facet normal 4.4163817976881854e-16 2.1942284142475184e-17 1.0
  outer loop
    vertex 2.4747577927730178 14.486890987748444 -0.014456929938882644
    vertex 9.431817852748816 22.986890987748428 -0.014456929938892929
    vertex 7.673575859996754 26.437635193943805 -0.014456929938887881
  endloop
endfacet
facet normal 4.4163817976881854e-16 2.1942284142475184e-17 1.0
  outer loop
    vertex 2.4747577927730178 14.486890987748444 -0.014456929938882644
    vertex 7.673575859996754 26.437635193943805 -0.014456929938887881
    vertex 6.285666689852344 30.053262195875384 -0.014456929938891463
  endloop
endfacet
facet normal 4.4163817976881854e-16 2.1942284142475184e-17 1.0
  outer loop
    vertex 2.4747577927730178 14.486890987748444 -0.014456929938882644
    vertex 6.285666689852344 30.053262195875384 -0.014456929938891463
    vertex 5.283296565622234 33.794158427491325 -0.014456929938886769
  endloop
endfacet
facet normal 4.4163817976881854e-16 2.1942284142475184e-17 1.0
  outer loop
    vertex 2.4747577927730178 14.486890987748444 -0.014456929938882644
    vertex 5.283296565622234 33.794158427491325 -0.014456929938886769
    vertex 4.677447664146895 37.61933784684523 -0.014456929938886488
  endloop
endfacet
facet normal 4.4163817976881854e-16 2.1942284142475184e-17 1.0
  outer loop
    vertex 2.4747577927730178 14.486890987748444 -0.014456929938882644
    vertex 4.677447664146895 37.61933784684523 -0.014456929938886488
    vertex 4.474757792773015 41.48689098774844 -0.014456929938886394
  endloop
endfacet
facet normal 4.4163817976881854e-16 2.1942284142475184e-17 1.0
  outer loop
    vertex 2.4747577927730178 14.486890987748444 -0.014456929938882644
    vertex 4.474757792773015 41.48689098774844 -0.014456929938886394
    vertex 2.4747577927730178 68.48689098774844 -0.014456929938885463
  endloop
endfacet
facet normal 4.4163817976881854e-16 2.1942284142475184e-17 1.0
  outer loop
    vertex 78.25581252503217 63.63232834439368 -0.014456929938920693
    vertex 80.47475779277306 14.486890987748444 -0.014456929938918906
    vertex 80.47475779277306 63.48689098774845 -0.014456929938921725
  endloop
endfacet
facet normal 4.4163817976881854e-16 2.1942284142475184e-17 1.0
  outer loop
    vertex 80.47475779277306 14.486890987748444 -0.014456929938918906
    vertex 78.25581252503217 63.63232834439368 -0.014456929938920693
    vertex 78.47475779277296 41.48689098774844 -0.014456929938920796
  endloop
endfacet
facet normal 4.4163817976881854e-16 2.1942284142475184e-17 1.0
  outer loop
    vertex 78.47475779277296 41.48689098774844 -0.014456929938920796
    vertex 78.25581252503217 63.63232834439368 -0.014456929938920693
    vertex 78.27206792139908 45.354444128651636 -0.014456929938920702
  endloop
endfacet
facet normal 4.4163817976881854e-16 2.1942284142475184e-17 1.0
  outer loop
    vertex 78.27206792139908 45.354444128651636 -0.014456929938920702
    vertex 78.25581252503217 63.63232834439368 -0.014456929938920693
    vertex 77.66621901992374 49.17962354800555 -0.014456929938920421
  endloop
endfacet
facet normal 4.4163817976881854e-16 2.1942284142475184e-17 1.0
  outer loop
    vertex 77.66621901992374 49.17962354800555 -0.014456929938920421
    vertex 78.25581252503217 63.63232834439368 -0.014456929938920693
    vertex 76.07483402603025 64.0661519408343 -0.01445692993892391
  endloop
endfacet
facet normal 4.4163817976881854e-16 2.1942284142475184e-17 1.0
  outer loop
    vertex 77.66621901992374 49.17962354800555 -0.014456929938920421
    vertex 76.07483402603025 64.0661519408343 -0.01445692993892391
    vertex 76.66384889569363 52.9205197796215 -0.014456929938919956
  endloop
endfacet
facet normal 4.4163817976881854e-16 2.1942284142475184e-17 1.0
  outer loop
    vertex 76.66384889569363 52.9205197796215 -0.014456929938919956
    vertex 76.07483402603025 64.0661519408343 -0.01445692993892391
    vertex 75.27593972554924 56.53614678155306 -0.014456929938919309
  endloop
endfacet
facet normal 4.4163817976881854e-16 2.1942284142475184e-17 1.0
  outer loop
    vertex 75.27593972554924 56.53614678155306 -0.014456929938919309
    vertex 76.07483402603025 64.0661519408343 -0.01445692993892391
    vertex 73.96913944256657 64.78093893505657 -0.014456929938918702
  endloop
endfacet
facet normal 4.4163817976881854e-16 2.1942284142475184e-17 1.0
  outer loop
    vertex 75.27593972554924 56.53614678155306 -0.014456929938919309
    vertex 73.96913944256657 64.78093893505657 -0.014456929938918702
    vertex 73.51769773279717 59.98689098774846 -0.014456929938918494
  endloop
endfacet
facet normal 4.4163817976881854e-16 2.1942284142475184e-17 1.0
  outer loop
    vertex 73.51769773279717 59.98689098774846 -0.014456929938918494
    vertex 73.96913944256657 64.78093893505657 -0.014456929938918702
    vertex 71.97475779277309 65.76445912341298 -0.014456929938917774
  endloop
endfacet
facet normal 4.4163817976881854e-16 2.1942284142475184e-17 1.0
  outer loop
    vertex 73.51769773279717 59.98689098774846 -0.014456929938918494
    vertex 71.97475779277309 65.76445912341298 -0.014456929938917774
    vertex 71.40838658464601 63.234945322569935 -0.01445692993891751
  endloop
endfacet
facet normal 4.4163817976881854e-16 2.1942284142475184e-17 1.0
  outer loop
    vertex 71.40838658464601 63.234945322569935 -0.01445692993891751
    vertex 71.97475779277309 65.76445912341298 -0.014456929938917774
    vertex 70.12581349962484 66.99988420279743 -0.014456929938921144
  endloop
endfacet
facet normal 4.4163817976881854e-16 2.1942284142475184e-17 1.0
  outer loop
    vertex 71.40838658464601 63.234945322569935 -0.01445692993891751
    vertex 70.12581349962484 66.99988420279743 -0.014456929938921144
    vertex 68.97111633543659 66.24472342302619 -0.014456929938916377
  endloop
endfacet
facet normal 4.4163817976881854e-16 2.1942284142475184e-17 1.0
  outer loop
    vertex 68.97111633543659 66.24472342302619 -0.014456929938916377
    vertex 70.12581349962484 66.99988420279743 -0.014456929938921144
    vertex 68.45394251260176 68.46607570757715 -0.014456929938916138
  endloop
endfacet
facet normal 4.4163817976881854e-16 2.1942284142475184e-17 1.0
  outer loop
    vertex 68.97111633543659 66.24472342302619 -0.014456929938916377
    vertex 68.45394251260176 68.46607570757715 -0.014456929938916138
    vertex 66.23259022805077 68.98324953041202 -0.014456929938915106
  endloop
endfacet
facet normal 4.4163817976881854e-16 2.1942284142475184e-17 1.0
  outer loop
    vertex 66.23259022805077 68.98324953041202 -0.014456929938915106
    vertex 68.45394251260176 68.46607570757715 -0.014456929938916138
    vertex 66.98775100782206 70.13794669460019 -0.014456929938919685
  endloop
endfacet
facet normal 4.4163817976881854e-16 2.1942284142475184e-17 1.0
  outer loop
    vertex 66.23259022805077 68.98324953041202 -0.014456929938915106
    vertex 66.98775100782206 70.13794669460019 -0.014456929938919685
    vertex 65.75232592843764 71.98689098774844 -0.014456929938914882
  endloop
endfacet
facet normal 4.4163817976881854e-16 2.1942284142475184e-17 1.0
  outer loop
    vertex 66.23259022805077 68.98324953041202 -0.014456929938915106
    vertex 65.75232592843764 71.98689098774844 -0.014456929938914882
    vertex 63.22281212759446 71.42051977962149 -0.014456929938913708
  endloop
endfacet
facet normal 4.4163817976881854e-16 2.1942284142475184e-17 1.0
  outer loop
    vertex 63.22281212759446 71.42051977962149 -0.014456929938913708
    vertex 65.75232592843764 71.98689098774844 -0.014456929938914882
    vertex 64.76880574008116 73.98127263754192 -0.014456929938914426
  endloop
endfacet
facet normal 4.4163817976881854e-16 2.1942284142475184e-17 1.0
  outer loop
    vertex 63.22281212759446 71.42051977962149 -0.014456929938913708
    vertex 64.76880574008116 73.98127263754192 -0.014456929938914426
    vertex 64.05401874585887 76.0869672210056 -0.014456929938918322
  endloop
endfacet
facet normal 4.4163817976881854e-16 2.1942284142475184e-17 1.0
  outer loop
    vertex 63.22281212759446 71.42051977962149 -0.014456929938913708
    vertex 64.05401874585887 76.0869672210056 -0.014456929938918322
    vertex 63.62019514941827 78.26794572000757 -0.014456929938913891
  endloop
endfacet
facet normal 4.4163817976881854e-16 2.1942284142475184e-17 1.0
  outer loop
    vertex 63.22281212759446 71.42051977962149 -0.014456929938913708
    vertex 63.62019514941827 78.26794572000757 -0.014456929938913891
    vertex 63.47475779277304 80.48689098774844 -0.014456929938913822
  endloop
endfacet
facet normal 4.4163817976881854e-16 2.1942284142475184e-17 1.0
  outer loop
    vertex 63.22281212759446 71.42051977962149 -0.014456929938913708
    vertex 63.47475779277304 80.48689098774844 -0.014456929938913822
    vertex 59.974757792772934 73.52983092777265 -0.014456929938912195
  endloop
endfacet
facet normal 4.4163817976881854e-16 2.1942284142475184e-17 1.0
  outer loop
    vertex 59.974757792772934 73.52983092777265 -0.014456929938912195
    vertex 63.47475779277304 80.48689098774844 -0.014456929938913822
    vertex 56.524013586577624 75.28807292052466 -0.014456929938910592
  endloop
endfacet
facet normal 4.4163817976881854e-16 2.1942284142475184e-17 1.0
  outer loop
    vertex 56.524013586577624 75.28807292052466 -0.014456929938910592
    vertex 63.47475779277304 80.48689098774844 -0.014456929938913822
    vertex 52.90838658464607 76.67598209066911 -0.01445692993890891
  endloop
endfacet
facet normal 4.4163817976881854e-16 2.1942284142475184e-17 1.0
  outer loop
    vertex 52.90838658464607 76.67598209066911 -0.01445692993890891
    vertex 63.47475779277304 80.48689098774844 -0.014456929938913822
    vertex 49.16749035303004 77.67835221489922 -0.014456929938907171
  endloop
endfacet
facet normal 4.4163817976881854e-16 2.1942284142475184e-17 1.0
  outer loop
    vertex 49.16749035303004 77.67835221489922 -0.014456929938907171
    vertex 63.47475779277304 80.48689098774844 -0.014456929938913822
    vertex 45.342310933676224 78.28420111637455 -0.014456929938905393
  endloop
endfacet
facet normal 4.4163817976881854e-16 2.1942284142475184e-17 1.0
  outer loop
    vertex 45.342310933676224 78.28420111637455 -0.014456929938905393
    vertex 63.47475779277304 80.48689098774844 -0.014456929938913822
    vertex 14.474757792772996 80.48689098774844 -0.014456929938895273
  endloop
endfacet
facet normal 4.4163817976881854e-16 2.1942284142475184e-17 1.0
  outer loop
    vertex 45.342310933676224 78.28420111637455 -0.014456929938905393
    vertex 14.474757792772996 80.48689098774844 -0.014456929938895273
    vertex 41.47475779277301 78.48689098774842 -0.014456929938903594
  endloop
endfacet
facet normal 4.4163817976881854e-16 2.1942284142475184e-17 1.0
  outer loop
    vertex 41.47475779277301 78.48689098774842 -0.014456929938903594
    vertex 14.474757792772996 80.48689098774844 -0.014456929938895273
    vertex 37.60720465186979 78.28420111637455 -0.014456929938901797
  endloop
endfacet
facet normal 4.4163817976881854e-16 2.1942284142475184e-17 1.0
  outer loop
    vertex 37.60720465186979 78.28420111637455 -0.014456929938901797
    vertex 14.474757792772996 80.48689098774844 -0.014456929938895273
    vertex 33.78202523251587 77.67835221489922 -0.014456929938904246
  endloop
endfacet
facet normal 4.4163817976881854e-16 2.1942284142475184e-17 1.0
  outer loop
    vertex 33.78202523251587 77.67835221489922 -0.014456929938904246
    vertex 14.474757792772996 80.48689098774844 -0.014456929938895273
    vertex 30.04112900089993 76.67598209066911 -0.014456929938898279
  endloop
endfacet
facet normal 4.4163817976881854e-16 2.1942284142475184e-17 1.0
  outer loop
    vertex 30.04112900089993 76.67598209066911 -0.014456929938898279
    vertex 14.474757792772996 80.48689098774844 -0.014456929938895273
    vertex 26.425501998968357 75.28807292052466 -0.014456929938896596
  endloop
endfacet
facet normal 4.4163817976881854e-16 2.1942284142475184e-17 1.0
  outer loop
    vertex 26.425501998968357 75.28807292052466 -0.014456929938896596
    vertex 14.474757792772996 80.48689098774844 -0.014456929938895273
    vertex 22.97475779277296 73.52983092777265 -0.014456929938894993
  endloop
endfacet
facet normal 4.4163817976881854e-16 2.1942284142475184e-17 1.0
  outer loop
    vertex 22.97475779277296 73.52983092777265 -0.014456929938894993
    vertex 14.474757792772996 80.48689098774844 -0.014456929938895273
    vertex 19.726703457951526 71.42051977962149 -0.014456929938893486
  endloop
endfacet
facet normal 4.4163817976881854e-16 2.1942284142475184e-17 1.0
  outer loop
    vertex 19.726703457951526 71.42051977962149 -0.014456929938893486
    vertex 14.474757792772996 80.48689098774844 -0.014456929938895273
    vertex 16.71692535749522 68.98324953041202 -0.014456929938892082
  endloop
endfacet
facet normal 4.4163817976881854e-16 2.1942284142475184e-17 1.0
  outer loop
    vertex 16.71692535749522 68.98324953041202 -0.014456929938892082
    vertex 14.474757792772996 80.48689098774844 -0.014456929938895273
    vertex 14.274757792773018 70.48689098774844 -0.014456929938899408
  endloop
endfacet
facet normal 4.4163817976881854e-16 2.1942284142475184e-17 1.0
  outer loop
    vertex 16.71692535749522 68.98324953041202 -0.014456929938892082
    vertex 14.274757792773018 70.48689098774844 -0.014456929938899408
    vertex 13.97839925010939 66.24472342302619 -0.014456929938890811
  endloop
endfacet
facet normal 4.4163817976881854e-16 2.1942284142475184e-17 1.0
  outer loop
    vertex 13.97839925010939 66.24472342302619 -0.014456929938890811
    vertex 14.274757792773018 70.48689098774844 -0.014456929938899408
    vertex 14.213424280093346 70.0210167065639 -0.01445692993889938
  endloop
endfacet
facet normal 4.4163817976881854e-16 2.1942284142475184e-17 1.0
  outer loop
    vertex 13.97839925010939 66.24472342302619 -0.014456929938890811
    vertex 14.213424280093346 70.0210167065639 -0.01445692993889938
    vertex 14.033603519585009 69.58689098774843 -0.014456929938899295
  endloop
endfacet
facet normal 4.4163817976881854e-16 2.1942284142475184e-17 1.0
  outer loop
    vertex 13.97839925010939 66.24472342302619 -0.014456929938890811
    vertex 14.033603519585009 69.58689098774843 -0.014456929938899295
    vertex 13.747549998908806 69.21409878161265 -0.014456929938899164
  endloop
endfacet
facet normal 4.4163817976881854e-16 2.1942284142475184e-17 1.0
  outer loop
    vertex 13.97839925010939 66.24472342302619 -0.014456929938890811
    vertex 13.747549998908806 69.21409878161265 -0.014456929938899164
    vertex 11.54112900089997 63.234945322569935 -0.01445692993888968
  endloop
endfacet
facet normal 4.4163817976881854e-16 2.1942284142475184e-17 1.0
  outer loop
    vertex 11.54112900089997 63.234945322569935 -0.01445692993888968
    vertex 13.747549998908806 69.21409878161265 -0.014456929938899164
    vertex 13.374757792773021 68.92804526093646 -0.01445692993889758
  endloop
endfacet
facet normal 4.4163817976881854e-16 2.1942284142475184e-17 1.0
  outer loop
    vertex 11.54112900089997 63.234945322569935 -0.01445692993888968
    vertex 13.374757792773021 68.92804526093646 -0.01445692993889758
    vertex 12.94063207395756 68.74822450042811 -0.014456929938897379
  endloop
endfacet
facet normal 4.4163817976881854e-16 2.1942284142475184e-17 1.0
  outer loop
    vertex 11.54112900089997 63.234945322569935 -0.01445692993888968
    vertex 12.94063207395756 68.74822450042811 -0.014456929938897379
    vertex 12.474757792773023 68.68689098774844 -0.014456929938898572
  endloop
endfacet
facet normal 4.4163817976881854e-16 2.1942284142475184e-17 1.0
  outer loop
    vertex 11.54112900089997 63.234945322569935 -0.01445692993888968
    vertex 12.474757792773023 68.68689098774844 -0.014456929938898572
    vertex 12.008883511588483 68.74822450042811 -0.014456929938898357
  endloop
endfacet
facet normal 4.4163817976881854e-16 2.1942284142475184e-17 1.0
  outer loop
    vertex 11.54112900089997 63.234945322569935 -0.01445692993888968
    vertex 12.008883511588483 68.74822450042811 -0.014456929938898357
    vertex 11.574757792773024 68.92804526093646 -0.014456929938896744
  endloop
endfacet
facet normal 4.4163817976881854e-16 2.1942284142475184e-17 1.0
  outer loop
    vertex 11.54112900089997 63.234945322569935 -0.01445692993888968
    vertex 11.574757792773024 68.92804526093646 -0.014456929938896744
    vertex 11.201965586637238 69.21409878161265 -0.01445692993889657
  endloop
endfacet
facet normal 4.4163817976881854e-16 2.1942284142475184e-17 1.0
  outer loop
    vertex 11.54112900089997 63.234945322569935 -0.01445692993888968
    vertex 11.201965586637238 69.21409878161265 -0.01445692993889657
    vertex 9.431817852748816 59.98689098774843 -0.014456929938892929
  endloop
endfacet
facet normal 4.4163817976881854e-16 2.1942284142475184e-17 1.0
  outer loop
    vertex 9.431817852748816 59.98689098774843 -0.014456929938892929
    vertex 11.201965586637238 69.21409878161265 -0.01445692993889657
    vertex 10.915912065961034 69.58689098774843 -0.014456929938896437
  endloop
endfacet
facet normal 4.4163817976881854e-16 2.1942284142475184e-17 1.0
  outer loop
    vertex 9.431817852748816 59.98689098774843 -0.014456929938892929
    vertex 10.915912065961034 69.58689098774843 -0.014456929938896437
    vertex 10.7360913054527 70.0210167065639 -0.014456929938896355
  endloop
endfacet
facet normal 4.4163817976881854e-16 2.1942284142475184e-17 1.0
  outer loop
    vertex 9.431817852748816 59.98689098774843 -0.014456929938892929
    vertex 10.7360913054527 70.0210167065639 -0.014456929938896355
    vertex 10.674757792773025 70.48689098774844 -0.014456929938896324
  endloop
endfacet
facet normal 4.4163817976881854e-16 2.1942284142475184e-17 1.0
  outer loop
    vertex 80.47475779277306 14.486890987748444 -0.014456929938918906
    vertex 72.21342428009338 12.021016706563909 -0.014456929938915064
    vertex 68.47475779277308 2.486890987748445 -0.014456929938914736
  endloop
endfacet
facet normal 4.4163817976881854e-16 2.1942284142475184e-17 1.0
  outer loop
    vertex 72.21342428009338 12.021016706563909 -0.014456929938915064
    vertex 80.47475779277306 14.486890987748444 -0.014456929938918906
    vertex 77.66621901992374 33.79415842749137 -0.014456929938920421
  endloop
endfacet
facet normal 4.4163817976881854e-16 2.1942284142475184e-17 1.0
  outer loop
    vertex 77.66621901992374 33.79415842749137 -0.014456929938920421
    vertex 80.47475779277306 14.486890987748444 -0.014456929938918906
    vertex 78.27206792139908 37.61933784684527 -0.014456929938920702
  endloop
endfacet
facet normal 4.4163817976881854e-16 2.1942284142475184e-17 1.0
  outer loop
    vertex 78.27206792139908 37.61933784684527 -0.014456929938920702
    vertex 80.47475779277306 14.486890987748444 -0.014456929938918906
    vertex 78.47475779277296 41.48689098774844 -0.014456929938920796
  endloop
endfacet
facet normal 4.4163817976881854e-16 2.1942284142475184e-17 1.0
  outer loop
    vertex 72.21342428009338 12.021016706563909 -0.014456929938915064
    vertex 77.66621901992374 33.79415842749137 -0.014456929938920421
    vertex 76.66384889569363 30.053262195875405 -0.014456929938919956
  endloop
endfacet
facet normal 4.4163817976881854e-16 2.1942284142475184e-17 1.0
  outer loop
    vertex 72.21342428009338 12.021016706563909 -0.014456929938915064
    vertex 76.66384889569363 30.053262195875405 -0.014456929938919956
    vertex 75.27593972554924 26.43763519394385 -0.014456929938919309
  endloop
endfacet
facet normal 4.4163817976881854e-16 2.1942284142475184e-17 1.0
  outer loop
    vertex 72.21342428009338 12.021016706563909 -0.014456929938915064
    vertex 75.27593972554924 26.43763519394385 -0.014456929938919309
    vertex 72.27475779277304 12.486890987748446 -0.014456929938915095
  endloop
endfacet
facet normal 4.4163817976881854e-16 2.1942284142475184e-17 1.0
  outer loop
    vertex 72.27475779277304 12.486890987748446 -0.014456929938915095
    vertex 75.27593972554924 26.43763519394385 -0.014456929938919309
    vertex 73.51769773279717 22.986890987748474 -0.014456929938918494
  endloop
endfacet
facet normal 4.4163817976881854e-16 2.1942284142475184e-17 1.0
  outer loop
    vertex 68.47475779277308 2.486890987748445 -0.014456929938914736
    vertex 72.21342428009338 12.021016706563909 -0.014456929938915064
    vertex 72.03360351958504 11.586890987748447 -0.014456929938914983
  endloop
endfacet
facet normal 4.4163817976881854e-16 2.1942284142475184e-17 1.0
  outer loop
    vertex 68.47475779277308 2.486890987748445 -0.014456929938914736
    vertex 72.03360351958504 11.586890987748447 -0.014456929938914983
    vertex 71.74754999890884 11.214098781612662 -0.014456929938914849
  endloop
endfacet
facet normal 4.4163817976881854e-16 2.1942284142475184e-17 1.0
  outer loop
    vertex 68.47475779277308 2.486890987748445 -0.014456929938914736
    vertex 71.74754999890884 11.214098781612662 -0.014456929938914849
    vertex 71.37475779277305 10.92804526093646 -0.014456929938914675
  endloop
endfacet
facet normal 4.4163817976881854e-16 2.1942284142475184e-17 1.0
  outer loop
    vertex 68.47475779277308 2.486890987748445 -0.014456929938914736
    vertex 71.37475779277305 10.92804526093646 -0.014456929938914675
    vertex 70.94063207395759 10.748224500428126 -0.014456929938914473
  endloop
endfacet
facet normal 4.4163817976881854e-16 2.1942284142475184e-17 1.0
  outer loop
    vertex 68.47475779277308 2.486890987748445 -0.014456929938914736
    vertex 70.94063207395759 10.748224500428126 -0.014456929938914473
    vertex 70.47475779277305 10.686890987748448 -0.014456929938914257
  endloop
endfacet
facet normal 4.4163817976881854e-16 2.1942284142475184e-17 1.0
  outer loop
    vertex 68.47475779277308 2.486890987748445 -0.014456929938914736
    vertex 70.47475779277305 10.686890987748448 -0.014456929938914257
    vertex 70.00888351158851 10.748224500428124 -0.01445692993891545
  endloop
endfacet
facet normal 4.4163817976881854e-16 2.1942284142475184e-17 1.0
  outer loop
    vertex 68.47475779277308 2.486890987748445 -0.014456929938914736
    vertex 70.00888351158851 10.748224500428124 -0.01445692993891545
    vertex 69.57475779277306 10.928045260936457 -0.01445692993891525
  endloop
endfacet
facet normal 4.4163817976881854e-16 2.1942284142475184e-17 1.0
  outer loop
    vertex 68.47475779277308 2.486890987748445 -0.014456929938914736
    vertex 69.57475779277306 10.928045260936457 -0.01445692993891525
    vertex 69.20196558663727 11.214098781612662 -0.014456929938915076
  endloop
endfacet
facet normal 4.4163817976881854e-16 2.1942284142475184e-17 1.0
  outer loop
    vertex 68.47475779277308 2.486890987748445 -0.014456929938914736
    vertex 69.20196558663727 11.214098781612662 -0.014456929938915076
    vertex 68.91591206596107 11.586890987748445 -0.014456929938914943
  endloop
endfacet
facet normal 4.4163817976881854e-16 2.1942284142475184e-17 1.0
  outer loop
    vertex 68.47475779277308 2.486890987748445 -0.014456929938914736
    vertex 68.91591206596107 11.586890987748445 -0.014456929938914943
    vertex 68.73609130545273 12.021016706563907 -0.014456929938914858
  endloop
endfacet
facet normal 4.4163817976881854e-16 2.1942284142475184e-17 1.0
  outer loop
    vertex 68.47475779277308 2.486890987748445 -0.014456929938914736
    vertex 68.73609130545273 12.021016706563907 -0.014456929938914858
    vertex 68.67475779277305 12.486890987748446 -0.01445692993891483
  endloop
endfacet
facet normal -0.7071067811865482 0.7071067811865469 3.287381085369126e-16
  outer loop
    vertex 14.474757792772996 80.48689098774844 -0.014456929938895273
    vertex 2.4747577927730515 68.48689098774844 -4.0144569299388815
    vertex 2.4747577927730178 68.48689098774844 -0.014456929938885463
  endloop
endfacet
facet normal -0.7071067811865482 0.7071067811865469 3.287381085369126e-16
  outer loop
    vertex 2.4747577927730515 68.48689098774844 -4.0144569299388815
    vertex 14.474757792772996 80.48689098774844 -0.014456929938895273
    vertex 14.474757792772996 80.48689098774844 -4.014456929938892
  endloop
endfacet
facet normal -0.7071067811865482 -0.7071067811865469 3.2873810853690943e-16
  outer loop
    vertex 2.4747577927730178 14.486890987748444 -0.014456929938882644
    vertex 14.474757792772996 2.486890987748445 -4.014456929938892
    vertex 14.474757792772996 2.486890987748445 -0.014456929938895273
  endloop
endfacet
facet normal -0.7071067811865482 -0.7071067811865469 3.2873810853690943e-16
  outer loop
    vertex 14.474757792772996 2.486890987748445 -4.014456929938892
    vertex 2.4747577927730178 14.486890987748444 -0.014456929938882644
    vertex 2.4747577927730515 14.486890987748444 -4.0144569299388815
  endloop
endfacet
facet normal 0.0 0.0 1.0
  outer loop
    vertex 72.21342428009338 12.95276526893298 1.9855430700610857
    vertex 72.21342428009338 12.021016706563909 1.9855430700610857
    vertex 72.27475779277304 12.486890987748446 1.9855430700610857
  endloop
endfacet
facet normal 0.0 0.0 1.0
  outer loop
    vertex 72.21342428009338 12.021016706563909 1.9855430700610857
    vertex 72.21342428009338 12.95276526893298 1.9855430700610857
    vertex 72.03360351958504 13.386890987748446 1.9855430700610857
  endloop
endfacet
facet normal 0.0 0.0 1.0
  outer loop
    vertex 72.21342428009338 12.021016706563909 1.9855430700610857
    vertex 72.03360351958504 13.386890987748446 1.9855430700610857
    vertex 72.03360351958504 11.586890987748447 1.9855430700610857
  endloop
endfacet
facet normal 0.0 0.0 1.0
  outer loop
    vertex 72.03360351958504 11.586890987748447 1.9855430700610857
    vertex 72.03360351958504 13.386890987748446 1.9855430700610857
    vertex 71.74754999890884 13.759683193884227 1.9855430700610857
  endloop
endfacet
facet normal 0.0 0.0 1.0
  outer loop
    vertex 72.03360351958504 11.586890987748447 1.9855430700610857
    vertex 71.74754999890884 13.759683193884227 1.9855430700610857
    vertex 71.74754999890884 11.214098781612662 1.9855430700610857
  endloop
endfacet
facet normal 0.0 0.0 1.0
  outer loop
    vertex 71.74754999890884 11.214098781612662 1.9855430700610857
    vertex 71.74754999890884 13.759683193884227 1.9855430700610857
    vertex 71.37475779277305 14.045736714560432 1.9855430700610857
  endloop
endfacet
facet normal 0.0 0.0 1.0
  outer loop
    vertex 71.74754999890884 11.214098781612662 1.9855430700610857
    vertex 71.37475779277305 14.045736714560432 1.9855430700610857
    vertex 71.37475779277305 10.92804526093646 1.9855430700610857
  endloop
endfacet
facet normal 0.0 0.0 1.0
  outer loop
    vertex 71.37475779277305 10.92804526093646 1.9855430700610857
    vertex 71.37475779277305 14.045736714560432 1.9855430700610857
    vertex 70.94063207395759 14.225557475068765 1.9855430700610863
  endloop
endfacet
facet normal 0.0 0.0 1.0
  outer loop
    vertex 71.37475779277305 10.92804526093646 1.9855430700610857
    vertex 70.94063207395759 14.225557475068765 1.9855430700610863
    vertex 70.94063207395759 10.748224500428126 1.9855430700610863
  endloop
endfacet
facet normal 0.0 0.0 1.0
  outer loop
    vertex 70.94063207395759 10.748224500428126 1.9855430700610863
    vertex 70.94063207395759 14.225557475068765 1.9855430700610863
    vertex 70.47475779277305 14.286890987748441 1.9855430700610863
  endloop
endfacet
facet normal 0.0 0.0 1.0
  outer loop
    vertex 70.94063207395759 10.748224500428126 1.9855430700610863
    vertex 70.47475779277305 14.286890987748441 1.9855430700610863
    vertex 70.47475779277305 10.686890987748448 1.9855430700610863
  endloop
endfacet
facet normal 0.0 0.0 1.0
  outer loop
    vertex 70.47475779277305 10.686890987748448 1.9855430700610863
    vertex 70.47475779277305 14.286890987748441 1.9855430700610863
    vertex 70.00888351158851 14.225557475068765 1.985543070061085
  endloop
endfacet
facet normal 0.0 0.0 1.0
  outer loop
    vertex 70.47475779277305 10.686890987748448 1.9855430700610863
    vertex 70.00888351158851 14.225557475068765 1.985543070061085
    vertex 70.00888351158851 10.748224500428124 1.985543070061085
  endloop
endfacet
facet normal 0.0 0.0 1.0
  outer loop
    vertex 70.00888351158851 10.748224500428124 1.985543070061085
    vertex 70.00888351158851 14.225557475068765 1.985543070061085
    vertex 69.57475779277306 14.04573671456043 1.985543070061085
  endloop
endfacet
facet normal 0.0 0.0 1.0
  outer loop
    vertex 70.00888351158851 10.748224500428124 1.985543070061085
    vertex 69.57475779277306 14.04573671456043 1.985543070061085
    vertex 69.57475779277306 10.928045260936457 1.985543070061085
  endloop
endfacet
facet normal 0.0 0.0 1.0
  outer loop
    vertex 69.57475779277306 10.928045260936457 1.985543070061085
    vertex 69.57475779277306 14.04573671456043 1.985543070061085
    vertex 69.20196558663727 13.759683193884227 1.9855430700610857
  endloop
endfacet
facet normal 0.0 0.0 1.0
  outer loop
    vertex 69.57475779277306 10.928045260936457 1.985543070061085
    vertex 69.20196558663727 13.759683193884227 1.9855430700610857
    vertex 69.20196558663727 11.214098781612662 1.9855430700610857
  endloop
endfacet
facet normal 0.0 0.0 1.0
  outer loop
    vertex 69.20196558663727 11.214098781612662 1.9855430700610857
    vertex 69.20196558663727 13.759683193884227 1.9855430700610857
    vertex 68.91591206596107 13.386890987748444 1.9855430700610857
  endloop
endfacet
facet normal 0.0 0.0 1.0
  outer loop
    vertex 69.20196558663727 11.214098781612662 1.9855430700610857
    vertex 68.91591206596107 13.386890987748444 1.9855430700610857
    vertex 68.91591206596107 11.586890987748445 1.9855430700610857
  endloop
endfacet
facet normal 0.0 0.0 1.0
  outer loop
    vertex 68.91591206596107 11.586890987748445 1.9855430700610857
    vertex 68.91591206596107 13.386890987748444 1.9855430700610857
    vertex 68.73609130545273 12.95276526893298 1.9855430700610857
  endloop
endfacet
facet normal 0.0 0.0 1.0
  outer loop
    vertex 68.91591206596107 11.586890987748445 1.9855430700610857
    vertex 68.73609130545273 12.95276526893298 1.9855430700610857
    vertex 68.73609130545273 12.021016706563907 1.9855430700610857
  endloop
endfacet
facet normal 0.0 0.0 1.0
  outer loop
    vertex 68.73609130545273 12.021016706563907 1.9855430700610857
    vertex 68.73609130545273 12.95276526893298 1.9855430700610857
    vertex 68.67475779277305 12.486890987748446 1.9855430700610857
  endloop
endfacet
facet normal 0.1305261922200502 0.9914448613738107 0.0
  outer loop
    vertex 70.94063207395759 14.225557475068765 -0.014456929938914473
    vertex 70.47475779277305 14.286890987748441 1.9855430700610863
    vertex 70.94063207395759 14.225557475068765 1.9855430700610863
  endloop
endfacet
facet normal 0.1305261922200502 0.9914448613738107 0.0
  outer loop
    vertex 70.47475779277305 14.286890987748441 1.9855430700610863
    vertex 70.94063207395759 14.225557475068765 -0.014456929938914473
    vertex 70.47475779277305 14.286890987748441 -0.014456929938914257
  endloop
endfacet
facet normal -0.13052619222005166 0.9914448613738104 0.0
  outer loop
    vertex 70.47475779277305 14.286890987748441 -0.014456929938914257
    vertex 70.00888351158851 14.225557475068765 1.985543070061085
    vertex 70.47475779277305 14.286890987748441 1.9855430700610863
  endloop
endfacet
facet normal -0.13052619222005166 0.9914448613738104 0.0
  outer loop
    vertex 70.00888351158851 14.225557475068765 1.985543070061085
    vertex 70.47475779277305 14.286890987748441 -0.014456929938914257
    vertex 70.00888351158851 14.225557475068765 -0.01445692993891545
  endloop
endfacet
facet normal -0.38268343236509134 0.9238795325112861 0.0
  outer loop
    vertex 70.00888351158851 14.225557475068765 -0.01445692993891545
    vertex 69.57475779277306 14.04573671456043 1.985543070061085
    vertex 70.00888351158851 14.225557475068765 1.985543070061085
  endloop
endfacet
facet normal -0.38268343236509134 0.9238795325112861 0.0
  outer loop
    vertex 69.57475779277306 14.04573671456043 1.985543070061085
    vertex 70.00888351158851 14.225557475068765 -0.01445692993891545
    vertex 69.57475779277306 14.04573671456043 -0.01445692993891525
  endloop
endfacet
facet normal -0.6087614290087189 0.7933533402912365 0.0
  outer loop
    vertex 69.57475779277306 14.04573671456043 -0.01445692993891525
    vertex 69.20196558663727 13.759683193884227 1.9855430700610857
    vertex 69.57475779277306 14.04573671456043 1.985543070061085
  endloop
endfacet
facet normal -0.6087614290087189 0.7933533402912365 0.0
  outer loop
    vertex 69.20196558663727 13.759683193884227 1.9855430700610857
    vertex 69.57475779277306 14.04573671456043 -0.01445692993891525
    vertex 69.20196558663727 13.759683193884227 -0.014456929938915076
  endloop
endfacet
facet normal -0.7933533402912362 0.6087614290087197 0.0
  outer loop
    vertex 69.20196558663727 13.759683193884227 1.9855430700610857
    vertex 68.91591206596107 13.386890987748444 -0.014456929938914943
    vertex 68.91591206596107 13.386890987748444 1.9855430700610857
  endloop
endfacet
facet normal -0.7933533402912362 0.6087614290087197 0.0
  outer loop
    vertex 68.91591206596107 13.386890987748444 -0.014456929938914943
    vertex 69.20196558663727 13.759683193884227 1.9855430700610857
    vertex 69.20196558663727 13.759683193884227 -0.014456929938915076
  endloop
endfacet
facet normal -0.9238795325112846 0.3826834323650949 0.0
  outer loop
    vertex 68.91591206596107 13.386890987748444 1.9855430700610857
    vertex 68.73609130545273 12.95276526893298 -0.014456929938914858
    vertex 68.73609130545273 12.95276526893298 1.9855430700610857
  endloop
endfacet
facet normal -0.9238795325112846 0.3826834323650949 0.0
  outer loop
    vertex 68.73609130545273 12.95276526893298 -0.014456929938914858
    vertex 68.91591206596107 13.386890987748444 1.9855430700610857
    vertex 68.91591206596107 13.386890987748444 -0.014456929938914943
  endloop
endfacet
facet normal -0.9914448613738113 0.13052619222004486 0.0
  outer loop
    vertex 68.73609130545273 12.95276526893298 1.9855430700610857
    vertex 68.67475779277305 12.486890987748446 -0.01445692993891483
    vertex 68.67475779277305 12.486890987748446 1.9855430700610857
  endloop
endfacet
facet normal -0.9914448613738113 0.13052619222004486 0.0
  outer loop
    vertex 68.67475779277305 12.486890987748446 -0.01445692993891483
    vertex 68.73609130545273 12.95276526893298 1.9855430700610857
    vertex 68.73609130545273 12.95276526893298 -0.014456929938914858
  endloop
endfacet
facet normal -0.9914448613738115 -0.1305261922200445 0.0
  outer loop
    vertex 68.67475779277305 12.486890987748446 1.9855430700610857
    vertex 68.73609130545273 12.021016706563907 -0.014456929938914858
    vertex 68.73609130545273 12.021016706563907 1.9855430700610857
  endloop
endfacet
facet normal -0.9914448613738115 -0.1305261922200445 0.0
  outer loop
    vertex 68.73609130545273 12.021016706563907 -0.014456929938914858
    vertex 68.67475779277305 12.486890987748446 1.9855430700610857
    vertex 68.67475779277305 12.486890987748446 -0.01445692993891483
  endloop
endfacet
facet normal -0.9238795325112846 -0.3826834323650949 0.0
  outer loop
    vertex 68.73609130545273 12.021016706563907 1.9855430700610857
    vertex 68.91591206596107 11.586890987748445 -0.014456929938914943
    vertex 68.91591206596107 11.586890987748445 1.9855430700610857
  endloop
endfacet
facet normal -0.9238795325112846 -0.3826834323650949 0.0
  outer loop
    vertex 68.91591206596107 11.586890987748445 -0.014456929938914943
    vertex 68.73609130545273 12.021016706563907 1.9855430700610857
    vertex 68.73609130545273 12.021016706563907 -0.014456929938914858
  endloop
endfacet
facet normal -0.7933533402912345 -0.6087614290087218 0.0
  outer loop
    vertex 68.91591206596107 11.586890987748445 1.9855430700610857
    vertex 69.20196558663727 11.214098781612662 -0.014456929938915076
    vertex 69.20196558663727 11.214098781612662 1.9855430700610857
  endloop
endfacet
facet normal -0.7933533402912345 -0.6087614290087218 0.0
  outer loop
    vertex 69.20196558663727 11.214098781612662 -0.014456929938915076
    vertex 68.91591206596107 11.586890987748445 1.9855430700610857
    vertex 68.91591206596107 11.586890987748445 -0.014456929938914943
  endloop
endfacet
facet normal -0.6087614290087208 -0.7933533402912353 0.0
  outer loop
    vertex 69.20196558663727 11.214098781612662 -0.014456929938915076
    vertex 69.57475779277306 10.928045260936457 1.985543070061085
    vertex 69.20196558663727 11.214098781612662 1.9855430700610857
  endloop
endfacet
facet normal -0.6087614290087208 -0.7933533402912353 0.0
  outer loop
    vertex 69.57475779277306 10.928045260936457 1.985543070061085
    vertex 69.20196558663727 11.214098781612662 -0.014456929938915076
    vertex 69.57475779277306 10.928045260936457 -0.01445692993891525
  endloop
endfacet
facet normal -0.38268343236509134 -0.9238795325112861 0.0
  outer loop
    vertex 69.57475779277306 10.928045260936457 -0.01445692993891525
    vertex 70.00888351158851 10.748224500428124 1.985543070061085
    vertex 69.57475779277306 10.928045260936457 1.985543070061085
  endloop
endfacet
facet normal -0.38268343236509134 -0.9238795325112861 0.0
  outer loop
    vertex 70.00888351158851 10.748224500428124 1.985543070061085
    vertex 69.57475779277306 10.928045260936457 -0.01445692993891525
    vertex 70.00888351158851 10.748224500428124 -0.01445692993891545
  endloop
endfacet
facet normal -0.1305261922200502 -0.9914448613738107 0.0
  outer loop
    vertex 70.00888351158851 10.748224500428124 1.985543070061085
    vertex 70.47475779277305 10.686890987748448 -0.014456929938914257
    vertex 70.47475779277305 10.686890987748448 1.9855430700610863
  endloop
endfacet
facet normal -0.1305261922200502 -0.9914448613738107 0.0
  outer loop
    vertex 70.47475779277305 10.686890987748448 -0.014456929938914257
    vertex 70.00888351158851 10.748224500428124 1.985543070061085
    vertex 70.00888351158851 10.748224500428124 -0.01445692993891545
  endloop
endfacet
facet normal 0.13052619222005316 -0.9914448613738104 0.0
  outer loop
    vertex 70.47475779277305 10.686890987748448 -0.014456929938914257
    vertex 70.94063207395759 10.748224500428126 1.9855430700610863
    vertex 70.47475779277305 10.686890987748448 1.9855430700610863
  endloop
endfacet
facet normal 0.13052619222005316 -0.9914448613738104 0.0
  outer loop
    vertex 70.94063207395759 10.748224500428126 1.9855430700610863
    vertex 70.47475779277305 10.686890987748448 -0.014456929938914257
    vertex 70.94063207395759 10.748224500428126 -0.014456929938914473
  endloop
endfacet
facet normal 0.38268343236509134 -0.9238795325112861 0.0
  outer loop
    vertex 70.94063207395759 10.748224500428126 -0.014456929938914473
    vertex 71.37475779277305 10.92804526093646 1.9855430700610857
    vertex 70.94063207395759 10.748224500428126 1.9855430700610863
  endloop
endfacet
facet normal 0.38268343236509134 -0.9238795325112861 0.0
  outer loop
    vertex 71.37475779277305 10.92804526093646 1.9855430700610857
    vertex 70.94063207395759 10.748224500428126 -0.014456929938914473
    vertex 71.37475779277305 10.92804526093646 -0.014456929938914675
  endloop
endfacet
facet normal 0.6087614290087189 -0.7933533402912365 0.0
  outer loop
    vertex 71.37475779277305 10.92804526093646 -0.014456929938914675
    vertex 71.74754999890884 11.214098781612662 1.9855430700610857
    vertex 71.37475779277305 10.92804526093646 1.9855430700610857
  endloop
endfacet
facet normal 0.6087614290087189 -0.7933533402912365 0.0
  outer loop
    vertex 71.74754999890884 11.214098781612662 1.9855430700610857
    vertex 71.37475779277305 10.92804526093646 -0.014456929938914675
    vertex 71.74754999890884 11.214098781612662 -0.014456929938914849
  endloop
endfacet
facet normal 0.7933533402912356 -0.6087614290087203 0.0
  outer loop
    vertex 72.03360351958504 11.586890987748447 -0.014456929938914983
    vertex 71.74754999890884 11.214098781612662 1.9855430700610857
    vertex 71.74754999890884 11.214098781612662 -0.014456929938914849
  endloop
endfacet
facet normal 0.7933533402912356 -0.6087614290087203 0.0
  outer loop
    vertex 71.74754999890884 11.214098781612662 1.9855430700610857
    vertex 72.03360351958504 11.586890987748447 -0.014456929938914983
    vertex 72.03360351958504 11.586890987748447 1.9855430700610857
  endloop
endfacet
facet normal 0.9238795325112849 -0.3826834323650944 0.0
  outer loop
    vertex 72.21342428009338 12.021016706563909 -0.014456929938915064
    vertex 72.03360351958504 11.586890987748447 1.9855430700610857
    vertex 72.03360351958504 11.586890987748447 -0.014456929938914983
  endloop
endfacet
facet normal 0.9238795325112849 -0.3826834323650944 0.0
  outer loop
    vertex 72.03360351958504 11.586890987748447 1.9855430700610857
    vertex 72.21342428009338 12.021016706563909 -0.014456929938915064
    vertex 72.21342428009338 12.021016706563909 1.9855430700610857
  endloop
endfacet
facet normal 0.9914448613738114 -0.13052619222004508 0.0
  outer loop
    vertex 72.27475779277304 12.486890987748446 -0.014456929938915095
    vertex 72.21342428009338 12.021016706563909 1.9855430700610857
    vertex 72.21342428009338 12.021016706563909 -0.014456929938915064
  endloop
endfacet
facet normal 0.9914448613738114 -0.13052619222004508 0.0
  outer loop
    vertex 72.21342428009338 12.021016706563909 1.9855430700610857
    vertex 72.27475779277304 12.486890987748446 -0.014456929938915095
    vertex 72.27475779277304 12.486890987748446 1.9855430700610857
  endloop
endfacet
facet normal 0.9914448613738114 0.1305261922200447 0.0
  outer loop
    vertex 72.21342428009338 12.95276526893298 -0.014456929938915064
    vertex 72.27475779277304 12.486890987748446 1.9855430700610857
    vertex 72.27475779277304 12.486890987748446 -0.014456929938915095
  endloop
endfacet
facet normal 0.9914448613738114 0.1305261922200447 0.0
  outer loop
    vertex 72.27475779277304 12.486890987748446 1.9855430700610857
    vertex 72.21342428009338 12.95276526893298 -0.014456929938915064
    vertex 72.21342428009338 12.95276526893298 1.9855430700610857
  endloop
endfacet
facet normal 0.9238795325112846 0.3826834323650949 0.0
  outer loop
    vertex 72.03360351958504 13.386890987748446 -0.014456929938914983
    vertex 72.21342428009338 12.95276526893298 1.9855430700610857
    vertex 72.21342428009338 12.95276526893298 -0.014456929938915064
  endloop
endfacet
facet normal 0.9238795325112846 0.3826834323650949 0.0
  outer loop
    vertex 72.21342428009338 12.95276526893298 1.9855430700610857
    vertex 72.03360351958504 13.386890987748446 -0.014456929938914983
    vertex 72.03360351958504 13.386890987748446 1.9855430700610857
  endloop
endfacet
facet normal 0.7933533402912356 0.6087614290087203 0.0
  outer loop
    vertex 71.74754999890884 13.759683193884227 -0.014456929938914849
    vertex 72.03360351958504 13.386890987748446 1.9855430700610857
    vertex 72.03360351958504 13.386890987748446 -0.014456929938914983
  endloop
endfacet
facet normal 0.7933533402912356 0.6087614290087203 0.0
  outer loop
    vertex 72.03360351958504 13.386890987748446 1.9855430700610857
    vertex 71.74754999890884 13.759683193884227 -0.014456929938914849
    vertex 71.74754999890884 13.759683193884227 1.9855430700610857
  endloop
endfacet
facet normal 0.6087614290087198 0.7933533402912358 0.0
  outer loop
    vertex 71.74754999890884 13.759683193884227 -0.014456929938914849
    vertex 71.37475779277305 14.045736714560432 1.9855430700610857
    vertex 71.74754999890884 13.759683193884227 1.9855430700610857
  endloop
endfacet
facet normal 0.6087614290087198 0.7933533402912358 0.0
  outer loop
    vertex 71.37475779277305 14.045736714560432 1.9855430700610857
    vertex 71.74754999890884 13.759683193884227 -0.014456929938914849
    vertex 71.37475779277305 14.045736714560432 -0.014456929938914675
  endloop
endfacet
facet normal 0.38268343236509134 0.9238795325112861 0.0
  outer loop
    vertex 71.37475779277305 14.045736714560432 -0.014456929938914675
    vertex 70.94063207395759 14.225557475068765 1.9855430700610863
    vertex 71.37475779277305 14.045736714560432 1.9855430700610857
  endloop
endfacet
facet normal 0.38268343236509134 0.9238795325112861 0.0
  outer loop
    vertex 70.94063207395759 14.225557475068765 1.9855430700610863
    vertex 71.37475779277305 14.045736714560432 -0.014456929938914675
    vertex 70.94063207395759 14.225557475068765 -0.014456929938914473
  endloop
endfacet
facet normal 0.0 0.0 1.0
  outer loop
    vertex 14.213424280093346 12.95276526893298 1.9855430700611054
    vertex 14.213424280093346 12.021016706563907 1.9855430700611054
    vertex 14.274757792773018 12.486890987748446 1.9855430700611054
  endloop
endfacet
facet normal 0.0 0.0 1.0
  outer loop
    vertex 14.213424280093346 12.021016706563907 1.9855430700611054
    vertex 14.213424280093346 12.95276526893298 1.9855430700611054
    vertex 14.033603519585009 13.386890987748446 1.9855430700611054
  endloop
endfacet
facet normal 0.0 0.0 1.0
  outer loop
    vertex 14.213424280093346 12.021016706563907 1.9855430700611054
    vertex 14.033603519585009 13.386890987748446 1.9855430700611054
    vertex 14.033603519585009 11.586890987748445 1.9855430700611054
  endloop
endfacet
facet normal 0.0 0.0 1.0
  outer loop
    vertex 14.033603519585009 11.586890987748445 1.9855430700611054
    vertex 14.033603519585009 13.386890987748446 1.9855430700611054
    vertex 13.747549998908806 13.759683193884232 1.9855430700611054
  endloop
endfacet
facet normal 0.0 0.0 1.0
  outer loop
    vertex 14.033603519585009 11.586890987748445 1.9855430700611054
    vertex 13.747549998908806 13.759683193884232 1.9855430700611054
    vertex 13.747549998908806 11.21409878161266 1.9855430700611054
  endloop
endfacet
facet normal 0.0 0.0 1.0
  outer loop
    vertex 13.747549998908806 11.21409878161266 1.9855430700611054
    vertex 13.747549998908806 13.759683193884232 1.9855430700611054
    vertex 13.374757792773021 14.045736714560435 1.9855430700611054
  endloop
endfacet
facet normal 0.0 0.0 1.0
  outer loop
    vertex 13.747549998908806 11.21409878161266 1.9855430700611054
    vertex 13.374757792773021 14.045736714560435 1.9855430700611054
    vertex 13.374757792773021 10.928045260936457 1.9855430700611054
  endloop
endfacet
facet normal 0.0 0.0 1.0
  outer loop
    vertex 13.374757792773021 10.928045260936457 1.9855430700611054
    vertex 13.374757792773021 14.045736714560435 1.9855430700611054
    vertex 12.94063207395756 14.225557475068769 1.985543070061106
  endloop
endfacet
facet normal 0.0 0.0 1.0
  outer loop
    vertex 13.374757792773021 10.928045260936457 1.9855430700611054
    vertex 12.94063207395756 14.225557475068769 1.985543070061106
    vertex 12.94063207395756 10.748224500428124 1.985543070061106
  endloop
endfacet
facet normal 0.0 0.0 1.0
  outer loop
    vertex 12.94063207395756 10.748224500428124 1.985543070061106
    vertex 12.94063207395756 14.225557475068769 1.985543070061106
    vertex 12.474757792773023 14.286890987748444 1.9855430700611048
  endloop
endfacet
facet normal 0.0 0.0 1.0
  outer loop
    vertex 12.94063207395756 10.748224500428124 1.985543070061106
    vertex 12.474757792773023 14.286890987748444 1.9855430700611048
    vertex 12.474757792773023 10.686890987748445 1.9855430700611048
  endloop
endfacet
facet normal 0.0 0.0 1.0
  outer loop
    vertex 12.474757792773023 10.686890987748445 1.9855430700611048
    vertex 12.474757792773023 14.286890987748444 1.9855430700611048
    vertex 12.008883511588483 14.225557475068765 1.9855430700611048
  endloop
endfacet
facet normal 0.0 0.0 1.0
  outer loop
    vertex 12.474757792773023 10.686890987748445 1.9855430700611048
    vertex 12.008883511588483 14.225557475068765 1.9855430700611048
    vertex 12.008883511588483 10.748224500428122 1.9855430700611048
  endloop
endfacet
facet normal 0.0 0.0 1.0
  outer loop
    vertex 12.008883511588483 10.748224500428122 1.9855430700611048
    vertex 12.008883511588483 14.225557475068765 1.9855430700611048
    vertex 11.574757792773024 14.045736714560435 1.9855430700611054
  endloop
endfacet
facet normal 0.0 0.0 1.0
  outer loop
    vertex 12.008883511588483 10.748224500428122 1.9855430700611048
    vertex 11.574757792773024 14.045736714560435 1.9855430700611054
    vertex 11.574757792773024 10.928045260936456 1.9855430700611054
  endloop
endfacet
facet normal 0.0 0.0 1.0
  outer loop
    vertex 11.574757792773024 10.928045260936456 1.9855430700611054
    vertex 11.574757792773024 14.045736714560435 1.9855430700611054
    vertex 11.201965586637238 13.759683193884232 1.9855430700611054
  endloop
endfacet
facet normal 0.0 0.0 1.0
  outer loop
    vertex 11.574757792773024 10.928045260936456 1.9855430700611054
    vertex 11.201965586637238 13.759683193884232 1.9855430700611054
    vertex 11.201965586637238 11.214098781612659 1.9855430700611054
  endloop
endfacet
facet normal 0.0 0.0 1.0
  outer loop
    vertex 11.201965586637238 11.214098781612659 1.9855430700611054
    vertex 11.201965586637238 13.759683193884232 1.9855430700611054
    vertex 10.915912065961024 13.386890987748446 1.9855430700611054
  endloop
endfacet
facet normal 0.0 0.0 1.0
  outer loop
    vertex 11.201965586637238 11.214098781612659 1.9855430700611054
    vertex 10.915912065961024 13.386890987748446 1.9855430700611054
    vertex 10.915912065961024 11.586890987748443 1.9855430700611054
  endloop
endfacet
facet normal 0.0 0.0 1.0
  outer loop
    vertex 10.915912065961024 11.586890987748443 1.9855430700611054
    vertex 10.915912065961024 13.386890987748446 1.9855430700611054
    vertex 10.7360913054527 12.95276526893298 1.9855430700611054
  endloop
endfacet
facet normal 0.0 0.0 1.0
  outer loop
    vertex 10.915912065961024 11.586890987748443 1.9855430700611054
    vertex 10.7360913054527 12.95276526893298 1.9855430700611054
    vertex 10.7360913054527 12.021016706563906 1.9855430700611054
  endloop
endfacet
facet normal 0.0 0.0 1.0
  outer loop
    vertex 10.7360913054527 12.021016706563906 1.9855430700611054
    vertex 10.7360913054527 12.95276526893298 1.9855430700611054
    vertex 10.674757792773025 12.486890987748446 1.9855430700611054
  endloop
endfacet
facet normal -0.923879532511287 -0.3826834323650892 0.0
  outer loop
    vertex 10.7360913054527 12.021016706563906 1.9855430700611054
    vertex 10.915912065961034 11.586890987748443 -0.014456929938893618
    vertex 10.915912065961024 11.586890987748443 1.9855430700611054
  endloop
endfacet
facet normal -0.923879532511287 -0.3826834323650892 0.0
  outer loop
    vertex 10.915912065961034 11.586890987748443 -0.014456929938893618
    vertex 10.7360913054527 12.021016706563906 1.9855430700611054
    vertex 10.7360913054527 12.021016706563906 -0.014456929938893534
  endloop
endfacet
facet normal -0.7933533402912326 -0.6087614290087241 0.0
  outer loop
    vertex 10.915912065961024 11.586890987748443 1.9855430700611054
    vertex 11.201965586637238 11.214098781612659 -0.01445692993889375
    vertex 11.201965586637238 11.214098781612659 1.9855430700611054
  endloop
endfacet
facet normal -0.7933533402912326 -0.6087614290087241 0.0
  outer loop
    vertex 11.201965586637238 11.214098781612659 -0.01445692993889375
    vertex 10.915912065961024 11.586890987748443 1.9855430700611054
    vertex 10.915912065961034 11.586890987748443 -0.014456929938893618
  endloop
endfacet
facet normal -0.6087614290087208 -0.7933533402912353 0.0
  outer loop
    vertex 11.201965586637238 11.214098781612659 -0.01445692993889375
    vertex 11.574757792773024 10.928045260936456 1.9855430700611054
    vertex 11.201965586637238 11.214098781612659 1.9855430700611054
  endloop
endfacet
facet normal -0.6087614290087208 -0.7933533402912353 0.0
  outer loop
    vertex 11.574757792773024 10.928045260936456 1.9855430700611054
    vertex 11.201965586637238 11.214098781612659 -0.01445692993889375
    vertex 11.574757792773024 10.928045260936456 -0.014456929938893923
  endloop
endfacet
facet normal -0.3826834323650892 -0.923879532511287 0.0
  outer loop
    vertex 11.574757792773024 10.928045260936456 -0.014456929938893923
    vertex 12.008883511588483 10.748224500428122 1.9855430700611048
    vertex 11.574757792773024 10.928045260936456 1.9855430700611054
  endloop
endfacet
facet normal -0.3826834323650892 -0.923879532511287 0.0
  outer loop
    vertex 12.008883511588483 10.748224500428122 1.9855430700611048
    vertex 11.574757792773024 10.928045260936456 -0.014456929938893923
    vertex 12.008883511588483 10.748224500428122 -0.014456929938894126
  endloop
endfacet
facet normal -0.13052619222005096 -0.9914448613738105 0.0
  outer loop
    vertex 12.008883511588483 10.748224500428122 -0.014456929938894126
    vertex 12.474757792773023 10.686890987748445 1.9855430700611048
    vertex 12.008883511588483 10.748224500428122 1.9855430700611048
  endloop
endfacet
facet normal -0.13052619222005096 -0.9914448613738105 0.0
  outer loop
    vertex 12.474757792773023 10.686890987748445 1.9855430700611048
    vertex 12.008883511588483 10.748224500428122 -0.014456929938894126
    vertex 12.474757792773023 10.686890987748445 -0.014456929938894341
  endloop
endfacet
facet normal 0.13052619222005316 -0.9914448613738104 0.0
  outer loop
    vertex 12.474757792773023 10.686890987748445 1.9855430700611048
    vertex 12.94063207395756 10.748224500428124 -0.01445692993889315
    vertex 12.94063207395756 10.748224500428124 1.985543070061106
  endloop
endfacet
facet normal 0.13052619222005316 -0.9914448613738104 0.0
  outer loop
    vertex 12.94063207395756 10.748224500428124 -0.01445692993889315
    vertex 12.474757792773023 10.686890987748445 1.9855430700611048
    vertex 12.474757792773023 10.686890987748445 -0.014456929938894341
  endloop
endfacet
facet normal 0.3826834323650892 -0.923879532511287 0.0
  outer loop
    vertex 12.94063207395756 10.748224500428124 -0.01445692993889315
    vertex 13.374757792773021 10.928045260936457 1.9855430700611054
    vertex 12.94063207395756 10.748224500428124 1.985543070061106
  endloop
endfacet
facet normal 0.3826834323650892 -0.923879532511287 0.0
  outer loop
    vertex 13.374757792773021 10.928045260936457 1.9855430700611054
    vertex 12.94063207395756 10.748224500428124 -0.01445692993889315
    vertex 13.374757792773021 10.928045260936457 -0.01445692993889335
  endloop
endfacet
facet normal 0.6087614290087208 -0.7933533402912353 0.0
  outer loop
    vertex 13.374757792773021 10.928045260936457 -0.01445692993889335
    vertex 13.747549998908806 11.21409878161266 1.9855430700611054
    vertex 13.374757792773021 10.928045260936457 1.9855430700611054
  endloop
endfacet
facet normal 0.6087614290087208 -0.7933533402912353 0.0
  outer loop
    vertex 13.747549998908806 11.21409878161266 1.9855430700611054
    vertex 13.374757792773021 10.928045260936457 -0.01445692993889335
    vertex 13.747549998908806 11.21409878161266 -0.014456929938893524
  endloop
endfacet
facet normal 0.7933533402912356 -0.6087614290087203 0.0
  outer loop
    vertex 14.033603519585009 11.586890987748445 -0.014456929938893656
    vertex 13.747549998908806 11.21409878161266 1.9855430700611054
    vertex 13.747549998908806 11.21409878161266 -0.014456929938893524
  endloop
endfacet
facet normal 0.7933533402912356 -0.6087614290087203 0.0
  outer loop
    vertex 13.747549998908806 11.21409878161266 1.9855430700611054
    vertex 14.033603519585009 11.586890987748445 -0.014456929938893656
    vertex 14.033603519585009 11.586890987748445 1.9855430700611054
  endloop
endfacet
facet normal 0.9238795325112872 -0.3826834323650887 0.0
  outer loop
    vertex 14.213424280093346 12.021016706563907 -0.01445692993889374
    vertex 14.033603519585009 11.586890987748445 1.9855430700611054
    vertex 14.033603519585009 11.586890987748445 -0.014456929938893656
  endloop
endfacet
facet normal 0.9238795325112872 -0.3826834323650887 0.0
  outer loop
    vertex 14.033603519585009 11.586890987748445 1.9855430700611054
    vertex 14.213424280093346 12.021016706563907 -0.01445692993889374
    vertex 14.213424280093346 12.021016706563907 1.9855430700611054
  endloop
endfacet
facet normal 0.9914448613738105 -0.13052619222005077 0.0
  outer loop
    vertex 14.274757792773018 12.486890987748446 -0.014456929938893769
    vertex 14.213424280093346 12.021016706563907 1.9855430700611054
    vertex 14.213424280093346 12.021016706563907 -0.01445692993889374
  endloop
endfacet
facet normal 0.9914448613738105 -0.13052619222005077 0.0
  outer loop
    vertex 14.213424280093346 12.021016706563907 1.9855430700611054
    vertex 14.274757792773018 12.486890987748446 -0.014456929938893769
    vertex 14.274757792773018 12.486890987748446 1.9855430700611054
  endloop
endfacet
facet normal 0.9914448613738107 0.1305261922200506 0.0
  outer loop
    vertex 14.213424280093346 12.95276526893298 -0.01445692993889374
    vertex 14.274757792773018 12.486890987748446 1.9855430700611054
    vertex 14.274757792773018 12.486890987748446 -0.014456929938893769
  endloop
endfacet
facet normal 0.9914448613738107 0.1305261922200506 0.0
  outer loop
    vertex 14.274757792773018 12.486890987748446 1.9855430700611054
    vertex 14.213424280093346 12.95276526893298 -0.01445692993889374
    vertex 14.213424280093346 12.95276526893298 1.9855430700611054
  endloop
endfacet
facet normal 0.9238795325112872 0.3826834323650887 0.0
  outer loop
    vertex 14.033603519585009 13.386890987748446 -0.014456929938893656
    vertex 14.213424280093346 12.95276526893298 1.9855430700611054
    vertex 14.213424280093346 12.95276526893298 -0.01445692993889374
  endloop
endfacet
facet normal 0.9238795325112872 0.3826834323650887 0.0
  outer loop
    vertex 14.213424280093346 12.95276526893298 1.9855430700611054
    vertex 14.033603519585009 13.386890987748446 -0.014456929938893656
    vertex 14.033603519585009 13.386890987748446 1.9855430700611054
  endloop
endfacet
facet normal 0.7933533402912332 0.6087614290087234 0.0
  outer loop
    vertex 13.747549998908806 13.759683193884232 -0.014456929938893524
    vertex 14.033603519585009 13.386890987748446 1.9855430700611054
    vertex 14.033603519585009 13.386890987748446 -0.014456929938893656
  endloop
endfacet
facet normal 0.7933533402912332 0.6087614290087234 0.0
  outer loop
    vertex 14.033603519585009 13.386890987748446 1.9855430700611054
    vertex 13.747549998908806 13.759683193884232 -0.014456929938893524
    vertex 13.747549998908806 13.759683193884232 1.9855430700611054
  endloop
endfacet
facet normal 0.6087614290087198 0.7933533402912358 0.0
  outer loop
    vertex 13.747549998908806 13.759683193884232 -0.014456929938893524
    vertex 13.374757792773021 14.045736714560435 1.9855430700611054
    vertex 13.747549998908806 13.759683193884232 1.9855430700611054
  endloop
endfacet
facet normal 0.6087614290087198 0.7933533402912358 0.0
  outer loop
    vertex 13.374757792773021 14.045736714560435 1.9855430700611054
    vertex 13.747549998908806 13.759683193884232 -0.014456929938893524
    vertex 13.374757792773021 14.045736714560435 -0.01445692993889335
  endloop
endfacet
facet normal 0.3826834323650906 0.9238795325112865 0.0
  outer loop
    vertex 13.374757792773021 14.045736714560435 -0.01445692993889335
    vertex 12.94063207395756 14.225557475068769 1.985543070061106
    vertex 13.374757792773021 14.045736714560435 1.9855430700611054
  endloop
endfacet
facet normal 0.3826834323650906 0.9238795325112865 0.0
  outer loop
    vertex 12.94063207395756 14.225557475068769 1.985543070061106
    vertex 13.374757792773021 14.045736714560435 -0.01445692993889335
    vertex 12.94063207395756 14.225557475068769 -0.01445692993889315
  endloop
endfacet
facet normal 0.13052619222005096 0.9914448613738105 0.0
  outer loop
    vertex 12.94063207395756 14.225557475068769 -0.01445692993889315
    vertex 12.474757792773023 14.286890987748444 1.9855430700611048
    vertex 12.94063207395756 14.225557475068769 1.985543070061106
  endloop
endfacet
facet normal 0.13052619222005096 0.9914448613738105 0.0
  outer loop
    vertex 12.474757792773023 14.286890987748444 1.9855430700611048
    vertex 12.94063207395756 14.225557475068769 -0.01445692993889315
    vertex 12.474757792773023 14.286890987748444 -0.014456929938894341
  endloop
endfacet
facet normal -0.13052619222005166 0.9914448613738104 0.0
  outer loop
    vertex 12.474757792773023 14.286890987748444 -0.014456929938894341
    vertex 12.008883511588483 14.225557475068765 1.9855430700611048
    vertex 12.474757792773023 14.286890987748444 1.9855430700611048
  endloop
endfacet
facet normal -0.13052619222005166 0.9914448613738104 0.0
  outer loop
    vertex 12.008883511588483 14.225557475068765 1.9855430700611048
    vertex 12.474757792773023 14.286890987748444 -0.014456929938894341
    vertex 12.008883511588483 14.225557475068765 -0.014456929938894126
  endloop
endfacet
facet normal -0.3826834323650892 0.923879532511287 0.0
  outer loop
    vertex 12.008883511588483 14.225557475068765 -0.014456929938894126
    vertex 11.574757792773024 14.045736714560435 1.9855430700611054
    vertex 12.008883511588483 14.225557475068765 1.9855430700611048
  endloop
endfacet
facet normal -0.3826834323650892 0.923879532511287 0.0
  outer loop
    vertex 11.574757792773024 14.045736714560435 1.9855430700611054
    vertex 12.008883511588483 14.225557475068765 -0.014456929938894126
    vertex 11.574757792773024 14.045736714560435 -0.014456929938893923
  endloop
endfacet
facet normal -0.6087614290087228 0.7933533402912337 0.0
  outer loop
    vertex 11.574757792773024 14.045736714560435 -0.014456929938893923
    vertex 11.201965586637238 13.759683193884232 1.9855430700611054
    vertex 11.574757792773024 14.045736714560435 1.9855430700611054
  endloop
endfacet
facet normal -0.6087614290087228 0.7933533402912337 0.0
  outer loop
    vertex 11.201965586637238 13.759683193884232 1.9855430700611054
    vertex 11.574757792773024 14.045736714560435 -0.014456929938893923
    vertex 11.201965586637238 13.759683193884232 -0.01445692993889375
  endloop
endfacet
facet normal -0.7933533402912338 0.6087614290087227 0.0
  outer loop
    vertex 11.201965586637238 13.759683193884232 1.9855430700611054
    vertex 10.915912065961034 13.386890987748446 -0.014456929938893618
    vertex 10.915912065961024 13.386890987748446 1.9855430700611054
  endloop
endfacet
facet normal -0.7933533402912338 0.6087614290087227 0.0
  outer loop
    vertex 10.915912065961034 13.386890987748446 -0.014456929938893618
    vertex 11.201965586637238 13.759683193884232 1.9855430700611054
    vertex 11.201965586637238 13.759683193884232 -0.01445692993889375
  endloop
endfacet
facet normal -0.923879532511287 0.3826834323650892 0.0
  outer loop
    vertex 10.915912065961024 13.386890987748446 1.9855430700611054
    vertex 10.7360913054527 12.95276526893298 -0.014456929938893534
    vertex 10.7360913054527 12.95276526893298 1.9855430700611054
  endloop
endfacet
facet normal -0.923879532511287 0.3826834323650892 0.0
  outer loop
    vertex 10.7360913054527 12.95276526893298 -0.014456929938893534
    vertex 10.915912065961024 13.386890987748446 1.9855430700611054
    vertex 10.915912065961034 13.386890987748446 -0.014456929938893618
  endloop
endfacet
facet normal -0.9914448613738107 0.1305261922200506 0.0
  outer loop
    vertex 10.7360913054527 12.95276526893298 1.9855430700611054
    vertex 10.674757792773025 12.486890987748446 -0.014456929938893505
    vertex 10.674757792773025 12.486890987748446 1.9855430700611054
  endloop
endfacet
facet normal -0.9914448613738107 0.1305261922200506 0.0
  outer loop
    vertex 10.674757792773025 12.486890987748446 -0.014456929938893505
    vertex 10.7360913054527 12.95276526893298 1.9855430700611054
    vertex 10.7360913054527 12.95276526893298 -0.014456929938893534
  endloop
endfacet
facet normal -0.9914448613738107 -0.1305261922200502 0.0
  outer loop
    vertex 10.674757792773025 12.486890987748446 1.9855430700611054
    vertex 10.7360913054527 12.021016706563906 -0.014456929938893534
    vertex 10.7360913054527 12.021016706563906 1.9855430700611054
  endloop
endfacet
facet normal -0.9914448613738107 -0.1305261922200502 0.0
  outer loop
    vertex 10.7360913054527 12.021016706563906 -0.014456929938893534
    vertex 10.674757792773025 12.486890987748446 1.9855430700611054
    vertex 10.674757792773025 12.486890987748446 -0.014456929938893505
  endloop
endfacet
facet normal 8.587993843434256e-16 1.1306308387533044e-16 1.0
  outer loop
    vertex 14.213424280093346 70.95276526893298 1.9855430700610999
    vertex 14.213424280093346 70.0210167065639 1.9855430700610999
    vertex 14.274757792773018 70.48689098774844 1.9855430700610999
  endloop
endfacet
facet normal 8.587993843434256e-16 1.1306308387533044e-16 1.0
  outer loop
    vertex 14.213424280093346 70.0210167065639 1.9855430700610999
    vertex 14.213424280093346 70.95276526893298 1.9855430700610999
    vertex 14.033603519585009 71.38689098774843 1.9855430700610999
  endloop
endfacet
facet normal 8.587993843434256e-16 1.1306308387533044e-16 1.0
  outer loop
    vertex 14.213424280093346 70.0210167065639 1.9855430700610999
    vertex 14.033603519585009 71.38689098774843 1.9855430700610999
    vertex 14.033603519585009 69.58689098774843 1.9855430700610999
  endloop
endfacet
facet normal 8.587993843434256e-16 1.1306308387533044e-16 1.0
  outer loop
    vertex 14.033603519585009 69.58689098774843 1.9855430700610999
    vertex 14.033603519585009 71.38689098774843 1.9855430700610999
    vertex 13.747549998908806 71.75968319388423 1.9855430700610999
  endloop
endfacet
facet normal 8.587993843434256e-16 1.1306308387533044e-16 1.0
  outer loop
    vertex 14.033603519585009 69.58689098774843 1.9855430700610999
    vertex 13.747549998908806 71.75968319388423 1.9855430700610999
    vertex 13.747549998908806 69.21409878161265 1.9855430700610999
  endloop
endfacet
facet normal 8.587993843434256e-16 1.1306308387533044e-16 1.0
  outer loop
    vertex 13.747549998908806 69.21409878161265 1.9855430700610999
    vertex 13.747549998908806 71.75968319388423 1.9855430700610999
    vertex 13.374757792773021 72.04573671456042 1.9855430700610999
  endloop
endfacet
facet normal 8.587993843434256e-16 1.1306308387533044e-16 1.0
  outer loop
    vertex 13.747549998908806 69.21409878161265 1.9855430700610999
    vertex 13.374757792773021 72.04573671456042 1.9855430700610999
    vertex 13.374757792773021 68.92804526093646 1.9855430700611025
  endloop
endfacet
facet normal 8.587993843434256e-16 1.1306308387533044e-16 1.0
  outer loop
    vertex 13.374757792773021 68.92804526093646 1.9855430700611025
    vertex 13.374757792773021 72.04573671456042 1.9855430700610999
    vertex 12.94063207395756 72.22555747506875 1.9855430700611034
  endloop
endfacet
facet normal 8.587993843434256e-16 1.1306308387533044e-16 1.0
  outer loop
    vertex 13.374757792773021 68.92804526093646 1.9855430700611025
    vertex 12.94063207395756 72.22555747506875 1.9855430700611034
    vertex 12.94063207395756 68.74822450042811 1.9855430700611034
  endloop
endfacet
facet normal 8.587993843434256e-16 1.1306308387533044e-16 1.0
  outer loop
    vertex 12.94063207395756 68.74822450042811 1.9855430700611034
    vertex 12.94063207395756 72.22555747506875 1.9855430700611034
    vertex 12.474757792773023 72.28689098774844 1.9855430700611019
  endloop
endfacet
facet normal 8.587993843434256e-16 1.1306308387533044e-16 1.0
  outer loop
    vertex 12.94063207395756 68.74822450042811 1.9855430700611034
    vertex 12.474757792773023 72.28689098774844 1.9855430700611019
    vertex 12.474757792773023 68.68689098774844 1.9855430700611019
  endloop
endfacet
facet normal 8.587993843434256e-16 1.1306308387533044e-16 1.0
  outer loop
    vertex 12.474757792773023 68.68689098774844 1.9855430700611019
    vertex 12.474757792773023 72.28689098774844 1.9855430700611019
    vertex 12.008883511588483 72.22555747506875 1.9855430700611019
  endloop
endfacet
facet normal 8.587993843434256e-16 1.1306308387533044e-16 1.0
  outer loop
    vertex 12.474757792773023 68.68689098774844 1.9855430700611019
    vertex 12.008883511588483 72.22555747506875 1.9855430700611019
    vertex 12.008883511588483 68.74822450042811 1.9855430700611019
  endloop
endfacet
facet normal 8.587993843434256e-16 1.1306308387533044e-16 1.0
  outer loop
    vertex 12.008883511588483 68.74822450042811 1.9855430700611019
    vertex 12.008883511588483 72.22555747506875 1.9855430700611019
    vertex 11.574757792773024 72.04573671456042 1.9855430700611025
  endloop
endfacet
facet normal 8.587993843434256e-16 1.1306308387533044e-16 1.0
  outer loop
    vertex 12.008883511588483 68.74822450042811 1.9855430700611019
    vertex 11.574757792773024 72.04573671456042 1.9855430700611025
    vertex 11.574757792773024 68.92804526093646 1.9855430700611025
  endloop
endfacet
facet normal 8.587993843434256e-16 1.1306308387533044e-16 1.0
  outer loop
    vertex 11.574757792773024 68.92804526093646 1.9855430700611025
    vertex 11.574757792773024 72.04573671456042 1.9855430700611025
    vertex 11.201965586637238 71.75968319388423 1.9855430700611025
  endloop
endfacet
facet normal 8.587993843434256e-16 1.1306308387533044e-16 1.0
  outer loop
    vertex 11.574757792773024 68.92804526093646 1.9855430700611025
    vertex 11.201965586637238 71.75968319388423 1.9855430700611025
    vertex 11.201965586637238 69.21409878161265 1.9855430700611025
  endloop
endfacet
facet normal 8.587993843434256e-16 1.1306308387533044e-16 1.0
  outer loop
    vertex 11.201965586637238 69.21409878161265 1.9855430700611025
    vertex 11.201965586637238 71.75968319388423 1.9855430700611025
    vertex 10.915912065961034 71.38689098774843 1.9855430700611025
  endloop
endfacet
facet normal 8.587993843434256e-16 1.1306308387533044e-16 1.0
  outer loop
    vertex 11.201965586637238 69.21409878161265 1.9855430700611025
    vertex 10.915912065961034 71.38689098774843 1.9855430700611025
    vertex 10.915912065961034 69.58689098774843 1.9855430700611025
  endloop
endfacet
facet normal 8.587993843434256e-16 1.1306308387533044e-16 1.0
  outer loop
    vertex 10.915912065961034 69.58689098774843 1.9855430700611025
    vertex 10.915912065961034 71.38689098774843 1.9855430700611025
    vertex 10.7360913054527 70.95276526893298 1.9855430700611025
  endloop
endfacet
facet normal 8.587993843434256e-16 1.1306308387533044e-16 1.0
  outer loop
    vertex 10.915912065961034 69.58689098774843 1.9855430700611025
    vertex 10.7360913054527 70.95276526893298 1.9855430700611025
    vertex 10.7360913054527 70.0210167065639 1.9855430700611025
  endloop
endfacet
facet normal 8.587993843434256e-16 1.1306308387533044e-16 1.0
  outer loop
    vertex 10.7360913054527 70.0210167065639 1.9855430700611025
    vertex 10.7360913054527 70.95276526893298 1.9855430700611025
    vertex 10.674757792773025 70.48689098774844 1.9855430700611025
  endloop
endfacet
facet normal -0.6087614290087218 0.7933533402912345 4.331049651885929e-16
  outer loop
    vertex 11.574757792773024 72.04573671456042 -0.014456929938898152
    vertex 11.201965586637238 71.75968319388423 1.9855430700611025
    vertex 11.574757792773024 72.04573671456042 1.9855430700611025
  endloop
endfacet
facet normal -0.6087614290087218 0.7933533402912345 4.331049651885929e-16
  outer loop
    vertex 11.201965586637238 71.75968319388423 1.9855430700611025
    vertex 11.574757792773024 72.04573671456042 -0.014456929938898152
    vertex 11.201965586637238 71.75968319388423 -0.01445692993889657
  endloop
endfacet
facet normal -0.7933533402912338 0.6087614290087227 6.125029157008326e-16
  outer loop
    vertex 11.201965586637238 71.75968319388423 1.9855430700611025
    vertex 10.915912065961034 71.38689098774843 -0.014456929938896437
    vertex 10.915912065961034 71.38689098774843 1.9855430700611025
  endloop
endfacet
facet normal -0.7933533402912338 0.6087614290087227 6.125029157008326e-16
  outer loop
    vertex 10.915912065961034 71.38689098774843 -0.014456929938896437
    vertex 11.201965586637238 71.75968319388423 1.9855430700611025
    vertex 11.201965586637238 71.75968319388423 -0.01445692993889657
  endloop
endfacet
facet normal -0.9238795325112861 0.38268343236509134 7.501598047169907e-16
  outer loop
    vertex 10.915912065961034 71.38689098774843 1.9855430700611025
    vertex 10.7360913054527 70.95276526893298 -0.014456929938896355
    vertex 10.7360913054527 70.95276526893298 1.9855430700611025
  endloop
endfacet
facet normal -0.9238795325112861 0.38268343236509134 7.501598047169907e-16
  outer loop
    vertex 10.7360913054527 70.95276526893298 -0.014456929938896355
    vertex 10.915912065961034 71.38689098774843 1.9855430700611025
    vertex 10.915912065961034 71.38689098774843 -0.014456929938896437
  endloop
endfacet
facet normal -0.9914448613738107 0.1305261922200502 8.366945427393786e-16
  outer loop
    vertex 10.7360913054527 70.95276526893298 1.9855430700611025
    vertex 10.674757792773025 70.48689098774844 -0.014456929938896324
    vertex 10.674757792773025 70.48689098774844 1.9855430700611025
  endloop
endfacet
facet normal -0.9914448613738107 0.1305261922200502 8.366945427393786e-16
  outer loop
    vertex 10.674757792773025 70.48689098774844 -0.014456929938896324
    vertex 10.7360913054527 70.95276526893298 1.9855430700611025
    vertex 10.7360913054527 70.95276526893298 -0.014456929938896355
  endloop
endfacet
facet normal -0.9914448613738107 -0.1305261922200502 8.662099303771847e-16
  outer loop
    vertex 10.674757792773025 70.48689098774844 1.9855430700611025
    vertex 10.7360913054527 70.0210167065639 -0.014456929938896355
    vertex 10.7360913054527 70.0210167065639 1.9855430700611025
  endloop
endfacet
facet normal -0.9914448613738107 -0.1305261922200502 8.662099303771847e-16
  outer loop
    vertex 10.7360913054527 70.0210167065639 -0.014456929938896355
    vertex 10.674757792773025 70.48689098774844 1.9855430700611025
    vertex 10.674757792773025 70.48689098774844 -0.014456929938896324
  endloop
endfacet
facet normal -0.9238795325112861 -0.38268343236509134 8.36694542739378e-16
  outer loop
    vertex 10.7360913054527 70.0210167065639 1.9855430700611025
    vertex 10.915912065961034 69.58689098774843 -0.014456929938896437
    vertex 10.915912065961034 69.58689098774843 1.9855430700611025
  endloop
endfacet
facet normal -0.9238795325112861 -0.38268343236509134 8.36694542739378e-16
  outer loop
    vertex 10.915912065961034 69.58689098774843 -0.014456929938896437
    vertex 10.7360913054527 70.0210167065639 1.9855430700611025
    vertex 10.7360913054527 70.0210167065639 -0.014456929938896355
  endloop
endfacet
facet normal -0.7933533402912338 -0.6087614290087227 7.501598047169911e-16
  outer loop
    vertex 10.915912065961034 69.58689098774843 1.9855430700611025
    vertex 11.201965586637238 69.21409878161265 -0.01445692993889657
    vertex 11.201965586637238 69.21409878161265 1.9855430700611025
  endloop
endfacet
facet normal -0.7933533402912338 -0.6087614290087227 7.501598047169911e-16
  outer loop
    vertex 11.201965586637238 69.21409878161265 -0.01445692993889657
    vertex 10.915912065961034 69.58689098774843 1.9855430700611025
    vertex 10.915912065961034 69.58689098774843 -0.014456929938896437
  endloop
endfacet
facet normal -0.6087614290087189 -0.7933533402912365 6.125029157008335e-16
  outer loop
    vertex 11.201965586637238 69.21409878161265 -0.01445692993889657
    vertex 11.574757792773024 68.92804526093646 1.9855430700611025
    vertex 11.201965586637238 69.21409878161265 1.9855430700611025
  endloop
endfacet
facet normal -0.6087614290087189 -0.7933533402912365 6.125029157008335e-16
  outer loop
    vertex 11.574757792773024 68.92804526093646 1.9855430700611025
    vertex 11.201965586637238 69.21409878161265 -0.01445692993889657
    vertex 11.574757792773024 68.92804526093646 -0.014456929938896744
  endloop
endfacet
facet normal -0.3826834323650944 -0.9238795325112849 4.331049651885965e-16
  outer loop
    vertex 11.574757792773024 68.92804526093646 -0.014456929938896744
    vertex 12.008883511588483 68.74822450042811 1.9855430700611019
    vertex 11.574757792773024 68.92804526093646 1.9855430700611025
  endloop
endfacet
facet normal -0.3826834323650944 -0.9238795325112849 4.331049651885965e-16
  outer loop
    vertex 12.008883511588483 68.74822450042811 1.9855430700611019
    vertex 11.574757792773024 68.92804526093646 -0.014456929938896744
    vertex 12.008883511588483 68.74822450042811 -0.014456929938898357
  endloop
endfacet
facet normal -0.13052619222004508 -0.9914448613738114 2.2419162703853895e-16
  outer loop
    vertex 12.008883511588483 68.74822450042811 -0.014456929938898357
    vertex 12.474757792773023 68.68689098774844 1.9855430700611019
    vertex 12.008883511588483 68.74822450042811 1.9855430700611019
  endloop
endfacet
facet normal -0.13052619222004508 -0.9914448613738114 2.2419162703853895e-16
  outer loop
    vertex 12.474757792773023 68.68689098774844 1.9855430700611019
    vertex 12.008883511588483 68.74822450042811 -0.014456929938898357
    vertex 12.474757792773023 68.68689098774844 -0.014456929938898572
  endloop
endfacet
facet normal 0.1305261922200443 -0.9914448613738114 6.939510775616088e-30
  outer loop
    vertex 12.474757792773023 68.68689098774844 1.9855430700611019
    vertex 12.94063207395756 68.74822450042811 -0.014456929938897379
    vertex 12.94063207395756 68.74822450042811 1.9855430700611034
  endloop
endfacet
facet normal 0.1305261922200443 -0.9914448613738114 6.939510775616088e-30
  outer loop
    vertex 12.94063207395756 68.74822450042811 -0.014456929938897379
    vertex 12.474757792773023 68.68689098774844 1.9855430700611019
    vertex 12.474757792773023 68.68689098774844 -0.014456929938898572
  endloop
endfacet
facet normal 0.3826834323650944 -0.9238795325112849 -2.2419162703854753e-16
  outer loop
    vertex 12.94063207395756 68.74822450042811 -0.014456929938897379
    vertex 13.374757792773021 68.92804526093646 1.9855430700611025
    vertex 12.94063207395756 68.74822450042811 1.9855430700611034
  endloop
endfacet
facet normal 0.3826834323650944 -0.9238795325112849 -2.2419162703854753e-16
  outer loop
    vertex 13.374757792773021 68.92804526093646 1.9855430700611025
    vertex 12.94063207395756 68.74822450042811 -0.014456929938897379
    vertex 13.374757792773021 68.92804526093646 -0.01445692993889758
  endloop
endfacet
facet normal 0.6087614290087189 -0.7933533402912365 -4.331049651885901e-16
  outer loop
    vertex 13.374757792773021 68.92804526093646 -0.01445692993889758
    vertex 13.747549998908806 69.21409878161265 1.9855430700610999
    vertex 13.374757792773021 68.92804526093646 1.9855430700611025
  endloop
endfacet
facet normal 0.6087614290087189 -0.7933533402912365 -4.331049651885901e-16
  outer loop
    vertex 13.747549998908806 69.21409878161265 1.9855430700610999
    vertex 13.374757792773021 68.92804526093646 -0.01445692993889758
    vertex 13.747549998908806 69.21409878161265 -0.014456929938899164
  endloop
endfacet
facet normal 0.7933533402912365 -0.6087614290087189 -6.125029157008353e-16
  outer loop
    vertex 14.033603519585009 69.58689098774843 -0.014456929938899295
    vertex 13.747549998908806 69.21409878161265 1.9855430700610999
    vertex 13.747549998908806 69.21409878161265 -0.014456929938899164
  endloop
endfacet
facet normal 0.7933533402912365 -0.6087614290087189 -6.125029157008353e-16
  outer loop
    vertex 13.747549998908806 69.21409878161265 1.9855430700610999
    vertex 14.033603519585009 69.58689098774843 -0.014456929938899295
    vertex 14.033603519585009 69.58689098774843 1.9855430700610999
  endloop
endfacet
facet normal 0.9238795325112861 -0.38268343236509134 -7.501598047169907e-16
  outer loop
    vertex 14.213424280093346 70.0210167065639 -0.01445692993889938
    vertex 14.033603519585009 69.58689098774843 1.9855430700610999
    vertex 14.033603519585009 69.58689098774843 -0.014456929938899295
  endloop
endfacet
facet normal 0.9238795325112861 -0.38268343236509134 -7.501598047169907e-16
  outer loop
    vertex 14.033603519585009 69.58689098774843 1.9855430700610999
    vertex 14.213424280093346 70.0210167065639 -0.01445692993889938
    vertex 14.213424280093346 70.0210167065639 1.9855430700610999
  endloop
endfacet
facet normal 0.9914448613738107 -0.1305261922200502 -8.366945427393786e-16
  outer loop
    vertex 14.274757792773018 70.48689098774844 -0.014456929938899408
    vertex 14.213424280093346 70.0210167065639 1.9855430700610999
    vertex 14.213424280093346 70.0210167065639 -0.01445692993889938
  endloop
endfacet
facet normal 0.9914448613738107 -0.1305261922200502 -8.366945427393786e-16
  outer loop
    vertex 14.213424280093346 70.0210167065639 1.9855430700610999
    vertex 14.274757792773018 70.48689098774844 -0.014456929938899408
    vertex 14.274757792773018 70.48689098774844 1.9855430700610999
  endloop
endfacet
facet normal 0.9914448613738107 0.1305261922200502 -8.662099303771847e-16
  outer loop
    vertex 14.213424280093346 70.95276526893298 -0.01445692993889938
    vertex 14.274757792773018 70.48689098774844 1.9855430700610999
    vertex 14.274757792773018 70.48689098774844 -0.014456929938899408
  endloop
endfacet
facet normal 0.9914448613738107 0.1305261922200502 -8.662099303771847e-16
  outer loop
    vertex 14.274757792773018 70.48689098774844 1.9855430700610999
    vertex 14.213424280093346 70.95276526893298 -0.01445692993889938
    vertex 14.213424280093346 70.95276526893298 1.9855430700610999
  endloop
endfacet
facet normal 0.9238795325112861 0.38268343236509134 -8.36694542739378e-16
  outer loop
    vertex 14.033603519585009 71.38689098774843 -0.014456929938899295
    vertex 14.213424280093346 70.95276526893298 1.9855430700610999
    vertex 14.213424280093346 70.95276526893298 -0.01445692993889938
  endloop
endfacet
facet normal 0.9238795325112861 0.38268343236509134 -8.36694542739378e-16
  outer loop
    vertex 14.213424280093346 70.95276526893298 1.9855430700610999
    vertex 14.033603519585009 71.38689098774843 -0.014456929938899295
    vertex 14.033603519585009 71.38689098774843 1.9855430700610999
  endloop
endfacet
facet normal 0.7933533402912338 0.6087614290087227 -7.501598047169911e-16
  outer loop
    vertex 13.747549998908806 71.75968319388423 -0.014456929938899164
    vertex 14.033603519585009 71.38689098774843 1.9855430700610999
    vertex 14.033603519585009 71.38689098774843 -0.014456929938899295
  endloop
endfacet
facet normal 0.7933533402912338 0.6087614290087227 -7.501598047169911e-16
  outer loop
    vertex 14.033603519585009 71.38689098774843 1.9855430700610999
    vertex 13.747549998908806 71.75968319388423 -0.014456929938899164
    vertex 13.747549998908806 71.75968319388423 1.9855430700610999
  endloop
endfacet
facet normal 0.6087614290087189 0.7933533402912365 -6.125029157008335e-16
  outer loop
    vertex 13.747549998908806 71.75968319388423 -0.014456929938899164
    vertex 13.374757792773021 72.04573671456042 1.9855430700610999
    vertex 13.747549998908806 71.75968319388423 1.9855430700610999
  endloop
endfacet
facet normal 0.6087614290087189 0.7933533402912365 -6.125029157008335e-16
  outer loop
    vertex 13.374757792773021 72.04573671456042 1.9855430700610999
    vertex 13.747549998908806 71.75968319388423 -0.014456929938899164
    vertex 13.374757792773021 72.04573671456042 -0.01445692993889899
  endloop
endfacet
facet normal 0.3826834323650944 0.9238795325112849 -4.331049651885965e-16
  outer loop
    vertex 13.374757792773021 72.04573671456042 1.9855430700610999
    vertex 12.94063207395756 72.22555747506875 -0.014456929938897379
    vertex 12.94063207395756 72.22555747506875 1.9855430700611034
  endloop
endfacet
facet normal 0.3826834323650944 0.9238795325112849 -4.331049651885965e-16
  outer loop
    vertex 12.94063207395756 72.22555747506875 -0.014456929938897379
    vertex 13.374757792773021 72.04573671456042 1.9855430700610999
    vertex 13.374757792773021 72.04573671456042 -0.01445692993889899
  endloop
endfacet
facet normal 0.13052619222004508 0.9914448613738114 -2.2419162703853895e-16
  outer loop
    vertex 12.94063207395756 72.22555747506875 -0.014456929938897379
    vertex 12.474757792773023 72.28689098774844 1.9855430700611019
    vertex 12.94063207395756 72.22555747506875 1.9855430700611034
  endloop
endfacet
facet normal 0.13052619222004508 0.9914448613738114 -2.2419162703853895e-16
  outer loop
    vertex 12.474757792773023 72.28689098774844 1.9855430700611019
    vertex 12.94063207395756 72.22555747506875 -0.014456929938897379
    vertex 12.474757792773023 72.28689098774844 -0.014456929938898572
  endloop
endfacet
facet normal -0.1305261922200443 0.9914448613738114 -6.939510775616088e-30
  outer loop
    vertex 12.474757792773023 72.28689098774844 -0.014456929938898572
    vertex 12.008883511588483 72.22555747506875 1.9855430700611019
    vertex 12.474757792773023 72.28689098774844 1.9855430700611019
  endloop
endfacet
facet normal -0.1305261922200443 0.9914448613738114 -6.939510775616088e-30
  outer loop
    vertex 12.008883511588483 72.22555747506875 1.9855430700611019
    vertex 12.474757792773023 72.28689098774844 -0.014456929938898572
    vertex 12.008883511588483 72.22555747506875 -0.014456929938898357
  endloop
endfacet
facet normal -0.3826834323650944 0.9238795325112849 2.2419162703854753e-16
  outer loop
    vertex 12.008883511588483 72.22555747506875 -0.014456929938898357
    vertex 11.574757792773024 72.04573671456042 1.9855430700611025
    vertex 12.008883511588483 72.22555747506875 1.9855430700611019
  endloop
endfacet
facet normal -0.3826834323650944 0.9238795325112849 2.2419162703854753e-16
  outer loop
    vertex 11.574757792773024 72.04573671456042 1.9855430700611025
    vertex 12.008883511588483 72.22555747506875 -0.014456929938898357
    vertex 11.574757792773024 72.04573671456042 -0.014456929938898152
  endloop
endfacet
endsolid Attitude indicator1
