solid Attitude indicator1
facet normal 0.0 1.0 0.0
  outer loop
    vertex 7.999999999999999 1.9999999999999998 62.0
    vertex 75.0 1.9999999999999998 1.9999999999999998
    vertex 7.999999999999999 1.9999999999999998 1.9999999999999998
  endloop
endfacet
facet normal 0.0 1.0 0.0
  outer loop
    vertex 75.0 1.9999999999999998 1.9999999999999998
    vertex 7.999999999999999 1.9999999999999998 62.0
    vertex 75.0 1.9999999999999998 62.0
  endloop
endfacet
facet normal -1.0 0.0 0.0
  outer loop
    vertex 81.0 7.999999999999999 62.0
    vertex 81.0 40.08578643762691 34.90514975465668
    vertex 81.0 7.999999999999999 1.9999999999999998
  endloop
endfacet
facet normal -1.0 0.0 0.0
  outer loop
    vertex 81.0 40.08578643762691 34.90514975465668
    vertex 81.0 7.999999999999999 62.0
    vertex 81.0 75.0 62.0
  endloop
endfacet
facet normal -1.0 0.0 0.0
  outer loop
    vertex 81.0 7.999999999999999 1.9999999999999998
    vertex 81.0 40.08578643762691 34.90514975465668
    vertex 81.0 39.767949192431125 34.490936192283584
  endloop
endfacet
facet normal -1.0 0.0 0.0
  outer loop
    vertex 81.0 7.999999999999999 1.9999999999999998
    vertex 81.0 39.767949192431125 34.490936192283584
    vertex 81.0 39.56814834742186 34.008574282488624
  endloop
endfacet
facet normal -1.0 0.0 0.0
  outer loop
    vertex 81.0 7.999999999999999 1.9999999999999998
    vertex 81.0 39.56814834742186 34.008574282488624
    vertex 81.0 39.5 33.490936192283584
  endloop
endfacet
facet normal -1.0 0.0 0.0
  outer loop
    vertex 81.0 40.08578643762691 34.90514975465668
    vertex 81.0 75.0 62.0
    vertex 81.0 40.5 35.22298699985246
  endloop
endfacet
facet normal -1.0 0.0 0.0
  outer loop
    vertex 81.0 40.5 35.22298699985246
    vertex 81.0 75.0 62.0
    vertex 81.0 40.98236190979496 35.42278784486172
  endloop
endfacet
facet normal -1.0 0.0 0.0
  outer loop
    vertex 81.0 40.98236190979496 35.42278784486172
    vertex 81.0 75.0 62.0
    vertex 81.0 41.5 35.490936192283584
  endloop
endfacet
facet normal -1.0 0.0 0.0
  outer loop
    vertex 81.0 41.5 35.490936192283584
    vertex 81.0 75.0 62.0
    vertex 81.0 42.01763809020504 35.42278784486172
  endloop
endfacet
facet normal -1.0 0.0 0.0
  outer loop
    vertex 81.0 42.01763809020504 35.42278784486172
    vertex 81.0 75.0 62.0
    vertex 81.0 42.5 35.22298699985246
  endloop
endfacet
facet normal -1.0 0.0 0.0
  outer loop
    vertex 81.0 42.5 35.22298699985246
    vertex 81.0 75.0 62.0
    vertex 81.0 42.9142135623731 34.905149754656684
  endloop
endfacet
facet normal -1.0 0.0 0.0
  outer loop
    vertex 81.0 42.9142135623731 34.905149754656684
    vertex 81.0 75.0 62.0
    vertex 81.0 43.23205080756888 34.490936192283584
  endloop
endfacet
facet normal -1.0 0.0 0.0
  outer loop
    vertex 81.0 43.23205080756888 34.490936192283584
    vertex 81.0 75.0 62.0
    vertex 81.0 43.43185165257814 34.00857428248863
  endloop
endfacet
facet normal -1.0 0.0 0.0
  outer loop
    vertex 81.0 43.43185165257814 34.00857428248863
    vertex 81.0 75.0 62.0
    vertex 81.0 43.50000000000001 33.490936192283584
  endloop
endfacet
facet normal -1.0 0.0 0.0
  outer loop
    vertex 81.0 7.999999999999999 1.9999999999999998
    vertex 81.0 40.08578643762691 32.076722629910485
    vertex 81.0 75.0 1.9999999999999998
  endloop
endfacet
facet normal -1.0 0.0 0.0
  outer loop
    vertex 81.0 40.08578643762691 32.076722629910485
    vertex 81.0 7.999999999999999 1.9999999999999998
    vertex 81.0 39.767949192431125 32.49093619228358
  endloop
endfacet
facet normal -1.0 0.0 0.0
  outer loop
    vertex 81.0 39.767949192431125 32.49093619228358
    vertex 81.0 7.999999999999999 1.9999999999999998
    vertex 81.0 39.56814834742186 32.973298102078545
  endloop
endfacet
facet normal -1.0 0.0 0.0
  outer loop
    vertex 81.0 39.56814834742186 32.973298102078545
    vertex 81.0 7.999999999999999 1.9999999999999998
    vertex 81.0 39.5 33.490936192283584
  endloop
endfacet
facet normal -1.0 0.0 0.0
  outer loop
    vertex 81.0 75.0 1.9999999999999998
    vertex 81.0 40.08578643762691 32.076722629910485
    vertex 81.0 40.50000000000001 31.758885384714706
  endloop
endfacet
facet normal -1.0 0.0 0.0
  outer loop
    vertex 81.0 75.0 1.9999999999999998
    vertex 81.0 40.50000000000001 31.758885384714706
    vertex 81.0 40.98236190979496 31.559084539705445
  endloop
endfacet
facet normal -1.0 0.0 0.0
  outer loop
    vertex 81.0 75.0 1.9999999999999998
    vertex 81.0 40.98236190979496 31.559084539705445
    vertex 81.0 41.5 31.49093619228358
  endloop
endfacet
facet normal -1.0 0.0 0.0
  outer loop
    vertex 81.0 75.0 1.9999999999999998
    vertex 81.0 41.5 31.49093619228358
    vertex 81.0 42.01763809020504 31.559084539705445
  endloop
endfacet
facet normal -1.0 0.0 0.0
  outer loop
    vertex 81.0 75.0 1.9999999999999998
    vertex 81.0 42.01763809020504 31.559084539705445
    vertex 81.0 42.50000000000001 31.758885384714706
  endloop
endfacet
facet normal -1.0 0.0 0.0
  outer loop
    vertex 81.0 75.0 1.9999999999999998
    vertex 81.0 42.50000000000001 31.758885384714706
    vertex 81.0 42.9142135623731 32.076722629910485
  endloop
endfacet
facet normal -1.0 0.0 0.0
  outer loop
    vertex 81.0 75.0 1.9999999999999998
    vertex 81.0 42.9142135623731 32.076722629910485
    vertex 81.0 43.23205080756888 32.490936192283584
  endloop
endfacet
facet normal -1.0 0.0 0.0
  outer loop
    vertex 81.0 75.0 1.9999999999999998
    vertex 81.0 43.23205080756888 32.490936192283584
    vertex 81.0 43.43185165257814 32.973298102078545
  endloop
endfacet
facet normal -1.0 0.0 0.0
  outer loop
    vertex 81.0 75.0 1.9999999999999998
    vertex 81.0 43.43185165257814 32.973298102078545
    vertex 81.0 43.50000000000001 33.490936192283584
  endloop
endfacet
facet normal -1.0 0.0 0.0
  outer loop
    vertex 81.0 75.0 1.9999999999999998
    vertex 81.0 43.50000000000001 33.490936192283584
    vertex 81.0 75.0 62.0
  endloop
endfacet
facet normal 0.0 0.0 1.0
  outer loop
    vertex 78.70389940580947 75.45672280493228 62.0
    vertex 78.49999999999999 79.49999999999999 62.0
    vertex 77.99999999999999 75.80384757729337 62.0
  endloop
endfacet
facet normal 0.0 0.0 1.0
  outer loop
    vertex 78.49999999999999 79.49999999999999 62.0
    vertex 78.70389940580947 75.45672280493228 62.0
    vertex 78.53407417371093 79.24118095489747 62.0
  endloop
endfacet
facet normal 0.0 0.0 1.0
  outer loop
    vertex 78.53407417371093 79.24118095489747 62.0
    vertex 78.70389940580947 75.45672280493228 62.0
    vertex 78.63397459621555 78.99999999999999 62.0
  endloop
endfacet
facet normal 0.0 0.0 1.0
  outer loop
    vertex 78.63397459621555 78.99999999999999 62.0
    vertex 78.70389940580947 75.45672280493228 62.0
    vertex 78.79289321881345 78.79289321881345 62.0
  endloop
endfacet
facet normal 0.0 0.0 1.0
  outer loop
    vertex 78.79289321881345 78.79289321881345 62.0
    vertex 78.70389940580947 75.45672280493228 62.0
    vertex 79.44708572938487 75.20444504226559 62.0
  endloop
endfacet
facet normal 0.0 0.0 1.0
  outer loop
    vertex 78.79289321881345 78.79289321881345 62.0
    vertex 79.44708572938487 75.20444504226559 62.0
    vertex 78.99999999999999 78.63397459621555 62.0
  endloop
endfacet
facet normal 0.0 0.0 1.0
  outer loop
    vertex 78.99999999999999 78.63397459621555 62.0
    vertex 79.44708572938487 75.20444504226559 62.0
    vertex 79.24118095489747 78.53407417371092 62.0
  endloop
endfacet
facet normal 0.0 0.0 1.0
  outer loop
    vertex 79.24118095489747 78.53407417371092 62.0
    vertex 79.44708572938487 75.20444504226559 62.0
    vertex 79.49999999999999 78.49999999999999 62.0
  endloop
endfacet
facet normal 0.0 0.0 1.0
  outer loop
    vertex 79.49999999999999 78.49999999999999 62.0
    vertex 79.44708572938487 75.20444504226559 62.0
    vertex 80.21684284667968 75.05133083175714 62.0
  endloop
endfacet
facet normal 0.0 0.0 1.0
  outer loop
    vertex 79.49999999999999 78.49999999999999 62.0
    vertex 80.21684284667968 75.05133083175714 62.0
    vertex 79.75881904510251 78.53407417371093 62.0
  endloop
endfacet
facet normal 0.0 0.0 1.0
  outer loop
    vertex 79.75881904510251 78.53407417371093 62.0
    vertex 80.21684284667968 75.05133083175714 62.0
    vertex 79.99999999999999 78.63397459621555 62.0
  endloop
endfacet
facet normal 0.0 0.0 1.0
  outer loop
    vertex 79.99999999999999 78.63397459621555 62.0
    vertex 80.21684284667968 75.05133083175714 62.0
    vertex 80.20710678118654 78.79289321881345 62.0
  endloop
endfacet
facet normal 0.0 0.0 1.0
  outer loop
    vertex 80.20710678118654 78.79289321881345 62.0
    vertex 80.21684284667968 75.05133083175714 62.0
    vertex 80.36602540378442 78.99999999999999 62.0
  endloop
endfacet
facet normal 0.0 0.0 1.0
  outer loop
    vertex 80.36602540378442 78.99999999999999 62.0
    vertex 80.21684284667968 75.05133083175714 62.0
    vertex 81.0 75.0 62.0
  endloop
endfacet
facet normal 0.0 0.0 1.0
  outer loop
    vertex 80.36602540378442 78.99999999999999 62.0
    vertex 81.0 75.0 62.0
    vertex 80.46592582628907 79.24118095489747 62.0
  endloop
endfacet
facet normal 0.0 0.0 1.0
  outer loop
    vertex 80.46592582628907 79.24118095489747 62.0
    vertex 81.0 75.0 62.0
    vertex 80.49999999999999 79.49999999999999 62.0
  endloop
endfacet
facet normal 0.0 0.0 1.0
  outer loop
    vertex 0.0 0.0 62.0
    vertex 1.999999999999999 7.999999999999999 62.0
    vertex 0.0 83.0 62.0
  endloop
endfacet
facet normal 0.0 0.0 1.0
  outer loop
    vertex 1.999999999999999 7.999999999999999 62.0
    vertex 0.0 0.0 62.0
    vertex 2.4999999999999996 3.500000000000002 62.0
  endloop
endfacet
facet normal 0.0 0.0 1.0
  outer loop
    vertex 2.4999999999999996 3.500000000000002 62.0
    vertex 0.0 0.0 62.0
    vertex 2.5340741737109314 3.2411809548974806 62.0
  endloop
endfacet
facet normal 0.0 0.0 1.0
  outer loop
    vertex 2.5340741737109314 3.2411809548974806 62.0
    vertex 0.0 0.0 62.0
    vertex 2.6339745962155616 3.0000000000000018 62.0
  endloop
endfacet
facet normal 0.0 0.0 1.0
  outer loop
    vertex 2.6339745962155616 3.0000000000000018 62.0
    vertex 0.0 0.0 62.0
    vertex 2.7928932188134525 2.7928932188134543 62.0
  endloop
endfacet
facet normal 0.0 0.0 1.0
  outer loop
    vertex 2.7928932188134525 2.7928932188134543 62.0
    vertex 0.0 0.0 62.0
    vertex 3.0 2.6339745962155634 62.0
  endloop
endfacet
facet normal 0.0 0.0 1.0
  outer loop
    vertex 3.0 2.6339745962155634 62.0
    vertex 0.0 0.0 62.0
    vertex 3.2411809548974793 2.534074173710934 62.0
  endloop
endfacet
facet normal 0.0 0.0 1.0
  outer loop
    vertex 3.2411809548974793 2.534074173710934 62.0
    vertex 0.0 0.0 62.0
    vertex 3.499999999999999 2.5000000000000027 62.0
  endloop
endfacet
facet normal 0.0 0.0 1.0
  outer loop
    vertex 3.499999999999999 2.5000000000000027 62.0
    vertex 0.0 0.0 62.0
    vertex 7.999999999999999 1.9999999999999998 62.0
  endloop
endfacet
facet normal 0.0 0.0 1.0
  outer loop
    vertex 7.999999999999999 1.9999999999999998 62.0
    vertex 0.0 0.0 62.0
    vertex 83.0 0.0 62.0
  endloop
endfacet
facet normal 0.0 0.0 1.0
  outer loop
    vertex 3.499999999999999 2.5000000000000027 62.0
    vertex 7.999999999999999 1.9999999999999998 62.0
    vertex 3.75881904510252 2.534074173710934 62.0
  endloop
endfacet
facet normal 0.0 0.0 1.0
  outer loop
    vertex 3.75881904510252 2.534074173710934 62.0
    vertex 7.999999999999999 1.9999999999999998 62.0
    vertex 3.9999999999999996 2.633974596215564 62.0
  endloop
endfacet
facet normal 0.0 0.0 1.0
  outer loop
    vertex 3.9999999999999996 2.633974596215564 62.0
    vertex 7.999999999999999 1.9999999999999998 62.0
    vertex 4.207106781186546 2.7928932188134548 62.0
  endloop
endfacet
facet normal 0.0 0.0 1.0
  outer loop
    vertex 4.207106781186546 2.7928932188134548 62.0
    vertex 7.999999999999999 1.9999999999999998 62.0
    vertex 4.3660254037844375 3.0000000000000027 62.0
  endloop
endfacet
facet normal 0.0 0.0 1.0
  outer loop
    vertex 4.3660254037844375 3.0000000000000027 62.0
    vertex 7.999999999999999 1.9999999999999998 62.0
    vertex 4.465925826289067 3.2411809548974815 62.0
  endloop
endfacet
facet normal 0.0 0.0 1.0
  outer loop
    vertex 4.465925826289067 3.2411809548974815 62.0
    vertex 7.999999999999999 1.9999999999999998 62.0
    vertex 4.499999999999999 3.500000000000002 62.0
  endloop
endfacet
facet normal 0.0 0.0 1.0
  outer loop
    vertex 4.499999999999999 3.500000000000002 62.0
    vertex 7.999999999999999 1.9999999999999998 62.0
    vertex 5.000000000000001 7.196152422706631 62.0
  endloop
endfacet
facet normal 0.0 0.0 1.0
  outer loop
    vertex 5.000000000000001 7.196152422706631 62.0
    vertex 7.999999999999999 1.9999999999999998 62.0
    vertex 5.6525685740523235 6.760120041747409 62.0
  endloop
endfacet
facet normal 0.0 0.0 1.0
  outer loop
    vertex 5.6525685740523235 6.760120041747409 62.0
    vertex 7.999999999999999 1.9999999999999998 62.0
    vertex 6.242640687119286 6.242640687119284 62.0
  endloop
endfacet
facet normal 0.0 0.0 1.0
  outer loop
    vertex 6.242640687119286 6.242640687119284 62.0
    vertex 7.999999999999999 1.9999999999999998 62.0
    vertex 6.760120041747411 5.6525685740523235 62.0
  endloop
endfacet
facet normal 0.0 0.0 1.0
  outer loop
    vertex 6.760120041747411 5.6525685740523235 62.0
    vertex 7.999999999999999 1.9999999999999998 62.0
    vertex 7.196152422706631 4.999999999999999 62.0
  endloop
endfacet
facet normal 0.0 0.0 1.0
  outer loop
    vertex 7.196152422706631 4.999999999999999 62.0
    vertex 7.999999999999999 1.9999999999999998 62.0
    vertex 7.543277195067719 4.296100594190539 62.0
  endloop
endfacet
facet normal 0.0 0.0 1.0
  outer loop
    vertex 7.543277195067719 4.296100594190539 62.0
    vertex 7.999999999999999 1.9999999999999998 62.0
    vertex 7.795554957734409 3.5529142706151244 62.0
  endloop
endfacet
facet normal 0.0 0.0 1.0
  outer loop
    vertex 7.795554957734409 3.5529142706151244 62.0
    vertex 7.999999999999999 1.9999999999999998 62.0
    vertex 7.94866916824286 2.7831571533203094 62.0
  endloop
endfacet
facet normal 0.0 0.0 1.0
  outer loop
    vertex 7.999999999999999 1.9999999999999998 62.0
    vertex 83.0 0.0 62.0
    vertex 75.0 1.9999999999999998 62.0
  endloop
endfacet
facet normal 0.0 0.0 1.0
  outer loop
    vertex 75.0 1.9999999999999998 62.0
    vertex 83.0 0.0 62.0
    vertex 75.05133083175714 2.7831571533203094 62.0
  endloop
endfacet
facet normal 0.0 0.0 1.0
  outer loop
    vertex 75.05133083175714 2.7831571533203094 62.0
    vertex 83.0 0.0 62.0
    vertex 75.20444504226559 3.5529142706151244 62.0
  endloop
endfacet
facet normal 0.0 0.0 1.0
  outer loop
    vertex 75.20444504226559 3.5529142706151244 62.0
    vertex 83.0 0.0 62.0
    vertex 75.45672280493228 4.296100594190539 62.0
  endloop
endfacet
facet normal 0.0 0.0 1.0
  outer loop
    vertex 75.45672280493228 4.296100594190539 62.0
    vertex 83.0 0.0 62.0
    vertex 78.99999999999999 2.6339745962155607 62.0
  endloop
endfacet
facet normal 0.0 0.0 1.0
  outer loop
    vertex 75.45672280493228 4.296100594190539 62.0
    vertex 78.99999999999999 2.6339745962155607 62.0
    vertex 75.80384757729337 4.999999999999999 62.0
  endloop
endfacet
facet normal 0.0 0.0 1.0
  outer loop
    vertex 75.80384757729337 4.999999999999999 62.0
    vertex 78.99999999999999 2.6339745962155607 62.0
    vertex 78.79289321881345 2.7928932188134517 62.0
  endloop
endfacet
facet normal 0.0 0.0 1.0
  outer loop
    vertex 75.80384757729337 4.999999999999999 62.0
    vertex 78.79289321881345 2.7928932188134517 62.0
    vertex 76.23987995825259 5.6525685740523235 62.0
  endloop
endfacet
facet normal 0.0 0.0 1.0
  outer loop
    vertex 76.23987995825259 5.6525685740523235 62.0
    vertex 78.79289321881345 2.7928932188134517 62.0
    vertex 78.63397459621555 2.999999999999999 62.0
  endloop
endfacet
facet normal 0.0 0.0 1.0
  outer loop
    vertex 76.23987995825259 5.6525685740523235 62.0
    vertex 78.63397459621555 2.999999999999999 62.0
    vertex 76.75735931288071 6.242640687119285 62.0
  endloop
endfacet
facet normal 0.0 0.0 1.0
  outer loop
    vertex 76.75735931288071 6.242640687119285 62.0
    vertex 78.63397459621555 2.999999999999999 62.0
    vertex 78.53407417371092 3.241180954897478 62.0
  endloop
endfacet
facet normal 0.0 0.0 1.0
  outer loop
    vertex 76.75735931288071 6.242640687119285 62.0
    vertex 78.53407417371092 3.241180954897478 62.0
    vertex 77.34743142594768 6.7601200417474105 62.0
  endloop
endfacet
facet normal 0.0 0.0 1.0
  outer loop
    vertex 77.34743142594768 6.7601200417474105 62.0
    vertex 78.53407417371092 3.241180954897478 62.0
    vertex 77.99999999999999 7.196152422706631 62.0
  endloop
endfacet
facet normal 0.0 0.0 1.0
  outer loop
    vertex 77.99999999999999 7.196152422706631 62.0
    vertex 78.53407417371092 3.241180954897478 62.0
    vertex 78.49999999999999 3.499999999999999 62.0
  endloop
endfacet
facet normal 0.0 0.0 1.0
  outer loop
    vertex 78.99999999999999 2.6339745962155607 62.0
    vertex 83.0 0.0 62.0
    vertex 79.24118095489747 2.5340741737109314 62.0
  endloop
endfacet
facet normal 0.0 0.0 1.0
  outer loop
    vertex 79.24118095489747 2.5340741737109314 62.0
    vertex 83.0 0.0 62.0
    vertex 79.49999999999999 2.4999999999999996 62.0
  endloop
endfacet
facet normal 0.0 0.0 1.0
  outer loop
    vertex 79.49999999999999 2.4999999999999996 62.0
    vertex 83.0 0.0 62.0
    vertex 79.75881904510251 2.5340741737109314 62.0
  endloop
endfacet
facet normal 0.0 0.0 1.0
  outer loop
    vertex 79.75881904510251 2.5340741737109314 62.0
    vertex 83.0 0.0 62.0
    vertex 79.99999999999999 2.633974596215561 62.0
  endloop
endfacet
facet normal 0.0 0.0 1.0
  outer loop
    vertex 79.99999999999999 2.633974596215561 62.0
    vertex 83.0 0.0 62.0
    vertex 80.20710678118654 2.792893218813452 62.0
  endloop
endfacet
facet normal 0.0 0.0 1.0
  outer loop
    vertex 80.20710678118654 2.792893218813452 62.0
    vertex 83.0 0.0 62.0
    vertex 80.36602540378442 3.0 62.0
  endloop
endfacet
facet normal 0.0 0.0 1.0
  outer loop
    vertex 80.36602540378442 3.0 62.0
    vertex 83.0 0.0 62.0
    vertex 80.46592582628907 3.2411809548974784 62.0
  endloop
endfacet
facet normal 0.0 0.0 1.0
  outer loop
    vertex 80.46592582628907 3.2411809548974784 62.0
    vertex 83.0 0.0 62.0
    vertex 80.49999999999999 3.499999999999999 62.0
  endloop
endfacet
facet normal 0.0 0.0 1.0
  outer loop
    vertex 80.49999999999999 3.499999999999999 62.0
    vertex 83.0 0.0 62.0
    vertex 81.0 7.999999999999999 62.0
  endloop
endfacet
facet normal 0.0 0.0 1.0
  outer loop
    vertex 81.0 7.999999999999999 62.0
    vertex 83.0 0.0 62.0
    vertex 81.0 75.0 62.0
  endloop
endfacet
facet normal 0.0 0.0 1.0
  outer loop
    vertex 0.0 83.0 62.0
    vertex 7.999999999999999 81.0 62.0
    vertex 83.0 83.0 62.0
  endloop
endfacet
facet normal 0.0 0.0 1.0
  outer loop
    vertex 7.999999999999999 81.0 62.0
    vertex 0.0 83.0 62.0
    vertex 3.499999999999999 80.49999999999999 62.0
  endloop
endfacet
facet normal 0.0 0.0 1.0
  outer loop
    vertex 3.499999999999999 80.49999999999999 62.0
    vertex 0.0 83.0 62.0
    vertex 3.241180954897478 80.46592582628905 62.0
  endloop
endfacet
facet normal 0.0 0.0 1.0
  outer loop
    vertex 3.241180954897478 80.46592582628905 62.0
    vertex 0.0 83.0 62.0
    vertex 3.0 80.36602540378442 62.0
  endloop
endfacet
facet normal 0.0 0.0 1.0
  outer loop
    vertex 3.0 80.36602540378442 62.0
    vertex 0.0 83.0 62.0
    vertex 2.7928932188134534 80.20710678118654 62.0
  endloop
endfacet
facet normal 0.0 0.0 1.0
  outer loop
    vertex 2.7928932188134534 80.20710678118654 62.0
    vertex 0.0 83.0 62.0
    vertex 2.6339745962155634 79.99999999999999 62.0
  endloop
endfacet
facet normal 0.0 0.0 1.0
  outer loop
    vertex 2.6339745962155634 79.99999999999999 62.0
    vertex 0.0 83.0 62.0
    vertex 2.534074173710935 79.7588190451025 62.0
  endloop
endfacet
facet normal 0.0 0.0 1.0
  outer loop
    vertex 2.534074173710935 79.7588190451025 62.0
    vertex 0.0 83.0 62.0
    vertex 2.500000000000004 79.49999999999999 62.0
  endloop
endfacet
facet normal 0.0 0.0 1.0
  outer loop
    vertex 2.500000000000004 79.49999999999999 62.0
    vertex 0.0 83.0 62.0
    vertex 1.999999999999999 75.0 62.0
  endloop
endfacet
facet normal 0.0 0.0 1.0
  outer loop
    vertex 1.999999999999999 75.0 62.0
    vertex 0.0 83.0 62.0
    vertex 1.999999999999999 7.999999999999999 62.0
  endloop
endfacet
facet normal 0.0 0.0 1.0
  outer loop
    vertex 7.999999999999999 81.0 62.0
    vertex 3.499999999999999 80.49999999999999 62.0
    vertex 3.75881904510252 80.46592582628907 62.0
  endloop
endfacet
facet normal 0.0 0.0 1.0
  outer loop
    vertex 7.999999999999999 81.0 62.0
    vertex 3.75881904510252 80.46592582628907 62.0
    vertex 3.9999999999999982 80.36602540378442 62.0
  endloop
endfacet
facet normal 0.0 0.0 1.0
  outer loop
    vertex 7.999999999999999 81.0 62.0
    vertex 3.9999999999999982 80.36602540378442 62.0
    vertex 4.207106781186546 80.20710678118654 62.0
  endloop
endfacet
facet normal 0.0 0.0 1.0
  outer loop
    vertex 7.999999999999999 81.0 62.0
    vertex 4.207106781186546 80.20710678118654 62.0
    vertex 4.3660254037844375 79.99999999999999 62.0
  endloop
endfacet
facet normal 0.0 0.0 1.0
  outer loop
    vertex 7.999999999999999 81.0 62.0
    vertex 4.3660254037844375 79.99999999999999 62.0
    vertex 4.465925826289068 79.75881904510251 62.0
  endloop
endfacet
facet normal 0.0 0.0 1.0
  outer loop
    vertex 7.999999999999999 81.0 62.0
    vertex 4.465925826289068 79.75881904510251 62.0
    vertex 4.5 79.49999999999999 62.0
  endloop
endfacet
facet normal 0.0 0.0 1.0
  outer loop
    vertex 7.999999999999999 81.0 62.0
    vertex 4.5 79.49999999999999 62.0
    vertex 5.000000000000001 75.80384757729337 62.0
  endloop
endfacet
facet normal 0.0 0.0 1.0
  outer loop
    vertex 7.999999999999999 81.0 62.0
    vertex 5.000000000000001 75.80384757729337 62.0
    vertex 5.6525685740523235 76.23987995825259 62.0
  endloop
endfacet
facet normal 0.0 0.0 1.0
  outer loop
    vertex 7.999999999999999 81.0 62.0
    vertex 5.6525685740523235 76.23987995825259 62.0
    vertex 6.242640687119286 76.75735931288071 62.0
  endloop
endfacet
facet normal 0.0 0.0 1.0
  outer loop
    vertex 7.999999999999999 81.0 62.0
    vertex 6.242640687119286 76.75735931288071 62.0
    vertex 6.760120041747411 77.34743142594768 62.0
  endloop
endfacet
facet normal 0.0 0.0 1.0
  outer loop
    vertex 7.999999999999999 81.0 62.0
    vertex 6.760120041747411 77.34743142594768 62.0
    vertex 7.196152422706631 78.0 62.0
  endloop
endfacet
facet normal 0.0 0.0 1.0
  outer loop
    vertex 7.999999999999999 81.0 62.0
    vertex 7.196152422706631 78.0 62.0
    vertex 7.543277195067719 78.70389940580947 62.0
  endloop
endfacet
facet normal 0.0 0.0 1.0
  outer loop
    vertex 7.999999999999999 81.0 62.0
    vertex 7.543277195067719 78.70389940580947 62.0
    vertex 7.795554957734409 79.44708572938487 62.0
  endloop
endfacet
facet normal 0.0 0.0 1.0
  outer loop
    vertex 7.999999999999999 81.0 62.0
    vertex 7.795554957734409 79.44708572938487 62.0
    vertex 7.94866916824286 80.21684284667968 62.0
  endloop
endfacet
facet normal 0.0 0.0 1.0
  outer loop
    vertex 83.0 83.0 62.0
    vertex 7.999999999999999 81.0 62.0
    vertex 75.0 81.0 62.0
  endloop
endfacet
facet normal 0.0 0.0 1.0
  outer loop
    vertex 83.0 83.0 62.0
    vertex 75.0 81.0 62.0
    vertex 75.05133083175714 80.21684284667968 62.0
  endloop
endfacet
facet normal 0.0 0.0 1.0
  outer loop
    vertex 83.0 83.0 62.0
    vertex 75.05133083175714 80.21684284667968 62.0
    vertex 75.20444504226559 79.44708572938487 62.0
  endloop
endfacet
facet normal 0.0 0.0 1.0
  outer loop
    vertex 83.0 83.0 62.0
    vertex 75.20444504226559 79.44708572938487 62.0
    vertex 75.45672280493228 78.70389940580947 62.0
  endloop
endfacet
facet normal 0.0 0.0 1.0
  outer loop
    vertex 83.0 83.0 62.0
    vertex 75.45672280493228 78.70389940580947 62.0
    vertex 78.99999999999999 80.36602540378442 62.0
  endloop
endfacet
facet normal 0.0 0.0 1.0
  outer loop
    vertex 78.99999999999999 80.36602540378442 62.0
    vertex 75.45672280493228 78.70389940580947 62.0
    vertex 75.80384757729337 78.0 62.0
  endloop
endfacet
facet normal 0.0 0.0 1.0
  outer loop
    vertex 78.99999999999999 80.36602540378442 62.0
    vertex 75.80384757729337 78.0 62.0
    vertex 78.79289321881345 80.20710678118654 62.0
  endloop
endfacet
facet normal 0.0 0.0 1.0
  outer loop
    vertex 78.79289321881345 80.20710678118654 62.0
    vertex 75.80384757729337 78.0 62.0
    vertex 76.23987995825259 77.34743142594768 62.0
  endloop
endfacet
facet normal 0.0 0.0 1.0
  outer loop
    vertex 78.79289321881345 80.20710678118654 62.0
    vertex 76.23987995825259 77.34743142594768 62.0
    vertex 78.63397459621555 79.99999999999999 62.0
  endloop
endfacet
facet normal 0.0 0.0 1.0
  outer loop
    vertex 78.63397459621555 79.99999999999999 62.0
    vertex 76.23987995825259 77.34743142594768 62.0
    vertex 76.75735931288071 76.75735931288071 62.0
  endloop
endfacet
facet normal 0.0 0.0 1.0
  outer loop
    vertex 78.63397459621555 79.99999999999999 62.0
    vertex 76.75735931288071 76.75735931288071 62.0
    vertex 78.53407417371092 79.75881904510251 62.0
  endloop
endfacet
facet normal 0.0 0.0 1.0
  outer loop
    vertex 78.53407417371092 79.75881904510251 62.0
    vertex 76.75735931288071 76.75735931288071 62.0
    vertex 77.34743142594768 76.23987995825259 62.0
  endloop
endfacet
facet normal 0.0 0.0 1.0
  outer loop
    vertex 78.53407417371092 79.75881904510251 62.0
    vertex 77.34743142594768 76.23987995825259 62.0
    vertex 77.99999999999999 75.80384757729337 62.0
  endloop
endfacet
facet normal 0.0 0.0 1.0
  outer loop
    vertex 78.53407417371092 79.75881904510251 62.0
    vertex 77.99999999999999 75.80384757729337 62.0
    vertex 78.49999999999999 79.49999999999999 62.0
  endloop
endfacet
facet normal 0.0 0.0 1.0
  outer loop
    vertex 83.0 83.0 62.0
    vertex 78.99999999999999 80.36602540378442 62.0
    vertex 79.24118095489747 80.46592582628905 62.0
  endloop
endfacet
facet normal 0.0 0.0 1.0
  outer loop
    vertex 83.0 83.0 62.0
    vertex 79.24118095489747 80.46592582628905 62.0
    vertex 79.49999999999999 80.49999999999999 62.0
  endloop
endfacet
facet normal 0.0 0.0 1.0
  outer loop
    vertex 83.0 83.0 62.0
    vertex 79.49999999999999 80.49999999999999 62.0
    vertex 79.75881904510251 80.46592582628907 62.0
  endloop
endfacet
facet normal 0.0 0.0 1.0
  outer loop
    vertex 83.0 83.0 62.0
    vertex 79.75881904510251 80.46592582628907 62.0
    vertex 79.99999999999999 80.36602540378442 62.0
  endloop
endfacet
facet normal 0.0 0.0 1.0
  outer loop
    vertex 83.0 83.0 62.0
    vertex 79.99999999999999 80.36602540378442 62.0
    vertex 80.20710678118654 80.20710678118654 62.0
  endloop
endfacet
facet normal 0.0 0.0 1.0
  outer loop
    vertex 83.0 83.0 62.0
    vertex 80.20710678118654 80.20710678118654 62.0
    vertex 80.36602540378442 79.99999999999999 62.0
  endloop
endfacet
facet normal 0.0 0.0 1.0
  outer loop
    vertex 83.0 83.0 62.0
    vertex 80.36602540378442 79.99999999999999 62.0
    vertex 80.46592582628905 79.75881904510251 62.0
  endloop
endfacet
facet normal 0.0 0.0 1.0
  outer loop
    vertex 83.0 83.0 62.0
    vertex 80.46592582628905 79.75881904510251 62.0
    vertex 80.49999999999999 79.49999999999999 62.0
  endloop
endfacet
facet normal 0.0 0.0 1.0
  outer loop
    vertex 83.0 83.0 62.0
    vertex 80.49999999999999 79.49999999999999 62.0
    vertex 81.0 75.0 62.0
  endloop
endfacet
facet normal 0.0 0.0 1.0
  outer loop
    vertex 83.0 83.0 62.0
    vertex 81.0 75.0 62.0
    vertex 83.0 0.0 62.0
  endloop
endfacet
facet normal 0.0 0.0 1.0
  outer loop
    vertex 78.49999999999999 3.499999999999999 62.0
    vertex 78.70389940580947 7.543277195067719 62.0
    vertex 77.99999999999999 7.196152422706631 62.0
  endloop
endfacet
facet normal 0.0 0.0 1.0
  outer loop
    vertex 78.70389940580947 7.543277195067719 62.0
    vertex 78.49999999999999 3.499999999999999 62.0
    vertex 78.53407417371092 3.758819045102519 62.0
  endloop
endfacet
facet normal 0.0 0.0 1.0
  outer loop
    vertex 78.70389940580947 7.543277195067719 62.0
    vertex 78.53407417371092 3.758819045102519 62.0
    vertex 78.63397459621555 3.9999999999999982 62.0
  endloop
endfacet
facet normal 0.0 0.0 1.0
  outer loop
    vertex 78.70389940580947 7.543277195067719 62.0
    vertex 78.63397459621555 3.9999999999999982 62.0
    vertex 78.79289321881345 4.207106781186546 62.0
  endloop
endfacet
facet normal 0.0 0.0 1.0
  outer loop
    vertex 78.70389940580947 7.543277195067719 62.0
    vertex 78.79289321881345 4.207106781186546 62.0
    vertex 79.44708572938487 7.79555495773441 62.0
  endloop
endfacet
facet normal 0.0 0.0 1.0
  outer loop
    vertex 79.44708572938487 7.79555495773441 62.0
    vertex 78.79289321881345 4.207106781186546 62.0
    vertex 78.99999999999999 4.366025403784437 62.0
  endloop
endfacet
facet normal 0.0 0.0 1.0
  outer loop
    vertex 79.44708572938487 7.79555495773441 62.0
    vertex 78.99999999999999 4.366025403784437 62.0
    vertex 79.24118095489747 4.465925826289067 62.0
  endloop
endfacet
facet normal 0.0 0.0 1.0
  outer loop
    vertex 79.44708572938487 7.79555495773441 62.0
    vertex 79.24118095489747 4.465925826289067 62.0
    vertex 79.49999999999999 4.499999999999999 62.0
  endloop
endfacet
facet normal 0.0 0.0 1.0
  outer loop
    vertex 79.44708572938487 7.79555495773441 62.0
    vertex 79.49999999999999 4.499999999999999 62.0
    vertex 80.21684284667968 7.948669168242862 62.0
  endloop
endfacet
facet normal 0.0 0.0 1.0
  outer loop
    vertex 80.21684284667968 7.948669168242862 62.0
    vertex 79.49999999999999 4.499999999999999 62.0
    vertex 79.75881904510251 4.465925826289067 62.0
  endloop
endfacet
facet normal 0.0 0.0 1.0
  outer loop
    vertex 80.21684284667968 7.948669168242862 62.0
    vertex 79.75881904510251 4.465925826289067 62.0
    vertex 79.99999999999999 4.3660254037844375 62.0
  endloop
endfacet
facet normal 0.0 0.0 1.0
  outer loop
    vertex 80.21684284667968 7.948669168242862 62.0
    vertex 79.99999999999999 4.3660254037844375 62.0
    vertex 80.20710678118654 4.207106781186546 62.0
  endloop
endfacet
facet normal 0.0 0.0 1.0
  outer loop
    vertex 80.21684284667968 7.948669168242862 62.0
    vertex 80.20710678118654 4.207106781186546 62.0
    vertex 80.36602540378442 3.999999999999999 62.0
  endloop
endfacet
facet normal 0.0 0.0 1.0
  outer loop
    vertex 80.21684284667968 7.948669168242862 62.0
    vertex 80.36602540378442 3.999999999999999 62.0
    vertex 81.0 7.999999999999999 62.0
  endloop
endfacet
facet normal 0.0 0.0 1.0
  outer loop
    vertex 81.0 7.999999999999999 62.0
    vertex 80.36602540378442 3.999999999999999 62.0
    vertex 80.46592582628907 3.75881904510252 62.0
  endloop
endfacet
facet normal 0.0 0.0 1.0
  outer loop
    vertex 81.0 7.999999999999999 62.0
    vertex 80.46592582628907 3.75881904510252 62.0
    vertex 80.49999999999999 3.499999999999999 62.0
  endloop
endfacet
facet normal 0.0 0.0 1.0
  outer loop
    vertex 2.783157153320309 75.05133083175714 62.0
    vertex 2.500000000000004 79.49999999999999 62.0
    vertex 1.999999999999999 75.0 62.0
  endloop
endfacet
facet normal 0.0 0.0 1.0
  outer loop
    vertex 2.500000000000004 79.49999999999999 62.0
    vertex 2.783157153320309 75.05133083175714 62.0
    vertex 2.5340741737109362 79.24118095489747 62.0
  endloop
endfacet
facet normal 0.0 0.0 1.0
  outer loop
    vertex 2.5340741737109362 79.24118095489747 62.0
    vertex 2.783157153320309 75.05133083175714 62.0
    vertex 2.633974596215567 78.99999999999999 62.0
  endloop
endfacet
facet normal 0.0 0.0 1.0
  outer loop
    vertex 2.633974596215567 78.99999999999999 62.0
    vertex 2.783157153320309 75.05133083175714 62.0
    vertex 2.7928932188134583 78.79289321881345 62.0
  endloop
endfacet
facet normal 0.0 0.0 1.0
  outer loop
    vertex 2.7928932188134583 78.79289321881345 62.0
    vertex 2.783157153320309 75.05133083175714 62.0
    vertex 3.5529142706151244 75.20444504226559 62.0
  endloop
endfacet
facet normal 0.0 0.0 1.0
  outer loop
    vertex 2.7928932188134583 78.79289321881345 62.0
    vertex 3.5529142706151244 75.20444504226559 62.0
    vertex 3.0000000000000058 78.63397459621555 62.0
  endloop
endfacet
facet normal 0.0 0.0 1.0
  outer loop
    vertex 3.0000000000000058 78.63397459621555 62.0
    vertex 3.5529142706151244 75.20444504226559 62.0
    vertex 3.241180954897485 78.53407417371092 62.0
  endloop
endfacet
facet normal 0.0 0.0 1.0
  outer loop
    vertex 3.241180954897485 78.53407417371092 62.0
    vertex 3.5529142706151244 75.20444504226559 62.0
    vertex 3.500000000000005 78.49999999999999 62.0
  endloop
endfacet
facet normal 0.0 0.0 1.0
  outer loop
    vertex 3.500000000000005 78.49999999999999 62.0
    vertex 3.5529142706151244 75.20444504226559 62.0
    vertex 3.7588190451025256 78.53407417371093 62.0
  endloop
endfacet
facet normal 0.0 0.0 1.0
  outer loop
    vertex 3.7588190451025256 78.53407417371093 62.0
    vertex 3.5529142706151244 75.20444504226559 62.0
    vertex 4.296100594190539 75.45672280493228 62.0
  endloop
endfacet
facet normal 0.0 0.0 1.0
  outer loop
    vertex 3.7588190451025256 78.53407417371093 62.0
    vertex 4.296100594190539 75.45672280493228 62.0
    vertex 4.0000000000000036 78.63397459621555 62.0
  endloop
endfacet
facet normal 0.0 0.0 1.0
  outer loop
    vertex 4.0000000000000036 78.63397459621555 62.0
    vertex 4.296100594190539 75.45672280493228 62.0
    vertex 4.207106781186551 78.79289321881345 62.0
  endloop
endfacet
facet normal 0.0 0.0 1.0
  outer loop
    vertex 4.207106781186551 78.79289321881345 62.0
    vertex 4.296100594190539 75.45672280493228 62.0
    vertex 4.36602540378444 78.99999999999999 62.0
  endloop
endfacet
facet normal 0.0 0.0 1.0
  outer loop
    vertex 4.36602540378444 78.99999999999999 62.0
    vertex 4.296100594190539 75.45672280493228 62.0
    vertex 5.000000000000001 75.80384757729337 62.0
  endloop
endfacet
facet normal 0.0 0.0 1.0
  outer loop
    vertex 4.36602540378444 78.99999999999999 62.0
    vertex 5.000000000000001 75.80384757729337 62.0
    vertex 4.4659258262890695 79.24118095489747 62.0
  endloop
endfacet
facet normal 0.0 0.0 1.0
  outer loop
    vertex 4.4659258262890695 79.24118095489747 62.0
    vertex 5.000000000000001 75.80384757729337 62.0
    vertex 4.5 79.49999999999999 62.0
  endloop
endfacet
facet normal 0.0 0.0 1.0
  outer loop
    vertex 2.4999999999999996 3.500000000000002 62.0
    vertex 2.783157153320309 7.94866916824286 62.0
    vertex 1.999999999999999 7.999999999999999 62.0
  endloop
endfacet
facet normal 0.0 0.0 1.0
  outer loop
    vertex 2.783157153320309 7.94866916824286 62.0
    vertex 2.4999999999999996 3.500000000000002 62.0
    vertex 2.5340741737109314 3.758819045102522 62.0
  endloop
endfacet
facet normal 0.0 0.0 1.0
  outer loop
    vertex 2.783157153320309 7.94866916824286 62.0
    vertex 2.5340741737109314 3.758819045102522 62.0
    vertex 2.6339745962155607 4.000000000000001 62.0
  endloop
endfacet
facet normal 0.0 0.0 1.0
  outer loop
    vertex 2.783157153320309 7.94866916824286 62.0
    vertex 2.6339745962155607 4.000000000000001 62.0
    vertex 2.792893218813452 4.207106781186549 62.0
  endloop
endfacet
facet normal 0.0 0.0 1.0
  outer loop
    vertex 2.783157153320309 7.94866916824286 62.0
    vertex 2.792893218813452 4.207106781186549 62.0
    vertex 3.5529142706151244 7.795554957734409 62.0
  endloop
endfacet
facet normal 0.0 0.0 1.0
  outer loop
    vertex 3.5529142706151244 7.795554957734409 62.0
    vertex 2.792893218813452 4.207106781186549 62.0
    vertex 2.999999999999999 4.36602540378444 62.0
  endloop
endfacet
facet normal 0.0 0.0 1.0
  outer loop
    vertex 3.5529142706151244 7.795554957734409 62.0
    vertex 2.999999999999999 4.36602540378444 62.0
    vertex 3.241180954897478 4.4659258262890695 62.0
  endloop
endfacet
facet normal 0.0 0.0 1.0
  outer loop
    vertex 3.5529142706151244 7.795554957734409 62.0
    vertex 3.241180954897478 4.4659258262890695 62.0
    vertex 3.499999999999999 4.500000000000002 62.0
  endloop
endfacet
facet normal 0.0 0.0 1.0
  outer loop
    vertex 3.5529142706151244 7.795554957734409 62.0
    vertex 3.499999999999999 4.500000000000002 62.0
    vertex 3.75881904510252 4.4659258262890695 62.0
  endloop
endfacet
facet normal 0.0 0.0 1.0
  outer loop
    vertex 3.5529142706151244 7.795554957734409 62.0
    vertex 3.75881904510252 4.4659258262890695 62.0
    vertex 4.296100594190539 7.543277195067719 62.0
  endloop
endfacet
facet normal 0.0 0.0 1.0
  outer loop
    vertex 4.296100594190539 7.543277195067719 62.0
    vertex 3.75881904510252 4.4659258262890695 62.0
    vertex 3.999999999999999 4.36602540378444 62.0
  endloop
endfacet
facet normal 0.0 0.0 1.0
  outer loop
    vertex 4.296100594190539 7.543277195067719 62.0
    vertex 3.999999999999999 4.36602540378444 62.0
    vertex 4.207106781186546 4.207106781186549 62.0
  endloop
endfacet
facet normal 0.0 0.0 1.0
  outer loop
    vertex 4.296100594190539 7.543277195067719 62.0
    vertex 4.207106781186546 4.207106781186549 62.0
    vertex 4.3660254037844375 4.000000000000002 62.0
  endloop
endfacet
facet normal 0.0 0.0 1.0
  outer loop
    vertex 4.296100594190539 7.543277195067719 62.0
    vertex 4.3660254037844375 4.000000000000002 62.0
    vertex 5.000000000000001 7.196152422706631 62.0
  endloop
endfacet
facet normal 0.0 0.0 1.0
  outer loop
    vertex 5.000000000000001 7.196152422706631 62.0
    vertex 4.3660254037844375 4.000000000000002 62.0
    vertex 4.465925826289067 3.7588190451025225 62.0
  endloop
endfacet
facet normal 0.0 0.0 1.0
  outer loop
    vertex 5.000000000000001 7.196152422706631 62.0
    vertex 4.465925826289067 3.7588190451025225 62.0
    vertex 4.499999999999999 3.500000000000002 62.0
  endloop
endfacet
facet normal 0.0 0.0 -1.0
  outer loop
    vertex 11.066191478555078 31.611456180001685 0.0
    vertex 10.499999999999998 12.5 2.358960334606715e-16
    vertex 10.199276776518214 34.846825893831706 0.0
  endloop
endfacet
facet normal 0.0 0.0 -1.0
  outer loop
    vertex 10.499999999999998 12.5 2.358960334606715e-16
    vertex 11.066191478555078 31.611456180001685 0.0
    vertex 10.568148347421863 13.017638090205043 2.358960334606715e-16
  endloop
endfacet
facet normal 0.0 0.0 -1.0
  outer loop
    vertex 10.568148347421863 13.017638090205043 2.358960334606715e-16
    vertex 11.066191478555078 31.611456180001685 0.0
    vertex 10.767949192431121 13.5 2.358960334606715e-16
  endloop
endfacet
facet normal 0.0 0.0 -1.0
  outer loop
    vertex 10.767949192431121 13.5 2.358960334606715e-16
    vertex 11.066191478555078 31.611456180001685 0.0
    vertex 11.085786437626904 13.914213562373096 2.358960334606715e-16
  endloop
endfacet
facet normal 0.0 0.0 -1.0
  outer loop
    vertex 11.085786437626904 13.914213562373096 2.358960334606715e-16
    vertex 11.066191478555078 31.611456180001685 0.0
    vertex 12.26654535543676 28.4844274215744 0.0
  endloop
endfacet
facet normal 0.0 0.0 -1.0
  outer loop
    vertex 11.085786437626904 13.914213562373096 2.358960334606715e-16
    vertex 12.26654535543676 28.4844274215744 0.0
    vertex 11.499999999999998 14.232050807568875 2.358960334606715e-16
  endloop
endfacet
facet normal 0.0 0.0 -1.0
  outer loop
    vertex 11.499999999999998 14.232050807568875 2.358960334606715e-16
    vertex 12.26654535543676 28.4844274215744 0.0
    vertex 11.982361909794957 14.431851652578136 2.358960334606715e-16
  endloop
endfacet
facet normal 0.0 0.0 -1.0
  outer loop
    vertex 11.982361909794957 14.431851652578136 2.358960334606715e-16
    vertex 12.26654535543676 28.4844274215744 0.0
    vertex 12.499999999999998 14.499999999999998 2.358960334606715e-16
  endloop
endfacet
facet normal 0.0 0.0 -1.0
  outer loop
    vertex 12.499999999999998 14.499999999999998 2.358960334606715e-16
    vertex 12.26654535543676 28.4844274215744 0.0
    vertex 13.787187078897949 25.500000000000004 0.0
  endloop
endfacet
facet normal 0.0 0.0 -1.0
  outer loop
    vertex 12.499999999999998 14.499999999999998 2.358960334606715e-16
    vertex 13.787187078897949 25.500000000000004 0.0
    vertex 13.017638090205043 14.431851652578136 2.358960334606715e-16
  endloop
endfacet
facet normal 0.0 0.0 -1.0
  outer loop
    vertex 13.017638090205043 14.431851652578136 2.358960334606715e-16
    vertex 13.787187078897949 25.500000000000004 0.0
    vertex 13.499999999999998 14.232050807568875 2.358960334606715e-16
  endloop
endfacet
facet normal 0.0 0.0 -1.0
  outer loop
    vertex 13.499999999999998 14.232050807568875 2.358960334606715e-16
    vertex 13.787187078897949 25.500000000000004 0.0
    vertex 13.914213562373092 13.914213562373092 2.358960334606715e-16
  endloop
endfacet
facet normal 0.0 0.0 -1.0
  outer loop
    vertex 13.914213562373092 13.914213562373092 2.358960334606715e-16
    vertex 13.787187078897949 25.500000000000004 0.0
    vertex 15.611456180001673 22.69087192664086 0.0
  endloop
endfacet
facet normal 0.0 0.0 -1.0
  outer loop
    vertex 13.914213562373092 13.914213562373092 2.358960334606715e-16
    vertex 15.611456180001673 22.69087192664086 0.0
    vertex 14.232050807568875 13.499999999999998 2.358960334606715e-16
  endloop
endfacet
facet normal 0.0 0.0 -1.0
  outer loop
    vertex 14.232050807568875 13.499999999999998 2.358960334606715e-16
    vertex 15.611456180001673 22.69087192664086 0.0
    vertex 14.431851652578136 13.01763809020504 2.358960334606715e-16
  endloop
endfacet
facet normal 0.0 0.0 -1.0
  outer loop
    vertex 14.431851652578136 13.01763809020504 2.358960334606715e-16
    vertex 15.611456180001673 22.69087192664086 0.0
    vertex 14.499999999999996 12.5 2.358960334606715e-16
  endloop
endfacet
facet normal 0.0 0.0 -1.0
  outer loop
    vertex 10.500000000000004 70.5 7.697483390663135e-15
    vertex 11.066191478555083 51.38854381999832 0.0
    vertex 10.199276776518214 48.15317410616831 0.0
  endloop
endfacet
facet normal 0.0 0.0 -1.0
  outer loop
    vertex 11.066191478555083 51.38854381999832 0.0
    vertex 10.500000000000004 70.5 7.697483390663135e-15
    vertex 10.568148347421866 69.98236190979495 7.697483390663135e-15
  endloop
endfacet
facet normal 0.0 0.0 -1.0
  outer loop
    vertex 11.066191478555083 51.38854381999832 0.0
    vertex 10.568148347421866 69.98236190979495 7.697483390663135e-15
    vertex 10.767949192431127 69.5 7.697483390663135e-15
  endloop
endfacet
facet normal 0.0 0.0 -1.0
  outer loop
    vertex 11.066191478555083 51.38854381999832 0.0
    vertex 10.767949192431127 69.5 7.697483390663135e-15
    vertex 11.085786437626908 69.0857864376269 7.697483390663135e-15
  endloop
endfacet
facet normal 0.0 0.0 -1.0
  outer loop
    vertex 11.066191478555083 51.38854381999832 0.0
    vertex 11.085786437626908 69.0857864376269 7.697483390663135e-15
    vertex 12.26654535543677 54.515572578425605 0.0
  endloop
endfacet
facet normal 0.0 0.0 -1.0
  outer loop
    vertex 12.26654535543677 54.515572578425605 0.0
    vertex 11.085786437626908 69.0857864376269 7.697483390663135e-15
    vertex 11.500000000000002 68.76794919243112 7.697483390663135e-15
  endloop
endfacet
facet normal 0.0 0.0 -1.0
  outer loop
    vertex 12.26654535543677 54.515572578425605 0.0
    vertex 11.500000000000002 68.76794919243112 7.697483390663135e-15
    vertex 11.98236190979496 68.56814834742187 7.697483390663135e-15
  endloop
endfacet
facet normal 0.0 0.0 -1.0
  outer loop
    vertex 12.26654535543677 54.515572578425605 0.0
    vertex 11.98236190979496 68.56814834742187 7.697483390663135e-15
    vertex 12.500000000000002 68.5 7.697483390663135e-15
  endloop
endfacet
facet normal 0.0 0.0 -1.0
  outer loop
    vertex 12.26654535543677 54.515572578425605 0.0
    vertex 12.500000000000002 68.5 7.697483390663135e-15
    vertex 13.787187078897961 57.50000000000001 0.0
  endloop
endfacet
facet normal 0.0 0.0 -1.0
  outer loop
    vertex 13.787187078897961 57.50000000000001 0.0
    vertex 12.500000000000002 68.5 7.697483390663135e-15
    vertex 13.01763809020504 68.56814834742187 7.697483390663135e-15
  endloop
endfacet
facet normal 0.0 0.0 -1.0
  outer loop
    vertex 13.787187078897961 57.50000000000001 0.0
    vertex 13.01763809020504 68.56814834742187 7.697483390663135e-15
    vertex 13.499999999999998 68.76794919243112 7.697483390663135e-15
  endloop
endfacet
facet normal 0.0 0.0 -1.0
  outer loop
    vertex 13.787187078897961 57.50000000000001 0.0
    vertex 13.499999999999998 68.76794919243112 7.697483390663135e-15
    vertex 13.914213562373092 69.08578643762691 7.697483390663135e-15
  endloop
endfacet
facet normal 0.0 0.0 -1.0
  outer loop
    vertex 13.787187078897961 57.50000000000001 0.0
    vertex 13.914213562373092 69.08578643762691 7.697483390663135e-15
    vertex 15.61145618000168 60.30912807335914 0.0
  endloop
endfacet
facet normal 0.0 0.0 -1.0
  outer loop
    vertex 15.61145618000168 60.30912807335914 0.0
    vertex 13.914213562373092 69.08578643762691 7.697483390663135e-15
    vertex 14.232050807568873 69.5 7.697483390663135e-15
  endloop
endfacet
facet normal 0.0 0.0 -1.0
  outer loop
    vertex 15.61145618000168 60.30912807335914 0.0
    vertex 14.232050807568873 69.5 7.697483390663135e-15
    vertex 14.431851652578132 69.98236190979495 7.697483390663135e-15
  endloop
endfacet
facet normal 0.0 0.0 -1.0
  outer loop
    vertex 15.61145618000168 60.30912807335914 0.0
    vertex 14.431851652578132 69.98236190979495 7.697483390663135e-15
    vertex 14.499999999999996 70.5 7.697483390663135e-15
  endloop
endfacet
facet normal 0.0 0.0 -1.0
  outer loop
    vertex 4.5511112605663975 76.61177143234622 0.0
    vertex 4.5 6.0 0.0
    vertex 4.5 77.0 0.0
  endloop
endfacet
facet normal 0.0 0.0 -1.0
  outer loop
    vertex 4.5 6.0 0.0
    vertex 4.5511112605663975 76.61177143234622 0.0
    vertex 4.5511112605663975 6.3882285676537816 0.0
  endloop
endfacet
facet normal 0.0 0.0 -1.0
  outer loop
    vertex 4.5511112605663975 6.3882285676537816 0.0
    vertex 4.5511112605663975 76.61177143234622 0.0
    vertex 4.700961894323342 76.25 0.0
  endloop
endfacet
facet normal 0.0 0.0 -1.0
  outer loop
    vertex 4.5511112605663975 6.3882285676537816 0.0
    vertex 4.700961894323342 76.25 0.0
    vertex 4.700961894323343 6.75 0.0
  endloop
endfacet
facet normal 0.0 0.0 -1.0
  outer loop
    vertex 4.700961894323343 6.75 0.0
    vertex 4.700961894323342 76.25 0.0
    vertex 4.939339828220178 75.93933982822017 0.0
  endloop
endfacet
facet normal 0.0 0.0 -1.0
  outer loop
    vertex 4.700961894323343 6.75 0.0
    vertex 4.939339828220178 75.93933982822017 0.0
    vertex 4.939339828220179 7.060660171779821 0.0
  endloop
endfacet
facet normal 0.0 0.0 -1.0
  outer loop
    vertex 4.939339828220179 7.060660171779821 0.0
    vertex 4.939339828220178 75.93933982822017 0.0
    vertex 5.249999999999999 75.70096189432333 0.0
  endloop
endfacet
facet normal 0.0 0.0 -1.0
  outer loop
    vertex 4.939339828220179 7.060660171779821 0.0
    vertex 5.249999999999999 75.70096189432333 0.0
    vertex 5.250000000000001 7.299038105676658 0.0
  endloop
endfacet
facet normal 0.0 0.0 -1.0
  outer loop
    vertex 5.250000000000001 7.299038105676658 0.0
    vertex 5.249999999999999 75.70096189432333 0.0
    vertex 5.6117714323462184 75.55111126056639 0.0
  endloop
endfacet
facet normal 0.0 0.0 -1.0
  outer loop
    vertex 5.250000000000001 7.299038105676658 0.0
    vertex 5.6117714323462184 75.55111126056639 0.0
    vertex 5.611771432346219 7.4488887394336025 0.0
  endloop
endfacet
facet normal 0.0 0.0 -1.0
  outer loop
    vertex 5.611771432346219 7.4488887394336025 0.0
    vertex 5.6117714323462184 75.55111126056639 0.0
    vertex 6.0 75.5 0.0
  endloop
endfacet
facet normal 0.0 0.0 -1.0
  outer loop
    vertex 5.611771432346219 7.4488887394336025 0.0
    vertex 6.0 75.5 0.0
    vertex 6.0 7.5 0.0
  endloop
endfacet
facet normal 0.0 0.0 -1.0
  outer loop
    vertex 6.0 7.5 0.0
    vertex 6.0 75.5 0.0
    vertex 6.38822856765378 75.55111126056639 0.0
  endloop
endfacet
facet normal 0.0 0.0 -1.0
  outer loop
    vertex 6.0 7.5 0.0
    vertex 6.38822856765378 75.55111126056639 0.0
    vertex 6.3882285676537816 7.4488887394336025 0.0
  endloop
endfacet
facet normal 0.0 0.0 -1.0
  outer loop
    vertex 6.3882285676537816 7.4488887394336025 0.0
    vertex 6.38822856765378 75.55111126056639 0.0
    vertex 6.749999999999999 75.70096189432333 0.0
  endloop
endfacet
facet normal 0.0 0.0 -1.0
  outer loop
    vertex 6.3882285676537816 7.4488887394336025 0.0
    vertex 6.749999999999999 75.70096189432333 0.0
    vertex 6.75 7.299038105676658 0.0
  endloop
endfacet
facet normal 0.0 0.0 -1.0
  outer loop
    vertex 6.75 7.299038105676658 0.0
    vertex 6.749999999999999 75.70096189432333 0.0
    vertex 7.060660171779821 75.93933982822017 0.0
  endloop
endfacet
facet normal 0.0 0.0 -1.0
  outer loop
    vertex 6.75 7.299038105676658 0.0
    vertex 7.060660171779821 75.93933982822017 0.0
    vertex 7.060660171779821 7.060660171779821 0.0
  endloop
endfacet
facet normal 0.0 0.0 -1.0
  outer loop
    vertex 7.060660171779821 7.060660171779821 0.0
    vertex 7.060660171779821 75.93933982822017 0.0
    vertex 7.299038105676658 76.25 0.0
  endloop
endfacet
facet normal 0.0 0.0 -1.0
  outer loop
    vertex 7.060660171779821 7.060660171779821 0.0
    vertex 7.299038105676658 76.25 0.0
    vertex 7.299038105676658 6.749999999999999 0.0
  endloop
endfacet
facet normal 0.0 0.0 -1.0
  outer loop
    vertex 7.299038105676658 6.749999999999999 0.0
    vertex 7.299038105676658 76.25 0.0
    vertex 7.4488887394336025 76.61177143234622 0.0
  endloop
endfacet
facet normal 0.0 0.0 -1.0
  outer loop
    vertex 7.299038105676658 6.749999999999999 0.0
    vertex 7.4488887394336025 76.61177143234622 0.0
    vertex 7.4488887394336025 6.38822856765378 0.0
  endloop
endfacet
facet normal 0.0 0.0 -1.0
  outer loop
    vertex 7.4488887394336025 6.38822856765378 0.0
    vertex 7.4488887394336025 76.61177143234622 0.0
    vertex 7.5 77.0 0.0
  endloop
endfacet
facet normal 0.0 0.0 -1.0
  outer loop
    vertex 7.4488887394336025 6.38822856765378 0.0
    vertex 7.5 77.0 0.0
    vertex 7.5 6.0 0.0
  endloop
endfacet
facet normal 0.0 0.0 -1.0
  outer loop
    vertex 69.21281292110203 25.499999999999982 0.0
    vertex 68.5 12.5 -7.461587357202463e-15
    vertex 67.38854381999832 22.690871926640845 0.0
  endloop
endfacet
facet normal 0.0 0.0 -1.0
  outer loop
    vertex 68.5 12.5 -7.461587357202463e-15
    vertex 69.21281292110203 25.499999999999982 0.0
    vertex 68.56814834742187 13.017638090205043 -7.461587357202463e-15
  endloop
endfacet
facet normal 0.0 0.0 -1.0
  outer loop
    vertex 68.56814834742187 13.017638090205043 -7.461587357202463e-15
    vertex 69.21281292110203 25.499999999999982 0.0
    vertex 68.76794919243112 13.5 -7.461587357202463e-15
  endloop
endfacet
facet normal 0.0 0.0 -1.0
  outer loop
    vertex 68.76794919243112 13.5 -7.461587357202463e-15
    vertex 69.21281292110203 25.499999999999982 0.0
    vertex 69.0857864376269 13.914213562373096 -7.461587357202463e-15
  endloop
endfacet
facet normal 0.0 0.0 -1.0
  outer loop
    vertex 69.0857864376269 13.914213562373096 -7.461587357202463e-15
    vertex 69.21281292110203 25.499999999999982 0.0
    vertex 69.5 14.232050807568875 -7.461587357202463e-15
  endloop
endfacet
facet normal 0.0 0.0 -1.0
  outer loop
    vertex 69.5 14.232050807568875 -7.461587357202463e-15
    vertex 69.21281292110203 25.499999999999982 0.0
    vertex 70.73345464456321 28.484427421574367 0.0
  endloop
endfacet
facet normal 0.0 0.0 -1.0
  outer loop
    vertex 69.5 14.232050807568875 -7.461587357202463e-15
    vertex 70.73345464456321 28.484427421574367 0.0
    vertex 69.98236190979495 14.431851652578136 -7.461587357202463e-15
  endloop
endfacet
facet normal 0.0 0.0 -1.0
  outer loop
    vertex 69.98236190979495 14.431851652578136 -7.461587357202463e-15
    vertex 70.73345464456321 28.484427421574367 0.0
    vertex 70.5 14.499999999999998 -7.461587357202463e-15
  endloop
endfacet
facet normal 0.0 0.0 -1.0
  outer loop
    vertex 70.5 14.499999999999998 -7.461587357202463e-15
    vertex 70.73345464456321 28.484427421574367 0.0
    vertex 71.01763809020504 14.431851652578136 -7.461587357202463e-15
  endloop
endfacet
facet normal 0.0 0.0 -1.0
  outer loop
    vertex 71.01763809020504 14.431851652578136 -7.461587357202463e-15
    vertex 70.73345464456321 28.484427421574367 0.0
    vertex 71.93380852144492 31.61145618000167 0.0
  endloop
endfacet
facet normal 0.0 0.0 -1.0
  outer loop
    vertex 71.01763809020504 14.431851652578136 -7.461587357202463e-15
    vertex 71.93380852144492 31.61145618000167 0.0
    vertex 71.5 14.232050807568875 -7.461587357202463e-15
  endloop
endfacet
facet normal 0.0 0.0 -1.0
  outer loop
    vertex 71.5 14.232050807568875 -7.461587357202463e-15
    vertex 71.93380852144492 31.61145618000167 0.0
    vertex 71.91421356237309 13.914213562373092 -7.461587357202463e-15
  endloop
endfacet
facet normal 0.0 0.0 -1.0
  outer loop
    vertex 71.91421356237309 13.914213562373092 -7.461587357202463e-15
    vertex 71.93380852144492 31.61145618000167 0.0
    vertex 72.23205080756887 13.499999999999998 -7.461587357202463e-15
  endloop
endfacet
facet normal 0.0 0.0 -1.0
  outer loop
    vertex 72.23205080756887 13.499999999999998 -7.461587357202463e-15
    vertex 71.93380852144492 31.61145618000167 0.0
    vertex 72.80072322348178 34.84682589383168 0.0
  endloop
endfacet
facet normal 0.0 0.0 -1.0
  outer loop
    vertex 72.23205080756887 13.499999999999998 -7.461587357202463e-15
    vertex 72.80072322348178 34.84682589383168 0.0
    vertex 72.43185165257813 13.01763809020504 -7.461587357202463e-15
  endloop
endfacet
facet normal 0.0 0.0 -1.0
  outer loop
    vertex 72.43185165257813 13.01763809020504 -7.461587357202463e-15
    vertex 72.80072322348178 34.84682589383168 0.0
    vertex 72.49999999999999 12.5 -7.461587357202463e-15
  endloop
endfacet
facet normal 0.0 0.0 -1.0
  outer loop
    vertex 70.0 72.99999999999999 0.0
    vertex 70.73345464456324 54.515572578425605 0.0
    vertex 69.21281292110204 57.49999999999999 0.0
  endloop
endfacet
facet normal 0.0 0.0 -1.0
  outer loop
    vertex 70.73345464456324 54.515572578425605 0.0
    vertex 70.0 72.99999999999999 0.0
    vertex 70.10222252113279 72.22354286469243 0.0
  endloop
endfacet
facet normal 0.0 0.0 -1.0
  outer loop
    vertex 70.73345464456324 54.515572578425605 0.0
    vertex 70.10222252113279 72.22354286469243 0.0
    vertex 70.40192378864668 71.5 0.0
  endloop
endfacet
facet normal 0.0 0.0 -1.0
  outer loop
    vertex 70.73345464456324 54.515572578425605 0.0
    vertex 70.40192378864668 71.5 0.0
    vertex 70.87867965644035 70.87867965644035 0.0
  endloop
endfacet
facet normal 0.0 0.0 -1.0
  outer loop
    vertex 70.73345464456324 54.515572578425605 0.0
    vertex 70.87867965644035 70.87867965644035 0.0
    vertex 71.93380852144492 51.38854381999832 0.0
  endloop
endfacet
facet normal 0.0 0.0 -1.0
  outer loop
    vertex 71.93380852144492 51.38854381999832 0.0
    vertex 70.87867965644035 70.87867965644035 0.0
    vertex 71.5 70.40192378864668 0.0
  endloop
endfacet
facet normal 0.0 0.0 -1.0
  outer loop
    vertex 71.93380852144492 51.38854381999832 0.0
    vertex 71.5 70.40192378864668 0.0
    vertex 72.22354286469242 70.1022225211328 0.0
  endloop
endfacet
facet normal 0.0 0.0 -1.0
  outer loop
    vertex 71.93380852144492 51.38854381999832 0.0
    vertex 72.22354286469242 70.1022225211328 0.0
    vertex 72.80072322348178 48.1531741061683 0.0
  endloop
endfacet
facet normal 0.0 0.0 -1.0
  outer loop
    vertex 72.80072322348178 48.1531741061683 0.0
    vertex 72.22354286469242 70.1022225211328 0.0
    vertex 72.99999999999999 70.0 0.0
  endloop
endfacet
facet normal 0.0 0.0 -1.0
  outer loop
    vertex 72.80072322348178 48.1531741061683 0.0
    vertex 72.99999999999999 70.0 0.0
    vertex 73.32470065178475 44.844910824564906 0.0
  endloop
endfacet
facet normal 0.0 0.0 -1.0
  outer loop
    vertex 73.32470065178475 44.844910824564906 0.0
    vertex 72.99999999999999 70.0 0.0
    vertex 73.77645713530755 70.10222252113279 0.0
  endloop
endfacet
facet normal 0.0 0.0 -1.0
  outer loop
    vertex 73.32470065178475 44.844910824564906 0.0
    vertex 73.77645713530755 70.10222252113279 0.0
    vertex 73.5 41.5 0.0
  endloop
endfacet
facet normal 0.0 0.0 -1.0
  outer loop
    vertex 0.0 83.0 0.0
    vertex 4.5 77.0 0.0
    vertex 0.0 0.0 0.0
  endloop
endfacet
facet normal 0.0 0.0 -1.0
  outer loop
    vertex 4.5 77.0 0.0
    vertex 0.0 83.0 0.0
    vertex 4.5511112605663975 77.38822856765377 0.0
  endloop
endfacet
facet normal 0.0 0.0 -1.0
  outer loop
    vertex 4.5511112605663975 77.38822856765377 0.0
    vertex 0.0 83.0 0.0
    vertex 4.700961894323343 77.75 0.0
  endloop
endfacet
facet normal 0.0 0.0 -1.0
  outer loop
    vertex 4.700961894323343 77.75 0.0
    vertex 0.0 83.0 0.0
    vertex 4.939339828220179 78.06066017177982 0.0
  endloop
endfacet
facet normal 0.0 0.0 -1.0
  outer loop
    vertex 4.939339828220179 78.06066017177982 0.0
    vertex 0.0 83.0 0.0
    vertex 5.250000000000001 78.29903810567666 0.0
  endloop
endfacet
facet normal 0.0 0.0 -1.0
  outer loop
    vertex 5.250000000000001 78.29903810567666 0.0
    vertex 0.0 83.0 0.0
    vertex 5.611771432346219 78.4488887394336 0.0
  endloop
endfacet
facet normal 0.0 0.0 -1.0
  outer loop
    vertex 5.611771432346219 78.4488887394336 0.0
    vertex 0.0 83.0 0.0
    vertex 6.0 78.49999999999999 0.0
  endloop
endfacet
facet normal 0.0 0.0 -1.0
  outer loop
    vertex 6.0 78.49999999999999 0.0
    vertex 0.0 83.0 0.0
    vertex 83.0 83.0 0.0
  endloop
endfacet
facet normal 0.0 0.0 -1.0
  outer loop
    vertex 6.0 78.49999999999999 0.0
    vertex 83.0 83.0 0.0
    vertex 6.3882285676537816 78.4488887394336 0.0
  endloop
endfacet
facet normal 0.0 0.0 -1.0
  outer loop
    vertex 6.3882285676537816 78.4488887394336 0.0
    vertex 83.0 83.0 0.0
    vertex 6.75 78.29903810567666 0.0
  endloop
endfacet
facet normal 0.0 0.0 -1.0
  outer loop
    vertex 6.75 78.29903810567666 0.0
    vertex 83.0 83.0 0.0
    vertex 7.060660171779821 78.06066017177982 0.0
  endloop
endfacet
facet normal 0.0 0.0 -1.0
  outer loop
    vertex 7.060660171779821 78.06066017177982 0.0
    vertex 83.0 83.0 0.0
    vertex 7.299038105676658 77.75 0.0
  endloop
endfacet
facet normal 0.0 0.0 -1.0
  outer loop
    vertex 7.299038105676658 77.75 0.0
    vertex 83.0 83.0 0.0
    vertex 7.4488887394336025 77.38822856765377 0.0
  endloop
endfacet
facet normal 0.0 0.0 -1.0
  outer loop
    vertex 7.4488887394336025 77.38822856765377 0.0
    vertex 83.0 83.0 0.0
    vertex 7.5 77.0 0.0
  endloop
endfacet
facet normal 0.0 0.0 -1.0
  outer loop
    vertex 7.5 77.0 0.0
    vertex 83.0 83.0 0.0
    vertex 11.982361909794959 72.43185165257813 7.697483390663135e-15
  endloop
endfacet
facet normal 0.0 0.0 -1.0
  outer loop
    vertex 7.5 77.0 0.0
    vertex 11.982361909794959 72.43185165257813 7.697483390663135e-15
    vertex 11.5 72.23205080756887 7.697483390663135e-15
  endloop
endfacet
facet normal 0.0 0.0 -1.0
  outer loop
    vertex 7.5 77.0 0.0
    vertex 11.5 72.23205080756887 7.697483390663135e-15
    vertex 11.085786437626906 71.91421356237308 7.697483390663135e-15
  endloop
endfacet
facet normal 0.0 0.0 -1.0
  outer loop
    vertex 7.5 77.0 0.0
    vertex 11.085786437626906 71.91421356237308 7.697483390663135e-15
    vertex 10.767949192431123 71.5 7.697483390663135e-15
  endloop
endfacet
facet normal 0.0 0.0 -1.0
  outer loop
    vertex 7.5 77.0 0.0
    vertex 10.767949192431123 71.5 7.697483390663135e-15
    vertex 10.568148347421866 71.01763809020503 7.697483390663135e-15
  endloop
endfacet
facet normal 0.0 0.0 -1.0
  outer loop
    vertex 7.5 77.0 0.0
    vertex 10.568148347421866 71.01763809020503 7.697483390663135e-15
    vertex 10.500000000000004 70.5 7.697483390663135e-15
  endloop
endfacet
facet normal 0.0 0.0 -1.0
  outer loop
    vertex 7.5 77.0 0.0
    vertex 10.500000000000004 70.5 7.697483390663135e-15
    vertex 7.5 6.0 0.0
  endloop
endfacet
facet normal 0.0 0.0 -1.0
  outer loop
    vertex 7.5 6.0 0.0
    vertex 10.500000000000004 70.5 7.697483390663135e-15
    vertex 9.499999999999995 41.5 0.0
  endloop
endfacet
facet normal 0.0 0.0 -1.0
  outer loop
    vertex 9.499999999999995 41.5 0.0
    vertex 10.500000000000004 70.5 7.697483390663135e-15
    vertex 9.675299348215246 44.84491082456492 0.0
  endloop
endfacet
facet normal 0.0 0.0 -1.0
  outer loop
    vertex 9.675299348215246 44.84491082456492 0.0
    vertex 10.500000000000004 70.5 7.697483390663135e-15
    vertex 10.199276776518214 48.15317410616831 0.0
  endloop
endfacet
facet normal 0.0 0.0 -1.0
  outer loop
    vertex 11.982361909794959 72.43185165257813 7.697483390663135e-15
    vertex 83.0 83.0 0.0
    vertex 12.499999999999998 72.49999999999999 7.697483390663135e-15
  endloop
endfacet
facet normal 0.0 0.0 -1.0
  outer loop
    vertex 12.499999999999998 72.49999999999999 7.697483390663135e-15
    vertex 83.0 83.0 0.0
    vertex 13.01763809020504 72.43185165257813 7.697483390663135e-15
  endloop
endfacet
facet normal 0.0 0.0 -1.0
  outer loop
    vertex 13.01763809020504 72.43185165257813 7.697483390663135e-15
    vertex 83.0 83.0 0.0
    vertex 13.499999999999998 72.23205080756887 7.697483390663135e-15
  endloop
endfacet
facet normal 0.0 0.0 -1.0
  outer loop
    vertex 13.499999999999998 72.23205080756887 7.697483390663135e-15
    vertex 83.0 83.0 0.0
    vertex 13.914213562373092 71.91421356237309 7.697483390663135e-15
  endloop
endfacet
facet normal 0.0 0.0 -1.0
  outer loop
    vertex 13.914213562373092 71.91421356237309 7.697483390663135e-15
    vertex 83.0 83.0 0.0
    vertex 14.232050807568873 71.5 7.697483390663135e-15
  endloop
endfacet
facet normal 0.0 0.0 -1.0
  outer loop
    vertex 14.232050807568873 71.5 7.697483390663135e-15
    vertex 83.0 83.0 0.0
    vertex 14.431851652578132 71.01763809020504 7.697483390663135e-15
  endloop
endfacet
facet normal 0.0 0.0 -1.0
  outer loop
    vertex 14.431851652578132 71.01763809020504 7.697483390663135e-15
    vertex 83.0 83.0 0.0
    vertex 14.499999999999996 70.5 7.697483390663135e-15
  endloop
endfacet
facet normal 0.0 0.0 -1.0
  outer loop
    vertex 14.499999999999996 70.5 7.697483390663135e-15
    vertex 83.0 83.0 0.0
    vertex 34.8468258938317 72.80072322348178 0.0
  endloop
endfacet
facet normal 0.0 0.0 -1.0
  outer loop
    vertex 14.499999999999996 70.5 7.697483390663135e-15
    vertex 34.8468258938317 72.80072322348178 0.0
    vertex 31.611456180001678 71.93380852144492 0.0
  endloop
endfacet
facet normal 0.0 0.0 -1.0
  outer loop
    vertex 14.499999999999996 70.5 7.697483390663135e-15
    vertex 31.611456180001678 71.93380852144492 0.0
    vertex 28.484427421574395 70.73345464456324 0.0
  endloop
endfacet
facet normal 0.0 0.0 -1.0
  outer loop
    vertex 14.499999999999996 70.5 7.697483390663135e-15
    vertex 28.484427421574395 70.73345464456324 0.0
    vertex 25.500000000000004 69.21281292110204 0.0
  endloop
endfacet
facet normal 0.0 0.0 -1.0
  outer loop
    vertex 14.499999999999996 70.5 7.697483390663135e-15
    vertex 25.500000000000004 69.21281292110204 0.0
    vertex 22.69087192664086 67.38854381999832 0.0
  endloop
endfacet
facet normal 0.0 0.0 -1.0
  outer loop
    vertex 14.499999999999996 70.5 7.697483390663135e-15
    vertex 22.69087192664086 67.38854381999832 0.0
    vertex 20.087820596516544 65.28063441527662 0.0
  endloop
endfacet
facet normal 0.0 0.0 -1.0
  outer loop
    vertex 14.499999999999996 70.5 7.697483390663135e-15
    vertex 20.087820596516544 65.28063441527662 0.0
    vertex 17.71936558472338 62.91217940348347 0.0
  endloop
endfacet
facet normal 0.0 0.0 -1.0
  outer loop
    vertex 14.499999999999996 70.5 7.697483390663135e-15
    vertex 17.71936558472338 62.91217940348347 0.0
    vertex 15.61145618000168 60.30912807335914 0.0
  endloop
endfacet
facet normal 0.0 0.0 -1.0
  outer loop
    vertex 34.8468258938317 72.80072322348178 0.0
    vertex 83.0 83.0 0.0
    vertex 38.15508917543509 73.32470065178475 0.0
  endloop
endfacet
facet normal 0.0 0.0 -1.0
  outer loop
    vertex 38.15508917543509 73.32470065178475 0.0
    vertex 83.0 83.0 0.0
    vertex 41.5 73.5 0.0
  endloop
endfacet
facet normal 0.0 0.0 -1.0
  outer loop
    vertex 41.5 73.5 0.0
    vertex 83.0 83.0 0.0
    vertex 44.84491082456492 73.32470065178475 0.0
  endloop
endfacet
facet normal 0.0 0.0 -1.0
  outer loop
    vertex 44.84491082456492 73.32470065178475 0.0
    vertex 83.0 83.0 0.0
    vertex 48.1531741061683 72.80072322348178 0.0
  endloop
endfacet
facet normal 0.0 0.0 -1.0
  outer loop
    vertex 48.1531741061683 72.80072322348178 0.0
    vertex 83.0 83.0 0.0
    vertex 51.38854381999832 71.93380852144492 0.0
  endloop
endfacet
facet normal 0.0 0.0 -1.0
  outer loop
    vertex 51.38854381999832 71.93380852144492 0.0
    vertex 83.0 83.0 0.0
    vertex 54.515572578425605 70.73345464456324 0.0
  endloop
endfacet
facet normal 0.0 0.0 -1.0
  outer loop
    vertex 54.515572578425605 70.73345464456324 0.0
    vertex 83.0 83.0 0.0
    vertex 57.50000000000001 69.21281292110203 0.0
  endloop
endfacet
facet normal 0.0 0.0 -1.0
  outer loop
    vertex 57.50000000000001 69.21281292110203 0.0
    vertex 83.0 83.0 0.0
    vertex 71.5 75.5980762113533 0.0
  endloop
endfacet
facet normal 0.0 0.0 -1.0
  outer loop
    vertex 57.50000000000001 69.21281292110203 0.0
    vertex 71.5 75.5980762113533 0.0
    vertex 60.30912807335914 67.38854381999832 0.0
  endloop
endfacet
facet normal 0.0 0.0 -1.0
  outer loop
    vertex 60.30912807335914 67.38854381999832 0.0
    vertex 71.5 75.5980762113533 0.0
    vertex 70.87867965644035 75.12132034355963 0.0
  endloop
endfacet
facet normal 0.0 0.0 -1.0
  outer loop
    vertex 60.30912807335914 67.38854381999832 0.0
    vertex 70.87867965644035 75.12132034355963 0.0
    vertex 62.912179403483464 65.28063441527662 0.0
  endloop
endfacet
facet normal 0.0 0.0 -1.0
  outer loop
    vertex 62.912179403483464 65.28063441527662 0.0
    vertex 70.87867965644035 75.12132034355963 0.0
    vertex 70.40192378864668 74.49999999999999 0.0
  endloop
endfacet
facet normal 0.0 0.0 -1.0
  outer loop
    vertex 62.912179403483464 65.28063441527662 0.0
    vertex 70.40192378864668 74.49999999999999 0.0
    vertex 65.28063441527662 62.912179403483464 0.0
  endloop
endfacet
facet normal 0.0 0.0 -1.0
  outer loop
    vertex 65.28063441527662 62.912179403483464 0.0
    vertex 70.40192378864668 74.49999999999999 0.0
    vertex 70.1022225211328 73.77645713530755 0.0
  endloop
endfacet
facet normal 0.0 0.0 -1.0
  outer loop
    vertex 65.28063441527662 62.912179403483464 0.0
    vertex 70.1022225211328 73.77645713530755 0.0
    vertex 67.38854381999832 60.30912807335914 0.0
  endloop
endfacet
facet normal 0.0 0.0 -1.0
  outer loop
    vertex 67.38854381999832 60.30912807335914 0.0
    vertex 70.1022225211328 73.77645713530755 0.0
    vertex 70.0 72.99999999999999 0.0
  endloop
endfacet
facet normal 0.0 0.0 -1.0
  outer loop
    vertex 67.38854381999832 60.30912807335914 0.0
    vertex 70.0 72.99999999999999 0.0
    vertex 69.21281292110204 57.49999999999999 0.0
  endloop
endfacet
facet normal 0.0 0.0 -1.0
  outer loop
    vertex 71.5 75.5980762113533 0.0
    vertex 83.0 83.0 0.0
    vertex 72.22354286469243 75.8977774788672 0.0
  endloop
endfacet
facet normal 0.0 0.0 -1.0
  outer loop
    vertex 72.22354286469243 75.8977774788672 0.0
    vertex 83.0 83.0 0.0
    vertex 72.99999999999999 75.99999999999999 0.0
  endloop
endfacet
facet normal 0.0 0.0 -1.0
  outer loop
    vertex 72.99999999999999 75.99999999999999 0.0
    vertex 83.0 83.0 0.0
    vertex 73.77645713530755 75.89777747886718 0.0
  endloop
endfacet
facet normal 0.0 0.0 -1.0
  outer loop
    vertex 73.77645713530755 75.89777747886718 0.0
    vertex 83.0 83.0 0.0
    vertex 74.49999999999999 75.5980762113533 0.0
  endloop
endfacet
facet normal 0.0 0.0 -1.0
  outer loop
    vertex 74.49999999999999 75.5980762113533 0.0
    vertex 83.0 83.0 0.0
    vertex 75.12132034355963 75.12132034355963 0.0
  endloop
endfacet
facet normal 0.0 0.0 -1.0
  outer loop
    vertex 75.12132034355963 75.12132034355963 0.0
    vertex 83.0 83.0 0.0
    vertex 75.5980762113533 74.49999999999999 0.0
  endloop
endfacet
facet normal 0.0 0.0 -1.0
  outer loop
    vertex 75.5980762113533 74.49999999999999 0.0
    vertex 83.0 83.0 0.0
    vertex 75.89777747886718 73.77645713530755 0.0
  endloop
endfacet
facet normal 0.0 0.0 -1.0
  outer loop
    vertex 75.89777747886718 73.77645713530755 0.0
    vertex 83.0 83.0 0.0
    vertex 75.99999999999999 72.99999999999999 0.0
  endloop
endfacet
facet normal 0.0 0.0 -1.0
  outer loop
    vertex 75.99999999999999 72.99999999999999 0.0
    vertex 83.0 83.0 0.0
    vertex 76.25 7.299038105676656 0.0
  endloop
endfacet
facet normal 0.0 0.0 -1.0
  outer loop
    vertex 76.25 7.299038105676656 0.0
    vertex 83.0 83.0 0.0
    vertex 76.61177143234622 7.4488887394336 0.0
  endloop
endfacet
facet normal 0.0 0.0 -1.0
  outer loop
    vertex 76.61177143234622 7.4488887394336 0.0
    vertex 83.0 83.0 0.0
    vertex 77.0 7.499999999999997 0.0
  endloop
endfacet
facet normal 0.0 0.0 -1.0
  outer loop
    vertex 77.0 7.499999999999997 0.0
    vertex 83.0 83.0 0.0
    vertex 77.38822856765377 7.4488887394336 0.0
  endloop
endfacet
facet normal 0.0 0.0 -1.0
  outer loop
    vertex 77.38822856765377 7.4488887394336 0.0
    vertex 83.0 83.0 0.0
    vertex 77.75 7.299038105676656 0.0
  endloop
endfacet
facet normal 0.0 0.0 -1.0
  outer loop
    vertex 77.75 7.299038105676656 0.0
    vertex 83.0 83.0 0.0
    vertex 78.06066017177982 7.060660171779818 0.0
  endloop
endfacet
facet normal 0.0 0.0 -1.0
  outer loop
    vertex 78.06066017177982 7.060660171779818 0.0
    vertex 83.0 83.0 0.0
    vertex 78.29903810567664 6.749999999999999 0.0
  endloop
endfacet
facet normal 0.0 0.0 -1.0
  outer loop
    vertex 78.29903810567664 6.749999999999999 0.0
    vertex 83.0 83.0 0.0
    vertex 78.4488887394336 6.38822856765378 0.0
  endloop
endfacet
facet normal 0.0 0.0 -1.0
  outer loop
    vertex 78.4488887394336 6.38822856765378 0.0
    vertex 83.0 83.0 0.0
    vertex 78.49999999999999 6.0 0.0
  endloop
endfacet
facet normal 0.0 0.0 -1.0
  outer loop
    vertex 0.0 0.0 0.0
    vertex 6.0 4.499999999999999 0.0
    vertex 83.0 0.0 0.0
  endloop
endfacet
facet normal 0.0 0.0 -1.0
  outer loop
    vertex 6.0 4.499999999999999 0.0
    vertex 0.0 0.0 0.0
    vertex 5.6117714323462184 4.5511112605663975 0.0
  endloop
endfacet
facet normal 0.0 0.0 -1.0
  outer loop
    vertex 5.6117714323462184 4.5511112605663975 0.0
    vertex 0.0 0.0 0.0
    vertex 5.249999999999999 4.700961894323341 0.0
  endloop
endfacet
facet normal 0.0 0.0 -1.0
  outer loop
    vertex 5.249999999999999 4.700961894323341 0.0
    vertex 0.0 0.0 0.0
    vertex 4.939339828220178 4.939339828220179 0.0
  endloop
endfacet
facet normal 0.0 0.0 -1.0
  outer loop
    vertex 4.939339828220178 4.939339828220179 0.0
    vertex 0.0 0.0 0.0
    vertex 4.700961894323342 5.25 0.0
  endloop
endfacet
facet normal 0.0 0.0 -1.0
  outer loop
    vertex 4.700961894323342 5.25 0.0
    vertex 0.0 0.0 0.0
    vertex 4.5511112605663975 5.611771432346219 0.0
  endloop
endfacet
facet normal 0.0 0.0 -1.0
  outer loop
    vertex 4.5511112605663975 5.611771432346219 0.0
    vertex 0.0 0.0 0.0
    vertex 4.5 6.0 0.0
  endloop
endfacet
facet normal 0.0 0.0 -1.0
  outer loop
    vertex 4.5 6.0 0.0
    vertex 0.0 0.0 0.0
    vertex 4.5 77.0 0.0
  endloop
endfacet
facet normal 0.0 0.0 -1.0
  outer loop
    vertex 83.0 0.0 0.0
    vertex 6.0 4.499999999999999 0.0
    vertex 6.38822856765378 4.5511112605663975 0.0
  endloop
endfacet
facet normal 0.0 0.0 -1.0
  outer loop
    vertex 83.0 0.0 0.0
    vertex 6.38822856765378 4.5511112605663975 0.0
    vertex 6.749999999999999 4.700961894323341 0.0
  endloop
endfacet
facet normal 0.0 0.0 -1.0
  outer loop
    vertex 83.0 0.0 0.0
    vertex 6.749999999999999 4.700961894323341 0.0
    vertex 7.060660171779821 4.939339828220178 0.0
  endloop
endfacet
facet normal 0.0 0.0 -1.0
  outer loop
    vertex 83.0 0.0 0.0
    vertex 7.060660171779821 4.939339828220178 0.0
    vertex 7.299038105676658 5.249999999999999 0.0
  endloop
endfacet
facet normal 0.0 0.0 -1.0
  outer loop
    vertex 83.0 0.0 0.0
    vertex 7.299038105676658 5.249999999999999 0.0
    vertex 7.4488887394336025 5.611771432346218 0.0
  endloop
endfacet
facet normal 0.0 0.0 -1.0
  outer loop
    vertex 83.0 0.0 0.0
    vertex 7.4488887394336025 5.611771432346218 0.0
    vertex 7.5 6.0 0.0
  endloop
endfacet
facet normal 0.0 0.0 -1.0
  outer loop
    vertex 83.0 0.0 0.0
    vertex 7.5 6.0 0.0
    vertex 11.982361909794957 10.568148347421864 2.358960334606715e-16
  endloop
endfacet
facet normal 0.0 0.0 -1.0
  outer loop
    vertex 11.982361909794957 10.568148347421864 2.358960334606715e-16
    vertex 7.5 6.0 0.0
    vertex 11.499999999999998 10.767949192431123 2.358960334606715e-16
  endloop
endfacet
facet normal 0.0 0.0 -1.0
  outer loop
    vertex 11.499999999999998 10.767949192431123 2.358960334606715e-16
    vertex 7.5 6.0 0.0
    vertex 11.085786437626904 11.085786437626906 2.358960334606715e-16
  endloop
endfacet
facet normal 0.0 0.0 -1.0
  outer loop
    vertex 11.085786437626904 11.085786437626906 2.358960334606715e-16
    vertex 7.5 6.0 0.0
    vertex 10.767949192431121 11.5 2.358960334606715e-16
  endloop
endfacet
facet normal 0.0 0.0 -1.0
  outer loop
    vertex 10.767949192431121 11.5 2.358960334606715e-16
    vertex 7.5 6.0 0.0
    vertex 10.568148347421863 11.982361909794959 2.358960334606715e-16
  endloop
endfacet
facet normal 0.0 0.0 -1.0
  outer loop
    vertex 10.568148347421863 11.982361909794959 2.358960334606715e-16
    vertex 7.5 6.0 0.0
    vertex 10.499999999999998 12.5 2.358960334606715e-16
  endloop
endfacet
facet normal 0.0 0.0 -1.0
  outer loop
    vertex 10.499999999999998 12.5 2.358960334606715e-16
    vertex 7.5 6.0 0.0
    vertex 9.499999999999995 41.5 0.0
  endloop
endfacet
facet normal 0.0 0.0 -1.0
  outer loop
    vertex 10.499999999999998 12.5 2.358960334606715e-16
    vertex 9.499999999999995 41.5 0.0
    vertex 9.675299348215246 38.1550891754351 0.0
  endloop
endfacet
facet normal 0.0 0.0 -1.0
  outer loop
    vertex 10.499999999999998 12.5 2.358960334606715e-16
    vertex 9.675299348215246 38.1550891754351 0.0
    vertex 10.199276776518214 34.846825893831706 0.0
  endloop
endfacet
facet normal 0.0 0.0 -1.0
  outer loop
    vertex 83.0 0.0 0.0
    vertex 11.982361909794957 10.568148347421864 2.358960334606715e-16
    vertex 12.499999999999998 10.5 2.358960334606715e-16
  endloop
endfacet
facet normal 0.0 0.0 -1.0
  outer loop
    vertex 83.0 0.0 0.0
    vertex 12.499999999999998 10.5 2.358960334606715e-16
    vertex 13.01763809020504 10.568148347421864 2.358960334606715e-16
  endloop
endfacet
facet normal 0.0 0.0 -1.0
  outer loop
    vertex 83.0 0.0 0.0
    vertex 13.01763809020504 10.568148347421864 2.358960334606715e-16
    vertex 13.499999999999998 10.767949192431123 2.358960334606715e-16
  endloop
endfacet
facet normal 0.0 0.0 -1.0
  outer loop
    vertex 83.0 0.0 0.0
    vertex 13.499999999999998 10.767949192431123 2.358960334606715e-16
    vertex 13.914213562373092 11.085786437626904 2.358960334606715e-16
  endloop
endfacet
facet normal 0.0 0.0 -1.0
  outer loop
    vertex 83.0 0.0 0.0
    vertex 13.914213562373092 11.085786437626904 2.358960334606715e-16
    vertex 14.232050807568875 11.499999999999998 2.358960334606715e-16
  endloop
endfacet
facet normal 0.0 0.0 -1.0
  outer loop
    vertex 83.0 0.0 0.0
    vertex 14.232050807568875 11.499999999999998 2.358960334606715e-16
    vertex 14.431851652578132 11.982361909794957 2.358960334606715e-16
  endloop
endfacet
facet normal 0.0 0.0 -1.0
  outer loop
    vertex 83.0 0.0 0.0
    vertex 14.431851652578132 11.982361909794957 2.358960334606715e-16
    vertex 14.499999999999996 12.5 2.358960334606715e-16
  endloop
endfacet
facet normal 0.0 0.0 -1.0
  outer loop
    vertex 83.0 0.0 0.0
    vertex 14.499999999999996 12.5 2.358960334606715e-16
    vertex 34.84682589383168 10.199276776518214 0.0
  endloop
endfacet
facet normal 0.0 0.0 -1.0
  outer loop
    vertex 34.84682589383168 10.199276776518214 0.0
    vertex 14.499999999999996 12.5 2.358960334606715e-16
    vertex 31.61145618000167 11.066191478555083 0.0
  endloop
endfacet
facet normal 0.0 0.0 -1.0
  outer loop
    vertex 31.61145618000167 11.066191478555083 0.0
    vertex 14.499999999999996 12.5 2.358960334606715e-16
    vertex 28.484427421574367 12.266545355436778 0.0
  endloop
endfacet
facet normal 0.0 0.0 -1.0
  outer loop
    vertex 28.484427421574367 12.266545355436778 0.0
    vertex 14.499999999999996 12.5 2.358960334606715e-16
    vertex 25.499999999999982 13.787187078897967 0.0
  endloop
endfacet
facet normal 0.0 0.0 -1.0
  outer loop
    vertex 25.499999999999982 13.787187078897967 0.0
    vertex 14.499999999999996 12.5 2.358960334606715e-16
    vertex 22.69087192664085 15.61145618000168 0.0
  endloop
endfacet
facet normal 0.0 0.0 -1.0
  outer loop
    vertex 22.69087192664085 15.61145618000168 0.0
    vertex 14.499999999999996 12.5 2.358960334606715e-16
    vertex 20.087820596516526 17.719365584723388 0.0
  endloop
endfacet
facet normal 0.0 0.0 -1.0
  outer loop
    vertex 20.087820596516526 17.719365584723388 0.0
    vertex 14.499999999999996 12.5 2.358960334606715e-16
    vertex 17.719365584723374 20.087820596516544 0.0
  endloop
endfacet
facet normal 0.0 0.0 -1.0
  outer loop
    vertex 17.719365584723374 20.087820596516544 0.0
    vertex 14.499999999999996 12.5 2.358960334606715e-16
    vertex 15.611456180001673 22.69087192664086 0.0
  endloop
endfacet
facet normal 0.0 0.0 -1.0
  outer loop
    vertex 83.0 0.0 0.0
    vertex 34.84682589383168 10.199276776518214 0.0
    vertex 38.15508917543506 9.675299348215246 0.0
  endloop
endfacet
facet normal 0.0 0.0 -1.0
  outer loop
    vertex 83.0 0.0 0.0
    vertex 38.15508917543506 9.675299348215246 0.0
    vertex 41.49999999999999 9.499999999999995 0.0
  endloop
endfacet
facet normal 0.0 0.0 -1.0
  outer loop
    vertex 83.0 0.0 0.0
    vertex 41.49999999999999 9.499999999999995 0.0
    vertex 44.84491082456489 9.675299348215246 0.0
  endloop
endfacet
facet normal 0.0 0.0 -1.0
  outer loop
    vertex 83.0 0.0 0.0
    vertex 44.84491082456489 9.675299348215246 0.0
    vertex 48.15317410616827 10.199276776518209 0.0
  endloop
endfacet
facet normal 0.0 0.0 -1.0
  outer loop
    vertex 83.0 0.0 0.0
    vertex 48.15317410616827 10.199276776518209 0.0
    vertex 51.388543819998304 11.066191478555078 0.0
  endloop
endfacet
facet normal 0.0 0.0 -1.0
  outer loop
    vertex 83.0 0.0 0.0
    vertex 51.388543819998304 11.066191478555078 0.0
    vertex 54.515572578425584 12.26654535543676 0.0
  endloop
endfacet
facet normal 0.0 0.0 -1.0
  outer loop
    vertex 83.0 0.0 0.0
    vertex 54.515572578425584 12.26654535543676 0.0
    vertex 57.49999999999997 13.787187078897944 0.0
  endloop
endfacet
facet normal 0.0 0.0 -1.0
  outer loop
    vertex 83.0 0.0 0.0
    vertex 57.49999999999997 13.787187078897944 0.0
    vertex 60.30912807335914 15.611456180001673 0.0
  endloop
endfacet
facet normal 0.0 0.0 -1.0
  outer loop
    vertex 83.0 0.0 0.0
    vertex 60.30912807335914 15.611456180001673 0.0
    vertex 76.25 4.7009618943233455 0.0
  endloop
endfacet
facet normal 0.0 0.0 -1.0
  outer loop
    vertex 76.25 4.7009618943233455 0.0
    vertex 60.30912807335914 15.611456180001673 0.0
    vertex 75.93933982822017 4.939339828220182 0.0
  endloop
endfacet
facet normal 0.0 0.0 -1.0
  outer loop
    vertex 75.93933982822017 4.939339828220182 0.0
    vertex 60.30912807335914 15.611456180001673 0.0
    vertex 69.0857864376269 11.085786437626906 -7.461587357202463e-15
  endloop
endfacet
facet normal 0.0 0.0 -1.0
  outer loop
    vertex 69.0857864376269 11.085786437626906 -7.461587357202463e-15
    vertex 60.30912807335914 15.611456180001673 0.0
    vertex 62.91217940348345 17.719365584723366 0.0
  endloop
endfacet
facet normal 0.0 0.0 -1.0
  outer loop
    vertex 69.0857864376269 11.085786437626906 -7.461587357202463e-15
    vertex 62.91217940348345 17.719365584723366 0.0
    vertex 68.76794919243112 11.5 -7.461587357202463e-15
  endloop
endfacet
facet normal 0.0 0.0 -1.0
  outer loop
    vertex 68.76794919243112 11.5 -7.461587357202463e-15
    vertex 62.91217940348345 17.719365584723366 0.0
    vertex 68.56814834742187 11.982361909794959 -7.461587357202463e-15
  endloop
endfacet
facet normal 0.0 0.0 -1.0
  outer loop
    vertex 68.56814834742187 11.982361909794959 -7.461587357202463e-15
    vertex 62.91217940348345 17.719365584723366 0.0
    vertex 65.2806344152766 20.087820596516515 0.0
  endloop
endfacet
facet normal 0.0 0.0 -1.0
  outer loop
    vertex 68.56814834742187 11.982361909794959 -7.461587357202463e-15
    vertex 65.2806344152766 20.087820596516515 0.0
    vertex 68.5 12.5 -7.461587357202463e-15
  endloop
endfacet
facet normal 0.0 0.0 -1.0
  outer loop
    vertex 68.5 12.5 -7.461587357202463e-15
    vertex 65.2806344152766 20.087820596516515 0.0
    vertex 67.38854381999832 22.690871926640845 0.0
  endloop
endfacet
facet normal 0.0 0.0 -1.0
  outer loop
    vertex 75.93933982822017 4.939339828220182 0.0
    vertex 69.0857864376269 11.085786437626906 -7.461587357202463e-15
    vertex 69.5 10.767949192431123 -7.461587357202463e-15
  endloop
endfacet
facet normal 0.0 0.0 -1.0
  outer loop
    vertex 75.93933982822017 4.939339828220182 0.0
    vertex 69.5 10.767949192431123 -7.461587357202463e-15
    vertex 69.98236190979495 10.568148347421864 -7.461587357202463e-15
  endloop
endfacet
facet normal 0.0 0.0 -1.0
  outer loop
    vertex 75.93933982822017 4.939339828220182 0.0
    vertex 69.98236190979495 10.568148347421864 -7.461587357202463e-15
    vertex 70.5 10.5 -7.461587357202463e-15
  endloop
endfacet
facet normal 0.0 0.0 -1.0
  outer loop
    vertex 75.93933982822017 4.939339828220182 0.0
    vertex 70.5 10.5 -7.461587357202463e-15
    vertex 71.01763809020504 10.568148347421864 -7.461587357202463e-15
  endloop
endfacet
facet normal 0.0 0.0 -1.0
  outer loop
    vertex 75.93933982822017 4.939339828220182 0.0
    vertex 71.01763809020504 10.568148347421864 -7.461587357202463e-15
    vertex 75.70096189432333 5.250000000000003 0.0
  endloop
endfacet
facet normal 0.0 0.0 -1.0
  outer loop
    vertex 75.70096189432333 5.250000000000003 0.0
    vertex 71.01763809020504 10.568148347421864 -7.461587357202463e-15
    vertex 71.5 10.767949192431123 -7.461587357202463e-15
  endloop
endfacet
facet normal 0.0 0.0 -1.0
  outer loop
    vertex 75.70096189432333 5.250000000000003 0.0
    vertex 71.5 10.767949192431123 -7.461587357202463e-15
    vertex 71.91421356237309 11.085786437626904 -7.461587357202463e-15
  endloop
endfacet
facet normal 0.0 0.0 -1.0
  outer loop
    vertex 75.70096189432333 5.250000000000003 0.0
    vertex 71.91421356237309 11.085786437626904 -7.461587357202463e-15
    vertex 72.23205080756887 11.499999999999998 -7.461587357202463e-15
  endloop
endfacet
facet normal 0.0 0.0 -1.0
  outer loop
    vertex 75.70096189432333 5.250000000000003 0.0
    vertex 72.23205080756887 11.499999999999998 -7.461587357202463e-15
    vertex 72.43185165257813 11.982361909794957 -7.461587357202463e-15
  endloop
endfacet
facet normal 0.0 0.0 -1.0
  outer loop
    vertex 75.70096189432333 5.250000000000003 0.0
    vertex 72.43185165257813 11.982361909794957 -7.461587357202463e-15
    vertex 72.49999999999999 12.5 -7.461587357202463e-15
  endloop
endfacet
facet normal 0.0 0.0 -1.0
  outer loop
    vertex 75.70096189432333 5.250000000000003 0.0
    vertex 72.49999999999999 12.5 -7.461587357202463e-15
    vertex 75.55111126056639 5.611771432346221 0.0
  endloop
endfacet
facet normal 0.0 0.0 -1.0
  outer loop
    vertex 75.55111126056639 5.611771432346221 0.0
    vertex 72.49999999999999 12.5 -7.461587357202463e-15
    vertex 75.5 6.000000000000001 0.0
  endloop
endfacet
facet normal 0.0 0.0 -1.0
  outer loop
    vertex 75.5 6.000000000000001 0.0
    vertex 72.49999999999999 12.5 -7.461587357202463e-15
    vertex 72.80072322348178 34.84682589383168 0.0
  endloop
endfacet
facet normal 0.0 0.0 -1.0
  outer loop
    vertex 75.5 6.000000000000001 0.0
    vertex 72.80072322348178 34.84682589383168 0.0
    vertex 73.32470065178475 38.15508917543506 0.0
  endloop
endfacet
facet normal 0.0 0.0 -1.0
  outer loop
    vertex 75.5 6.000000000000001 0.0
    vertex 73.32470065178475 38.15508917543506 0.0
    vertex 73.5 41.5 0.0
  endloop
endfacet
facet normal 0.0 0.0 -1.0
  outer loop
    vertex 75.5 6.000000000000001 0.0
    vertex 73.5 41.5 0.0
    vertex 73.77645713530755 70.10222252113279 0.0
  endloop
endfacet
facet normal 0.0 0.0 -1.0
  outer loop
    vertex 75.5 6.000000000000001 0.0
    vertex 73.77645713530755 70.10222252113279 0.0
    vertex 74.49999999999999 70.40192378864668 0.0
  endloop
endfacet
facet normal 0.0 0.0 -1.0
  outer loop
    vertex 75.5 6.000000000000001 0.0
    vertex 74.49999999999999 70.40192378864668 0.0
    vertex 75.12132034355963 70.87867965644035 0.0
  endloop
endfacet
facet normal 0.0 0.0 -1.0
  outer loop
    vertex 83.0 0.0 0.0
    vertex 76.25 4.7009618943233455 0.0
    vertex 76.61177143234622 4.551111260566401 0.0
  endloop
endfacet
facet normal 0.0 0.0 -1.0
  outer loop
    vertex 83.0 0.0 0.0
    vertex 76.61177143234622 4.551111260566401 0.0
    vertex 77.0 4.500000000000003 0.0
  endloop
endfacet
facet normal 0.0 0.0 -1.0
  outer loop
    vertex 83.0 0.0 0.0
    vertex 77.0 4.500000000000003 0.0
    vertex 77.38822856765377 4.5511112605664 0.0
  endloop
endfacet
facet normal 0.0 0.0 -1.0
  outer loop
    vertex 83.0 0.0 0.0
    vertex 77.38822856765377 4.5511112605664 0.0
    vertex 77.75 4.700961894323344 0.0
  endloop
endfacet
facet normal 0.0 0.0 -1.0
  outer loop
    vertex 83.0 0.0 0.0
    vertex 77.75 4.700961894323344 0.0
    vertex 78.06066017177982 4.939339828220181 0.0
  endloop
endfacet
facet normal 0.0 0.0 -1.0
  outer loop
    vertex 83.0 0.0 0.0
    vertex 78.06066017177982 4.939339828220181 0.0
    vertex 78.29903810567664 5.25 0.0
  endloop
endfacet
facet normal 0.0 0.0 -1.0
  outer loop
    vertex 83.0 0.0 0.0
    vertex 78.29903810567664 5.25 0.0
    vertex 78.4488887394336 5.6117714323462184 0.0
  endloop
endfacet
facet normal 0.0 0.0 -1.0
  outer loop
    vertex 83.0 0.0 0.0
    vertex 78.4488887394336 5.6117714323462184 0.0
    vertex 78.49999999999999 6.0 0.0
  endloop
endfacet
facet normal 0.0 0.0 -1.0
  outer loop
    vertex 83.0 0.0 0.0
    vertex 78.49999999999999 6.0 0.0
    vertex 83.0 83.0 0.0
  endloop
endfacet
facet normal 0.0 0.0 -1.0
  outer loop
    vertex 75.5980762113533 71.5 0.0
    vertex 75.5 6.000000000000001 0.0
    vertex 75.12132034355963 70.87867965644035 0.0
  endloop
endfacet
facet normal 0.0 0.0 -1.0
  outer loop
    vertex 75.5 6.000000000000001 0.0
    vertex 75.5980762113533 71.5 0.0
    vertex 75.55111126056639 6.3882285676537816 0.0
  endloop
endfacet
facet normal 0.0 0.0 -1.0
  outer loop
    vertex 75.55111126056639 6.3882285676537816 0.0
    vertex 75.5980762113533 71.5 0.0
    vertex 75.70096189432334 6.75 0.0
  endloop
endfacet
facet normal 0.0 0.0 -1.0
  outer loop
    vertex 75.70096189432334 6.75 0.0
    vertex 75.5980762113533 71.5 0.0
    vertex 75.89777747886718 72.22354286469242 0.0
  endloop
endfacet
facet normal 0.0 0.0 -1.0
  outer loop
    vertex 75.70096189432334 6.75 0.0
    vertex 75.89777747886718 72.22354286469242 0.0
    vertex 75.93933982822017 7.06066017177982 0.0
  endloop
endfacet
facet normal 0.0 0.0 -1.0
  outer loop
    vertex 75.93933982822017 7.06066017177982 0.0
    vertex 75.89777747886718 72.22354286469242 0.0
    vertex 75.99999999999999 72.99999999999999 0.0
  endloop
endfacet
facet normal 0.0 0.0 -1.0
  outer loop
    vertex 75.93933982822017 7.06066017177982 0.0
    vertex 75.99999999999999 72.99999999999999 0.0
    vertex 76.25 7.299038105676656 0.0
  endloop
endfacet
facet normal 0.0 1.0 0.0
  outer loop
    vertex 0.0 83.0 62.0
    vertex 83.0 83.0 0.0
    vertex 0.0 83.0 0.0
  endloop
endfacet
facet normal 0.0 1.0 0.0
  outer loop
    vertex 83.0 83.0 0.0
    vertex 0.0 83.0 62.0
    vertex 83.0 83.0 62.0
  endloop
endfacet
facet normal 1.0 0.0 0.0
  outer loop
    vertex 83.0 83.0 0.0
    vertex 83.0 0.0 62.0
    vertex 83.0 0.0 0.0
  endloop
endfacet
facet normal 1.0 0.0 0.0
  outer loop
    vertex 83.0 0.0 62.0
    vertex 83.0 83.0 0.0
    vertex 83.0 40.50000000000001 31.758885384714706
  endloop
endfacet
facet normal 1.0 0.0 0.0
  outer loop
    vertex 83.0 0.0 62.0
    vertex 83.0 40.50000000000001 31.758885384714706
    vertex 83.0 40.08578643762691 32.076722629910485
  endloop
endfacet
facet normal 1.0 0.0 0.0
  outer loop
    vertex 83.0 0.0 62.0
    vertex 83.0 40.08578643762691 32.076722629910485
    vertex 83.0 39.767949192431125 32.49093619228358
  endloop
endfacet
facet normal 1.0 0.0 0.0
  outer loop
    vertex 83.0 0.0 62.0
    vertex 83.0 39.767949192431125 32.49093619228358
    vertex 83.0 39.56814834742186 32.973298102078545
  endloop
endfacet
facet normal 1.0 0.0 0.0
  outer loop
    vertex 83.0 0.0 62.0
    vertex 83.0 39.56814834742186 32.973298102078545
    vertex 83.0 39.5 33.490936192283584
  endloop
endfacet
facet normal 1.0 0.0 0.0
  outer loop
    vertex 83.0 40.50000000000001 31.758885384714706
    vertex 83.0 83.0 0.0
    vertex 83.0 40.98236190979496 31.559084539705445
  endloop
endfacet
facet normal 1.0 0.0 0.0
  outer loop
    vertex 83.0 40.98236190979496 31.559084539705445
    vertex 83.0 83.0 0.0
    vertex 83.0 41.5 31.49093619228358
  endloop
endfacet
facet normal 1.0 0.0 0.0
  outer loop
    vertex 83.0 41.5 31.49093619228358
    vertex 83.0 83.0 0.0
    vertex 83.0 42.01763809020504 31.559084539705445
  endloop
endfacet
facet normal 1.0 0.0 0.0
  outer loop
    vertex 83.0 42.01763809020504 31.559084539705445
    vertex 83.0 83.0 0.0
    vertex 83.0 42.50000000000001 31.758885384714706
  endloop
endfacet
facet normal 1.0 0.0 0.0
  outer loop
    vertex 83.0 42.50000000000001 31.758885384714706
    vertex 83.0 83.0 0.0
    vertex 83.0 42.9142135623731 32.076722629910485
  endloop
endfacet
facet normal 1.0 0.0 0.0
  outer loop
    vertex 83.0 42.9142135623731 32.076722629910485
    vertex 83.0 83.0 0.0
    vertex 83.0 43.23205080756888 32.490936192283584
  endloop
endfacet
facet normal 1.0 0.0 0.0
  outer loop
    vertex 83.0 43.23205080756888 32.490936192283584
    vertex 83.0 83.0 0.0
    vertex 83.0 43.43185165257814 32.973298102078545
  endloop
endfacet
facet normal 1.0 0.0 0.0
  outer loop
    vertex 83.0 43.43185165257814 32.973298102078545
    vertex 83.0 83.0 0.0
    vertex 83.0 43.50000000000001 33.490936192283584
  endloop
endfacet
facet normal 1.0 0.0 0.0
  outer loop
    vertex 83.0 0.0 62.0
    vertex 83.0 40.5 35.22298699985246
    vertex 83.0 83.0 62.0
  endloop
endfacet
facet normal 1.0 0.0 0.0
  outer loop
    vertex 83.0 40.5 35.22298699985246
    vertex 83.0 0.0 62.0
    vertex 83.0 40.08578643762691 34.90514975465668
  endloop
endfacet
facet normal 1.0 0.0 0.0
  outer loop
    vertex 83.0 40.08578643762691 34.90514975465668
    vertex 83.0 0.0 62.0
    vertex 83.0 39.767949192431125 34.490936192283584
  endloop
endfacet
facet normal 1.0 0.0 0.0
  outer loop
    vertex 83.0 39.767949192431125 34.490936192283584
    vertex 83.0 0.0 62.0
    vertex 83.0 39.56814834742186 34.008574282488624
  endloop
endfacet
facet normal 1.0 0.0 0.0
  outer loop
    vertex 83.0 39.56814834742186 34.008574282488624
    vertex 83.0 0.0 62.0
    vertex 83.0 39.5 33.490936192283584
  endloop
endfacet
facet normal 1.0 0.0 0.0
  outer loop
    vertex 83.0 83.0 62.0
    vertex 83.0 40.5 35.22298699985246
    vertex 83.0 40.98236190979496 35.42278784486172
  endloop
endfacet
facet normal 1.0 0.0 0.0
  outer loop
    vertex 83.0 83.0 62.0
    vertex 83.0 40.98236190979496 35.42278784486172
    vertex 83.0 41.5 35.490936192283584
  endloop
endfacet
facet normal 1.0 0.0 0.0
  outer loop
    vertex 83.0 83.0 62.0
    vertex 83.0 41.5 35.490936192283584
    vertex 83.0 42.01763809020504 35.42278784486172
  endloop
endfacet
facet normal 1.0 0.0 0.0
  outer loop
    vertex 83.0 83.0 62.0
    vertex 83.0 42.01763809020504 35.42278784486172
    vertex 83.0 42.5 35.22298699985246
  endloop
endfacet
facet normal 1.0 0.0 0.0
  outer loop
    vertex 83.0 83.0 62.0
    vertex 83.0 42.5 35.22298699985246
    vertex 83.0 42.9142135623731 34.905149754656684
  endloop
endfacet
facet normal 1.0 0.0 0.0
  outer loop
    vertex 83.0 83.0 62.0
    vertex 83.0 42.9142135623731 34.905149754656684
    vertex 83.0 43.23205080756888 34.490936192283584
  endloop
endfacet
facet normal 1.0 0.0 0.0
  outer loop
    vertex 83.0 83.0 62.0
    vertex 83.0 43.23205080756888 34.490936192283584
    vertex 83.0 43.43185165257814 34.00857428248863
  endloop
endfacet
facet normal 1.0 0.0 0.0
  outer loop
    vertex 83.0 83.0 62.0
    vertex 83.0 43.43185165257814 34.00857428248863
    vertex 83.0 43.50000000000001 33.490936192283584
  endloop
endfacet
facet normal 1.0 0.0 0.0
  outer loop
    vertex 83.0 83.0 62.0
    vertex 83.0 43.50000000000001 33.490936192283584
    vertex 83.0 83.0 0.0
  endloop
endfacet
facet normal -1.0 0.0 0.0
  outer loop
    vertex 0.0 22.61239946524731 40.92788464745452
    vertex 0.0 21.465034451903946 26.78969272517869
    vertex 0.0 21.06313200084803 41.15834251983232
  endloop
endfacet
facet normal -1.0 0.0 0.0
  outer loop
    vertex 0.0 21.465034451903946 26.78969272517869
    vertex 0.0 22.61239946524731 40.92788464745452
    vertex 0.0 21.503438696221693 27.047867660156765
  endloop
endfacet
facet normal -1.0 0.0 0.0
  outer loop
    vertex 0.0 21.503438696221693 27.047867660156765
    vertex 0.0 22.61239946524731 40.92788464745452
    vertex 0.0 21.607354937787747 27.287305747710388
  endloop
endfacet
facet normal -1.0 0.0 0.0
  outer loop
    vertex 0.0 21.607354937787747 27.287305747710388
    vertex 0.0 22.61239946524731 40.92788464745452
    vertex 0.0 21.769701456469097 27.491689677862926
  endloop
endfacet
facet normal -1.0 0.0 0.0
  outer loop
    vertex 0.0 21.769701456469097 27.491689677862926
    vertex 0.0 22.61239946524731 40.92788464745452
    vertex 0.0 21.979414605307912 27.647091023534895
  endloop
endfacet
facet normal -1.0 0.0 0.0
  outer loop
    vertex 0.0 21.979414605307912 27.647091023534895
    vertex 0.0 22.61239946524731 40.92788464745452
    vertex 0.0 25.47656808413371 29.58871857420896
  endloop
endfacet
facet normal -1.0 0.0 0.0
  outer loop
    vertex 0.0 25.47656808413371 29.58871857420896
    vertex 0.0 22.61239946524731 40.92788464745452
    vertex 0.0 24.16852380740514 41.1062593623974
  endloop
endfacet
facet normal -1.0 0.0 0.0
  outer loop
    vertex 0.0 25.47656808413371 29.58871857420896
    vertex 0.0 24.16852380740514 41.1062593623974
    vertex 0.0 25.62545772502052 41.68131072261576
  endloop
endfacet
facet normal -1.0 0.0 0.0
  outer loop
    vertex 0.0 25.47656808413371 29.58871857420896
    vertex 0.0 25.62545772502052 41.68131072261576
    vertex 0.0 25.719356258603995 29.68454699050569
  endloop
endfacet
facet normal -1.0 0.0 0.0
  outer loop
    vertex 0.0 25.719356258603995 29.68454699050569
    vertex 0.0 25.62545772502052 41.68131072261576
    vertex 0.0 26.883913579305105 42.61384992822803
  endloop
endfacet
facet normal -1.0 0.0 0.0
  outer loop
    vertex 0.0 25.719356258603995 29.68454699050569
    vertex 0.0 26.883913579305105 42.61384992822803
    vertex 0.0 25.97867384584202 29.714271929220498
  endloop
endfacet
facet normal -1.0 0.0 0.0
  outer loop
    vertex 0.0 25.97867384584202 29.714271929220498
    vertex 0.0 26.883913579305105 42.61384992822803
    vertex 0.0 26.236848780820097 29.67586768490275
  endloop
endfacet
facet normal -1.0 0.0 0.0
  outer loop
    vertex 0.0 26.236848780820097 29.67586768490275
    vertex 0.0 26.883913579305105 42.61384992822803
    vertex 0.0 26.476286868373716 29.571951443336694
  endloop
endfacet
facet normal -1.0 0.0 0.0
  outer loop
    vertex 0.0 26.476286868373716 29.571951443336694
    vertex 0.0 26.883913579305105 42.61384992822803
    vertex 0.0 26.680670798526258 29.409604924655348
  endloop
endfacet
facet normal -1.0 0.0 0.0
  outer loop
    vertex 0.0 26.680670798526258 29.409604924655348
    vertex 0.0 26.883913579305105 42.61384992822803
    vertex 0.0 26.836072144198226 29.199891775816532
  endloop
endfacet
facet normal -1.0 0.0 0.0
  outer loop
    vertex 0.0 26.836072144198226 29.199891775816532
    vertex 0.0 26.883913579305105 42.61384992822803
    vertex 0.0 26.931900560494956 28.957103601346248
  endloop
endfacet
facet normal -1.0 0.0 0.0
  outer loop
    vertex 0.0 26.931900560494956 28.957103601346248
    vertex 0.0 26.883913579305105 42.61384992822803
    vertex 0.0 27.858129683486023 43.84032597346562
  endloop
endfacet
facet normal -1.0 0.0 0.0
  outer loop
    vertex 0.0 26.931900560494956 28.957103601346248
    vertex 0.0 27.858129683486023 43.84032597346562
    vertex 0.0 26.961625499209763 28.69778601410822
  endloop
endfacet
facet normal -1.0 0.0 0.0
  outer loop
    vertex 0.0 0.0 62.0
    vertex 0.0 6.224088907158779 58.34383230936925
    vertex 0.0 0.0 0.0
  endloop
endfacet
facet normal -1.0 0.0 0.0
  outer loop
    vertex 0.0 6.224088907158779 58.34383230936925
    vertex 0.0 0.0 62.0
    vertex 0.0 6.258163080869711 58.602651354471774
  endloop
endfacet
facet normal -1.0 0.0 0.0
  outer loop
    vertex 0.0 6.258163080869711 58.602651354471774
    vertex 0.0 0.0 62.0
    vertex 0.0 6.358063503374341 58.84383230936925
  endloop
endfacet
facet normal -1.0 0.0 0.0
  outer loop
    vertex 0.0 6.358063503374341 58.84383230936925
    vertex 0.0 0.0 62.0
    vertex 0.0 6.516982125972232 59.0509390905558
  endloop
endfacet
facet normal -1.0 0.0 0.0
  outer loop
    vertex 0.0 6.516982125972232 59.0509390905558
    vertex 0.0 0.0 62.0
    vertex 0.0 6.724088907158779 59.20985771315368
  endloop
endfacet
facet normal -1.0 0.0 0.0
  outer loop
    vertex 0.0 6.724088907158779 59.20985771315368
    vertex 0.0 0.0 62.0
    vertex 0.0 6.9652698620562585 59.30975813565832
  endloop
endfacet
facet normal -1.0 0.0 0.0
  outer loop
    vertex 0.0 6.9652698620562585 59.30975813565832
    vertex 0.0 0.0 62.0
    vertex 0.0 7.224088907158778 59.34383230936925
  endloop
endfacet
facet normal -1.0 0.0 0.0
  outer loop
    vertex 0.0 7.224088907158778 59.34383230936925
    vertex 0.0 0.0 62.0
    vertex 0.0 83.0 62.0
  endloop
endfacet
facet normal -1.0 0.0 0.0
  outer loop
    vertex 0.0 7.224088907158778 59.34383230936925
    vertex 0.0 83.0 62.0
    vertex 0.0 7.4829079522613 59.30975813565832
  endloop
endfacet
facet normal -1.0 0.0 0.0
  outer loop
    vertex 0.0 7.4829079522613 59.30975813565832
    vertex 0.0 83.0 62.0
    vertex 0.0 7.724088907158779 59.20985771315368
  endloop
endfacet
facet normal -1.0 0.0 0.0
  outer loop
    vertex 0.0 7.724088907158779 59.20985771315368
    vertex 0.0 83.0 62.0
    vertex 0.0 7.931195688345326 59.0509390905558
  endloop
endfacet
facet normal -1.0 0.0 0.0
  outer loop
    vertex 0.0 7.931195688345326 59.0509390905558
    vertex 0.0 83.0 62.0
    vertex 0.0 8.090114310943218 58.84383230936925
  endloop
endfacet
facet normal -1.0 0.0 0.0
  outer loop
    vertex 0.0 8.090114310943218 58.84383230936925
    vertex 0.0 83.0 62.0
    vertex 0.0 8.190014733447846 58.602651354471774
  endloop
endfacet
facet normal -1.0 0.0 0.0
  outer loop
    vertex 0.0 8.190014733447846 58.602651354471774
    vertex 0.0 83.0 62.0
    vertex 0.0 8.224088907158778 58.34383230936925
  endloop
endfacet
facet normal -1.0 0.0 0.0
  outer loop
    vertex 0.0 8.224088907158778 58.34383230936925
    vertex 0.0 83.0 62.0
    vertex 0.0 21.25750899061371 52.74782251931155
  endloop
endfacet
facet normal -1.0 0.0 0.0
  outer loop
    vertex 0.0 8.224088907158778 58.34383230936925
    vertex 0.0 21.25750899061371 52.74782251931155
    vertex 0.0 19.800575072998335 52.172771159093195
  endloop
endfacet
facet normal -1.0 0.0 0.0
  outer loop
    vertex 0.0 8.224088907158778 58.34383230936925
    vertex 0.0 19.800575072998335 52.172771159093195
    vertex 0.0 18.54211921871375 51.24023195348093
  endloop
endfacet
facet normal -1.0 0.0 0.0
  outer loop
    vertex 0.0 8.224088907158778 58.34383230936925
    vertex 0.0 18.54211921871375 51.24023195348093
    vertex 0.0 17.56790311453283 50.01375590824335
  endloop
endfacet
facet normal -1.0 0.0 0.0
  outer loop
    vertex 0.0 8.224088907158778 58.34383230936925
    vertex 0.0 17.56790311453283 50.01375590824335
    vertex 0.0 16.944317977987257 48.57692533901588
  endloop
endfacet
facet normal -1.0 0.0 0.0
  outer loop
    vertex 0.0 8.224088907158778 58.34383230936925
    vertex 0.0 16.944317977987257 48.57692533901588
    vertex 0.0 16.71386010560947 47.02765787461659
  endloop
endfacet
facet normal -1.0 0.0 0.0
  outer loop
    vertex 0.0 21.25750899061371 52.74782251931155
    vertex 0.0 83.0 62.0
    vertex 0.0 22.81363333277155 52.926197234254445
  endloop
endfacet
facet normal -1.0 0.0 0.0
  outer loop
    vertex 0.0 22.81363333277155 52.926197234254445
    vertex 0.0 83.0 62.0
    vertex 0.0 24.362900797170827 52.69573936187664
  endloop
endfacet
facet normal -1.0 0.0 0.0
  outer loop
    vertex 0.0 24.362900797170827 52.69573936187664
    vertex 0.0 83.0 62.0
    vertex 0.0 25.799731366398294 52.07215422533107
  endloop
endfacet
facet normal -1.0 0.0 0.0
  outer loop
    vertex 0.0 25.799731366398294 52.07215422533107
    vertex 0.0 83.0 62.0
    vertex 0.0 27.026207411635877 51.09793812115014
  endloop
endfacet
facet normal -1.0 0.0 0.0
  outer loop
    vertex 0.0 27.026207411635877 51.09793812115014
    vertex 0.0 83.0 62.0
    vertex 0.0 27.95874661724813 49.83948226686557
  endloop
endfacet
facet normal -1.0 0.0 0.0
  outer loop
    vertex 0.0 27.95874661724813 49.83948226686557
    vertex 0.0 83.0 62.0
    vertex 0.0 28.5337979774665 48.382548349250186
  endloop
endfacet
facet normal -1.0 0.0 0.0
  outer loop
    vertex 0.0 28.5337979774665 48.382548349250186
    vertex 0.0 83.0 62.0
    vertex 0.0 28.71217269240938 46.82642400709237
  endloop
endfacet
facet normal -1.0 0.0 0.0
  outer loop
    vertex 0.0 28.71217269240938 46.82642400709237
    vertex 0.0 83.0 62.0
    vertex 0.0 40.50000000000001 35.22298699985248
  endloop
endfacet
facet normal -1.0 0.0 0.0
  outer loop
    vertex 0.0 28.71217269240938 46.82642400709237
    vertex 0.0 40.50000000000001 35.22298699985248
    vertex 0.0 40.08578643762691 34.9051497546567
  endloop
endfacet
facet normal -1.0 0.0 0.0
  outer loop
    vertex 0.0 28.71217269240938 46.82642400709237
    vertex 0.0 40.08578643762691 34.9051497546567
    vertex 0.0 39.767949192431125 34.490936192283606
  endloop
endfacet
facet normal -1.0 0.0 0.0
  outer loop
    vertex 0.0 28.71217269240938 46.82642400709237
    vertex 0.0 39.767949192431125 34.490936192283606
    vertex 0.0 39.56814834742186 34.00857428248864
  endloop
endfacet
facet normal -1.0 0.0 0.0
  outer loop
    vertex 0.0 28.71217269240938 46.82642400709237
    vertex 0.0 39.56814834742186 34.00857428248864
    vertex 0.0 39.5 33.4909361922836
  endloop
endfacet
facet normal -1.0 0.0 0.0
  outer loop
    vertex 0.0 40.50000000000001 35.22298699985248
    vertex 0.0 83.0 62.0
    vertex 0.0 40.98236190979496 35.42278784486174
  endloop
endfacet
facet normal -1.0 0.0 0.0
  outer loop
    vertex 0.0 40.98236190979496 35.42278784486174
    vertex 0.0 83.0 62.0
    vertex 0.0 41.5 35.4909361922836
  endloop
endfacet
facet normal -1.0 0.0 0.0
  outer loop
    vertex 0.0 41.5 35.4909361922836
    vertex 0.0 83.0 62.0
    vertex 0.0 42.01763809020504 35.42278784486174
  endloop
endfacet
facet normal -1.0 0.0 0.0
  outer loop
    vertex 0.0 42.01763809020504 35.42278784486174
    vertex 0.0 83.0 62.0
    vertex 0.0 42.50000000000001 35.22298699985248
  endloop
endfacet
facet normal -1.0 0.0 0.0
  outer loop
    vertex 0.0 42.50000000000001 35.22298699985248
    vertex 0.0 83.0 62.0
    vertex 0.0 42.9142135623731 34.9051497546567
  endloop
endfacet
facet normal -1.0 0.0 0.0
  outer loop
    vertex 0.0 42.9142135623731 34.9051497546567
    vertex 0.0 83.0 62.0
    vertex 0.0 43.23205080756888 34.4909361922836
  endloop
endfacet
facet normal -1.0 0.0 0.0
  outer loop
    vertex 0.0 43.23205080756888 34.4909361922836
    vertex 0.0 83.0 62.0
    vertex 0.0 43.43185165257814 34.00857428248864
  endloop
endfacet
facet normal -1.0 0.0 0.0
  outer loop
    vertex 0.0 43.43185165257814 34.00857428248864
    vertex 0.0 83.0 62.0
    vertex 0.0 43.50000000000001 33.4909361922836
  endloop
endfacet
facet normal -1.0 0.0 0.0
  outer loop
    vertex 0.0 0.0 0.0
    vertex 0.0 22.189811170293613 25.81161105438416
    vertex 0.0 83.0 0.0
  endloop
endfacet
facet normal -1.0 0.0 0.0
  outer loop
    vertex 0.0 22.189811170293613 25.81161105438416
    vertex 0.0 0.0 0.0
    vertex 0.0 21.95037308273999 25.915527295950216
  endloop
endfacet
facet normal -1.0 0.0 0.0
  outer loop
    vertex 0.0 21.95037308273999 25.915527295950216
    vertex 0.0 0.0 0.0
    vertex 0.0 21.745989152587452 26.077873814631563
  endloop
endfacet
facet normal -1.0 0.0 0.0
  outer loop
    vertex 0.0 21.745989152587452 26.077873814631563
    vertex 0.0 0.0 0.0
    vertex 0.0 21.59058780691548 26.28758696347038
  endloop
endfacet
facet normal -1.0 0.0 0.0
  outer loop
    vertex 0.0 21.59058780691548 26.28758696347038
    vertex 0.0 0.0 0.0
    vertex 0.0 6.358063503374341 57.843832309369255
  endloop
endfacet
facet normal -1.0 0.0 0.0
  outer loop
    vertex 0.0 6.358063503374341 57.843832309369255
    vertex 0.0 0.0 0.0
    vertex 0.0 6.258163080869711 58.08501326426673
  endloop
endfacet
facet normal -1.0 0.0 0.0
  outer loop
    vertex 0.0 6.258163080869711 58.08501326426673
    vertex 0.0 0.0 0.0
    vertex 0.0 6.224088907158779 58.34383230936925
  endloop
endfacet
facet normal -1.0 0.0 0.0
  outer loop
    vertex 0.0 21.59058780691548 26.28758696347038
    vertex 0.0 6.358063503374341 57.843832309369255
    vertex 0.0 6.5169821259722305 57.6367255281827
  endloop
endfacet
facet normal -1.0 0.0 0.0
  outer loop
    vertex 0.0 21.59058780691548 26.28758696347038
    vertex 0.0 6.5169821259722305 57.6367255281827
    vertex 0.0 6.724088907158778 57.47780690558481
  endloop
endfacet
facet normal -1.0 0.0 0.0
  outer loop
    vertex 0.0 21.59058780691548 26.28758696347038
    vertex 0.0 6.724088907158778 57.47780690558481
    vertex 0.0 6.965269862056258 57.37790648308018
  endloop
endfacet
facet normal -1.0 0.0 0.0
  outer loop
    vertex 0.0 21.59058780691548 26.28758696347038
    vertex 0.0 6.965269862056258 57.37790648308018
    vertex 0.0 7.224088907158778 57.343832309369255
  endloop
endfacet
facet normal -1.0 0.0 0.0
  outer loop
    vertex 0.0 21.59058780691548 26.28758696347038
    vertex 0.0 7.224088907158778 57.343832309369255
    vertex 0.0 7.482907952261298 57.37790648308018
  endloop
endfacet
facet normal -1.0 0.0 0.0
  outer loop
    vertex 0.0 21.59058780691548 26.28758696347038
    vertex 0.0 7.482907952261298 57.37790648308018
    vertex 0.0 7.7240889071587775 57.47780690558481
  endloop
endfacet
facet normal -1.0 0.0 0.0
  outer loop
    vertex 0.0 21.59058780691548 26.28758696347038
    vertex 0.0 7.7240889071587775 57.47780690558481
    vertex 0.0 7.931195688345325 57.6367255281827
  endloop
endfacet
facet normal -1.0 0.0 0.0
  outer loop
    vertex 0.0 21.59058780691548 26.28758696347038
    vertex 0.0 7.931195688345325 57.6367255281827
    vertex 0.0 8.090114310943216 57.843832309369255
  endloop
endfacet
facet normal -1.0 0.0 0.0
  outer loop
    vertex 0.0 21.59058780691548 26.28758696347038
    vertex 0.0 8.090114310943216 57.843832309369255
    vertex 0.0 8.190014733447846 58.08501326426673
  endloop
endfacet
facet normal -1.0 0.0 0.0
  outer loop
    vertex 0.0 21.59058780691548 26.28758696347038
    vertex 0.0 8.190014733447846 58.08501326426673
    vertex 0.0 8.224088907158778 58.34383230936925
  endloop
endfacet
facet normal -1.0 0.0 0.0
  outer loop
    vertex 0.0 21.59058780691548 26.28758696347038
    vertex 0.0 8.224088907158778 58.34383230936925
    vertex 0.0 21.494759390618754 26.530375137940663
  endloop
endfacet
facet normal -1.0 0.0 0.0
  outer loop
    vertex 0.0 21.494759390618754 26.530375137940663
    vertex 0.0 8.224088907158778 58.34383230936925
    vertex 0.0 16.892234820552353 45.47153353245877
  endloop
endfacet
facet normal -1.0 0.0 0.0
  outer loop
    vertex 0.0 16.892234820552353 45.47153353245877
    vertex 0.0 8.224088907158778 58.34383230936925
    vertex 0.0 16.71386010560947 47.02765787461659
  endloop
endfacet
facet normal -1.0 0.0 0.0
  outer loop
    vertex 0.0 21.494759390618754 26.530375137940663
    vertex 0.0 16.892234820552353 45.47153353245877
    vertex 0.0 17.467286180770714 44.014599614843384
  endloop
endfacet
facet normal -1.0 0.0 0.0
  outer loop
    vertex 0.0 21.494759390618754 26.530375137940663
    vertex 0.0 17.467286180770714 44.014599614843384
    vertex 0.0 18.39982538638297 42.75614376055881
  endloop
endfacet
facet normal -1.0 0.0 0.0
  outer loop
    vertex 0.0 21.494759390618754 26.530375137940663
    vertex 0.0 18.39982538638297 42.75614376055881
    vertex 0.0 19.626301431620558 41.781927656377874
  endloop
endfacet
facet normal -1.0 0.0 0.0
  outer loop
    vertex 0.0 21.494759390618754 26.530375137940663
    vertex 0.0 19.626301431620558 41.781927656377874
    vertex 0.0 21.465034451903946 26.78969272517869
  endloop
endfacet
facet normal -1.0 0.0 0.0
  outer loop
    vertex 0.0 21.465034451903946 26.78969272517869
    vertex 0.0 19.626301431620558 41.781927656377874
    vertex 0.0 21.06313200084803 41.15834251983232
  endloop
endfacet
facet normal -1.0 0.0 0.0
  outer loop
    vertex 0.0 83.0 0.0
    vertex 0.0 22.189811170293613 25.81161105438416
    vertex 0.0 22.44798610527169 25.773206810066412
  endloop
endfacet
facet normal -1.0 0.0 0.0
  outer loop
    vertex 0.0 83.0 0.0
    vertex 0.0 22.44798610527169 25.773206810066412
    vertex 0.0 22.707303692509715 25.80293174878122
  endloop
endfacet
facet normal -1.0 0.0 0.0
  outer loop
    vertex 0.0 83.0 0.0
    vertex 0.0 22.707303692509715 25.80293174878122
    vertex 0.0 22.950091866979996 25.89876016507795
  endloop
endfacet
facet normal -1.0 0.0 0.0
  outer loop
    vertex 0.0 83.0 0.0
    vertex 0.0 22.950091866979996 25.89876016507795
    vertex 0.0 26.447245345805797 27.84038771575201
  endloop
endfacet
facet normal -1.0 0.0 0.0
  outer loop
    vertex 0.0 83.0 0.0
    vertex 0.0 26.447245345805797 27.84038771575201
    vertex 0.0 26.656958494644613 27.995789061423984
  endloop
endfacet
facet normal -1.0 0.0 0.0
  outer loop
    vertex 0.0 83.0 0.0
    vertex 0.0 26.656958494644613 27.995789061423984
    vertex 0.0 26.81930501332596 28.200172991576522
  endloop
endfacet
facet normal -1.0 0.0 0.0
  outer loop
    vertex 0.0 83.0 0.0
    vertex 0.0 26.81930501332596 28.200172991576522
    vertex 0.0 26.923221254892017 28.439611079130145
  endloop
endfacet
facet normal -1.0 0.0 0.0
  outer loop
    vertex 0.0 83.0 0.0
    vertex 0.0 26.923221254892017 28.439611079130145
    vertex 0.0 26.961625499209763 28.69778601410822
  endloop
endfacet
facet normal -1.0 0.0 0.0
  outer loop
    vertex 0.0 83.0 0.0
    vertex 0.0 26.961625499209763 28.69778601410822
    vertex 0.0 40.5 31.75888538471472
  endloop
endfacet
facet normal -1.0 0.0 0.0
  outer loop
    vertex 0.0 40.5 31.75888538471472
    vertex 0.0 26.961625499209763 28.69778601410822
    vertex 0.0 40.08578643762691 32.076722629910506
  endloop
endfacet
facet normal -1.0 0.0 0.0
  outer loop
    vertex 0.0 40.08578643762691 32.076722629910506
    vertex 0.0 26.961625499209763 28.69778601410822
    vertex 0.0 27.858129683486023 43.84032597346562
  endloop
endfacet
facet normal -1.0 0.0 0.0
  outer loop
    vertex 0.0 40.08578643762691 32.076722629910506
    vertex 0.0 27.858129683486023 43.84032597346562
    vertex 0.0 28.481714820031588 45.27715654269308
  endloop
endfacet
facet normal -1.0 0.0 0.0
  outer loop
    vertex 0.0 40.08578643762691 32.076722629910506
    vertex 0.0 28.481714820031588 45.27715654269308
    vertex 0.0 28.71217269240938 46.82642400709237
  endloop
endfacet
facet normal -1.0 0.0 0.0
  outer loop
    vertex 0.0 40.08578643762691 32.076722629910506
    vertex 0.0 28.71217269240938 46.82642400709237
    vertex 0.0 39.767949192431125 32.4909361922836
  endloop
endfacet
facet normal -1.0 0.0 0.0
  outer loop
    vertex 0.0 39.767949192431125 32.4909361922836
    vertex 0.0 28.71217269240938 46.82642400709237
    vertex 0.0 39.56814834742186 32.97329810207856
  endloop
endfacet
facet normal -1.0 0.0 0.0
  outer loop
    vertex 0.0 39.56814834742186 32.97329810207856
    vertex 0.0 28.71217269240938 46.82642400709237
    vertex 0.0 39.5 33.4909361922836
  endloop
endfacet
facet normal -1.0 0.0 0.0
  outer loop
    vertex 0.0 83.0 0.0
    vertex 0.0 40.5 31.75888538471472
    vertex 0.0 40.98236190979496 31.55908453970546
  endloop
endfacet
facet normal -1.0 0.0 0.0
  outer loop
    vertex 0.0 83.0 0.0
    vertex 0.0 40.98236190979496 31.55908453970546
    vertex 0.0 41.5 31.4909361922836
  endloop
endfacet
facet normal -1.0 0.0 0.0
  outer loop
    vertex 0.0 83.0 0.0
    vertex 0.0 41.5 31.4909361922836
    vertex 0.0 42.01763809020504 31.55908453970546
  endloop
endfacet
facet normal -1.0 0.0 0.0
  outer loop
    vertex 0.0 83.0 0.0
    vertex 0.0 42.01763809020504 31.55908453970546
    vertex 0.0 42.5 31.75888538471472
  endloop
endfacet
facet normal -1.0 0.0 0.0
  outer loop
    vertex 0.0 83.0 0.0
    vertex 0.0 42.5 31.75888538471472
    vertex 0.0 42.9142135623731 32.0767226299105
  endloop
endfacet
facet normal -1.0 0.0 0.0
  outer loop
    vertex 0.0 83.0 0.0
    vertex 0.0 42.9142135623731 32.0767226299105
    vertex 0.0 43.23205080756888 32.4909361922836
  endloop
endfacet
facet normal -1.0 0.0 0.0
  outer loop
    vertex 0.0 83.0 0.0
    vertex 0.0 43.23205080756888 32.4909361922836
    vertex 0.0 43.43185165257814 32.97329810207855
  endloop
endfacet
facet normal -1.0 0.0 0.0
  outer loop
    vertex 0.0 83.0 0.0
    vertex 0.0 43.43185165257814 32.97329810207855
    vertex 0.0 43.50000000000001 33.4909361922836
  endloop
endfacet
facet normal -1.0 0.0 0.0
  outer loop
    vertex 0.0 83.0 0.0
    vertex 0.0 43.50000000000001 33.4909361922836
    vertex 0.0 83.0 62.0
  endloop
endfacet
facet normal -0.0 -1.0 -0.0
  outer loop
    vertex 83.0 0.0 62.0
    vertex 0.0 0.0 0.0
    vertex 83.0 0.0 0.0
  endloop
endfacet
facet normal -0.0 -1.0 -0.0
  outer loop
    vertex 0.0 0.0 0.0
    vertex 83.0 0.0 62.0
    vertex 0.0 0.0 62.0
  endloop
endfacet
facet normal 0.0 -1.0 0.0
  outer loop
    vertex 75.0 81.0 62.0
    vertex 7.999999999999999 81.0 1.9999999999999998
    vertex 75.0 81.0 1.9999999999999998
  endloop
endfacet
facet normal 0.0 -1.0 0.0
  outer loop
    vertex 7.999999999999999 81.0 1.9999999999999998
    vertex 75.0 81.0 62.0
    vertex 7.999999999999999 81.0 62.0
  endloop
endfacet
facet normal -0.0 -0.9914448613738104 -0.13052619222005216
  outer loop
    vertex 1.9999999999999998 43.43185165257814 34.00857428248864
    vertex 0.0 43.50000000000001 33.4909361922836
    vertex 1.9999999999999998 43.50000000000001 33.4909361922836
  endloop
endfacet
facet normal -0.0 -0.9914448613738104 -0.13052619222005216
  outer loop
    vertex 0.0 43.50000000000001 33.4909361922836
    vertex 1.9999999999999998 43.43185165257814 34.00857428248864
    vertex 0.0 43.43185165257814 34.00857428248864
  endloop
endfacet
facet normal 0.0 -0.9914448613738106 0.13052619222005077
  outer loop
    vertex 1.9999999999999998 43.50000000000001 33.4909361922836
    vertex 0.0 43.43185165257814 32.97329810207855
    vertex 1.9999999999999998 43.43185165257814 32.97329810207855
  endloop
endfacet
facet normal 0.0 -0.9914448613738106 0.13052619222005077
  outer loop
    vertex 0.0 43.43185165257814 32.97329810207855
    vertex 1.9999999999999998 43.50000000000001 33.4909361922836
    vertex 0.0 43.50000000000001 33.4909361922836
  endloop
endfacet
facet normal 0.0 -0.9238795325112861 0.3826834323650913
  outer loop
    vertex 1.9999999999999998 43.43185165257814 32.97329810207855
    vertex 0.0 43.23205080756888 32.4909361922836
    vertex 1.9999999999999998 43.23205080756888 32.4909361922836
  endloop
endfacet
facet normal 0.0 -0.9238795325112861 0.3826834323650913
  outer loop
    vertex 0.0 43.23205080756888 32.4909361922836
    vertex 1.9999999999999998 43.43185165257814 32.97329810207855
    vertex 0.0 43.43185165257814 32.97329810207855
  endloop
endfacet
facet normal 0.0 -0.7933533402912374 0.608761429008718
  outer loop
    vertex 1.9999999999999998 43.23205080756888 32.4909361922836
    vertex 0.0 42.9142135623731 32.0767226299105
    vertex 1.9999999999999998 42.9142135623731 32.0767226299105
  endloop
endfacet
facet normal 0.0 -0.7933533402912374 0.608761429008718
  outer loop
    vertex 0.0 42.9142135623731 32.0767226299105
    vertex 1.9999999999999998 43.23205080756888 32.4909361922836
    vertex 0.0 43.23205080756888 32.4909361922836
  endloop
endfacet
facet normal 0.0 -0.6087614290087128 0.7933533402912413
  outer loop
    vertex 1.9999999999999998 42.5 31.75888538471472
    vertex 0.0 42.9142135623731 32.0767226299105
    vertex 0.0 42.5 31.75888538471472
  endloop
endfacet
facet normal 0.0 -0.6087614290087128 0.7933533402912413
  outer loop
    vertex 0.0 42.9142135623731 32.0767226299105
    vertex 1.9999999999999998 42.5 31.75888538471472
    vertex 1.9999999999999998 42.9142135623731 32.0767226299105
  endloop
endfacet
facet normal 0.0 -0.3826834323650913 0.9238795325112861
  outer loop
    vertex 1.9999999999999998 42.01763809020504 31.55908453970546
    vertex 0.0 42.5 31.75888538471472
    vertex 0.0 42.01763809020504 31.55908453970546
  endloop
endfacet
facet normal 0.0 -0.3826834323650913 0.9238795325112861
  outer loop
    vertex 0.0 42.5 31.75888538471472
    vertex 1.9999999999999998 42.01763809020504 31.55908453970546
    vertex 1.9999999999999998 42.5 31.75888538471472
  endloop
endfacet
facet normal 0.0 -0.13052619222005216 0.9914448613738104
  outer loop
    vertex 1.9999999999999998 41.5 31.4909361922836
    vertex 0.0 42.01763809020504 31.55908453970546
    vertex 0.0 41.5 31.4909361922836
  endloop
endfacet
facet normal 0.0 -0.13052619222005216 0.9914448613738104
  outer loop
    vertex 0.0 42.01763809020504 31.55908453970546
    vertex 1.9999999999999998 41.5 31.4909361922836
    vertex 1.9999999999999998 42.01763809020504 31.55908453970546
  endloop
endfacet
facet normal 0.0 0.13052619222005077 0.9914448613738106
  outer loop
    vertex 1.9999999999999998 40.98236190979496 31.55908453970546
    vertex 0.0 41.5 31.4909361922836
    vertex 0.0 40.98236190979496 31.55908453970546
  endloop
endfacet
facet normal 0.0 0.13052619222005077 0.9914448613738106
  outer loop
    vertex 0.0 41.5 31.4909361922836
    vertex 1.9999999999999998 40.98236190979496 31.55908453970546
    vertex 1.9999999999999998 41.5 31.4909361922836
  endloop
endfacet
facet normal 0.0 0.3826834323650913 0.9238795325112861
  outer loop
    vertex 1.9999999999999998 40.5 31.75888538471472
    vertex 0.0 40.98236190979496 31.55908453970546
    vertex 0.0 40.5 31.75888538471472
  endloop
endfacet
facet normal 0.0 0.3826834323650913 0.9238795325112861
  outer loop
    vertex 0.0 40.98236190979496 31.55908453970546
    vertex 1.9999999999999998 40.5 31.75888538471472
    vertex 1.9999999999999998 40.98236190979496 31.55908453970546
  endloop
endfacet
facet normal 0.0 0.6087614290087248 0.7933533402912322
  outer loop
    vertex 1.9999999999999998 40.08578643762691 32.076722629910506
    vertex 0.0 40.5 31.75888538471472
    vertex 0.0 40.08578643762691 32.076722629910506
  endloop
endfacet
facet normal 0.0 0.6087614290087248 0.7933533402912322
  outer loop
    vertex 0.0 40.5 31.75888538471472
    vertex 1.9999999999999998 40.08578643762691 32.076722629910506
    vertex 1.9999999999999998 40.5 31.75888538471472
  endloop
endfacet
facet normal 0.0 0.7933533402912374 0.608761429008718
  outer loop
    vertex 0.0 39.767949192431125 32.4909361922836
    vertex 1.9999999999999998 40.08578643762691 32.076722629910506
    vertex 0.0 40.08578643762691 32.076722629910506
  endloop
endfacet
facet normal 0.0 0.7933533402912374 0.608761429008718
  outer loop
    vertex 1.9999999999999998 40.08578643762691 32.076722629910506
    vertex 0.0 39.767949192431125 32.4909361922836
    vertex 1.9999999999999998 39.767949192431125 32.4909361922836
  endloop
endfacet
facet normal 0.0 0.9238795325112861 0.3826834323650913
  outer loop
    vertex 0.0 39.56814834742186 32.97329810207856
    vertex 1.9999999999999998 39.767949192431125 32.4909361922836
    vertex 0.0 39.767949192431125 32.4909361922836
  endloop
endfacet
facet normal 0.0 0.9238795325112861 0.3826834323650913
  outer loop
    vertex 1.9999999999999998 39.767949192431125 32.4909361922836
    vertex 0.0 39.56814834742186 32.97329810207856
    vertex 1.9999999999999998 39.56814834742186 32.97329810207856
  endloop
endfacet
facet normal 0.0 0.9914448613738104 0.13052619222005216
  outer loop
    vertex 0.0 39.5 33.4909361922836
    vertex 1.9999999999999998 39.56814834742186 32.97329810207856
    vertex 0.0 39.56814834742186 32.97329810207856
  endloop
endfacet
facet normal 0.0 0.9914448613738104 0.13052619222005216
  outer loop
    vertex 1.9999999999999998 39.56814834742186 32.97329810207856
    vertex 0.0 39.5 33.4909361922836
    vertex 1.9999999999999998 39.5 33.4909361922836
  endloop
endfacet
facet normal 0.0 0.9914448613738104 -0.13052619222005216
  outer loop
    vertex 0.0 39.56814834742186 34.00857428248864
    vertex 1.9999999999999998 39.5 33.4909361922836
    vertex 0.0 39.5 33.4909361922836
  endloop
endfacet
facet normal 0.0 0.9914448613738104 -0.13052619222005216
  outer loop
    vertex 1.9999999999999998 39.5 33.4909361922836
    vertex 0.0 39.56814834742186 34.00857428248864
    vertex 1.9999999999999998 39.56814834742186 34.00857428248864
  endloop
endfacet
facet normal 0.0 0.9238795325112878 -0.38268343236508756
  outer loop
    vertex 0.0 39.767949192431125 34.490936192283606
    vertex 1.9999999999999998 39.56814834742186 34.00857428248864
    vertex 0.0 39.56814834742186 34.00857428248864
  endloop
endfacet
facet normal 0.0 0.9238795325112878 -0.38268343236508756
  outer loop
    vertex 1.9999999999999998 39.56814834742186 34.00857428248864
    vertex 0.0 39.767949192431125 34.490936192283606
    vertex 1.9999999999999998 39.767949192431125 34.490936192283606
  endloop
endfacet
facet normal 0.0 0.7933533402912374 -0.608761429008718
  outer loop
    vertex 0.0 40.08578643762691 34.9051497546567
    vertex 1.9999999999999998 39.767949192431125 34.490936192283606
    vertex 0.0 39.767949192431125 34.490936192283606
  endloop
endfacet
facet normal 0.0 0.7933533402912374 -0.608761429008718
  outer loop
    vertex 1.9999999999999998 39.767949192431125 34.490936192283606
    vertex 0.0 40.08578643762691 34.9051497546567
    vertex 1.9999999999999998 40.08578643762691 34.9051497546567
  endloop
endfacet
facet normal 0.0 0.6087614290087128 -0.7933533402912413
  outer loop
    vertex 1.9999999999999998 40.50000000000001 35.22298699985248
    vertex 0.0 40.08578643762691 34.9051497546567
    vertex 0.0 40.50000000000001 35.22298699985248
  endloop
endfacet
facet normal 0.0 0.6087614290087128 -0.7933533402912413
  outer loop
    vertex 0.0 40.08578643762691 34.9051497546567
    vertex 1.9999999999999998 40.50000000000001 35.22298699985248
    vertex 1.9999999999999998 40.08578643762691 34.9051497546567
  endloop
endfacet
facet normal 0.0 0.3826834323650913 -0.9238795325112861
  outer loop
    vertex 1.9999999999999998 40.98236190979496 35.42278784486174
    vertex 0.0 40.50000000000001 35.22298699985248
    vertex 0.0 40.98236190979496 35.42278784486174
  endloop
endfacet
facet normal 0.0 0.3826834323650913 -0.9238795325112861
  outer loop
    vertex 0.0 40.50000000000001 35.22298699985248
    vertex 1.9999999999999998 40.98236190979496 35.42278784486174
    vertex 1.9999999999999998 40.50000000000001 35.22298699985248
  endloop
endfacet
facet normal 0.0 0.13052619222005216 -0.9914448613738104
  outer loop
    vertex 1.9999999999999998 41.5 35.4909361922836
    vertex 0.0 40.98236190979496 35.42278784486174
    vertex 0.0 41.5 35.4909361922836
  endloop
endfacet
facet normal 0.0 0.13052619222005216 -0.9914448613738104
  outer loop
    vertex 0.0 40.98236190979496 35.42278784486174
    vertex 1.9999999999999998 41.5 35.4909361922836
    vertex 1.9999999999999998 40.98236190979496 35.42278784486174
  endloop
endfacet
facet normal -0.0 -0.13052619222005216 -0.9914448613738104
  outer loop
    vertex 1.9999999999999998 42.01763809020504 35.42278784486174
    vertex 0.0 41.5 35.4909361922836
    vertex 0.0 42.01763809020504 35.42278784486174
  endloop
endfacet
facet normal -0.0 -0.13052619222005216 -0.9914448613738104
  outer loop
    vertex 0.0 41.5 35.4909361922836
    vertex 1.9999999999999998 42.01763809020504 35.42278784486174
    vertex 1.9999999999999998 41.5 35.4909361922836
  endloop
endfacet
facet normal -0.0 -0.38268343236508756 -0.9238795325112878
  outer loop
    vertex 1.9999999999999998 42.50000000000001 35.22298699985248
    vertex 0.0 42.01763809020504 35.42278784486174
    vertex 0.0 42.50000000000001 35.22298699985248
  endloop
endfacet
facet normal -0.0 -0.38268343236508756 -0.9238795325112878
  outer loop
    vertex 0.0 42.01763809020504 35.42278784486174
    vertex 1.9999999999999998 42.50000000000001 35.22298699985248
    vertex 1.9999999999999998 42.01763809020504 35.42278784486174
  endloop
endfacet
facet normal -0.0 -0.608761429008718 -0.7933533402912374
  outer loop
    vertex 1.9999999999999998 42.9142135623731 34.9051497546567
    vertex 0.0 42.50000000000001 35.22298699985248
    vertex 0.0 42.9142135623731 34.9051497546567
  endloop
endfacet
facet normal -0.0 -0.608761429008718 -0.7933533402912374
  outer loop
    vertex 0.0 42.50000000000001 35.22298699985248
    vertex 1.9999999999999998 42.9142135623731 34.9051497546567
    vertex 1.9999999999999998 42.50000000000001 35.22298699985248
  endloop
endfacet
facet normal -0.0 -0.7933533402912413 -0.6087614290087128
  outer loop
    vertex 1.9999999999999998 42.9142135623731 34.9051497546567
    vertex 0.0 43.23205080756888 34.4909361922836
    vertex 1.9999999999999998 43.23205080756888 34.4909361922836
  endloop
endfacet
facet normal -0.0 -0.7933533402912413 -0.6087614290087128
  outer loop
    vertex 0.0 43.23205080756888 34.4909361922836
    vertex 1.9999999999999998 42.9142135623731 34.9051497546567
    vertex 0.0 42.9142135623731 34.9051497546567
  endloop
endfacet
facet normal -0.0 -0.9238795325112861 -0.3826834323650913
  outer loop
    vertex 1.9999999999999998 43.23205080756888 34.4909361922836
    vertex 0.0 43.43185165257814 34.00857428248864
    vertex 1.9999999999999998 43.43185165257814 34.00857428248864
  endloop
endfacet
facet normal -0.0 -0.9238795325112861 -0.3826834323650913
  outer loop
    vertex 0.0 43.43185165257814 34.00857428248864
    vertex 1.9999999999999998 43.23205080756888 34.4909361922836
    vertex 0.0 43.23205080756888 34.4909361922836
  endloop
endfacet
facet normal -0.06540312923014248 0.9978589232386036 2.2042179634998933e-33
  outer loop
    vertex 80.21684284667968 7.948669168242862 62.0
    vertex 81.0 7.999999999999999 1.9999999999999998
    vertex 80.21684284667968 7.948669168242862 1.9999999999999998
  endloop
endfacet
facet normal -0.06540312923014248 0.9978589232386036 2.2042179634998933e-33
  outer loop
    vertex 81.0 7.999999999999999 1.9999999999999998
    vertex 80.21684284667968 7.948669168242862 62.0
    vertex 81.0 7.999999999999999 62.0
  endloop
endfacet
facet normal -0.19509032201612783 0.9807852804032307 0.0
  outer loop
    vertex 79.44708572938487 7.79555495773441 62.0
    vertex 80.21684284667968 7.948669168242862 1.9999999999999998
    vertex 79.44708572938487 7.79555495773441 1.9999999999999998
  endloop
endfacet
facet normal -0.19509032201612783 0.9807852804032307 0.0
  outer loop
    vertex 80.21684284667968 7.948669168242862 1.9999999999999998
    vertex 79.44708572938487 7.79555495773441 62.0
    vertex 80.21684284667968 7.948669168242862 62.0
  endloop
endfacet
facet normal -0.32143946530316553 0.9469301294951044 0.0
  outer loop
    vertex 78.70389940580947 7.543277195067719 62.0
    vertex 79.44708572938487 7.79555495773441 1.9999999999999998
    vertex 78.70389940580947 7.543277195067719 1.9999999999999998
  endloop
endfacet
facet normal -0.32143946530316553 0.9469301294951044 0.0
  outer loop
    vertex 79.44708572938487 7.79555495773441 1.9999999999999998
    vertex 78.70389940580947 7.543277195067719 62.0
    vertex 79.44708572938487 7.79555495773441 62.0
  endloop
endfacet
facet normal -0.4422886902189956 0.8968727415326913 0.0
  outer loop
    vertex 77.99999999999999 7.196152422706631 62.0
    vertex 78.70389940580947 7.543277195067719 1.9999999999999998
    vertex 77.99999999999999 7.196152422706631 1.9999999999999998
  endloop
endfacet
facet normal -0.4422886902189956 0.8968727415326913 0.0
  outer loop
    vertex 78.70389940580947 7.543277195067719 1.9999999999999998
    vertex 77.99999999999999 7.196152422706631 62.0
    vertex 78.70389940580947 7.543277195067719 62.0
  endloop
endfacet
facet normal -0.5555702330196035 0.8314696123025446 0.0
  outer loop
    vertex 77.34743142594768 6.7601200417474105 62.0
    vertex 77.99999999999999 7.196152422706631 1.9999999999999998
    vertex 77.34743142594768 6.7601200417474105 1.9999999999999998
  endloop
endfacet
facet normal -0.5555702330196035 0.8314696123025446 0.0
  outer loop
    vertex 77.99999999999999 7.196152422706631 1.9999999999999998
    vertex 77.34743142594768 6.7601200417474105 62.0
    vertex 77.99999999999999 7.196152422706631 62.0
  endloop
endfacet
facet normal -0.6593458151000714 0.7518398074789754 0.0
  outer loop
    vertex 76.75735931288071 6.242640687119285 62.0
    vertex 77.34743142594768 6.7601200417474105 1.9999999999999998
    vertex 76.75735931288071 6.242640687119285 1.9999999999999998
  endloop
endfacet
facet normal -0.6593458151000714 0.7518398074789754 0.0
  outer loop
    vertex 77.34743142594768 6.7601200417474105 1.9999999999999998
    vertex 76.75735931288071 6.242640687119285 62.0
    vertex 77.34743142594768 6.7601200417474105 62.0
  endloop
endfacet
facet normal -0.7518398074789744 0.6593458151000723 0.0
  outer loop
    vertex 76.75735931288071 6.242640687119285 62.0
    vertex 76.23987995825259 5.6525685740523235 1.9999999999999998
    vertex 76.23987995825259 5.6525685740523235 62.0
  endloop
endfacet
facet normal -0.7518398074789744 0.6593458151000723 0.0
  outer loop
    vertex 76.23987995825259 5.6525685740523235 1.9999999999999998
    vertex 76.75735931288071 6.242640687119285 62.0
    vertex 76.75735931288071 6.242640687119285 1.9999999999999998
  endloop
endfacet
facet normal -0.8314696123025461 0.555570233019601 0.0
  outer loop
    vertex 76.23987995825259 5.6525685740523235 62.0
    vertex 75.80384757729337 4.999999999999999 1.9999999999999998
    vertex 75.80384757729337 4.999999999999999 62.0
  endloop
endfacet
facet normal -0.8314696123025461 0.555570233019601 0.0
  outer loop
    vertex 75.80384757729337 4.999999999999999 1.9999999999999998
    vertex 76.23987995825259 5.6525685740523235 62.0
    vertex 76.23987995825259 5.6525685740523235 1.9999999999999998
  endloop
endfacet
facet normal -0.8968727415326913 0.4422886902189955 0.0
  outer loop
    vertex 75.80384757729337 4.999999999999999 62.0
    vertex 75.45672280493228 4.296100594190539 1.9999999999999998
    vertex 75.45672280493228 4.296100594190539 62.0
  endloop
endfacet
facet normal -0.8968727415326913 0.4422886902189955 0.0
  outer loop
    vertex 75.45672280493228 4.296100594190539 1.9999999999999998
    vertex 75.80384757729337 4.999999999999999 62.0
    vertex 75.80384757729337 4.999999999999999 1.9999999999999998
  endloop
endfacet
facet normal -0.9469301294951047 0.321439465303165 0.0
  outer loop
    vertex 75.45672280493228 4.296100594190539 62.0
    vertex 75.20444504226559 3.5529142706151244 1.9999999999999998
    vertex 75.20444504226559 3.5529142706151244 62.0
  endloop
endfacet
facet normal -0.9469301294951047 0.321439465303165 0.0
  outer loop
    vertex 75.20444504226559 3.5529142706151244 1.9999999999999998
    vertex 75.45672280493228 4.296100594190539 62.0
    vertex 75.45672280493228 4.296100594190539 1.9999999999999998
  endloop
endfacet
facet normal -0.9807852804032308 0.19509032201612708 0.0
  outer loop
    vertex 75.20444504226559 3.5529142706151244 62.0
    vertex 75.05133083175714 2.7831571533203094 1.9999999999999998
    vertex 75.05133083175714 2.7831571533203094 62.0
  endloop
endfacet
facet normal -0.9807852804032308 0.19509032201612708 0.0
  outer loop
    vertex 75.05133083175714 2.7831571533203094 1.9999999999999998
    vertex 75.20444504226559 3.5529142706151244 62.0
    vertex 75.20444504226559 3.5529142706151244 1.9999999999999998
  endloop
endfacet
facet normal -0.9978589232386036 0.0654031292301446 1.7669861727530983e-32
  outer loop
    vertex 75.05133083175714 2.7831571533203094 62.0
    vertex 75.0 1.9999999999999998 1.9999999999999998
    vertex 75.0 1.9999999999999998 62.0
  endloop
endfacet
facet normal -0.9978589232386036 0.0654031292301446 1.7669861727530983e-32
  outer loop
    vertex 75.0 1.9999999999999998 1.9999999999999998
    vertex 75.05133083175714 2.7831571533203094 62.0
    vertex 75.05133083175714 2.7831571533203094 1.9999999999999998
  endloop
endfacet
facet normal 0.9978589232386036 0.0654031292301446 3.61180195318347e-35
  outer loop
    vertex 7.94866916824286 2.7831571533203094 1.9999999999999998
    vertex 7.999999999999999 1.9999999999999998 62.0
    vertex 7.999999999999999 1.9999999999999998 1.9999999999999998
  endloop
endfacet
facet normal 0.9978589232386036 0.0654031292301446 3.61180195318347e-35
  outer loop
    vertex 7.999999999999999 1.9999999999999998 62.0
    vertex 7.94866916824286 2.7831571533203094 1.9999999999999998
    vertex 7.94866916824286 2.7831571533203094 62.0
  endloop
endfacet
facet normal 0.9807852804032308 0.19509032201612708 0.0
  outer loop
    vertex 7.795554957734409 3.5529142706151244 1.9999999999999998
    vertex 7.94866916824286 2.7831571533203094 62.0
    vertex 7.94866916824286 2.7831571533203094 1.9999999999999998
  endloop
endfacet
facet normal 0.9807852804032308 0.19509032201612708 0.0
  outer loop
    vertex 7.94866916824286 2.7831571533203094 62.0
    vertex 7.795554957734409 3.5529142706151244 1.9999999999999998
    vertex 7.795554957734409 3.5529142706151244 62.0
  endloop
endfacet
facet normal 0.9469301294951057 0.32143946530316175 0.0
  outer loop
    vertex 7.543277195067719 4.296100594190539 1.9999999999999998
    vertex 7.795554957734409 3.5529142706151244 62.0
    vertex 7.795554957734409 3.5529142706151244 1.9999999999999998
  endloop
endfacet
facet normal 0.9469301294951057 0.32143946530316175 0.0
  outer loop
    vertex 7.795554957734409 3.5529142706151244 62.0
    vertex 7.543277195067719 4.296100594190539 1.9999999999999998
    vertex 7.543277195067719 4.296100594190539 62.0
  endloop
endfacet
facet normal 0.8968727415326885 0.4422886902190013 0.0
  outer loop
    vertex 7.196152422706631 4.999999999999999 1.9999999999999998
    vertex 7.543277195067719 4.296100594190539 62.0
    vertex 7.543277195067719 4.296100594190539 1.9999999999999998
  endloop
endfacet
facet normal 0.8968727415326885 0.4422886902190013 0.0
  outer loop
    vertex 7.543277195067719 4.296100594190539 62.0
    vertex 7.196152422706631 4.999999999999999 1.9999999999999998
    vertex 7.196152422706631 4.999999999999999 62.0
  endloop
endfacet
facet normal 0.8314696123025461 0.555570233019601 0.0
  outer loop
    vertex 6.760120041747411 5.6525685740523235 1.9999999999999998
    vertex 7.196152422706631 4.999999999999999 62.0
    vertex 7.196152422706631 4.999999999999999 1.9999999999999998
  endloop
endfacet
facet normal 0.8314696123025461 0.555570233019601 0.0
  outer loop
    vertex 7.196152422706631 4.999999999999999 62.0
    vertex 6.760120041747411 5.6525685740523235 1.9999999999999998
    vertex 6.760120041747411 5.6525685740523235 62.0
  endloop
endfacet
facet normal 0.7518398074789773 0.6593458151000693 0.0
  outer loop
    vertex 6.242640687119286 6.242640687119284 1.9999999999999998
    vertex 6.760120041747411 5.6525685740523235 62.0
    vertex 6.760120041747411 5.6525685740523235 1.9999999999999998
  endloop
endfacet
facet normal 0.7518398074789773 0.6593458151000693 0.0
  outer loop
    vertex 6.760120041747411 5.6525685740523235 62.0
    vertex 6.242640687119286 6.242640687119284 1.9999999999999998
    vertex 6.242640687119286 6.242640687119284 62.0
  endloop
endfacet
facet normal 0.6593458151000677 0.7518398074789783 0.0
  outer loop
    vertex 5.6525685740523235 6.760120041747409 62.0
    vertex 6.242640687119286 6.242640687119284 1.9999999999999998
    vertex 5.6525685740523235 6.760120041747409 1.9999999999999998
  endloop
endfacet
facet normal 0.6593458151000677 0.7518398074789783 0.0
  outer loop
    vertex 6.242640687119286 6.242640687119284 1.9999999999999998
    vertex 5.6525685740523235 6.760120041747409 62.0
    vertex 6.242640687119286 6.242640687119284 62.0
  endloop
endfacet
facet normal 0.5555702330196038 0.8314696123025441 0.0
  outer loop
    vertex 5.000000000000001 7.196152422706631 62.0
    vertex 5.6525685740523235 6.760120041747409 1.9999999999999998
    vertex 5.000000000000001 7.196152422706631 1.9999999999999998
  endloop
endfacet
facet normal 0.5555702330196038 0.8314696123025441 0.0
  outer loop
    vertex 5.6525685740523235 6.760120041747409 1.9999999999999998
    vertex 5.000000000000001 7.196152422706631 62.0
    vertex 5.6525685740523235 6.760120041747409 62.0
  endloop
endfacet
facet normal 0.4422886902190005 0.8968727415326887 0.0
  outer loop
    vertex 4.296100594190539 7.543277195067719 62.0
    vertex 5.000000000000001 7.196152422706631 1.9999999999999998
    vertex 4.296100594190539 7.543277195067719 1.9999999999999998
  endloop
endfacet
facet normal 0.4422886902190005 0.8968727415326887 0.0
  outer loop
    vertex 5.000000000000001 7.196152422706631 1.9999999999999998
    vertex 4.296100594190539 7.543277195067719 62.0
    vertex 5.000000000000001 7.196152422706631 62.0
  endloop
endfacet
facet normal 0.32143946530316175 0.9469301294951057 0.0
  outer loop
    vertex 3.5529142706151244 7.795554957734409 62.0
    vertex 4.296100594190539 7.543277195067719 1.9999999999999998
    vertex 3.5529142706151244 7.795554957734409 1.9999999999999998
  endloop
endfacet
facet normal 0.32143946530316175 0.9469301294951057 0.0
  outer loop
    vertex 4.296100594190539 7.543277195067719 1.9999999999999998
    vertex 3.5529142706151244 7.795554957734409 62.0
    vertex 4.296100594190539 7.543277195067719 62.0
  endloop
endfacet
facet normal 0.195090322016127 0.9807852804032308 0.0
  outer loop
    vertex 2.783157153320309 7.94866916824286 62.0
    vertex 3.5529142706151244 7.795554957734409 1.9999999999999998
    vertex 2.783157153320309 7.94866916824286 1.9999999999999998
  endloop
endfacet
facet normal 0.195090322016127 0.9807852804032308 0.0
  outer loop
    vertex 3.5529142706151244 7.795554957734409 1.9999999999999998
    vertex 2.783157153320309 7.94866916824286 62.0
    vertex 3.5529142706151244 7.795554957734409 62.0
  endloop
endfacet
facet normal 0.06540312923014455 0.9978589232386036 3.611801953183467e-35
  outer loop
    vertex 1.999999999999999 7.999999999999999 62.0
    vertex 2.783157153320309 7.94866916824286 1.9999999999999998
    vertex 1.999999999999999 7.999999999999999 1.9999999999999998
  endloop
endfacet
facet normal 0.06540312923014455 0.9978589232386036 3.611801953183467e-35
  outer loop
    vertex 2.783157153320309 7.94866916824286 1.9999999999999998
    vertex 1.999999999999999 7.999999999999999 62.0
    vertex 2.783157153320309 7.94866916824286 62.0
  endloop
endfacet
facet normal 0.06540312923014455 -0.9978589232386036 1.7669861727530983e-32
  outer loop
    vertex 2.783157153320309 75.05133083175714 62.0
    vertex 1.999999999999999 75.0 1.9999999999999998
    vertex 2.783157153320309 75.05133083175714 1.9999999999999998
  endloop
endfacet
facet normal 0.06540312923014455 -0.9978589232386036 1.7669861727530983e-32
  outer loop
    vertex 1.999999999999999 75.0 1.9999999999999998
    vertex 2.783157153320309 75.05133083175714 62.0
    vertex 1.999999999999999 75.0 62.0
  endloop
endfacet
facet normal 0.195090322016127 -0.9807852804032308 0.0
  outer loop
    vertex 3.5529142706151244 75.20444504226559 62.0
    vertex 2.783157153320309 75.05133083175714 1.9999999999999998
    vertex 3.5529142706151244 75.20444504226559 1.9999999999999998
  endloop
endfacet
facet normal 0.195090322016127 -0.9807852804032308 0.0
  outer loop
    vertex 2.783157153320309 75.05133083175714 1.9999999999999998
    vertex 3.5529142706151244 75.20444504226559 62.0
    vertex 2.783157153320309 75.05133083175714 62.0
  endloop
endfacet
facet normal 0.321439465303165 -0.9469301294951047 0.0
  outer loop
    vertex 4.296100594190539 75.45672280493228 62.0
    vertex 3.5529142706151244 75.20444504226559 1.9999999999999998
    vertex 4.296100594190539 75.45672280493228 1.9999999999999998
  endloop
endfacet
facet normal 0.321439465303165 -0.9469301294951047 0.0
  outer loop
    vertex 3.5529142706151244 75.20444504226559 1.9999999999999998
    vertex 4.296100594190539 75.45672280493228 62.0
    vertex 3.5529142706151244 75.20444504226559 62.0
  endloop
endfacet
facet normal 0.4422886902189948 -0.8968727415326917 0.0
  outer loop
    vertex 5.000000000000001 75.80384757729337 62.0
    vertex 4.296100594190539 75.45672280493228 1.9999999999999998
    vertex 5.000000000000001 75.80384757729337 1.9999999999999998
  endloop
endfacet
facet normal 0.4422886902189948 -0.8968727415326917 0.0
  outer loop
    vertex 4.296100594190539 75.45672280493228 1.9999999999999998
    vertex 5.000000000000001 75.80384757729337 62.0
    vertex 4.296100594190539 75.45672280493228 62.0
  endloop
endfacet
facet normal 0.5555702330196014 -0.8314696123025458 0.0
  outer loop
    vertex 5.6525685740523235 76.23987995825259 62.0
    vertex 5.000000000000001 75.80384757729337 1.9999999999999998
    vertex 5.6525685740523235 76.23987995825259 1.9999999999999998
  endloop
endfacet
facet normal 0.5555702330196014 -0.8314696123025458 0.0
  outer loop
    vertex 5.000000000000001 75.80384757729337 1.9999999999999998
    vertex 5.6525685740523235 76.23987995825259 62.0
    vertex 5.000000000000001 75.80384757729337 62.0
  endloop
endfacet
facet normal 0.6593458151000723 -0.7518398074789744 0.0
  outer loop
    vertex 6.242640687119286 76.75735931288071 62.0
    vertex 5.6525685740523235 76.23987995825259 1.9999999999999998
    vertex 6.242640687119286 76.75735931288071 1.9999999999999998
  endloop
endfacet
facet normal 0.6593458151000723 -0.7518398074789744 0.0
  outer loop
    vertex 5.6525685740523235 76.23987995825259 1.9999999999999998
    vertex 6.242640687119286 76.75735931288071 62.0
    vertex 5.6525685740523235 76.23987995825259 62.0
  endloop
endfacet
facet normal 0.7518398074789748 -0.659345815100072 0.0
  outer loop
    vertex 6.760120041747411 77.34743142594768 1.9999999999999998
    vertex 6.242640687119286 76.75735931288071 62.0
    vertex 6.242640687119286 76.75735931288071 1.9999999999999998
  endloop
endfacet
facet normal 0.7518398074789748 -0.659345815100072 0.0
  outer loop
    vertex 6.242640687119286 76.75735931288071 62.0
    vertex 6.760120041747411 77.34743142594768 1.9999999999999998
    vertex 6.760120041747411 77.34743142594768 62.0
  endloop
endfacet
facet normal 0.8314696123025498 -0.5555702330195956 0.0
  outer loop
    vertex 7.196152422706631 78.0 1.9999999999999998
    vertex 6.760120041747411 77.34743142594768 62.0
    vertex 6.760120041747411 77.34743142594768 1.9999999999999998
  endloop
endfacet
facet normal 0.8314696123025498 -0.5555702330195956 0.0
  outer loop
    vertex 6.760120041747411 77.34743142594768 62.0
    vertex 7.196152422706631 78.0 1.9999999999999998
    vertex 7.196152422706631 78.0 62.0
  endloop
endfacet
facet normal 0.8968727415326885 -0.4422886902190013 0.0
  outer loop
    vertex 7.543277195067719 78.70389940580947 1.9999999999999998
    vertex 7.196152422706631 78.0 62.0
    vertex 7.196152422706631 78.0 1.9999999999999998
  endloop
endfacet
facet normal 0.8968727415326885 -0.4422886902190013 0.0
  outer loop
    vertex 7.196152422706631 78.0 62.0
    vertex 7.543277195067719 78.70389940580947 1.9999999999999998
    vertex 7.543277195067719 78.70389940580947 62.0
  endloop
endfacet
facet normal 0.9469301294951049 -0.321439465303164 0.0
  outer loop
    vertex 7.795554957734409 79.44708572938487 1.9999999999999998
    vertex 7.543277195067719 78.70389940580947 62.0
    vertex 7.543277195067719 78.70389940580947 1.9999999999999998
  endloop
endfacet
facet normal 0.9469301294951049 -0.321439465303164 0.0
  outer loop
    vertex 7.543277195067719 78.70389940580947 62.0
    vertex 7.795554957734409 79.44708572938487 1.9999999999999998
    vertex 7.795554957734409 79.44708572938487 62.0
  endloop
endfacet
facet normal 0.9807852804032307 -0.19509032201612783 0.0
  outer loop
    vertex 7.94866916824286 80.21684284667968 1.9999999999999998
    vertex 7.795554957734409 79.44708572938487 62.0
    vertex 7.795554957734409 79.44708572938487 1.9999999999999998
  endloop
endfacet
facet normal 0.9807852804032307 -0.19509032201612783 0.0
  outer loop
    vertex 7.795554957734409 79.44708572938487 62.0
    vertex 7.94866916824286 80.21684284667968 1.9999999999999998
    vertex 7.94866916824286 80.21684284667968 62.0
  endloop
endfacet
facet normal 0.9978589232386036 -0.06540312923014427 0.0
  outer loop
    vertex 7.999999999999999 81.0 1.9999999999999998
    vertex 7.94866916824286 80.21684284667968 62.0
    vertex 7.94866916824286 80.21684284667968 1.9999999999999998
  endloop
endfacet
facet normal 0.9978589232386036 -0.06540312923014427 0.0
  outer loop
    vertex 7.94866916824286 80.21684284667968 62.0
    vertex 7.999999999999999 81.0 1.9999999999999998
    vertex 7.999999999999999 81.0 62.0
  endloop
endfacet
facet normal -0.9978589232386036 -0.06540312923014427 1.7633743707999147e-32
  outer loop
    vertex 75.0 81.0 62.0
    vertex 75.05133083175714 80.21684284667968 1.9999999999999998
    vertex 75.05133083175714 80.21684284667968 62.0
  endloop
endfacet
facet normal -0.9978589232386036 -0.06540312923014427 1.7633743707999147e-32
  outer loop
    vertex 75.05133083175714 80.21684284667968 1.9999999999999998
    vertex 75.0 81.0 62.0
    vertex 75.0 81.0 1.9999999999999998
  endloop
endfacet
facet normal -0.9807852804032307 -0.19509032201612783 -0.0
  outer loop
    vertex 75.05133083175714 80.21684284667968 62.0
    vertex 75.20444504226559 79.44708572938487 1.9999999999999998
    vertex 75.20444504226559 79.44708572938487 62.0
  endloop
endfacet
facet normal -0.9807852804032307 -0.19509032201612783 -0.0
  outer loop
    vertex 75.20444504226559 79.44708572938487 1.9999999999999998
    vertex 75.05133083175714 80.21684284667968 62.0
    vertex 75.05133083175714 80.21684284667968 1.9999999999999998
  endloop
endfacet
facet normal -0.9469301294951039 -0.3214394653031672 -0.0
  outer loop
    vertex 75.20444504226559 79.44708572938487 62.0
    vertex 75.45672280493228 78.70389940580947 1.9999999999999998
    vertex 75.45672280493228 78.70389940580947 62.0
  endloop
endfacet
facet normal -0.9469301294951039 -0.3214394653031672 -0.0
  outer loop
    vertex 75.45672280493228 78.70389940580947 1.9999999999999998
    vertex 75.20444504226559 79.44708572938487 62.0
    vertex 75.20444504226559 79.44708572938487 1.9999999999999998
  endloop
endfacet
facet normal -0.8968727415326913 -0.4422886902189955 -0.0
  outer loop
    vertex 75.45672280493228 78.70389940580947 62.0
    vertex 75.80384757729337 78.0 1.9999999999999998
    vertex 75.80384757729337 78.0 62.0
  endloop
endfacet
facet normal -0.8968727415326913 -0.4422886902189955 -0.0
  outer loop
    vertex 75.80384757729337 78.0 1.9999999999999998
    vertex 75.45672280493228 78.70389940580947 62.0
    vertex 75.45672280493228 78.70389940580947 1.9999999999999998
  endloop
endfacet
facet normal -0.8314696123025498 -0.5555702330195956 -0.0
  outer loop
    vertex 75.80384757729337 78.0 62.0
    vertex 76.23987995825259 77.34743142594768 1.9999999999999998
    vertex 76.23987995825259 77.34743142594768 62.0
  endloop
endfacet
facet normal -0.8314696123025498 -0.5555702330195956 -0.0
  outer loop
    vertex 76.23987995825259 77.34743142594768 1.9999999999999998
    vertex 75.80384757729337 78.0 62.0
    vertex 75.80384757729337 78.0 1.9999999999999998
  endloop
endfacet
facet normal -0.7518398074789717 -0.6593458151000755 -0.0
  outer loop
    vertex 76.23987995825259 77.34743142594768 62.0
    vertex 76.75735931288071 76.75735931288071 1.9999999999999998
    vertex 76.75735931288071 76.75735931288071 62.0
  endloop
endfacet
facet normal -0.7518398074789717 -0.6593458151000755 -0.0
  outer loop
    vertex 76.75735931288071 76.75735931288071 1.9999999999999998
    vertex 76.23987995825259 77.34743142594768 62.0
    vertex 76.23987995825259 77.34743142594768 1.9999999999999998
  endloop
endfacet
facet normal -0.6593458151000755 -0.7518398074789717 -0.0
  outer loop
    vertex 77.34743142594768 76.23987995825259 62.0
    vertex 76.75735931288071 76.75735931288071 1.9999999999999998
    vertex 77.34743142594768 76.23987995825259 1.9999999999999998
  endloop
endfacet
facet normal -0.6593458151000755 -0.7518398074789717 -0.0
  outer loop
    vertex 76.75735931288071 76.75735931288071 1.9999999999999998
    vertex 77.34743142594768 76.23987995825259 62.0
    vertex 76.75735931288071 76.75735931288071 62.0
  endloop
endfacet
facet normal -0.5555702330196022 -0.8314696123025452 -0.0
  outer loop
    vertex 77.99999999999999 75.80384757729337 62.0
    vertex 77.34743142594768 76.23987995825259 1.9999999999999998
    vertex 77.99999999999999 75.80384757729337 1.9999999999999998
  endloop
endfacet
facet normal -0.5555702330196022 -0.8314696123025452 -0.0
  outer loop
    vertex 77.34743142594768 76.23987995825259 1.9999999999999998
    vertex 77.99999999999999 75.80384757729337 62.0
    vertex 77.34743142594768 76.23987995825259 62.0
  endloop
endfacet
facet normal -0.44228869021898976 -0.896872741532694 -0.0
  outer loop
    vertex 78.70389940580947 75.45672280493228 62.0
    vertex 77.99999999999999 75.80384757729337 1.9999999999999998
    vertex 78.70389940580947 75.45672280493228 1.9999999999999998
  endloop
endfacet
facet normal -0.44228869021898976 -0.896872741532694 -0.0
  outer loop
    vertex 77.99999999999999 75.80384757729337 1.9999999999999998
    vertex 78.70389940580947 75.45672280493228 62.0
    vertex 77.99999999999999 75.80384757729337 62.0
  endloop
endfacet
facet normal -0.3214394653031672 -0.9469301294951039 -0.0
  outer loop
    vertex 79.44708572938487 75.20444504226559 62.0
    vertex 78.70389940580947 75.45672280493228 1.9999999999999998
    vertex 79.44708572938487 75.20444504226559 1.9999999999999998
  endloop
endfacet
facet normal -0.3214394653031672 -0.9469301294951039 -0.0
  outer loop
    vertex 78.70389940580947 75.45672280493228 1.9999999999999998
    vertex 79.44708572938487 75.20444504226559 62.0
    vertex 78.70389940580947 75.45672280493228 62.0
  endloop
endfacet
facet normal -0.19509032201612783 -0.9807852804032307 -0.0
  outer loop
    vertex 80.21684284667968 75.05133083175714 62.0
    vertex 79.44708572938487 75.20444504226559 1.9999999999999998
    vertex 80.21684284667968 75.05133083175714 1.9999999999999998
  endloop
endfacet
facet normal -0.19509032201612783 -0.9807852804032307 -0.0
  outer loop
    vertex 79.44708572938487 75.20444504226559 1.9999999999999998
    vertex 80.21684284667968 75.05133083175714 62.0
    vertex 79.44708572938487 75.20444504226559 62.0
  endloop
endfacet
facet normal -0.06540312923014427 -0.9978589232386036 1.7633743707999147e-32
  outer loop
    vertex 81.0 75.0 62.0
    vertex 80.21684284667968 75.05133083175714 1.9999999999999998
    vertex 81.0 75.0 1.9999999999999998
  endloop
endfacet
facet normal -0.06540312923014427 -0.9978589232386036 1.7633743707999147e-32
  outer loop
    vertex 80.21684284667968 75.05133083175714 1.9999999999999998
    vertex 81.0 75.0 62.0
    vertex 80.21684284667968 75.05133083175714 62.0
  endloop
endfacet
facet normal -1.0 0.0 0.0
  outer loop
    vertex 1.9000000000000001 6.258163080869711 58.602651354471774
    vertex 1.9000000000000001 6.258163080869711 58.08501326426673
    vertex 1.9000000000000001 6.224088907158779 58.34383230936925
  endloop
endfacet
facet normal -1.0 0.0 0.0
  outer loop
    vertex 1.9000000000000001 6.258163080869711 58.08501326426673
    vertex 1.9000000000000001 6.258163080869711 58.602651354471774
    vertex 1.9000000000000001 6.358063503374341 58.84383230936925
  endloop
endfacet
facet normal -1.0 0.0 0.0
  outer loop
    vertex 1.9000000000000001 6.258163080869711 58.08501326426673
    vertex 1.9000000000000001 6.358063503374341 58.84383230936925
    vertex 1.9000000000000001 6.358063503374341 57.843832309369255
  endloop
endfacet
facet normal -1.0 0.0 0.0
  outer loop
    vertex 1.9000000000000001 6.358063503374341 57.843832309369255
    vertex 1.9000000000000001 6.358063503374341 58.84383230936925
    vertex 1.9000000000000001 6.516982125972232 59.0509390905558
  endloop
endfacet
facet normal -1.0 0.0 0.0
  outer loop
    vertex 1.9000000000000001 6.358063503374341 57.843832309369255
    vertex 1.9000000000000001 6.516982125972232 59.0509390905558
    vertex 1.9000000000000001 6.5169821259722305 57.6367255281827
  endloop
endfacet
facet normal -1.0 0.0 0.0
  outer loop
    vertex 1.9000000000000001 6.5169821259722305 57.6367255281827
    vertex 1.9000000000000001 6.516982125972232 59.0509390905558
    vertex 1.9000000000000001 6.724088907158778 57.47780690558481
  endloop
endfacet
facet normal -1.0 0.0 0.0
  outer loop
    vertex 1.9000000000000001 6.724088907158778 57.47780690558481
    vertex 1.9000000000000001 6.516982125972232 59.0509390905558
    vertex 1.9000000000000001 6.724088907158779 59.20985771315368
  endloop
endfacet
facet normal -1.0 0.0 0.0
  outer loop
    vertex 1.9000000000000001 6.724088907158778 57.47780690558481
    vertex 1.9000000000000001 6.724088907158779 59.20985771315368
    vertex 1.9000000000000001 6.965269862056258 57.37790648308018
  endloop
endfacet
facet normal -1.0 0.0 0.0
  outer loop
    vertex 1.9000000000000001 6.965269862056258 57.37790648308018
    vertex 1.9000000000000001 6.724088907158779 59.20985771315368
    vertex 1.9000000000000001 6.9652698620562585 59.30975813565832
  endloop
endfacet
facet normal -1.0 0.0 0.0
  outer loop
    vertex 1.9000000000000001 6.965269862056258 57.37790648308018
    vertex 1.9000000000000001 6.9652698620562585 59.30975813565832
    vertex 1.9000000000000001 7.224088907158778 57.343832309369255
  endloop
endfacet
facet normal -1.0 0.0 0.0
  outer loop
    vertex 1.9000000000000001 7.224088907158778 57.343832309369255
    vertex 1.9000000000000001 6.9652698620562585 59.30975813565832
    vertex 1.9000000000000001 7.224088907158778 59.34383230936925
  endloop
endfacet
facet normal -1.0 0.0 0.0
  outer loop
    vertex 1.9000000000000001 7.224088907158778 57.343832309369255
    vertex 1.9000000000000001 7.224088907158778 59.34383230936925
    vertex 1.9000000000000001 7.4829079522613 59.30975813565832
  endloop
endfacet
facet normal -1.0 0.0 0.0
  outer loop
    vertex 1.9000000000000001 7.224088907158778 57.343832309369255
    vertex 1.9000000000000001 7.4829079522613 59.30975813565832
    vertex 1.9000000000000001 7.482907952261298 57.37790648308018
  endloop
endfacet
facet normal -1.0 0.0 0.0
  outer loop
    vertex 1.9000000000000001 7.482907952261298 57.37790648308018
    vertex 1.9000000000000001 7.4829079522613 59.30975813565832
    vertex 1.9000000000000001 7.7240889071587775 57.47780690558481
  endloop
endfacet
facet normal -1.0 0.0 0.0
  outer loop
    vertex 1.9000000000000001 7.7240889071587775 57.47780690558481
    vertex 1.9000000000000001 7.4829079522613 59.30975813565832
    vertex 1.9000000000000001 7.724088907158779 59.20985771315368
  endloop
endfacet
facet normal -1.0 0.0 0.0
  outer loop
    vertex 1.9000000000000001 7.7240889071587775 57.47780690558481
    vertex 1.9000000000000001 7.724088907158779 59.20985771315368
    vertex 1.9000000000000001 7.931195688345325 57.6367255281827
  endloop
endfacet
facet normal -1.0 0.0 0.0
  outer loop
    vertex 1.9000000000000001 7.931195688345325 57.6367255281827
    vertex 1.9000000000000001 7.724088907158779 59.20985771315368
    vertex 1.9000000000000001 7.931195688345326 59.0509390905558
  endloop
endfacet
facet normal -1.0 0.0 0.0
  outer loop
    vertex 1.9000000000000001 7.931195688345325 57.6367255281827
    vertex 1.9000000000000001 7.931195688345326 59.0509390905558
    vertex 1.9000000000000001 8.090114310943216 57.843832309369255
  endloop
endfacet
facet normal -1.0 0.0 0.0
  outer loop
    vertex 1.9000000000000001 8.090114310943216 57.843832309369255
    vertex 1.9000000000000001 7.931195688345326 59.0509390905558
    vertex 1.9000000000000001 8.090114310943218 58.84383230936925
  endloop
endfacet
facet normal -1.0 0.0 0.0
  outer loop
    vertex 1.9000000000000001 8.090114310943216 57.843832309369255
    vertex 1.9000000000000001 8.090114310943218 58.84383230936925
    vertex 1.9000000000000001 8.190014733447846 58.08501326426673
  endloop
endfacet
facet normal -1.0 0.0 0.0
  outer loop
    vertex 1.9000000000000001 8.190014733447846 58.08501326426673
    vertex 1.9000000000000001 8.090114310943218 58.84383230936925
    vertex 1.9000000000000001 8.190014733447846 58.602651354471774
  endloop
endfacet
facet normal -1.0 0.0 0.0
  outer loop
    vertex 1.9000000000000001 8.190014733447846 58.08501326426673
    vertex 1.9000000000000001 8.190014733447846 58.602651354471774
    vertex 1.9000000000000001 8.224088907158778 58.34383230936925
  endloop
endfacet
facet normal 0.0 -0.9914448613738106 0.13052619222005077
  outer loop
    vertex 1.9000000000000001 8.224088907158778 58.34383230936925
    vertex 0.0 8.190014733447846 58.08501326426673
    vertex 1.9000000000000001 8.190014733447846 58.08501326426673
  endloop
endfacet
facet normal 0.0 -0.9914448613738106 0.13052619222005077
  outer loop
    vertex 0.0 8.190014733447846 58.08501326426673
    vertex 1.9000000000000001 8.224088907158778 58.34383230936925
    vertex 0.0 8.224088907158778 58.34383230936925
  endloop
endfacet
facet normal 0.0 -0.9238795325112845 0.3826834323650951
  outer loop
    vertex 1.9000000000000001 8.190014733447846 58.08501326426673
    vertex 0.0 8.090114310943216 57.843832309369255
    vertex 1.9000000000000001 8.090114310943216 57.843832309369255
  endloop
endfacet
facet normal 0.0 -0.9238795325112845 0.3826834323650951
  outer loop
    vertex 0.0 8.090114310943216 57.843832309369255
    vertex 1.9000000000000001 8.190014733447846 58.08501326426673
    vertex 0.0 8.190014733447846 58.08501326426673
  endloop
endfacet
facet normal 0.0 -0.7933533402912388 0.6087614290087162
  outer loop
    vertex 1.9000000000000001 8.090114310943216 57.843832309369255
    vertex 0.0 7.931195688345325 57.6367255281827
    vertex 1.9000000000000001 7.931195688345325 57.6367255281827
  endloop
endfacet
facet normal 0.0 -0.7933533402912388 0.6087614290087162
  outer loop
    vertex 0.0 7.931195688345325 57.6367255281827
    vertex 1.9000000000000001 8.090114310943216 57.843832309369255
    vertex 0.0 8.090114310943216 57.843832309369255
  endloop
endfacet
facet normal 0.0 -0.6087614290087043 0.7933533402912477
  outer loop
    vertex 1.9000000000000001 7.7240889071587775 57.47780690558481
    vertex 0.0 7.931195688345325 57.6367255281827
    vertex 0.0 7.7240889071587775 57.47780690558481
  endloop
endfacet
facet normal 0.0 -0.6087614290087043 0.7933533402912477
  outer loop
    vertex 0.0 7.931195688345325 57.6367255281827
    vertex 1.9000000000000001 7.7240889071587775 57.47780690558481
    vertex 1.9000000000000001 7.931195688345325 57.6367255281827
  endloop
endfacet
facet normal 0.0 -0.382683432365119 0.9238795325112747
  outer loop
    vertex 1.9000000000000001 7.482907952261298 57.37790648308018
    vertex 0.0 7.7240889071587775 57.47780690558481
    vertex 0.0 7.482907952261298 57.37790648308018
  endloop
endfacet
facet normal 0.0 -0.382683432365119 0.9238795325112747
  outer loop
    vertex 0.0 7.7240889071587775 57.47780690558481
    vertex 1.9000000000000001 7.482907952261298 57.37790648308018
    vertex 1.9000000000000001 7.7240889071587775 57.47780690558481
  endloop
endfacet
facet normal 0.0 -0.13052619222003092 0.9914448613738132
  outer loop
    vertex 1.9000000000000001 7.224088907158778 57.343832309369255
    vertex 0.0 7.482907952261298 57.37790648308018
    vertex 0.0 7.224088907158778 57.343832309369255
  endloop
endfacet
facet normal 0.0 -0.13052619222003092 0.9914448613738132
  outer loop
    vertex 0.0 7.482907952261298 57.37790648308018
    vertex 1.9000000000000001 7.224088907158778 57.343832309369255
    vertex 1.9000000000000001 7.482907952261298 57.37790648308018
  endloop
endfacet
facet normal 0.0 0.13052619222003023 0.9914448613738134
  outer loop
    vertex 1.9000000000000001 6.965269862056258 57.37790648308018
    vertex 0.0 7.224088907158778 57.343832309369255
    vertex 0.0 6.965269862056258 57.37790648308018
  endloop
endfacet
facet normal 0.0 0.13052619222003023 0.9914448613738134
  outer loop
    vertex 0.0 7.224088907158778 57.343832309369255
    vertex 1.9000000000000001 6.965269862056258 57.37790648308018
    vertex 1.9000000000000001 7.224088907158778 57.343832309369255
  endloop
endfacet
facet normal 0.0 0.382683432365119 0.9238795325112747
  outer loop
    vertex 1.9000000000000001 6.724088907158778 57.47780690558481
    vertex 0.0 6.965269862056258 57.37790648308018
    vertex 0.0 6.724088907158778 57.47780690558481
  endloop
endfacet
facet normal 0.0 0.382683432365119 0.9238795325112747
  outer loop
    vertex 0.0 6.965269862056258 57.37790648308018
    vertex 1.9000000000000001 6.724088907158778 57.47780690558481
    vertex 1.9000000000000001 6.965269862056258 57.37790648308018
  endloop
endfacet
facet normal 0.0 0.6087614290087043 0.7933533402912477
  outer loop
    vertex 1.9000000000000001 6.5169821259722305 57.6367255281827
    vertex 0.0 6.724088907158778 57.47780690558481
    vertex 0.0 6.5169821259722305 57.6367255281827
  endloop
endfacet
facet normal 0.0 0.6087614290087043 0.7933533402912477
  outer loop
    vertex 0.0 6.724088907158778 57.47780690558481
    vertex 1.9000000000000001 6.5169821259722305 57.6367255281827
    vertex 1.9000000000000001 6.724088907158778 57.47780690558481
  endloop
endfacet
facet normal 0.0 0.7933533402912413 0.6087614290087128
  outer loop
    vertex 0.0 6.358063503374341 57.843832309369255
    vertex 1.9000000000000001 6.5169821259722305 57.6367255281827
    vertex 0.0 6.5169821259722305 57.6367255281827
  endloop
endfacet
facet normal 0.0 0.7933533402912413 0.6087614290087128
  outer loop
    vertex 1.9000000000000001 6.5169821259722305 57.6367255281827
    vertex 0.0 6.358063503374341 57.843832309369255
    vertex 1.9000000000000001 6.358063503374341 57.843832309369255
  endloop
endfacet
facet normal 0.0 0.9238795325112845 0.3826834323650951
  outer loop
    vertex 0.0 6.258163080869711 58.08501326426673
    vertex 1.9000000000000001 6.358063503374341 57.843832309369255
    vertex 0.0 6.358063503374341 57.843832309369255
  endloop
endfacet
facet normal 0.0 0.9238795325112845 0.3826834323650951
  outer loop
    vertex 1.9000000000000001 6.358063503374341 57.843832309369255
    vertex 0.0 6.258163080869711 58.08501326426673
    vertex 1.9000000000000001 6.258163080869711 58.08501326426673
  endloop
endfacet
facet normal 0.0 0.9914448613738106 0.13052619222005077
  outer loop
    vertex 0.0 6.224088907158779 58.34383230936925
    vertex 1.9000000000000001 6.258163080869711 58.08501326426673
    vertex 0.0 6.258163080869711 58.08501326426673
  endloop
endfacet
facet normal 0.0 0.9914448613738106 0.13052619222005077
  outer loop
    vertex 1.9000000000000001 6.258163080869711 58.08501326426673
    vertex 0.0 6.224088907158779 58.34383230936925
    vertex 1.9000000000000001 6.224088907158779 58.34383230936925
  endloop
endfacet
facet normal 0.0 0.9914448613738106 -0.13052619222005077
  outer loop
    vertex 0.0 6.258163080869711 58.602651354471774
    vertex 1.9000000000000001 6.224088907158779 58.34383230936925
    vertex 0.0 6.224088907158779 58.34383230936925
  endloop
endfacet
facet normal 0.0 0.9914448613738106 -0.13052619222005077
  outer loop
    vertex 1.9000000000000001 6.224088907158779 58.34383230936925
    vertex 0.0 6.258163080869711 58.602651354471774
    vertex 1.9000000000000001 6.258163080869711 58.602651354471774
  endloop
endfacet
facet normal 0.0 0.9238795325112845 -0.3826834323650951
  outer loop
    vertex 0.0 6.358063503374341 58.84383230936925
    vertex 1.9000000000000001 6.258163080869711 58.602651354471774
    vertex 0.0 6.258163080869711 58.602651354471774
  endloop
endfacet
facet normal 0.0 0.9238795325112845 -0.3826834323650951
  outer loop
    vertex 1.9000000000000001 6.258163080869711 58.602651354471774
    vertex 0.0 6.358063503374341 58.84383230936925
    vertex 1.9000000000000001 6.358063503374341 58.84383230936925
  endloop
endfacet
facet normal 0.0 0.7933533402912388 -0.6087614290087162
  outer loop
    vertex 0.0 6.516982125972232 59.0509390905558
    vertex 1.9000000000000001 6.358063503374341 58.84383230936925
    vertex 0.0 6.358063503374341 58.84383230936925
  endloop
endfacet
facet normal 0.0 0.7933533402912388 -0.6087614290087162
  outer loop
    vertex 1.9000000000000001 6.358063503374341 58.84383230936925
    vertex 0.0 6.516982125972232 59.0509390905558
    vertex 1.9000000000000001 6.516982125972232 59.0509390905558
  endloop
endfacet
facet normal 0.0 0.6087614290087043 -0.7933533402912477
  outer loop
    vertex 1.9000000000000001 6.724088907158779 59.20985771315368
    vertex 0.0 6.516982125972232 59.0509390905558
    vertex 0.0 6.724088907158779 59.20985771315368
  endloop
endfacet
facet normal 0.0 0.6087614290087043 -0.7933533402912477
  outer loop
    vertex 0.0 6.516982125972232 59.0509390905558
    vertex 1.9000000000000001 6.724088907158779 59.20985771315368
    vertex 1.9000000000000001 6.516982125972232 59.0509390905558
  endloop
endfacet
facet normal 0.0 0.382683432365119 -0.9238795325112747
  outer loop
    vertex 1.9000000000000001 6.9652698620562585 59.30975813565832
    vertex 0.0 6.724088907158779 59.20985771315368
    vertex 0.0 6.9652698620562585 59.30975813565832
  endloop
endfacet
facet normal 0.0 0.382683432365119 -0.9238795325112747
  outer loop
    vertex 0.0 6.724088907158779 59.20985771315368
    vertex 1.9000000000000001 6.9652698620562585 59.30975813565832
    vertex 1.9000000000000001 6.724088907158779 59.20985771315368
  endloop
endfacet
facet normal 0.0 0.13052619222003092 -0.9914448613738132
  outer loop
    vertex 1.9000000000000001 7.224088907158778 59.34383230936925
    vertex 0.0 6.9652698620562585 59.30975813565832
    vertex 0.0 7.224088907158778 59.34383230936925
  endloop
endfacet
facet normal 0.0 0.13052619222003092 -0.9914448613738132
  outer loop
    vertex 0.0 6.9652698620562585 59.30975813565832
    vertex 1.9000000000000001 7.224088907158778 59.34383230936925
    vertex 1.9000000000000001 6.9652698620562585 59.30975813565832
  endloop
endfacet
facet normal -0.0 -0.13052619222003023 -0.9914448613738134
  outer loop
    vertex 1.9000000000000001 7.4829079522613 59.30975813565832
    vertex 0.0 7.224088907158778 59.34383230936925
    vertex 0.0 7.4829079522613 59.30975813565832
  endloop
endfacet
facet normal -0.0 -0.13052619222003023 -0.9914448613738134
  outer loop
    vertex 0.0 7.224088907158778 59.34383230936925
    vertex 1.9000000000000001 7.4829079522613 59.30975813565832
    vertex 1.9000000000000001 7.224088907158778 59.34383230936925
  endloop
endfacet
facet normal -0.0 -0.382683432365119 -0.9238795325112747
  outer loop
    vertex 1.9000000000000001 7.724088907158779 59.20985771315368
    vertex 0.0 7.4829079522613 59.30975813565832
    vertex 0.0 7.724088907158779 59.20985771315368
  endloop
endfacet
facet normal -0.0 -0.382683432365119 -0.9238795325112747
  outer loop
    vertex 0.0 7.4829079522613 59.30975813565832
    vertex 1.9000000000000001 7.724088907158779 59.20985771315368
    vertex 1.9000000000000001 7.4829079522613 59.30975813565832
  endloop
endfacet
facet normal -0.0 -0.6087614290087043 -0.7933533402912477
  outer loop
    vertex 1.9000000000000001 7.931195688345326 59.0509390905558
    vertex 0.0 7.724088907158779 59.20985771315368
    vertex 0.0 7.931195688345326 59.0509390905558
  endloop
endfacet
facet normal -0.0 -0.6087614290087043 -0.7933533402912477
  outer loop
    vertex 0.0 7.724088907158779 59.20985771315368
    vertex 1.9000000000000001 7.931195688345326 59.0509390905558
    vertex 1.9000000000000001 7.724088907158779 59.20985771315368
  endloop
endfacet
facet normal -0.0 -0.7933533402912388 -0.6087614290087162
  outer loop
    vertex 1.9000000000000001 7.931195688345326 59.0509390905558
    vertex 0.0 8.090114310943218 58.84383230936925
    vertex 1.9000000000000001 8.090114310943218 58.84383230936925
  endloop
endfacet
facet normal -0.0 -0.7933533402912388 -0.6087614290087162
  outer loop
    vertex 0.0 8.090114310943218 58.84383230936925
    vertex 1.9000000000000001 7.931195688345326 59.0509390905558
    vertex 0.0 7.931195688345326 59.0509390905558
  endloop
endfacet
facet normal -0.0 -0.9238795325112865 -0.38268343236509056
  outer loop
    vertex 1.9000000000000001 8.090114310943218 58.84383230936925
    vertex 0.0 8.190014733447846 58.602651354471774
    vertex 1.9000000000000001 8.190014733447846 58.602651354471774
  endloop
endfacet
facet normal -0.0 -0.9238795325112865 -0.38268343236509056
  outer loop
    vertex 0.0 8.190014733447846 58.602651354471774
    vertex 1.9000000000000001 8.090114310943218 58.84383230936925
    vertex 0.0 8.090114310943218 58.84383230936925
  endloop
endfacet
facet normal -0.0 -0.9914448613738106 -0.13052619222005077
  outer loop
    vertex 1.9000000000000001 8.190014733447846 58.602651354471774
    vertex 0.0 8.224088907158778 58.34383230936925
    vertex 1.9000000000000001 8.224088907158778 58.34383230936925
  endloop
endfacet
facet normal -0.0 -0.9914448613738106 -0.13052619222005077
  outer loop
    vertex 0.0 8.224088907158778 58.34383230936925
    vertex 1.9000000000000001 8.190014733447846 58.602651354471774
    vertex 0.0 8.190014733447846 58.602651354471774
  endloop
endfacet
facet normal -0.0 -0.13052619222005216 -0.9914448613738104
  outer loop
    vertex 83.0 42.01763809020504 35.42278784486172
    vertex 81.0 41.5 35.490936192283584
    vertex 81.0 42.01763809020504 35.42278784486172
  endloop
endfacet
facet normal -0.0 -0.13052619222005216 -0.9914448613738104
  outer loop
    vertex 81.0 41.5 35.490936192283584
    vertex 83.0 42.01763809020504 35.42278784486172
    vertex 83.0 41.5 35.490936192283584
  endloop
endfacet
facet normal 0.0 0.13052619222005077 -0.9914448613738106
  outer loop
    vertex 83.0 41.5 35.490936192283584
    vertex 81.0 40.98236190979496 35.42278784486172
    vertex 81.0 41.5 35.490936192283584
  endloop
endfacet
facet normal 0.0 0.13052619222005077 -0.9914448613738106
  outer loop
    vertex 81.0 40.98236190979496 35.42278784486172
    vertex 83.0 41.5 35.490936192283584
    vertex 83.0 40.98236190979496 35.42278784486172
  endloop
endfacet
facet normal 0.0 0.3826834323650914 -0.9238795325112863
  outer loop
    vertex 83.0 40.98236190979496 35.42278784486172
    vertex 81.0 40.5 35.22298699985246
    vertex 81.0 40.98236190979496 35.42278784486172
  endloop
endfacet
facet normal 0.0 0.3826834323650914 -0.9238795325112863
  outer loop
    vertex 81.0 40.5 35.22298699985246
    vertex 83.0 40.98236190979496 35.42278784486172
    vertex 83.0 40.5 35.22298699985246
  endloop
endfacet
facet normal 0.0 0.6087614290087248 -0.7933533402912322
  outer loop
    vertex 83.0 40.5 35.22298699985246
    vertex 81.0 40.08578643762691 34.90514975465668
    vertex 81.0 40.5 35.22298699985246
  endloop
endfacet
facet normal 0.0 0.6087614290087248 -0.7933533402912322
  outer loop
    vertex 81.0 40.08578643762691 34.90514975465668
    vertex 83.0 40.5 35.22298699985246
    vertex 83.0 40.08578643762691 34.90514975465668
  endloop
endfacet
facet normal 0.0 0.7933533402912372 -0.6087614290087179
  outer loop
    vertex 81.0 40.08578643762691 34.90514975465668
    vertex 83.0 39.767949192431125 34.490936192283584
    vertex 81.0 39.767949192431125 34.490936192283584
  endloop
endfacet
facet normal 0.0 0.7933533402912372 -0.6087614290087179
  outer loop
    vertex 83.0 39.767949192431125 34.490936192283584
    vertex 81.0 40.08578643762691 34.90514975465668
    vertex 83.0 40.08578643762691 34.90514975465668
  endloop
endfacet
facet normal 0.0 0.9238795325112863 -0.3826834323650914
  outer loop
    vertex 81.0 39.767949192431125 34.490936192283584
    vertex 83.0 39.56814834742186 34.008574282488624
    vertex 81.0 39.56814834742186 34.008574282488624
  endloop
endfacet
facet normal 0.0 0.9238795325112863 -0.3826834323650914
  outer loop
    vertex 83.0 39.56814834742186 34.008574282488624
    vertex 81.0 39.767949192431125 34.490936192283584
    vertex 83.0 39.767949192431125 34.490936192283584
  endloop
endfacet
facet normal 0.0 0.9914448613738104 -0.13052619222005216
  outer loop
    vertex 81.0 39.56814834742186 34.008574282488624
    vertex 83.0 39.5 33.490936192283584
    vertex 81.0 39.5 33.490936192283584
  endloop
endfacet
facet normal 0.0 0.9914448613738104 -0.13052619222005216
  outer loop
    vertex 83.0 39.5 33.490936192283584
    vertex 81.0 39.56814834742186 34.008574282488624
    vertex 83.0 39.56814834742186 34.008574282488624
  endloop
endfacet
facet normal 0.0 0.9914448613738104 0.13052619222005216
  outer loop
    vertex 81.0 39.5 33.490936192283584
    vertex 83.0 39.56814834742186 32.973298102078545
    vertex 81.0 39.56814834742186 32.973298102078545
  endloop
endfacet
facet normal 0.0 0.9914448613738104 0.13052619222005216
  outer loop
    vertex 83.0 39.56814834742186 32.973298102078545
    vertex 81.0 39.5 33.490936192283584
    vertex 83.0 39.5 33.490936192283584
  endloop
endfacet
facet normal 0.0 0.9238795325112878 0.38268343236508756
  outer loop
    vertex 81.0 39.56814834742186 32.973298102078545
    vertex 83.0 39.767949192431125 32.49093619228358
    vertex 81.0 39.767949192431125 32.49093619228358
  endloop
endfacet
facet normal 0.0 0.9238795325112878 0.38268343236508756
  outer loop
    vertex 83.0 39.767949192431125 32.49093619228358
    vertex 81.0 39.56814834742186 32.973298102078545
    vertex 83.0 39.56814834742186 32.973298102078545
  endloop
endfacet
facet normal 0.0 0.7933533402912372 0.6087614290087179
  outer loop
    vertex 81.0 39.767949192431125 32.49093619228358
    vertex 83.0 40.08578643762691 32.076722629910485
    vertex 81.0 40.08578643762691 32.076722629910485
  endloop
endfacet
facet normal 0.0 0.7933533402912372 0.6087614290087179
  outer loop
    vertex 83.0 40.08578643762691 32.076722629910485
    vertex 81.0 39.767949192431125 32.49093619228358
    vertex 83.0 39.767949192431125 32.49093619228358
  endloop
endfacet
facet normal 0.0 0.6087614290087128 0.7933533402912413
  outer loop
    vertex 83.0 40.08578643762691 32.076722629910485
    vertex 81.0 40.50000000000001 31.758885384714706
    vertex 81.0 40.08578643762691 32.076722629910485
  endloop
endfacet
facet normal 0.0 0.6087614290087128 0.7933533402912413
  outer loop
    vertex 81.0 40.50000000000001 31.758885384714706
    vertex 83.0 40.08578643762691 32.076722629910485
    vertex 83.0 40.50000000000001 31.758885384714706
  endloop
endfacet
facet normal 0.0 0.3826834323650914 0.9238795325112863
  outer loop
    vertex 83.0 40.50000000000001 31.758885384714706
    vertex 81.0 40.98236190979496 31.559084539705445
    vertex 81.0 40.50000000000001 31.758885384714706
  endloop
endfacet
facet normal 0.0 0.3826834323650914 0.9238795325112863
  outer loop
    vertex 81.0 40.98236190979496 31.559084539705445
    vertex 83.0 40.50000000000001 31.758885384714706
    vertex 83.0 40.98236190979496 31.559084539705445
  endloop
endfacet
facet normal 0.0 0.13052619222005216 0.9914448613738104
  outer loop
    vertex 83.0 40.98236190979496 31.559084539705445
    vertex 81.0 41.5 31.49093619228358
    vertex 81.0 40.98236190979496 31.559084539705445
  endloop
endfacet
facet normal 0.0 0.13052619222005216 0.9914448613738104
  outer loop
    vertex 81.0 41.5 31.49093619228358
    vertex 83.0 40.98236190979496 31.559084539705445
    vertex 83.0 41.5 31.49093619228358
  endloop
endfacet
facet normal 0.0 -0.13052619222005216 0.9914448613738104
  outer loop
    vertex 83.0 41.5 31.49093619228358
    vertex 81.0 42.01763809020504 31.559084539705445
    vertex 81.0 41.5 31.49093619228358
  endloop
endfacet
facet normal 0.0 -0.13052619222005216 0.9914448613738104
  outer loop
    vertex 81.0 42.01763809020504 31.559084539705445
    vertex 83.0 41.5 31.49093619228358
    vertex 83.0 42.01763809020504 31.559084539705445
  endloop
endfacet
facet normal 0.0 -0.38268343236508756 0.9238795325112878
  outer loop
    vertex 83.0 42.01763809020504 31.559084539705445
    vertex 81.0 42.50000000000001 31.758885384714706
    vertex 81.0 42.01763809020504 31.559084539705445
  endloop
endfacet
facet normal 0.0 -0.38268343236508756 0.9238795325112878
  outer loop
    vertex 81.0 42.50000000000001 31.758885384714706
    vertex 83.0 42.01763809020504 31.559084539705445
    vertex 83.0 42.50000000000001 31.758885384714706
  endloop
endfacet
facet normal 0.0 -0.6087614290087179 0.7933533402912372
  outer loop
    vertex 83.0 42.50000000000001 31.758885384714706
    vertex 81.0 42.9142135623731 32.076722629910485
    vertex 81.0 42.50000000000001 31.758885384714706
  endloop
endfacet
facet normal 0.0 -0.6087614290087179 0.7933533402912372
  outer loop
    vertex 81.0 42.9142135623731 32.076722629910485
    vertex 83.0 42.50000000000001 31.758885384714706
    vertex 83.0 42.9142135623731 32.076722629910485
  endloop
endfacet
facet normal 0.0 -0.7933533402912413 0.6087614290087128
  outer loop
    vertex 83.0 43.23205080756888 32.490936192283584
    vertex 81.0 42.9142135623731 32.076722629910485
    vertex 83.0 42.9142135623731 32.076722629910485
  endloop
endfacet
facet normal 0.0 -0.7933533402912413 0.6087614290087128
  outer loop
    vertex 81.0 42.9142135623731 32.076722629910485
    vertex 83.0 43.23205080756888 32.490936192283584
    vertex 81.0 43.23205080756888 32.490936192283584
  endloop
endfacet
facet normal 0.7933533402912382 0.608761429008717 0.0
  outer loop
    vertex 2.633974596215567 78.99999999999999 51.99999999999999
    vertex 2.7928932188134583 78.79289321881345 62.0
    vertex 2.7928932188134583 78.79289321881345 51.99999999999999
  endloop
endfacet
facet normal 0.7933533402912382 0.608761429008717 0.0
  outer loop
    vertex 2.7928932188134583 78.79289321881345 62.0
    vertex 2.633974596215567 78.99999999999999 51.99999999999999
    vertex 2.633974596215567 78.99999999999999 62.0
  endloop
endfacet
facet normal 0.0 0.0 1.0
  outer loop
    vertex 2.5340741737109314 3.2411809548974806 51.99999999999999
    vertex 2.5340741737109314 3.758819045102522 51.99999999999999
    vertex 2.4999999999999996 3.500000000000002 51.99999999999999
  endloop
endfacet
facet normal 0.0 0.0 1.0
  outer loop
    vertex 2.5340741737109314 3.758819045102522 51.99999999999999
    vertex 2.5340741737109314 3.2411809548974806 51.99999999999999
    vertex 2.6339745962155616 3.0000000000000018 51.99999999999999
  endloop
endfacet
facet normal 0.0 0.0 1.0
  outer loop
    vertex 2.5340741737109314 3.758819045102522 51.99999999999999
    vertex 2.6339745962155616 3.0000000000000018 51.99999999999999
    vertex 2.6339745962155607 4.000000000000001 51.99999999999999
  endloop
endfacet
facet normal 0.0 0.0 1.0
  outer loop
    vertex 2.6339745962155607 4.000000000000001 51.99999999999999
    vertex 2.6339745962155616 3.0000000000000018 51.99999999999999
    vertex 2.792893218813452 4.207106781186549 51.99999999999999
  endloop
endfacet
facet normal 0.0 0.0 1.0
  outer loop
    vertex 2.792893218813452 4.207106781186549 51.99999999999999
    vertex 2.6339745962155616 3.0000000000000018 51.99999999999999
    vertex 2.7928932188134525 2.7928932188134543 51.99999999999999
  endloop
endfacet
facet normal 0.0 0.0 1.0
  outer loop
    vertex 2.792893218813452 4.207106781186549 51.99999999999999
    vertex 2.7928932188134525 2.7928932188134543 51.99999999999999
    vertex 2.999999999999999 4.36602540378444 51.99999999999999
  endloop
endfacet
facet normal 0.0 0.0 1.0
  outer loop
    vertex 2.999999999999999 4.36602540378444 51.99999999999999
    vertex 2.7928932188134525 2.7928932188134543 51.99999999999999
    vertex 3.0 2.6339745962155634 51.99999999999999
  endloop
endfacet
facet normal 0.0 0.0 1.0
  outer loop
    vertex 2.999999999999999 4.36602540378444 51.99999999999999
    vertex 3.0 2.6339745962155634 51.99999999999999
    vertex 3.241180954897478 4.4659258262890695 51.99999999999999
  endloop
endfacet
facet normal 0.0 0.0 1.0
  outer loop
    vertex 3.241180954897478 4.4659258262890695 51.99999999999999
    vertex 3.0 2.6339745962155634 51.99999999999999
    vertex 3.2411809548974793 2.534074173710934 51.99999999999999
  endloop
endfacet
facet normal 0.0 0.0 1.0
  outer loop
    vertex 3.241180954897478 4.4659258262890695 51.99999999999999
    vertex 3.2411809548974793 2.534074173710934 51.99999999999999
    vertex 3.499999999999999 4.500000000000002 51.99999999999999
  endloop
endfacet
facet normal 0.0 0.0 1.0
  outer loop
    vertex 3.499999999999999 4.500000000000002 51.99999999999999
    vertex 3.2411809548974793 2.534074173710934 51.99999999999999
    vertex 3.499999999999999 2.5000000000000027 51.99999999999999
  endloop
endfacet
facet normal 0.0 0.0 1.0
  outer loop
    vertex 3.499999999999999 4.500000000000002 51.99999999999999
    vertex 3.499999999999999 2.5000000000000027 51.99999999999999
    vertex 3.75881904510252 2.534074173710934 51.99999999999999
  endloop
endfacet
facet normal 0.0 0.0 1.0
  outer loop
    vertex 3.499999999999999 4.500000000000002 51.99999999999999
    vertex 3.75881904510252 2.534074173710934 51.99999999999999
    vertex 3.75881904510252 4.4659258262890695 51.99999999999999
  endloop
endfacet
facet normal 0.0 0.0 1.0
  outer loop
    vertex 3.75881904510252 4.4659258262890695 51.99999999999999
    vertex 3.75881904510252 2.534074173710934 51.99999999999999
    vertex 3.9999999999999996 2.633974596215564 51.99999999999999
  endloop
endfacet
facet normal 0.0 0.0 1.0
  outer loop
    vertex 3.75881904510252 4.4659258262890695 51.99999999999999
    vertex 3.9999999999999996 2.633974596215564 51.99999999999999
    vertex 3.999999999999999 4.36602540378444 51.99999999999999
  endloop
endfacet
facet normal 0.0 0.0 1.0
  outer loop
    vertex 3.999999999999999 4.36602540378444 51.99999999999999
    vertex 3.9999999999999996 2.633974596215564 51.99999999999999
    vertex 4.207106781186546 4.207106781186549 51.99999999999999
  endloop
endfacet
facet normal 0.0 0.0 1.0
  outer loop
    vertex 4.207106781186546 4.207106781186549 51.99999999999999
    vertex 3.9999999999999996 2.633974596215564 51.99999999999999
    vertex 4.207106781186546 2.7928932188134548 51.99999999999999
  endloop
endfacet
facet normal 0.0 0.0 1.0
  outer loop
    vertex 4.207106781186546 4.207106781186549 51.99999999999999
    vertex 4.207106781186546 2.7928932188134548 51.99999999999999
    vertex 4.3660254037844375 3.0000000000000027 51.99999999999999
  endloop
endfacet
facet normal 0.0 0.0 1.0
  outer loop
    vertex 4.207106781186546 4.207106781186549 51.99999999999999
    vertex 4.3660254037844375 3.0000000000000027 51.99999999999999
    vertex 4.3660254037844375 4.000000000000002 51.99999999999999
  endloop
endfacet
facet normal 0.0 0.0 1.0
  outer loop
    vertex 4.3660254037844375 4.000000000000002 51.99999999999999
    vertex 4.3660254037844375 3.0000000000000027 51.99999999999999
    vertex 4.465925826289067 3.2411809548974815 51.99999999999999
  endloop
endfacet
facet normal 0.0 0.0 1.0
  outer loop
    vertex 4.3660254037844375 4.000000000000002 51.99999999999999
    vertex 4.465925826289067 3.2411809548974815 51.99999999999999
    vertex 4.465925826289067 3.7588190451025225 51.99999999999999
  endloop
endfacet
facet normal 0.0 0.0 1.0
  outer loop
    vertex 4.465925826289067 3.7588190451025225 51.99999999999999
    vertex 4.465925826289067 3.2411809548974815 51.99999999999999
    vertex 4.499999999999999 3.500000000000002 51.99999999999999
  endloop
endfacet
facet normal 0.0 0.0 1.0
  outer loop
    vertex 78.53407417371093 79.24118095489747 51.99999999999999
    vertex 78.53407417371092 79.75881904510251 51.99999999999999
    vertex 78.49999999999999 79.49999999999999 51.99999999999999
  endloop
endfacet
facet normal 0.0 0.0 1.0
  outer loop
    vertex 78.53407417371092 79.75881904510251 51.99999999999999
    vertex 78.53407417371093 79.24118095489747 51.99999999999999
    vertex 78.63397459621555 79.99999999999999 51.99999999999999
  endloop
endfacet
facet normal 0.0 0.0 1.0
  outer loop
    vertex 78.63397459621555 79.99999999999999 51.99999999999999
    vertex 78.53407417371093 79.24118095489747 51.99999999999999
    vertex 78.63397459621555 78.99999999999999 51.99999999999999
  endloop
endfacet
facet normal 0.0 0.0 1.0
  outer loop
    vertex 78.63397459621555 79.99999999999999 51.99999999999999
    vertex 78.63397459621555 78.99999999999999 51.99999999999999
    vertex 78.79289321881345 78.79289321881345 51.99999999999999
  endloop
endfacet
facet normal 0.0 0.0 1.0
  outer loop
    vertex 78.63397459621555 79.99999999999999 51.99999999999999
    vertex 78.79289321881345 78.79289321881345 51.99999999999999
    vertex 78.79289321881345 80.20710678118654 51.99999999999999
  endloop
endfacet
facet normal 0.0 0.0 1.0
  outer loop
    vertex 78.79289321881345 80.20710678118654 51.99999999999999
    vertex 78.79289321881345 78.79289321881345 51.99999999999999
    vertex 78.99999999999999 78.63397459621555 51.99999999999999
  endloop
endfacet
facet normal 0.0 0.0 1.0
  outer loop
    vertex 78.79289321881345 80.20710678118654 51.99999999999999
    vertex 78.99999999999999 78.63397459621555 51.99999999999999
    vertex 78.99999999999999 80.36602540378442 51.99999999999999
  endloop
endfacet
facet normal 0.0 0.0 1.0
  outer loop
    vertex 78.99999999999999 80.36602540378442 51.99999999999999
    vertex 78.99999999999999 78.63397459621555 51.99999999999999
    vertex 79.24118095489747 78.53407417371092 51.99999999999999
  endloop
endfacet
facet normal 0.0 0.0 1.0
  outer loop
    vertex 78.99999999999999 80.36602540378442 51.99999999999999
    vertex 79.24118095489747 78.53407417371092 51.99999999999999
    vertex 79.24118095489747 80.46592582628905 51.99999999999999
  endloop
endfacet
facet normal 0.0 0.0 1.0
  outer loop
    vertex 79.24118095489747 80.46592582628905 51.99999999999999
    vertex 79.24118095489747 78.53407417371092 51.99999999999999
    vertex 79.49999999999999 78.49999999999999 51.99999999999999
  endloop
endfacet
facet normal 0.0 0.0 1.0
  outer loop
    vertex 79.24118095489747 80.46592582628905 51.99999999999999
    vertex 79.49999999999999 78.49999999999999 51.99999999999999
    vertex 79.49999999999999 80.49999999999999 51.99999999999999
  endloop
endfacet
facet normal 0.0 0.0 1.0
  outer loop
    vertex 79.49999999999999 80.49999999999999 51.99999999999999
    vertex 79.49999999999999 78.49999999999999 51.99999999999999
    vertex 79.75881904510251 78.53407417371093 51.99999999999999
  endloop
endfacet
facet normal 0.0 0.0 1.0
  outer loop
    vertex 79.49999999999999 80.49999999999999 51.99999999999999
    vertex 79.75881904510251 78.53407417371093 51.99999999999999
    vertex 79.75881904510251 80.46592582628907 51.99999999999999
  endloop
endfacet
facet normal 0.0 0.0 1.0
  outer loop
    vertex 79.75881904510251 80.46592582628907 51.99999999999999
    vertex 79.75881904510251 78.53407417371093 51.99999999999999
    vertex 79.99999999999999 78.63397459621555 51.99999999999999
  endloop
endfacet
facet normal 0.0 0.0 1.0
  outer loop
    vertex 79.75881904510251 80.46592582628907 51.99999999999999
    vertex 79.99999999999999 78.63397459621555 51.99999999999999
    vertex 79.99999999999999 80.36602540378442 51.99999999999999
  endloop
endfacet
facet normal 0.0 0.0 1.0
  outer loop
    vertex 79.99999999999999 80.36602540378442 51.99999999999999
    vertex 79.99999999999999 78.63397459621555 51.99999999999999
    vertex 80.20710678118654 78.79289321881345 51.99999999999999
  endloop
endfacet
facet normal 0.0 0.0 1.0
  outer loop
    vertex 79.99999999999999 80.36602540378442 51.99999999999999
    vertex 80.20710678118654 78.79289321881345 51.99999999999999
    vertex 80.20710678118654 80.20710678118654 51.99999999999999
  endloop
endfacet
facet normal 0.0 0.0 1.0
  outer loop
    vertex 80.20710678118654 80.20710678118654 51.99999999999999
    vertex 80.20710678118654 78.79289321881345 51.99999999999999
    vertex 80.36602540378442 78.99999999999999 51.99999999999999
  endloop
endfacet
facet normal 0.0 0.0 1.0
  outer loop
    vertex 80.20710678118654 80.20710678118654 51.99999999999999
    vertex 80.36602540378442 78.99999999999999 51.99999999999999
    vertex 80.36602540378442 79.99999999999999 51.99999999999999
  endloop
endfacet
facet normal 0.0 0.0 1.0
  outer loop
    vertex 80.36602540378442 79.99999999999999 51.99999999999999
    vertex 80.36602540378442 78.99999999999999 51.99999999999999
    vertex 80.46592582628907 79.24118095489747 51.99999999999999
  endloop
endfacet
facet normal 0.0 0.0 1.0
  outer loop
    vertex 80.36602540378442 79.99999999999999 51.99999999999999
    vertex 80.46592582628907 79.24118095489747 51.99999999999999
    vertex 80.46592582628905 79.75881904510251 51.99999999999999
  endloop
endfacet
facet normal 0.0 0.0 1.0
  outer loop
    vertex 80.46592582628905 79.75881904510251 51.99999999999999
    vertex 80.46592582628907 79.24118095489747 51.99999999999999
    vertex 80.49999999999999 79.49999999999999 51.99999999999999
  endloop
endfacet
facet normal 0.9914448613738103 0.1305261922200534 0.0
  outer loop
    vertex 2.500000000000004 79.49999999999999 51.99999999999999
    vertex 2.5340741737109362 79.24118095489747 62.0
    vertex 2.5340741737109362 79.24118095489747 51.99999999999999
  endloop
endfacet
facet normal 0.9914448613738103 0.1305261922200534 0.0
  outer loop
    vertex 2.5340741737109362 79.24118095489747 62.0
    vertex 2.500000000000004 79.49999999999999 51.99999999999999
    vertex 2.500000000000004 79.49999999999999 62.0
  endloop
endfacet
facet normal 0.9238795325112842 0.38268343236509633 0.0
  outer loop
    vertex 2.5340741737109362 79.24118095489747 51.99999999999999
    vertex 2.633974596215567 78.99999999999999 62.0
    vertex 2.633974596215567 78.99999999999999 51.99999999999999
  endloop
endfacet
facet normal 0.9238795325112842 0.38268343236509633 0.0
  outer loop
    vertex 2.633974596215567 78.99999999999999 62.0
    vertex 2.5340741737109362 79.24118095489747 51.99999999999999
    vertex 2.5340741737109362 79.24118095489747 62.0
  endloop
endfacet
facet normal 0.9914448613738103 -0.13052619222005368 0.0
  outer loop
    vertex 2.534074173710935 79.7588190451025 51.99999999999999
    vertex 2.500000000000004 79.49999999999999 62.0
    vertex 2.500000000000004 79.49999999999999 51.99999999999999
  endloop
endfacet
facet normal 0.9914448613738103 -0.13052619222005368 0.0
  outer loop
    vertex 2.500000000000004 79.49999999999999 62.0
    vertex 2.534074173710935 79.7588190451025 51.99999999999999
    vertex 2.534074173710935 79.7588190451025 62.0
  endloop
endfacet
facet normal -0.9914448613738104 0.1305261922200518 0.0
  outer loop
    vertex 4.499999999999999 3.500000000000002 62.0
    vertex 4.465925826289067 3.2411809548974815 51.99999999999999
    vertex 4.465925826289067 3.2411809548974815 62.0
  endloop
endfacet
facet normal -0.9914448613738104 0.1305261922200518 0.0
  outer loop
    vertex 4.465925826289067 3.2411809548974815 51.99999999999999
    vertex 4.499999999999999 3.500000000000002 62.0
    vertex 4.499999999999999 3.500000000000002 51.99999999999999
  endloop
endfacet
facet normal -0.9914448613738104 -0.1305261922200518 -0.0
  outer loop
    vertex 4.465925826289067 3.7588190451025225 62.0
    vertex 4.499999999999999 3.500000000000002 51.99999999999999
    vertex 4.499999999999999 3.500000000000002 62.0
  endloop
endfacet
facet normal -0.9914448613738104 -0.1305261922200518 -0.0
  outer loop
    vertex 4.499999999999999 3.500000000000002 51.99999999999999
    vertex 4.465925826289067 3.7588190451025225 62.0
    vertex 4.465925826289067 3.7588190451025225 51.99999999999999
  endloop
endfacet
facet normal -0.9238795325112871 -0.38268343236508895 -0.0
  outer loop
    vertex 4.3660254037844375 4.000000000000002 62.0
    vertex 4.465925826289067 3.7588190451025225 51.99999999999999
    vertex 4.465925826289067 3.7588190451025225 62.0
  endloop
endfacet
facet normal -0.9238795325112871 -0.38268343236508895 -0.0
  outer loop
    vertex 4.465925826289067 3.7588190451025225 51.99999999999999
    vertex 4.3660254037844375 4.000000000000002 62.0
    vertex 4.3660254037844375 4.000000000000002 51.99999999999999
  endloop
endfacet
facet normal -0.7933533402912347 -0.6087614290087213 -0.0
  outer loop
    vertex 4.207106781186546 4.207106781186549 62.0
    vertex 4.3660254037844375 4.000000000000002 51.99999999999999
    vertex 4.3660254037844375 4.000000000000002 62.0
  endloop
endfacet
facet normal -0.7933533402912347 -0.6087614290087213 -0.0
  outer loop
    vertex 4.3660254037844375 4.000000000000002 51.99999999999999
    vertex 4.207106781186546 4.207106781186549 62.0
    vertex 4.207106781186546 4.207106781186549 51.99999999999999
  endloop
endfacet
facet normal -0.6087614290087213 -0.7933533402912347 -0.0
  outer loop
    vertex 4.207106781186546 4.207106781186549 62.0
    vertex 3.999999999999999 4.36602540378444 51.99999999999999
    vertex 4.207106781186546 4.207106781186549 51.99999999999999
  endloop
endfacet
facet normal -0.6087614290087213 -0.7933533402912347 -0.0
  outer loop
    vertex 3.999999999999999 4.36602540378444 51.99999999999999
    vertex 4.207106781186546 4.207106781186549 62.0
    vertex 3.999999999999999 4.36602540378444 62.0
  endloop
endfacet
facet normal -0.38268343236508895 -0.9238795325112871 -0.0
  outer loop
    vertex 3.999999999999999 4.36602540378444 62.0
    vertex 3.75881904510252 4.4659258262890695 51.99999999999999
    vertex 3.999999999999999 4.36602540378444 51.99999999999999
  endloop
endfacet
facet normal -0.38268343236508895 -0.9238795325112871 -0.0
  outer loop
    vertex 3.75881904510252 4.4659258262890695 51.99999999999999
    vertex 3.999999999999999 4.36602540378444 62.0
    vertex 3.75881904510252 4.4659258262890695 62.0
  endloop
endfacet
facet normal -0.1305261922200518 -0.9914448613738104 -0.0
  outer loop
    vertex 3.75881904510252 4.4659258262890695 62.0
    vertex 3.499999999999999 4.500000000000002 51.99999999999999
    vertex 3.75881904510252 4.4659258262890695 51.99999999999999
  endloop
endfacet
facet normal -0.1305261922200518 -0.9914448613738104 -0.0
  outer loop
    vertex 3.499999999999999 4.500000000000002 51.99999999999999
    vertex 3.75881904510252 4.4659258262890695 62.0
    vertex 3.499999999999999 4.500000000000002 62.0
  endloop
endfacet
facet normal 0.13052619222005143 -0.9914448613738105 0.0
  outer loop
    vertex 3.499999999999999 4.500000000000002 62.0
    vertex 3.241180954897478 4.4659258262890695 51.99999999999999
    vertex 3.499999999999999 4.500000000000002 51.99999999999999
  endloop
endfacet
facet normal 0.13052619222005143 -0.9914448613738105 0.0
  outer loop
    vertex 3.241180954897478 4.4659258262890695 51.99999999999999
    vertex 3.499999999999999 4.500000000000002 62.0
    vertex 3.241180954897478 4.4659258262890695 62.0
  endloop
endfacet
facet normal 0.3826834323650917 -0.9238795325112859 0.0
  outer loop
    vertex 3.241180954897478 4.4659258262890695 62.0
    vertex 2.999999999999999 4.36602540378444 51.99999999999999
    vertex 3.241180954897478 4.4659258262890695 51.99999999999999
  endloop
endfacet
facet normal 0.3826834323650917 -0.9238795325112859 0.0
  outer loop
    vertex 2.999999999999999 4.36602540378444 51.99999999999999
    vertex 3.241180954897478 4.4659258262890695 62.0
    vertex 2.999999999999999 4.36602540378444 62.0
  endloop
endfacet
facet normal -0.3826834323650892 0.9238795325112871 0.0
  outer loop
    vertex 3.75881904510252 2.534074173710934 62.0
    vertex 3.9999999999999996 2.633974596215564 51.99999999999999
    vertex 3.75881904510252 2.534074173710934 51.99999999999999
  endloop
endfacet
facet normal -0.3826834323650892 0.9238795325112871 0.0
  outer loop
    vertex 3.9999999999999996 2.633974596215564 51.99999999999999
    vertex 3.75881904510252 2.534074173710934 62.0
    vertex 3.9999999999999996 2.633974596215564 62.0
  endloop
endfacet
facet normal -0.6087614290087218 0.7933533402912344 0.0
  outer loop
    vertex 3.9999999999999996 2.633974596215564 62.0
    vertex 4.207106781186546 2.7928932188134548 51.99999999999999
    vertex 3.9999999999999996 2.633974596215564 51.99999999999999
  endloop
endfacet
facet normal -0.6087614290087218 0.7933533402912344 0.0
  outer loop
    vertex 4.207106781186546 2.7928932188134548 51.99999999999999
    vertex 3.9999999999999996 2.633974596215564 62.0
    vertex 4.207106781186546 2.7928932188134548 62.0
  endloop
endfacet
facet normal -0.793353340291235 0.6087614290087207 0.0
  outer loop
    vertex 4.3660254037844375 3.0000000000000027 62.0
    vertex 4.207106781186546 2.7928932188134548 51.99999999999999
    vertex 4.207106781186546 2.7928932188134548 62.0
  endloop
endfacet
facet normal -0.793353340291235 0.6087614290087207 0.0
  outer loop
    vertex 4.207106781186546 2.7928932188134548 51.99999999999999
    vertex 4.3660254037844375 3.0000000000000027 62.0
    vertex 4.3660254037844375 3.0000000000000027 51.99999999999999
  endloop
endfacet
facet normal -0.923879532511287 0.3826834323650895 0.0
  outer loop
    vertex 4.465925826289067 3.2411809548974815 62.0
    vertex 4.3660254037844375 3.0000000000000027 51.99999999999999
    vertex 4.3660254037844375 3.0000000000000027 62.0
  endloop
endfacet
facet normal -0.923879532511287 0.3826834323650895 0.0
  outer loop
    vertex 4.3660254037844375 3.0000000000000027 51.99999999999999
    vertex 4.465925826289067 3.2411809548974815 62.0
    vertex 4.465925826289067 3.2411809548974815 51.99999999999999
  endloop
endfacet
facet normal 0.6087614290087057 -0.7933533402912467 0.0
  outer loop
    vertex 3.0 80.36602540378442 62.0
    vertex 2.7928932188134534 80.20710678118654 51.99999999999999
    vertex 3.0 80.36602540378442 51.99999999999999
  endloop
endfacet
facet normal 0.6087614290087057 -0.7933533402912467 0.0
  outer loop
    vertex 2.7928932188134534 80.20710678118654 51.99999999999999
    vertex 3.0 80.36602540378442 62.0
    vertex 2.7928932188134534 80.20710678118654 62.0
  endloop
endfacet
facet normal 0.7933533402912407 -0.6087614290087136 0.0
  outer loop
    vertex 2.7928932188134534 80.20710678118654 51.99999999999999
    vertex 2.6339745962155634 79.99999999999999 62.0
    vertex 2.6339745962155634 79.99999999999999 51.99999999999999
  endloop
endfacet
facet normal 0.7933533402912407 -0.6087614290087136 0.0
  outer loop
    vertex 2.6339745962155634 79.99999999999999 62.0
    vertex 2.7928932188134534 80.20710678118654 51.99999999999999
    vertex 2.7928932188134534 80.20710678118654 62.0
  endloop
endfacet
facet normal 0.9238795325112934 -0.3826834323650742 0.0
  outer loop
    vertex 2.6339745962155634 79.99999999999999 51.99999999999999
    vertex 2.534074173710935 79.7588190451025 62.0
    vertex 2.534074173710935 79.7588190451025 51.99999999999999
  endloop
endfacet
facet normal 0.9238795325112934 -0.3826834323650742 0.0
  outer loop
    vertex 2.534074173710935 79.7588190451025 62.0
    vertex 2.6339745962155634 79.99999999999999 51.99999999999999
    vertex 2.6339745962155634 79.99999999999999 62.0
  endloop
endfacet
facet normal -0.7933533402912413 0.6087614290087128 0.0
  outer loop
    vertex 4.36602540378444 78.99999999999999 62.0
    vertex 4.207106781186551 78.79289321881345 51.99999999999999
    vertex 4.207106781186551 78.79289321881345 62.0
  endloop
endfacet
facet normal -0.7933533402912413 0.6087614290087128 0.0
  outer loop
    vertex 4.207106781186551 78.79289321881345 51.99999999999999
    vertex 4.36602540378444 78.99999999999999 62.0
    vertex 4.36602540378444 78.99999999999999 51.99999999999999
  endloop
endfacet
facet normal -0.9238795325112865 0.38268343236509056 0.0
  outer loop
    vertex 4.4659258262890695 79.24118095489747 62.0
    vertex 4.36602540378444 78.99999999999999 51.99999999999999
    vertex 4.36602540378444 78.99999999999999 62.0
  endloop
endfacet
facet normal -0.9238795325112865 0.38268343236509056 0.0
  outer loop
    vertex 4.36602540378444 78.99999999999999 51.99999999999999
    vertex 4.4659258262890695 79.24118095489747 62.0
    vertex 4.4659258262890695 79.24118095489747 51.99999999999999
  endloop
endfacet
facet normal 0.6087614290087203 -0.7933533402912356 0.0
  outer loop
    vertex 2.999999999999999 4.36602540378444 62.0
    vertex 2.792893218813452 4.207106781186549 51.99999999999999
    vertex 2.999999999999999 4.36602540378444 51.99999999999999
  endloop
endfacet
facet normal 0.6087614290087203 -0.7933533402912356 0.0
  outer loop
    vertex 2.792893218813452 4.207106781186549 51.99999999999999
    vertex 2.999999999999999 4.36602540378444 62.0
    vertex 2.792893218813452 4.207106781186549 62.0
  endloop
endfacet
facet normal 0.7933533402912358 -0.6087614290087201 0.0
  outer loop
    vertex 2.792893218813452 4.207106781186549 51.99999999999999
    vertex 2.6339745962155607 4.000000000000001 62.0
    vertex 2.6339745962155607 4.000000000000001 51.99999999999999
  endloop
endfacet
facet normal 0.7933533402912358 -0.6087614290087201 0.0
  outer loop
    vertex 2.6339745962155607 4.000000000000001 62.0
    vertex 2.792893218813452 4.207106781186549 51.99999999999999
    vertex 2.792893218813452 4.207106781186549 62.0
  endloop
endfacet
facet normal 0.9238795325112871 -0.38268343236508895 0.0
  outer loop
    vertex 2.6339745962155607 4.000000000000001 51.99999999999999
    vertex 2.5340741737109314 3.758819045102522 62.0
    vertex 2.5340741737109314 3.758819045102522 51.99999999999999
  endloop
endfacet
facet normal 0.9238795325112871 -0.38268343236508895 0.0
  outer loop
    vertex 2.5340741737109314 3.758819045102522 62.0
    vertex 2.6339745962155607 4.000000000000001 51.99999999999999
    vertex 2.6339745962155607 4.000000000000001 62.0
  endloop
endfacet
facet normal 0.9914448613738104 -0.13052619222005216 0.0
  outer loop
    vertex 2.5340741737109314 3.758819045102522 51.99999999999999
    vertex 2.4999999999999996 3.500000000000002 62.0
    vertex 2.4999999999999996 3.500000000000002 51.99999999999999
  endloop
endfacet
facet normal 0.9914448613738104 -0.13052619222005216 0.0
  outer loop
    vertex 2.4999999999999996 3.500000000000002 62.0
    vertex 2.5340741737109314 3.758819045102522 51.99999999999999
    vertex 2.5340741737109314 3.758819045102522 62.0
  endloop
endfacet
facet normal 0.9914448613738105 0.13052619222005143 0.0
  outer loop
    vertex 2.4999999999999996 3.500000000000002 51.99999999999999
    vertex 2.5340741737109314 3.2411809548974806 62.0
    vertex 2.5340741737109314 3.2411809548974806 51.99999999999999
  endloop
endfacet
facet normal 0.9914448613738105 0.13052619222005143 0.0
  outer loop
    vertex 2.5340741737109314 3.2411809548974806 62.0
    vertex 2.4999999999999996 3.500000000000002 51.99999999999999
    vertex 2.4999999999999996 3.500000000000002 62.0
  endloop
endfacet
facet normal 0.9238795325112859 0.3826834323650917 0.0
  outer loop
    vertex 2.5340741737109314 3.2411809548974806 51.99999999999999
    vertex 2.6339745962155616 3.0000000000000018 62.0
    vertex 2.6339745962155616 3.0000000000000018 51.99999999999999
  endloop
endfacet
facet normal 0.9238795325112859 0.3826834323650917 0.0
  outer loop
    vertex 2.6339745962155616 3.0000000000000018 62.0
    vertex 2.5340741737109314 3.2411809548974806 51.99999999999999
    vertex 2.5340741737109314 3.2411809548974806 62.0
  endloop
endfacet
facet normal 0.7933533402912354 0.6087614290087205 0.0
  outer loop
    vertex 2.6339745962155616 3.0000000000000018 51.99999999999999
    vertex 2.7928932188134525 2.7928932188134543 62.0
    vertex 2.7928932188134525 2.7928932188134543 51.99999999999999
  endloop
endfacet
facet normal 0.7933533402912354 0.6087614290087205 0.0
  outer loop
    vertex 2.7928932188134525 2.7928932188134543 62.0
    vertex 2.6339745962155616 3.0000000000000018 51.99999999999999
    vertex 2.6339745962155616 3.0000000000000018 62.0
  endloop
endfacet
facet normal 0.6087614290087205 0.7933533402912354 0.0
  outer loop
    vertex 2.7928932188134525 2.7928932188134543 62.0
    vertex 3.0 2.6339745962155634 51.99999999999999
    vertex 2.7928932188134525 2.7928932188134543 51.99999999999999
  endloop
endfacet
facet normal 0.6087614290087205 0.7933533402912354 0.0
  outer loop
    vertex 3.0 2.6339745962155634 51.99999999999999
    vertex 2.7928932188134525 2.7928932188134543 62.0
    vertex 3.0 2.6339745962155634 62.0
  endloop
endfacet
facet normal 0.3826834323650885 0.9238795325112873 0.0
  outer loop
    vertex 3.0 2.6339745962155634 62.0
    vertex 3.2411809548974793 2.534074173710934 51.99999999999999
    vertex 3.0 2.6339745962155634 51.99999999999999
  endloop
endfacet
facet normal 0.3826834323650885 0.9238795325112873 0.0
  outer loop
    vertex 3.2411809548974793 2.534074173710934 51.99999999999999
    vertex 3.0 2.6339745962155634 62.0
    vertex 3.2411809548974793 2.534074173710934 62.0
  endloop
endfacet
facet normal 0.13052619222005216 0.9914448613738104 0.0
  outer loop
    vertex 3.2411809548974793 2.534074173710934 62.0
    vertex 3.499999999999999 2.5000000000000027 51.99999999999999
    vertex 3.2411809548974793 2.534074173710934 51.99999999999999
  endloop
endfacet
facet normal 0.13052619222005216 0.9914448613738104 0.0
  outer loop
    vertex 3.499999999999999 2.5000000000000027 51.99999999999999
    vertex 3.2411809548974793 2.534074173710934 62.0
    vertex 3.499999999999999 2.5000000000000027 62.0
  endloop
endfacet
facet normal -0.1305261922200518 0.9914448613738104 0.0
  outer loop
    vertex 3.499999999999999 2.5000000000000027 62.0
    vertex 3.75881904510252 2.534074173710934 51.99999999999999
    vertex 3.499999999999999 2.5000000000000027 51.99999999999999
  endloop
endfacet
facet normal -0.1305261922200518 0.9914448613738104 0.0
  outer loop
    vertex 3.75881904510252 2.534074173710934 51.99999999999999
    vertex 3.499999999999999 2.5000000000000027 62.0
    vertex 3.75881904510252 2.534074173710934 62.0
  endloop
endfacet
facet normal 0.0 0.0 1.0
  outer loop
    vertex 2.5340741737109362 79.24118095489747 51.99999999999999
    vertex 2.534074173710935 79.7588190451025 51.99999999999999
    vertex 2.500000000000004 79.49999999999999 51.99999999999999
  endloop
endfacet
facet normal 0.0 0.0 1.0
  outer loop
    vertex 2.534074173710935 79.7588190451025 51.99999999999999
    vertex 2.5340741737109362 79.24118095489747 51.99999999999999
    vertex 2.6339745962155634 79.99999999999999 51.99999999999999
  endloop
endfacet
facet normal 0.0 0.0 1.0
  outer loop
    vertex 2.6339745962155634 79.99999999999999 51.99999999999999
    vertex 2.5340741737109362 79.24118095489747 51.99999999999999
    vertex 2.633974596215567 78.99999999999999 51.99999999999999
  endloop
endfacet
facet normal 0.0 0.0 1.0
  outer loop
    vertex 2.6339745962155634 79.99999999999999 51.99999999999999
    vertex 2.633974596215567 78.99999999999999 51.99999999999999
    vertex 2.7928932188134534 80.20710678118654 51.99999999999999
  endloop
endfacet
facet normal 0.0 0.0 1.0
  outer loop
    vertex 2.7928932188134534 80.20710678118654 51.99999999999999
    vertex 2.633974596215567 78.99999999999999 51.99999999999999
    vertex 2.7928932188134583 78.79289321881345 51.99999999999999
  endloop
endfacet
facet normal 0.0 0.0 1.0
  outer loop
    vertex 2.7928932188134534 80.20710678118654 51.99999999999999
    vertex 2.7928932188134583 78.79289321881345 51.99999999999999
    vertex 3.0 80.36602540378442 51.99999999999999
  endloop
endfacet
facet normal 0.0 0.0 1.0
  outer loop
    vertex 3.0 80.36602540378442 51.99999999999999
    vertex 2.7928932188134583 78.79289321881345 51.99999999999999
    vertex 3.0000000000000058 78.63397459621555 51.99999999999999
  endloop
endfacet
facet normal 0.0 0.0 1.0
  outer loop
    vertex 3.0 80.36602540378442 51.99999999999999
    vertex 3.0000000000000058 78.63397459621555 51.99999999999999
    vertex 3.241180954897478 80.46592582628905 51.99999999999999
  endloop
endfacet
facet normal 0.0 0.0 1.0
  outer loop
    vertex 3.241180954897478 80.46592582628905 51.99999999999999
    vertex 3.0000000000000058 78.63397459621555 51.99999999999999
    vertex 3.241180954897485 78.53407417371092 51.99999999999999
  endloop
endfacet
facet normal 0.0 0.0 1.0
  outer loop
    vertex 3.241180954897478 80.46592582628905 51.99999999999999
    vertex 3.241180954897485 78.53407417371092 51.99999999999999
    vertex 3.499999999999999 80.49999999999999 51.99999999999999
  endloop
endfacet
facet normal 0.0 0.0 1.0
  outer loop
    vertex 3.499999999999999 80.49999999999999 51.99999999999999
    vertex 3.241180954897485 78.53407417371092 51.99999999999999
    vertex 3.500000000000005 78.49999999999999 51.99999999999999
  endloop
endfacet
facet normal 0.0 0.0 1.0
  outer loop
    vertex 3.499999999999999 80.49999999999999 51.99999999999999
    vertex 3.500000000000005 78.49999999999999 51.99999999999999
    vertex 3.75881904510252 80.46592582628907 51.99999999999999
  endloop
endfacet
facet normal 0.0 0.0 1.0
  outer loop
    vertex 3.75881904510252 80.46592582628907 51.99999999999999
    vertex 3.500000000000005 78.49999999999999 51.99999999999999
    vertex 3.7588190451025256 78.53407417371093 51.99999999999999
  endloop
endfacet
facet normal 0.0 0.0 1.0
  outer loop
    vertex 3.75881904510252 80.46592582628907 51.99999999999999
    vertex 3.7588190451025256 78.53407417371093 51.99999999999999
    vertex 3.9999999999999982 80.36602540378442 51.99999999999999
  endloop
endfacet
facet normal 0.0 0.0 1.0
  outer loop
    vertex 3.9999999999999982 80.36602540378442 51.99999999999999
    vertex 3.7588190451025256 78.53407417371093 51.99999999999999
    vertex 4.0000000000000036 78.63397459621555 51.99999999999999
  endloop
endfacet
facet normal 0.0 0.0 1.0
  outer loop
    vertex 3.9999999999999982 80.36602540378442 51.99999999999999
    vertex 4.0000000000000036 78.63397459621555 51.99999999999999
    vertex 4.207106781186546 80.20710678118654 51.99999999999999
  endloop
endfacet
facet normal 0.0 0.0 1.0
  outer loop
    vertex 4.207106781186546 80.20710678118654 51.99999999999999
    vertex 4.0000000000000036 78.63397459621555 51.99999999999999
    vertex 4.207106781186551 78.79289321881345 51.99999999999999
  endloop
endfacet
facet normal 0.0 0.0 1.0
  outer loop
    vertex 4.207106781186546 80.20710678118654 51.99999999999999
    vertex 4.207106781186551 78.79289321881345 51.99999999999999
    vertex 4.3660254037844375 79.99999999999999 51.99999999999999
  endloop
endfacet
facet normal 0.0 0.0 1.0
  outer loop
    vertex 4.3660254037844375 79.99999999999999 51.99999999999999
    vertex 4.207106781186551 78.79289321881345 51.99999999999999
    vertex 4.36602540378444 78.99999999999999 51.99999999999999
  endloop
endfacet
facet normal 0.0 0.0 1.0
  outer loop
    vertex 4.3660254037844375 79.99999999999999 51.99999999999999
    vertex 4.36602540378444 78.99999999999999 51.99999999999999
    vertex 4.465925826289068 79.75881904510251 51.99999999999999
  endloop
endfacet
facet normal 0.0 0.0 1.0
  outer loop
    vertex 4.465925826289068 79.75881904510251 51.99999999999999
    vertex 4.36602540378444 78.99999999999999 51.99999999999999
    vertex 4.4659258262890695 79.24118095489747 51.99999999999999
  endloop
endfacet
facet normal 0.0 0.0 1.0
  outer loop
    vertex 4.465925826289068 79.75881904510251 51.99999999999999
    vertex 4.4659258262890695 79.24118095489747 51.99999999999999
    vertex 4.5 79.49999999999999 51.99999999999999
  endloop
endfacet
facet normal 1.0 0.0 0.0
  outer loop
    vertex 1.999999999999999 7.999999999999999 1.9999999999999998
    vertex 1.9999999999999998 21.494759390618754 26.530375137940663
    vertex 1.999999999999999 7.999999999999999 62.0
  endloop
endfacet
facet normal 1.0 0.0 0.0
  outer loop
    vertex 1.9999999999999998 21.494759390618754 26.530375137940663
    vertex 1.999999999999999 7.999999999999999 1.9999999999999998
    vertex 1.9999999999999998 21.59058780691548 26.28758696347038
  endloop
endfacet
facet normal 1.0 0.0 0.0
  outer loop
    vertex 1.9999999999999998 21.59058780691548 26.28758696347038
    vertex 1.999999999999999 7.999999999999999 1.9999999999999998
    vertex 1.9999999999999998 21.745989152587452 26.077873814631563
  endloop
endfacet
facet normal 1.0 0.0 0.0
  outer loop
    vertex 1.9999999999999998 21.745989152587452 26.077873814631563
    vertex 1.999999999999999 7.999999999999999 1.9999999999999998
    vertex 1.9999999999999998 21.95037308273999 25.915527295950216
  endloop
endfacet
facet normal 1.0 0.0 0.0
  outer loop
    vertex 1.9999999999999998 21.95037308273999 25.915527295950216
    vertex 1.999999999999999 7.999999999999999 1.9999999999999998
    vertex 1.999999999999999 75.0 1.9999999999999998
  endloop
endfacet
facet normal 1.0 0.0 0.0
  outer loop
    vertex 1.999999999999999 7.999999999999999 62.0
    vertex 1.9999999999999998 21.494759390618754 26.530375137940663
    vertex 1.9999999999999998 16.892234820552353 45.47153353245877
  endloop
endfacet
facet normal 1.0 0.0 0.0
  outer loop
    vertex 1.999999999999999 7.999999999999999 62.0
    vertex 1.9999999999999998 16.892234820552353 45.47153353245877
    vertex 1.9999999999999998 16.71386010560947 47.02765787461659
  endloop
endfacet
facet normal 1.0 0.0 0.0
  outer loop
    vertex 1.9999999999999998 16.892234820552353 45.47153353245877
    vertex 1.9999999999999998 21.494759390618754 26.530375137940663
    vertex 1.9999999999999998 17.467286180770714 44.014599614843384
  endloop
endfacet
facet normal 1.0 0.0 0.0
  outer loop
    vertex 1.9999999999999998 17.467286180770714 44.014599614843384
    vertex 1.9999999999999998 21.494759390618754 26.530375137940663
    vertex 1.9999999999999998 18.39982538638297 42.75614376055881
  endloop
endfacet
facet normal 1.0 0.0 0.0
  outer loop
    vertex 1.9999999999999998 18.39982538638297 42.75614376055881
    vertex 1.9999999999999998 21.494759390618754 26.530375137940663
    vertex 1.9999999999999998 19.626301431620558 41.781927656377874
  endloop
endfacet
facet normal 1.0 0.0 0.0
  outer loop
    vertex 1.9999999999999998 19.626301431620558 41.781927656377874
    vertex 1.9999999999999998 21.494759390618754 26.530375137940663
    vertex 1.9999999999999998 21.465034451903946 26.78969272517869
  endloop
endfacet
facet normal 1.0 0.0 0.0
  outer loop
    vertex 1.9999999999999998 19.626301431620558 41.781927656377874
    vertex 1.9999999999999998 21.465034451903946 26.78969272517869
    vertex 1.9999999999999998 21.06313200084803 41.15834251983232
  endloop
endfacet
facet normal 1.0 0.0 0.0
  outer loop
    vertex 1.9999999999999998 21.95037308273999 25.915527295950216
    vertex 1.999999999999999 75.0 1.9999999999999998
    vertex 1.9999999999999998 22.189811170293613 25.81161105438416
  endloop
endfacet
facet normal 1.0 0.0 0.0
  outer loop
    vertex 1.9999999999999998 22.189811170293613 25.81161105438416
    vertex 1.999999999999999 75.0 1.9999999999999998
    vertex 1.9999999999999998 22.44798610527169 25.773206810066412
  endloop
endfacet
facet normal 1.0 0.0 0.0
  outer loop
    vertex 1.9999999999999998 22.44798610527169 25.773206810066412
    vertex 1.999999999999999 75.0 1.9999999999999998
    vertex 1.9999999999999998 22.707303692509715 25.80293174878122
  endloop
endfacet
facet normal 1.0 0.0 0.0
  outer loop
    vertex 1.9999999999999998 22.707303692509715 25.80293174878122
    vertex 1.999999999999999 75.0 1.9999999999999998
    vertex 1.9999999999999998 22.950091866979996 25.89876016507795
  endloop
endfacet
facet normal 1.0 0.0 0.0
  outer loop
    vertex 1.9999999999999998 22.950091866979996 25.89876016507795
    vertex 1.999999999999999 75.0 1.9999999999999998
    vertex 1.9999999999999998 26.447245345805797 27.84038771575201
  endloop
endfacet
facet normal 1.0 0.0 0.0
  outer loop
    vertex 1.9999999999999998 26.447245345805797 27.84038771575201
    vertex 1.999999999999999 75.0 1.9999999999999998
    vertex 1.9999999999999998 26.656958494644613 27.995789061423984
  endloop
endfacet
facet normal 1.0 0.0 0.0
  outer loop
    vertex 1.9999999999999998 26.656958494644613 27.995789061423984
    vertex 1.999999999999999 75.0 1.9999999999999998
    vertex 1.9999999999999998 26.81930501332596 28.200172991576522
  endloop
endfacet
facet normal 1.0 0.0 0.0
  outer loop
    vertex 1.9999999999999998 26.81930501332596 28.200172991576522
    vertex 1.999999999999999 75.0 1.9999999999999998
    vertex 1.9999999999999998 26.923221254892017 28.439611079130145
  endloop
endfacet
facet normal 1.0 0.0 0.0
  outer loop
    vertex 1.9999999999999998 26.923221254892017 28.439611079130145
    vertex 1.999999999999999 75.0 1.9999999999999998
    vertex 1.9999999999999998 26.961625499209763 28.69778601410822
  endloop
endfacet
facet normal 1.0 0.0 0.0
  outer loop
    vertex 1.9999999999999998 26.961625499209763 28.69778601410822
    vertex 1.999999999999999 75.0 1.9999999999999998
    vertex 1.9999999999999998 40.08578643762691 32.076722629910506
  endloop
endfacet
facet normal 1.0 0.0 0.0
  outer loop
    vertex 1.9999999999999998 26.961625499209763 28.69778601410822
    vertex 1.9999999999999998 40.08578643762691 32.076722629910506
    vertex 1.9999999999999998 27.37102163139556 43.22708795084682
  endloop
endfacet
facet normal 1.0 0.0 0.0
  outer loop
    vertex 1.9999999999999998 27.37102163139556 43.22708795084682
    vertex 1.9999999999999998 40.08578643762691 32.076722629910506
    vertex 1.9999999999999998 27.858129683486023 43.84032597346562
  endloop
endfacet
facet normal 1.0 0.0 0.0
  outer loop
    vertex 1.9999999999999998 27.858129683486023 43.84032597346562
    vertex 1.9999999999999998 40.08578643762691 32.076722629910506
    vertex 1.9999999999999998 28.481714820031588 45.27715654269308
  endloop
endfacet
facet normal 1.0 0.0 0.0
  outer loop
    vertex 1.9999999999999998 28.481714820031588 45.27715654269308
    vertex 1.9999999999999998 40.08578643762691 32.076722629910506
    vertex 1.9999999999999998 28.71217269240938 46.82642400709237
  endloop
endfacet
facet normal 1.0 0.0 0.0
  outer loop
    vertex 1.9999999999999998 28.71217269240938 46.82642400709237
    vertex 1.9999999999999998 40.08578643762691 32.076722629910506
    vertex 1.9999999999999998 39.767949192431125 32.4909361922836
  endloop
endfacet
facet normal 1.0 0.0 0.0
  outer loop
    vertex 1.9999999999999998 28.71217269240938 46.82642400709237
    vertex 1.9999999999999998 39.767949192431125 32.4909361922836
    vertex 1.9999999999999998 39.56814834742186 32.97329810207856
  endloop
endfacet
facet normal 1.0 0.0 0.0
  outer loop
    vertex 1.9999999999999998 28.71217269240938 46.82642400709237
    vertex 1.9999999999999998 39.56814834742186 32.97329810207856
    vertex 1.9999999999999998 39.5 33.4909361922836
  endloop
endfacet
facet normal 1.0 0.0 0.0
  outer loop
    vertex 1.9999999999999998 40.08578643762691 32.076722629910506
    vertex 1.999999999999999 75.0 1.9999999999999998
    vertex 1.9999999999999998 40.5 31.75888538471472
  endloop
endfacet
facet normal 1.0 0.0 0.0
  outer loop
    vertex 1.9999999999999998 40.5 31.75888538471472
    vertex 1.999999999999999 75.0 1.9999999999999998
    vertex 1.9999999999999998 40.98236190979496 31.55908453970546
  endloop
endfacet
facet normal 1.0 0.0 0.0
  outer loop
    vertex 1.9999999999999998 40.98236190979496 31.55908453970546
    vertex 1.999999999999999 75.0 1.9999999999999998
    vertex 1.9999999999999998 41.5 31.4909361922836
  endloop
endfacet
facet normal 1.0 0.0 0.0
  outer loop
    vertex 1.9999999999999998 41.5 31.4909361922836
    vertex 1.999999999999999 75.0 1.9999999999999998
    vertex 1.9999999999999998 42.01763809020504 31.55908453970546
  endloop
endfacet
facet normal 1.0 0.0 0.0
  outer loop
    vertex 1.9999999999999998 42.01763809020504 31.55908453970546
    vertex 1.999999999999999 75.0 1.9999999999999998
    vertex 1.9999999999999998 42.5 31.75888538471472
  endloop
endfacet
facet normal 1.0 0.0 0.0
  outer loop
    vertex 1.9999999999999998 42.5 31.75888538471472
    vertex 1.999999999999999 75.0 1.9999999999999998
    vertex 1.9999999999999998 42.9142135623731 32.0767226299105
  endloop
endfacet
facet normal 1.0 0.0 0.0
  outer loop
    vertex 1.9999999999999998 42.9142135623731 32.0767226299105
    vertex 1.999999999999999 75.0 1.9999999999999998
    vertex 1.9999999999999998 43.23205080756888 32.4909361922836
  endloop
endfacet
facet normal 1.0 0.0 0.0
  outer loop
    vertex 1.9999999999999998 43.23205080756888 32.4909361922836
    vertex 1.999999999999999 75.0 1.9999999999999998
    vertex 1.9999999999999998 43.43185165257814 32.97329810207855
  endloop
endfacet
facet normal 1.0 0.0 0.0
  outer loop
    vertex 1.9999999999999998 43.43185165257814 32.97329810207855
    vertex 1.999999999999999 75.0 1.9999999999999998
    vertex 1.9999999999999998 43.50000000000001 33.4909361922836
  endloop
endfacet
facet normal 1.0 0.0 0.0
  outer loop
    vertex 1.999999999999999 7.999999999999999 62.0
    vertex 1.9999999999999998 21.25750899061371 52.74782251931155
    vertex 1.999999999999999 75.0 62.0
  endloop
endfacet
facet normal 1.0 0.0 0.0
  outer loop
    vertex 1.9999999999999998 21.25750899061371 52.74782251931155
    vertex 1.999999999999999 7.999999999999999 62.0
    vertex 1.9999999999999998 19.800575072998335 52.172771159093195
  endloop
endfacet
facet normal 1.0 0.0 0.0
  outer loop
    vertex 1.9999999999999998 19.800575072998335 52.172771159093195
    vertex 1.999999999999999 7.999999999999999 62.0
    vertex 1.9999999999999998 18.54211921871375 51.24023195348093
  endloop
endfacet
facet normal 1.0 0.0 0.0
  outer loop
    vertex 1.9999999999999998 18.54211921871375 51.24023195348093
    vertex 1.999999999999999 7.999999999999999 62.0
    vertex 1.9999999999999998 17.56790311453283 50.01375590824335
  endloop
endfacet
facet normal 1.0 0.0 0.0
  outer loop
    vertex 1.9999999999999998 17.56790311453283 50.01375590824335
    vertex 1.999999999999999 7.999999999999999 62.0
    vertex 1.9999999999999998 16.944317977987257 48.57692533901588
  endloop
endfacet
facet normal 1.0 0.0 0.0
  outer loop
    vertex 1.9999999999999998 16.944317977987257 48.57692533901588
    vertex 1.999999999999999 7.999999999999999 62.0
    vertex 1.9999999999999998 16.71386010560947 47.02765787461659
  endloop
endfacet
facet normal 1.0 0.0 0.0
  outer loop
    vertex 1.999999999999999 75.0 62.0
    vertex 1.9999999999999998 21.25750899061371 52.74782251931155
    vertex 1.9999999999999998 22.81363333277155 52.926197234254445
  endloop
endfacet
facet normal 1.0 0.0 0.0
  outer loop
    vertex 1.999999999999999 75.0 62.0
    vertex 1.9999999999999998 22.81363333277155 52.926197234254445
    vertex 1.9999999999999998 23.588267064971188 52.81096829806554
  endloop
endfacet
facet normal 1.0 0.0 0.0
  outer loop
    vertex 1.999999999999999 75.0 62.0
    vertex 1.9999999999999998 23.588267064971188 52.81096829806554
    vertex 1.9999999999999998 24.362900797170827 52.69573936187664
  endloop
endfacet
facet normal 1.0 0.0 0.0
  outer loop
    vertex 1.999999999999999 75.0 62.0
    vertex 1.9999999999999998 24.362900797170827 52.69573936187664
    vertex 1.9999999999999998 25.799731366398294 52.07215422533107
  endloop
endfacet
facet normal 1.0 0.0 0.0
  outer loop
    vertex 1.999999999999999 75.0 62.0
    vertex 1.9999999999999998 25.799731366398294 52.07215422533107
    vertex 1.9999999999999998 27.026207411635877 51.09793812115014
  endloop
endfacet
facet normal 1.0 0.0 0.0
  outer loop
    vertex 1.999999999999999 75.0 62.0
    vertex 1.9999999999999998 27.026207411635877 51.09793812115014
    vertex 1.9999999999999998 27.95874661724813 49.83948226686557
  endloop
endfacet
facet normal 1.0 0.0 0.0
  outer loop
    vertex 1.999999999999999 75.0 62.0
    vertex 1.9999999999999998 27.95874661724813 49.83948226686557
    vertex 1.9999999999999998 28.5337979774665 48.382548349250186
  endloop
endfacet
facet normal 1.0 0.0 0.0
  outer loop
    vertex 1.999999999999999 75.0 62.0
    vertex 1.9999999999999998 28.5337979774665 48.382548349250186
    vertex 1.9999999999999998 28.71217269240938 46.82642400709237
  endloop
endfacet
facet normal 1.0 0.0 0.0
  outer loop
    vertex 1.999999999999999 75.0 62.0
    vertex 1.9999999999999998 28.71217269240938 46.82642400709237
    vertex 1.9999999999999998 40.08578643762691 34.9051497546567
  endloop
endfacet
facet normal 1.0 0.0 0.0
  outer loop
    vertex 1.9999999999999998 40.08578643762691 34.9051497546567
    vertex 1.9999999999999998 28.71217269240938 46.82642400709237
    vertex 1.9999999999999998 39.767949192431125 34.490936192283606
  endloop
endfacet
facet normal 1.0 0.0 0.0
  outer loop
    vertex 1.9999999999999998 39.767949192431125 34.490936192283606
    vertex 1.9999999999999998 28.71217269240938 46.82642400709237
    vertex 1.9999999999999998 39.56814834742186 34.00857428248864
  endloop
endfacet
facet normal 1.0 0.0 0.0
  outer loop
    vertex 1.9999999999999998 39.56814834742186 34.00857428248864
    vertex 1.9999999999999998 28.71217269240938 46.82642400709237
    vertex 1.9999999999999998 39.5 33.4909361922836
  endloop
endfacet
facet normal 1.0 0.0 0.0
  outer loop
    vertex 1.999999999999999 75.0 62.0
    vertex 1.9999999999999998 40.08578643762691 34.9051497546567
    vertex 1.9999999999999998 40.50000000000001 35.22298699985248
  endloop
endfacet
facet normal 1.0 0.0 0.0
  outer loop
    vertex 1.999999999999999 75.0 62.0
    vertex 1.9999999999999998 40.50000000000001 35.22298699985248
    vertex 1.9999999999999998 40.98236190979496 35.42278784486174
  endloop
endfacet
facet normal 1.0 0.0 0.0
  outer loop
    vertex 1.999999999999999 75.0 62.0
    vertex 1.9999999999999998 40.98236190979496 35.42278784486174
    vertex 1.9999999999999998 41.5 35.4909361922836
  endloop
endfacet
facet normal 1.0 0.0 0.0
  outer loop
    vertex 1.999999999999999 75.0 62.0
    vertex 1.9999999999999998 41.5 35.4909361922836
    vertex 1.9999999999999998 42.01763809020504 35.42278784486174
  endloop
endfacet
facet normal 1.0 0.0 0.0
  outer loop
    vertex 1.999999999999999 75.0 62.0
    vertex 1.9999999999999998 42.01763809020504 35.42278784486174
    vertex 1.9999999999999998 42.50000000000001 35.22298699985248
  endloop
endfacet
facet normal 1.0 0.0 0.0
  outer loop
    vertex 1.999999999999999 75.0 62.0
    vertex 1.9999999999999998 42.50000000000001 35.22298699985248
    vertex 1.9999999999999998 42.9142135623731 34.9051497546567
  endloop
endfacet
facet normal 1.0 0.0 0.0
  outer loop
    vertex 1.999999999999999 75.0 62.0
    vertex 1.9999999999999998 42.9142135623731 34.9051497546567
    vertex 1.9999999999999998 43.23205080756888 34.4909361922836
  endloop
endfacet
facet normal 1.0 0.0 0.0
  outer loop
    vertex 1.999999999999999 75.0 62.0
    vertex 1.9999999999999998 43.23205080756888 34.4909361922836
    vertex 1.9999999999999998 43.43185165257814 34.00857428248864
  endloop
endfacet
facet normal 1.0 0.0 0.0
  outer loop
    vertex 1.999999999999999 75.0 62.0
    vertex 1.9999999999999998 43.43185165257814 34.00857428248864
    vertex 1.9999999999999998 43.50000000000001 33.4909361922836
  endloop
endfacet
facet normal 1.0 0.0 0.0
  outer loop
    vertex 1.999999999999999 75.0 62.0
    vertex 1.9999999999999998 43.50000000000001 33.4909361922836
    vertex 1.999999999999999 75.0 1.9999999999999998
  endloop
endfacet
facet normal 1.0 0.0 0.0
  outer loop
    vertex 1.9999999999999998 21.465034451903946 26.78969272517869
    vertex 1.9999999999999998 22.61239946524731 40.92788464745452
    vertex 1.9999999999999998 21.06313200084803 41.15834251983232
  endloop
endfacet
facet normal 1.0 0.0 0.0
  outer loop
    vertex 1.9999999999999998 22.61239946524731 40.92788464745452
    vertex 1.9999999999999998 21.465034451903946 26.78969272517869
    vertex 1.9999999999999998 21.503438696221693 27.047867660156765
  endloop
endfacet
facet normal 1.0 0.0 0.0
  outer loop
    vertex 1.9999999999999998 22.61239946524731 40.92788464745452
    vertex 1.9999999999999998 21.503438696221693 27.047867660156765
    vertex 1.9999999999999998 21.607354937787747 27.287305747710388
  endloop
endfacet
facet normal 1.0 0.0 0.0
  outer loop
    vertex 1.9999999999999998 22.61239946524731 40.92788464745452
    vertex 1.9999999999999998 21.607354937787747 27.287305747710388
    vertex 1.9999999999999998 21.769701456469097 27.491689677862926
  endloop
endfacet
facet normal 1.0 0.0 0.0
  outer loop
    vertex 1.9999999999999998 22.61239946524731 40.92788464745452
    vertex 1.9999999999999998 21.769701456469097 27.491689677862926
    vertex 1.9999999999999998 21.979414605307912 27.647091023534895
  endloop
endfacet
facet normal 1.0 0.0 0.0
  outer loop
    vertex 1.9999999999999998 22.61239946524731 40.92788464745452
    vertex 1.9999999999999998 21.979414605307912 27.647091023534895
    vertex 1.9999999999999998 25.47656808413371 29.58871857420896
  endloop
endfacet
facet normal 1.0 0.0 0.0
  outer loop
    vertex 1.9999999999999998 22.61239946524731 40.92788464745452
    vertex 1.9999999999999998 25.47656808413371 29.58871857420896
    vertex 1.9999999999999998 24.16852380740514 41.1062593623974
  endloop
endfacet
facet normal 1.0 0.0 0.0
  outer loop
    vertex 1.9999999999999998 24.16852380740514 41.1062593623974
    vertex 1.9999999999999998 25.47656808413371 29.58871857420896
    vertex 1.9999999999999998 25.62545772502052 41.68131072261576
  endloop
endfacet
facet normal 1.0 0.0 0.0
  outer loop
    vertex 1.9999999999999998 25.62545772502052 41.68131072261576
    vertex 1.9999999999999998 25.47656808413371 29.58871857420896
    vertex 1.9999999999999998 25.719356258603995 29.68454699050569
  endloop
endfacet
facet normal 1.0 0.0 0.0
  outer loop
    vertex 1.9999999999999998 25.62545772502052 41.68131072261576
    vertex 1.9999999999999998 25.719356258603995 29.68454699050569
    vertex 1.9999999999999998 26.883913579305105 42.61384992822803
  endloop
endfacet
facet normal 1.0 0.0 0.0
  outer loop
    vertex 1.9999999999999998 26.883913579305105 42.61384992822803
    vertex 1.9999999999999998 25.719356258603995 29.68454699050569
    vertex 1.9999999999999998 25.97867384584202 29.714271929220498
  endloop
endfacet
facet normal 1.0 0.0 0.0
  outer loop
    vertex 1.9999999999999998 26.883913579305105 42.61384992822803
    vertex 1.9999999999999998 25.97867384584202 29.714271929220498
    vertex 1.9999999999999998 26.236848780820097 29.67586768490275
  endloop
endfacet
facet normal 1.0 0.0 0.0
  outer loop
    vertex 1.9999999999999998 26.883913579305105 42.61384992822803
    vertex 1.9999999999999998 26.236848780820097 29.67586768490275
    vertex 1.9999999999999998 26.476286868373716 29.571951443336694
  endloop
endfacet
facet normal 1.0 0.0 0.0
  outer loop
    vertex 1.9999999999999998 26.883913579305105 42.61384992822803
    vertex 1.9999999999999998 26.476286868373716 29.571951443336694
    vertex 1.9999999999999998 26.680670798526258 29.409604924655348
  endloop
endfacet
facet normal 1.0 0.0 0.0
  outer loop
    vertex 1.9999999999999998 26.883913579305105 42.61384992822803
    vertex 1.9999999999999998 26.680670798526258 29.409604924655348
    vertex 1.9999999999999998 26.836072144198226 29.199891775816532
  endloop
endfacet
facet normal 1.0 0.0 0.0
  outer loop
    vertex 1.9999999999999998 26.883913579305105 42.61384992822803
    vertex 1.9999999999999998 26.836072144198226 29.199891775816532
    vertex 1.9999999999999998 26.931900560494956 28.957103601346248
  endloop
endfacet
facet normal 1.0 0.0 0.0
  outer loop
    vertex 1.9999999999999998 26.883913579305105 42.61384992822803
    vertex 1.9999999999999998 26.931900560494956 28.957103601346248
    vertex 1.9999999999999998 27.37102163139556 43.22708795084682
  endloop
endfacet
facet normal 1.0 0.0 0.0
  outer loop
    vertex 1.9999999999999998 27.37102163139556 43.22708795084682
    vertex 1.9999999999999998 26.931900560494956 28.957103601346248
    vertex 1.9999999999999998 26.961625499209763 28.69778601410822
  endloop
endfacet
facet normal -0.7933533402912477 -0.6087614290087043 -0.0
  outer loop
    vertex 80.20710678118654 4.207106781186546 62.0
    vertex 80.36602540378442 3.999999999999999 51.99999999999999
    vertex 80.36602540378442 3.999999999999999 62.0
  endloop
endfacet
facet normal -0.7933533402912477 -0.6087614290087043 -0.0
  outer loop
    vertex 80.36602540378442 3.999999999999999 51.99999999999999
    vertex 80.20710678118654 4.207106781186546 62.0
    vertex 80.20710678118654 4.207106781186546 51.99999999999999
  endloop
endfacet
facet normal -0.6087614290087162 -0.7933533402912388 -0.0
  outer loop
    vertex 80.20710678118654 4.207106781186546 62.0
    vertex 79.99999999999999 4.3660254037844375 51.99999999999999
    vertex 80.20710678118654 4.207106781186546 51.99999999999999
  endloop
endfacet
facet normal -0.6087614290087162 -0.7933533402912388 -0.0
  outer loop
    vertex 79.99999999999999 4.3660254037844375 51.99999999999999
    vertex 80.20710678118654 4.207106781186546 62.0
    vertex 79.99999999999999 4.3660254037844375 62.0
  endloop
endfacet
facet normal -0.38268343236509283 -0.9238795325112855 -0.0
  outer loop
    vertex 79.99999999999999 4.3660254037844375 62.0
    vertex 79.75881904510251 4.465925826289067 51.99999999999999
    vertex 79.99999999999999 4.3660254037844375 51.99999999999999
  endloop
endfacet
facet normal -0.38268343236509283 -0.9238795325112855 -0.0
  outer loop
    vertex 79.75881904510251 4.465925826289067 51.99999999999999
    vertex 79.99999999999999 4.3660254037844375 62.0
    vertex 79.75881904510251 4.465925826289067 62.0
  endloop
endfacet
facet normal -0.13052619222005077 -0.9914448613738106 -0.0
  outer loop
    vertex 79.75881904510251 4.465925826289067 62.0
    vertex 79.49999999999999 4.499999999999999 51.99999999999999
    vertex 79.75881904510251 4.465925826289067 51.99999999999999
  endloop
endfacet
facet normal -0.13052619222005077 -0.9914448613738106 -0.0
  outer loop
    vertex 79.49999999999999 4.499999999999999 51.99999999999999
    vertex 79.75881904510251 4.465925826289067 62.0
    vertex 79.49999999999999 4.499999999999999 62.0
  endloop
endfacet
facet normal 0.13052619222005077 -0.9914448613738106 0.0
  outer loop
    vertex 79.49999999999999 4.499999999999999 62.0
    vertex 79.24118095489747 4.465925826289067 51.99999999999999
    vertex 79.49999999999999 4.499999999999999 51.99999999999999
  endloop
endfacet
facet normal 0.13052619222005077 -0.9914448613738106 0.0
  outer loop
    vertex 79.24118095489747 4.465925826289067 51.99999999999999
    vertex 79.49999999999999 4.499999999999999 62.0
    vertex 79.24118095489747 4.465925826289067 62.0
  endloop
endfacet
facet normal 0.3826834323650951 -0.9238795325112845 0.0
  outer loop
    vertex 79.24118095489747 4.465925826289067 62.0
    vertex 78.99999999999999 4.366025403784437 51.99999999999999
    vertex 79.24118095489747 4.465925826289067 51.99999999999999
  endloop
endfacet
facet normal 0.3826834323650951 -0.9238795325112845 0.0
  outer loop
    vertex 78.99999999999999 4.366025403784437 51.99999999999999
    vertex 79.24118095489747 4.465925826289067 62.0
    vertex 78.99999999999999 4.366025403784437 62.0
  endloop
endfacet
facet normal 0.6087614290087144 -0.7933533402912402 0.0
  outer loop
    vertex 78.99999999999999 4.366025403784437 62.0
    vertex 78.79289321881345 4.207106781186546 51.99999999999999
    vertex 78.99999999999999 4.366025403784437 51.99999999999999
  endloop
endfacet
facet normal 0.6087614290087144 -0.7933533402912402 0.0
  outer loop
    vertex 78.79289321881345 4.207106781186546 51.99999999999999
    vertex 78.99999999999999 4.366025403784437 62.0
    vertex 78.79289321881345 4.207106781186546 62.0
  endloop
endfacet
facet normal 0.7933533402912488 -0.6087614290087031 0.0
  outer loop
    vertex 78.79289321881345 4.207106781186546 51.99999999999999
    vertex 78.63397459621555 3.9999999999999982 62.0
    vertex 78.63397459621555 3.9999999999999982 51.99999999999999
  endloop
endfacet
facet normal 0.7933533402912488 -0.6087614290087031 0.0
  outer loop
    vertex 78.63397459621555 3.9999999999999982 62.0
    vertex 78.79289321881345 4.207106781186546 51.99999999999999
    vertex 78.79289321881345 4.207106781186546 62.0
  endloop
endfacet
facet normal 0.9238795325112747 -0.382683432365119 0.0
  outer loop
    vertex 78.63397459621555 3.9999999999999982 51.99999999999999
    vertex 78.53407417371092 3.758819045102519 62.0
    vertex 78.53407417371092 3.758819045102519 51.99999999999999
  endloop
endfacet
facet normal 0.9238795325112747 -0.382683432365119 0.0
  outer loop
    vertex 78.53407417371092 3.758819045102519 62.0
    vertex 78.63397459621555 3.9999999999999982 51.99999999999999
    vertex 78.63397459621555 3.9999999999999982 62.0
  endloop
endfacet
facet normal 0.9914448613738132 -0.13052619222003092 0.0
  outer loop
    vertex 78.53407417371092 3.758819045102519 51.99999999999999
    vertex 78.49999999999999 3.499999999999999 62.0
    vertex 78.49999999999999 3.499999999999999 51.99999999999999
  endloop
endfacet
facet normal 0.9914448613738132 -0.13052619222003092 0.0
  outer loop
    vertex 78.49999999999999 3.499999999999999 62.0
    vertex 78.53407417371092 3.758819045102519 51.99999999999999
    vertex 78.53407417371092 3.758819045102519 62.0
  endloop
endfacet
facet normal 0.9914448613738134 0.13052619222003023 0.0
  outer loop
    vertex 78.49999999999999 3.499999999999999 51.99999999999999
    vertex 78.53407417371092 3.241180954897478 62.0
    vertex 78.53407417371092 3.241180954897478 51.99999999999999
  endloop
endfacet
facet normal 0.9914448613738134 0.13052619222003023 0.0
  outer loop
    vertex 78.53407417371092 3.241180954897478 62.0
    vertex 78.49999999999999 3.499999999999999 51.99999999999999
    vertex 78.49999999999999 3.499999999999999 62.0
  endloop
endfacet
facet normal 0.9238795325112746 0.38268343236511954 0.0
  outer loop
    vertex 78.53407417371092 3.241180954897478 51.99999999999999
    vertex 78.63397459621555 2.999999999999999 62.0
    vertex 78.63397459621555 2.999999999999999 51.99999999999999
  endloop
endfacet
facet normal 0.9238795325112746 0.38268343236511954 0.0
  outer loop
    vertex 78.63397459621555 2.999999999999999 62.0
    vertex 78.53407417371092 3.241180954897478 51.99999999999999
    vertex 78.53407417371092 3.241180954897478 62.0
  endloop
endfacet
facet normal 0.7933533402912477 0.6087614290087043 0.0
  outer loop
    vertex 78.63397459621555 2.999999999999999 51.99999999999999
    vertex 78.79289321881345 2.7928932188134517 62.0
    vertex 78.79289321881345 2.7928932188134517 51.99999999999999
  endloop
endfacet
facet normal 0.7933533402912477 0.6087614290087043 0.0
  outer loop
    vertex 78.79289321881345 2.7928932188134517 62.0
    vertex 78.63397459621555 2.999999999999999 51.99999999999999
    vertex 78.63397459621555 2.999999999999999 62.0
  endloop
endfacet
facet normal 0.6087614290087153 0.7933533402912394 0.0
  outer loop
    vertex 78.79289321881345 2.7928932188134517 62.0
    vertex 78.99999999999999 2.6339745962155607 51.99999999999999
    vertex 78.79289321881345 2.7928932188134517 51.99999999999999
  endloop
endfacet
facet normal 0.6087614290087153 0.7933533402912394 0.0
  outer loop
    vertex 78.99999999999999 2.6339745962155607 51.99999999999999
    vertex 78.79289321881345 2.7928932188134517 62.0
    vertex 78.99999999999999 2.6339745962155607 62.0
  endloop
endfacet
facet normal 0.38268343236509283 0.9238795325112855 0.0
  outer loop
    vertex 78.99999999999999 2.6339745962155607 62.0
    vertex 79.24118095489747 2.5340741737109314 51.99999999999999
    vertex 78.99999999999999 2.6339745962155607 51.99999999999999
  endloop
endfacet
facet normal 0.38268343236509283 0.9238795325112855 0.0
  outer loop
    vertex 79.24118095489747 2.5340741737109314 51.99999999999999
    vertex 78.99999999999999 2.6339745962155607 62.0
    vertex 79.24118095489747 2.5340741737109314 62.0
  endloop
endfacet
facet normal 0.13052619222005077 0.9914448613738106 0.0
  outer loop
    vertex 79.24118095489747 2.5340741737109314 62.0
    vertex 79.49999999999999 2.4999999999999996 51.99999999999999
    vertex 79.24118095489747 2.5340741737109314 51.99999999999999
  endloop
endfacet
facet normal 0.13052619222005077 0.9914448613738106 0.0
  outer loop
    vertex 79.49999999999999 2.4999999999999996 51.99999999999999
    vertex 79.24118095489747 2.5340741737109314 62.0
    vertex 79.49999999999999 2.4999999999999996 62.0
  endloop
endfacet
facet normal -0.13052619222005077 0.9914448613738106 0.0
  outer loop
    vertex 79.49999999999999 2.4999999999999996 62.0
    vertex 79.75881904510251 2.5340741737109314 51.99999999999999
    vertex 79.49999999999999 2.4999999999999996 51.99999999999999
  endloop
endfacet
facet normal -0.13052619222005077 0.9914448613738106 0.0
  outer loop
    vertex 79.75881904510251 2.5340741737109314 51.99999999999999
    vertex 79.49999999999999 2.4999999999999996 62.0
    vertex 79.75881904510251 2.5340741737109314 62.0
  endloop
endfacet
facet normal -0.38268343236509406 0.9238795325112852 0.0
  outer loop
    vertex 79.75881904510251 2.5340741737109314 62.0
    vertex 79.99999999999999 2.633974596215561 51.99999999999999
    vertex 79.75881904510251 2.5340741737109314 51.99999999999999
  endloop
endfacet
facet normal -0.38268343236509406 0.9238795325112852 0.0
  outer loop
    vertex 79.99999999999999 2.633974596215561 51.99999999999999
    vertex 79.75881904510251 2.5340741737109314 62.0
    vertex 79.99999999999999 2.633974596215561 62.0
  endloop
endfacet
facet normal -0.6087614290087153 0.7933533402912394 0.0
  outer loop
    vertex 79.99999999999999 2.633974596215561 62.0
    vertex 80.20710678118654 2.792893218813452 51.99999999999999
    vertex 79.99999999999999 2.633974596215561 51.99999999999999
  endloop
endfacet
facet normal -0.6087614290087153 0.7933533402912394 0.0
  outer loop
    vertex 80.20710678118654 2.792893218813452 51.99999999999999
    vertex 79.99999999999999 2.633974596215561 62.0
    vertex 80.20710678118654 2.792893218813452 62.0
  endloop
endfacet
facet normal -0.7933533402912482 0.6087614290087037 0.0
  outer loop
    vertex 80.36602540378442 3.0 62.0
    vertex 80.20710678118654 2.792893218813452 51.99999999999999
    vertex 80.20710678118654 2.792893218813452 62.0
  endloop
endfacet
facet normal -0.7933533402912482 0.6087614290087037 0.0
  outer loop
    vertex 80.20710678118654 2.792893218813452 51.99999999999999
    vertex 80.36602540378442 3.0 62.0
    vertex 80.36602540378442 3.0 51.99999999999999
  endloop
endfacet
facet normal -0.9238795325112746 0.38268343236511954 0.0
  outer loop
    vertex 80.46592582628907 3.2411809548974784 62.0
    vertex 80.36602540378442 3.0 51.99999999999999
    vertex 80.36602540378442 3.0 62.0
  endloop
endfacet
facet normal -0.9238795325112746 0.38268343236511954 0.0
  outer loop
    vertex 80.36602540378442 3.0 51.99999999999999
    vertex 80.46592582628907 3.2411809548974784 62.0
    vertex 80.46592582628907 3.2411809548974784 51.99999999999999
  endloop
endfacet
facet normal -0.38268343236508595 0.9238795325112884 0.0
  outer loop
    vertex 79.75881904510251 78.53407417371093 62.0
    vertex 79.99999999999999 78.63397459621555 51.99999999999999
    vertex 79.75881904510251 78.53407417371093 51.99999999999999
  endloop
endfacet
facet normal -0.38268343236508595 0.9238795325112884 0.0
  outer loop
    vertex 79.99999999999999 78.63397459621555 51.99999999999999
    vertex 79.75881904510251 78.53407417371093 62.0
    vertex 79.99999999999999 78.63397459621555 62.0
  endloop
endfacet
facet normal -0.6087614290086991 0.7933533402912518 0.0
  outer loop
    vertex 79.99999999999999 78.63397459621555 62.0
    vertex 80.20710678118654 78.79289321881345 51.99999999999999
    vertex 79.99999999999999 78.63397459621555 51.99999999999999
  endloop
endfacet
facet normal -0.6087614290086991 0.7933533402912518 0.0
  outer loop
    vertex 80.20710678118654 78.79289321881345 51.99999999999999
    vertex 79.99999999999999 78.63397459621555 62.0
    vertex 80.20710678118654 78.79289321881345 62.0
  endloop
endfacet
facet normal -0.7933533402912518 0.6087614290086991 0.0
  outer loop
    vertex 80.36602540378442 78.99999999999999 62.0
    vertex 80.20710678118654 78.79289321881345 51.99999999999999
    vertex 80.20710678118654 78.79289321881345 62.0
  endloop
endfacet
facet normal -0.7933533402912518 0.6087614290086991 0.0
  outer loop
    vertex 80.20710678118654 78.79289321881345 51.99999999999999
    vertex 80.36602540378442 78.99999999999999 62.0
    vertex 80.36602540378442 78.99999999999999 51.99999999999999
  endloop
endfacet
facet normal -0.9238795325112731 0.38268343236512276 0.0
  outer loop
    vertex 80.46592582628907 79.24118095489747 62.0
    vertex 80.36602540378442 78.99999999999999 51.99999999999999
    vertex 80.36602540378442 78.99999999999999 62.0
  endloop
endfacet
facet normal -0.9238795325112731 0.38268343236512276 0.0
  outer loop
    vertex 80.36602540378442 78.99999999999999 51.99999999999999
    vertex 80.46592582628907 79.24118095489747 62.0
    vertex 80.46592582628907 79.24118095489747 51.99999999999999
  endloop
endfacet
facet normal -0.9914448613738135 0.13052619222002954 0.0
  outer loop
    vertex 80.49999999999999 79.49999999999999 62.0
    vertex 80.46592582628907 79.24118095489747 51.99999999999999
    vertex 80.46592582628907 79.24118095489747 62.0
  endloop
endfacet
facet normal -0.9914448613738135 0.13052619222002954 0.0
  outer loop
    vertex 80.46592582628907 79.24118095489747 51.99999999999999
    vertex 80.49999999999999 79.49999999999999 62.0
    vertex 80.49999999999999 79.49999999999999 51.99999999999999
  endloop
endfacet
facet normal -0.9914448613738077 -0.13052619222007197 -0.0
  outer loop
    vertex 80.46592582628905 79.75881904510251 62.0
    vertex 80.49999999999999 79.49999999999999 51.99999999999999
    vertex 80.49999999999999 79.49999999999999 62.0
  endloop
endfacet
facet normal -0.9914448613738077 -0.13052619222007197 -0.0
  outer loop
    vertex 80.49999999999999 79.49999999999999 51.99999999999999
    vertex 80.46592582628905 79.75881904510251 62.0
    vertex 80.46592582628905 79.75881904510251 51.99999999999999
  endloop
endfacet
facet normal -0.9238795325112884 -0.38268343236508595 -0.0
  outer loop
    vertex 80.36602540378442 79.99999999999999 62.0
    vertex 80.46592582628905 79.75881904510251 51.99999999999999
    vertex 80.46592582628905 79.75881904510251 62.0
  endloop
endfacet
facet normal -0.9238795325112884 -0.38268343236508595 -0.0
  outer loop
    vertex 80.46592582628905 79.75881904510251 51.99999999999999
    vertex 80.36602540378442 79.99999999999999 62.0
    vertex 80.36602540378442 79.99999999999999 51.99999999999999
  endloop
endfacet
facet normal -0.7933533402912518 -0.6087614290086991 -0.0
  outer loop
    vertex 80.20710678118654 80.20710678118654 62.0
    vertex 80.36602540378442 79.99999999999999 51.99999999999999
    vertex 80.36602540378442 79.99999999999999 62.0
  endloop
endfacet
facet normal -0.7933533402912518 -0.6087614290086991 -0.0
  outer loop
    vertex 80.36602540378442 79.99999999999999 51.99999999999999
    vertex 80.20710678118654 80.20710678118654 62.0
    vertex 80.20710678118654 80.20710678118654 51.99999999999999
  endloop
endfacet
facet normal -0.6087614290086991 -0.7933533402912518 -0.0
  outer loop
    vertex 80.20710678118654 80.20710678118654 62.0
    vertex 79.99999999999999 80.36602540378442 51.99999999999999
    vertex 80.20710678118654 80.20710678118654 51.99999999999999
  endloop
endfacet
facet normal -0.6087614290086991 -0.7933533402912518 -0.0
  outer loop
    vertex 79.99999999999999 80.36602540378442 51.99999999999999
    vertex 80.20710678118654 80.20710678118654 62.0
    vertex 79.99999999999999 80.36602540378442 62.0
  endloop
endfacet
facet normal -0.38268343236512276 -0.9238795325112731 -0.0
  outer loop
    vertex 79.99999999999999 80.36602540378442 62.0
    vertex 79.75881904510251 80.46592582628907 51.99999999999999
    vertex 79.99999999999999 80.36602540378442 51.99999999999999
  endloop
endfacet
facet normal -0.38268343236512276 -0.9238795325112731 -0.0
  outer loop
    vertex 79.75881904510251 80.46592582628907 51.99999999999999
    vertex 79.99999999999999 80.36602540378442 62.0
    vertex 79.75881904510251 80.46592582628907 62.0
  endloop
endfacet
facet normal 0.6087614290087043 0.7933533402912477 0.0
  outer loop
    vertex 2.7928932188134583 78.79289321881345 62.0
    vertex 3.0000000000000058 78.63397459621555 51.99999999999999
    vertex 2.7928932188134583 78.79289321881345 51.99999999999999
  endloop
endfacet
facet normal 0.6087614290087043 0.7933533402912477 0.0
  outer loop
    vertex 3.0000000000000058 78.63397459621555 51.99999999999999
    vertex 2.7928932188134583 78.79289321881345 62.0
    vertex 3.0000000000000058 78.63397459621555 62.0
  endloop
endfacet
facet normal 0.382683432365119 0.9238795325112747 0.0
  outer loop
    vertex 3.0000000000000058 78.63397459621555 62.0
    vertex 3.241180954897485 78.53407417371092 51.99999999999999
    vertex 3.0000000000000058 78.63397459621555 51.99999999999999
  endloop
endfacet
facet normal 0.382683432365119 0.9238795325112747 0.0
  outer loop
    vertex 3.241180954897485 78.53407417371092 51.99999999999999
    vertex 3.0000000000000058 78.63397459621555 62.0
    vertex 3.241180954897485 78.53407417371092 62.0
  endloop
endfacet
facet normal 0.13052619222003092 0.9914448613738132 0.0
  outer loop
    vertex 3.241180954897485 78.53407417371092 62.0
    vertex 3.500000000000005 78.49999999999999 51.99999999999999
    vertex 3.241180954897485 78.53407417371092 51.99999999999999
  endloop
endfacet
facet normal 0.13052619222003092 0.9914448613738132 0.0
  outer loop
    vertex 3.500000000000005 78.49999999999999 51.99999999999999
    vertex 3.241180954897485 78.53407417371092 62.0
    vertex 3.500000000000005 78.49999999999999 62.0
  endloop
endfacet
facet normal -0.13052619222007306 0.9914448613738077 0.0
  outer loop
    vertex 3.500000000000005 78.49999999999999 62.0
    vertex 3.7588190451025256 78.53407417371093 51.99999999999999
    vertex 3.500000000000005 78.49999999999999 51.99999999999999
  endloop
endfacet
facet normal -0.13052619222007306 0.9914448613738077 0.0
  outer loop
    vertex 3.7588190451025256 78.53407417371093 51.99999999999999
    vertex 3.500000000000005 78.49999999999999 62.0
    vertex 3.7588190451025256 78.53407417371093 62.0
  endloop
endfacet
facet normal -0.3826834323650831 0.9238795325112897 0.0
  outer loop
    vertex 3.7588190451025256 78.53407417371093 62.0
    vertex 4.0000000000000036 78.63397459621555 51.99999999999999
    vertex 3.7588190451025256 78.53407417371093 51.99999999999999
  endloop
endfacet
facet normal -0.3826834323650831 0.9238795325112897 0.0
  outer loop
    vertex 4.0000000000000036 78.63397459621555 51.99999999999999
    vertex 3.7588190451025256 78.53407417371093 62.0
    vertex 4.0000000000000036 78.63397459621555 62.0
  endloop
endfacet
facet normal -0.6087614290087057 0.7933533402912467 0.0
  outer loop
    vertex 4.0000000000000036 78.63397459621555 62.0
    vertex 4.207106781186551 78.79289321881345 51.99999999999999
    vertex 4.0000000000000036 78.63397459621555 51.99999999999999
  endloop
endfacet
facet normal -0.6087614290087057 0.7933533402912467 0.0
  outer loop
    vertex 4.207106781186551 78.79289321881345 51.99999999999999
    vertex 4.0000000000000036 78.63397459621555 62.0
    vertex 4.207106781186551 78.79289321881345 62.0
  endloop
endfacet
facet normal -0.0 -0.3826834323650914 -0.9238795325112863
  outer loop
    vertex 83.0 42.5 35.22298699985246
    vertex 81.0 42.01763809020504 35.42278784486172
    vertex 81.0 42.5 35.22298699985246
  endloop
endfacet
facet normal -0.0 -0.3826834323650914 -0.9238795325112863
  outer loop
    vertex 81.0 42.01763809020504 35.42278784486172
    vertex 83.0 42.5 35.22298699985246
    vertex 83.0 42.01763809020504 35.42278784486172
  endloop
endfacet
facet normal -0.0 -0.6087614290087128 -0.7933533402912413
  outer loop
    vertex 83.0 42.9142135623731 34.905149754656684
    vertex 81.0 42.5 35.22298699985246
    vertex 81.0 42.9142135623731 34.905149754656684
  endloop
endfacet
facet normal -0.0 -0.6087614290087128 -0.7933533402912413
  outer loop
    vertex 81.0 42.5 35.22298699985246
    vertex 83.0 42.9142135623731 34.905149754656684
    vertex 83.0 42.5 35.22298699985246
  endloop
endfacet
facet normal -0.0 -0.7933533402912372 -0.6087614290087179
  outer loop
    vertex 83.0 42.9142135623731 34.905149754656684
    vertex 81.0 43.23205080756888 34.490936192283584
    vertex 83.0 43.23205080756888 34.490936192283584
  endloop
endfacet
facet normal -0.0 -0.7933533402912372 -0.6087614290087179
  outer loop
    vertex 81.0 43.23205080756888 34.490936192283584
    vertex 83.0 42.9142135623731 34.905149754656684
    vertex 81.0 42.9142135623731 34.905149754656684
  endloop
endfacet
facet normal -0.0 -0.9238795325112863 -0.3826834323650914
  outer loop
    vertex 83.0 43.23205080756888 34.490936192283584
    vertex 81.0 43.43185165257814 34.00857428248863
    vertex 83.0 43.43185165257814 34.00857428248863
  endloop
endfacet
facet normal -0.0 -0.9238795325112863 -0.3826834323650914
  outer loop
    vertex 81.0 43.43185165257814 34.00857428248863
    vertex 83.0 43.23205080756888 34.490936192283584
    vertex 81.0 43.23205080756888 34.490936192283584
  endloop
endfacet
facet normal -0.0 -0.9914448613738106 -0.13052619222005077
  outer loop
    vertex 83.0 43.43185165257814 34.00857428248863
    vertex 81.0 43.50000000000001 33.490936192283584
    vertex 83.0 43.50000000000001 33.490936192283584
  endloop
endfacet
facet normal -0.0 -0.9914448613738106 -0.13052619222005077
  outer loop
    vertex 81.0 43.50000000000001 33.490936192283584
    vertex 83.0 43.43185165257814 34.00857428248863
    vertex 81.0 43.43185165257814 34.00857428248863
  endloop
endfacet
facet normal 0.0 -0.9914448613738104 0.13052619222005216
  outer loop
    vertex 83.0 43.50000000000001 33.490936192283584
    vertex 81.0 43.43185165257814 32.973298102078545
    vertex 83.0 43.43185165257814 32.973298102078545
  endloop
endfacet
facet normal 0.0 -0.9914448613738104 0.13052619222005216
  outer loop
    vertex 81.0 43.43185165257814 32.973298102078545
    vertex 83.0 43.50000000000001 33.490936192283584
    vertex 81.0 43.50000000000001 33.490936192283584
  endloop
endfacet
facet normal 0.0 -0.9238795325112863 0.3826834323650914
  outer loop
    vertex 83.0 43.43185165257814 32.973298102078545
    vertex 81.0 43.23205080756888 32.490936192283584
    vertex 83.0 43.23205080756888 32.490936192283584
  endloop
endfacet
facet normal 0.0 -0.9238795325112863 0.3826834323650914
  outer loop
    vertex 81.0 43.23205080756888 32.490936192283584
    vertex 83.0 43.43185165257814 32.973298102078545
    vertex 81.0 43.43185165257814 32.973298102078545
  endloop
endfacet
facet normal 0.0 -0.4854068876685158 0.8742883697064516
  outer loop
    vertex 1.9999999999999998 22.950091866979996 25.89876016507795
    vertex 0.0 26.447245345805797 27.84038771575201
    vertex 0.0 22.950091866979996 25.89876016507795
  endloop
endfacet
facet normal 0.0 -0.4854068876685158 0.8742883697064516
  outer loop
    vertex 0.0 26.447245345805797 27.84038771575201
    vertex 1.9999999999999998 22.950091866979996 25.89876016507795
    vertex 1.9999999999999998 26.447245345805797 27.84038771575201
  endloop
endfacet
facet normal 0.0 0.48540688766851675 -0.874288369706451
  outer loop
    vertex 1.9999999999999998 25.47656808413371 29.58871857420896
    vertex 0.0 21.979414605307912 27.647091023534895
    vertex 0.0 25.47656808413371 29.58871857420896
  endloop
endfacet
facet normal 0.0 0.48540688766851675 -0.874288369706451
  outer loop
    vertex 0.0 21.979414605307912 27.647091023534895
    vertex 1.9999999999999998 25.47656808413371 29.58871857420896
    vertex 1.9999999999999998 21.979414605307912 27.647091023534895
  endloop
endfacet
facet normal 0.0 0.0 1.0
  outer loop
    vertex 78.53407417371092 3.241180954897478 51.99999999999999
    vertex 78.53407417371092 3.758819045102519 51.99999999999999
    vertex 78.49999999999999 3.499999999999999 51.99999999999999
  endloop
endfacet
facet normal 0.0 0.0 1.0
  outer loop
    vertex 78.53407417371092 3.758819045102519 51.99999999999999
    vertex 78.53407417371092 3.241180954897478 51.99999999999999
    vertex 78.63397459621555 2.999999999999999 51.99999999999999
  endloop
endfacet
facet normal 0.0 0.0 1.0
  outer loop
    vertex 78.53407417371092 3.758819045102519 51.99999999999999
    vertex 78.63397459621555 2.999999999999999 51.99999999999999
    vertex 78.63397459621555 3.9999999999999982 51.99999999999999
  endloop
endfacet
facet normal 0.0 0.0 1.0
  outer loop
    vertex 78.63397459621555 3.9999999999999982 51.99999999999999
    vertex 78.63397459621555 2.999999999999999 51.99999999999999
    vertex 78.79289321881345 2.7928932188134517 51.99999999999999
  endloop
endfacet
facet normal 0.0 0.0 1.0
  outer loop
    vertex 78.63397459621555 3.9999999999999982 51.99999999999999
    vertex 78.79289321881345 2.7928932188134517 51.99999999999999
    vertex 78.79289321881345 4.207106781186546 51.99999999999999
  endloop
endfacet
facet normal 0.0 0.0 1.0
  outer loop
    vertex 78.79289321881345 4.207106781186546 51.99999999999999
    vertex 78.79289321881345 2.7928932188134517 51.99999999999999
    vertex 78.99999999999999 2.6339745962155607 51.99999999999999
  endloop
endfacet
facet normal 0.0 0.0 1.0
  outer loop
    vertex 78.79289321881345 4.207106781186546 51.99999999999999
    vertex 78.99999999999999 2.6339745962155607 51.99999999999999
    vertex 78.99999999999999 4.366025403784437 51.99999999999999
  endloop
endfacet
facet normal 0.0 0.0 1.0
  outer loop
    vertex 78.99999999999999 4.366025403784437 51.99999999999999
    vertex 78.99999999999999 2.6339745962155607 51.99999999999999
    vertex 79.24118095489747 2.5340741737109314 51.99999999999999
  endloop
endfacet
facet normal 0.0 0.0 1.0
  outer loop
    vertex 78.99999999999999 4.366025403784437 51.99999999999999
    vertex 79.24118095489747 2.5340741737109314 51.99999999999999
    vertex 79.24118095489747 4.465925826289067 51.99999999999999
  endloop
endfacet
facet normal 0.0 0.0 1.0
  outer loop
    vertex 79.24118095489747 4.465925826289067 51.99999999999999
    vertex 79.24118095489747 2.5340741737109314 51.99999999999999
    vertex 79.49999999999999 2.4999999999999996 51.99999999999999
  endloop
endfacet
facet normal 0.0 0.0 1.0
  outer loop
    vertex 79.24118095489747 4.465925826289067 51.99999999999999
    vertex 79.49999999999999 2.4999999999999996 51.99999999999999
    vertex 79.49999999999999 4.499999999999999 51.99999999999999
  endloop
endfacet
facet normal 0.0 0.0 1.0
  outer loop
    vertex 79.49999999999999 4.499999999999999 51.99999999999999
    vertex 79.49999999999999 2.4999999999999996 51.99999999999999
    vertex 79.75881904510251 2.5340741737109314 51.99999999999999
  endloop
endfacet
facet normal 0.0 0.0 1.0
  outer loop
    vertex 79.49999999999999 4.499999999999999 51.99999999999999
    vertex 79.75881904510251 2.5340741737109314 51.99999999999999
    vertex 79.75881904510251 4.465925826289067 51.99999999999999
  endloop
endfacet
facet normal 0.0 0.0 1.0
  outer loop
    vertex 79.75881904510251 4.465925826289067 51.99999999999999
    vertex 79.75881904510251 2.5340741737109314 51.99999999999999
    vertex 79.99999999999999 2.633974596215561 51.99999999999999
  endloop
endfacet
facet normal 0.0 0.0 1.0
  outer loop
    vertex 79.75881904510251 4.465925826289067 51.99999999999999
    vertex 79.99999999999999 2.633974596215561 51.99999999999999
    vertex 79.99999999999999 4.3660254037844375 51.99999999999999
  endloop
endfacet
facet normal 0.0 0.0 1.0
  outer loop
    vertex 79.99999999999999 4.3660254037844375 51.99999999999999
    vertex 79.99999999999999 2.633974596215561 51.99999999999999
    vertex 80.20710678118654 2.792893218813452 51.99999999999999
  endloop
endfacet
facet normal 0.0 0.0 1.0
  outer loop
    vertex 79.99999999999999 4.3660254037844375 51.99999999999999
    vertex 80.20710678118654 2.792893218813452 51.99999999999999
    vertex 80.20710678118654 4.207106781186546 51.99999999999999
  endloop
endfacet
facet normal 0.0 0.0 1.0
  outer loop
    vertex 80.20710678118654 4.207106781186546 51.99999999999999
    vertex 80.20710678118654 2.792893218813452 51.99999999999999
    vertex 80.36602540378442 3.0 51.99999999999999
  endloop
endfacet
facet normal 0.0 0.0 1.0
  outer loop
    vertex 80.20710678118654 4.207106781186546 51.99999999999999
    vertex 80.36602540378442 3.0 51.99999999999999
    vertex 80.36602540378442 3.999999999999999 51.99999999999999
  endloop
endfacet
facet normal 0.0 0.0 1.0
  outer loop
    vertex 80.36602540378442 3.999999999999999 51.99999999999999
    vertex 80.36602540378442 3.0 51.99999999999999
    vertex 80.46592582628907 3.2411809548974784 51.99999999999999
  endloop
endfacet
facet normal 0.0 0.0 1.0
  outer loop
    vertex 80.36602540378442 3.999999999999999 51.99999999999999
    vertex 80.46592582628907 3.2411809548974784 51.99999999999999
    vertex 80.46592582628907 3.75881904510252 51.99999999999999
  endloop
endfacet
facet normal 0.0 0.0 1.0
  outer loop
    vertex 80.46592582628907 3.75881904510252 51.99999999999999
    vertex 80.46592582628907 3.2411809548974784 51.99999999999999
    vertex 80.49999999999999 3.499999999999999 51.99999999999999
  endloop
endfacet
facet normal -0.0 -0.9301670242291047 -0.3671366326543461
  outer loop
    vertex 1.9999999999999998 27.95874661724813 49.83948226686557
    vertex 0.0 28.5337979774665 48.382548349250186
    vertex 1.9999999999999998 28.5337979774665 48.382548349250186
  endloop
endfacet
facet normal -0.0 -0.9301670242291047 -0.3671366326543461
  outer loop
    vertex 0.0 28.5337979774665 48.382548349250186
    vertex 1.9999999999999998 27.95874661724813 49.83948226686557
    vertex 0.0 27.95874661724813 49.83948226686557
  endloop
endfacet
facet normal -0.0 -0.9934943041510951 -0.11388181426080068
  outer loop
    vertex 1.9999999999999998 28.5337979774665 48.382548349250186
    vertex 0.0 28.71217269240938 46.82642400709237
    vertex 1.9999999999999998 28.71217269240938 46.82642400709237
  endloop
endfacet
facet normal -0.0 -0.9934943041510951 -0.11388181426080068
  outer loop
    vertex 0.0 28.71217269240938 46.82642400709237
    vertex 1.9999999999999998 28.5337979774665 48.382548349250186
    vertex 0.0 28.5337979774665 48.382548349250186
  endloop
endfacet
facet normal 0.0 -0.9891165890721529 0.14713386157601435
  outer loop
    vertex 1.9999999999999998 28.71217269240938 46.82642400709237
    vertex 0.0 28.481714820031588 45.27715654269308
    vertex 1.9999999999999998 28.481714820031588 45.27715654269308
  endloop
endfacet
facet normal 0.0 -0.9891165890721529 0.14713386157601435
  outer loop
    vertex 0.0 28.481714820031588 45.27715654269308
    vertex 1.9999999999999998 28.71217269240938 46.82642400709237
    vertex 0.0 28.71217269240938 46.82642400709237
  endloop
endfacet
facet normal 0.0 -0.917332213040393 0.3981226078966314
  outer loop
    vertex 1.9999999999999998 28.481714820031588 45.27715654269308
    vertex 0.0 27.858129683486023 43.84032597346562
    vertex 1.9999999999999998 27.858129683486023 43.84032597346562
  endloop
endfacet
facet normal 0.0 -0.917332213040393 0.3981226078966314
  outer loop
    vertex 0.0 27.858129683486023 43.84032597346562
    vertex 1.9999999999999998 28.481714820031588 45.27715654269308
    vertex 0.0 28.481714820031588 45.27715654269308
  endloop
endfacet
facet normal 0.0 -0.7830331626530928 0.6219799564178058
  outer loop
    vertex 1.9999999999999998 27.37102163139556 43.22708795084682
    vertex 0.0 26.883913579305105 42.61384992822803
    vertex 1.9999999999999998 26.883913579305105 42.61384992822803
  endloop
endfacet
facet normal 0.0 -0.7830331626530928 0.6219799564178058
  outer loop
    vertex 0.0 26.883913579305105 42.61384992822803
    vertex 1.9999999999999998 27.37102163139556 43.22708795084682
    vertex 0.0 27.858129683486023 43.84032597346562
  endloop
endfacet
facet normal 0.0 -0.7830331626530928 0.6219799564178058
  outer loop
    vertex 0.0 27.858129683486023 43.84032597346562
    vertex 1.9999999999999998 27.37102163139556 43.22708795084682
    vertex 1.9999999999999998 27.858129683486023 43.84032597346562
  endloop
endfacet
facet normal 0.0 -0.5953716962544636 0.8034503987795906
  outer loop
    vertex 1.9999999999999998 25.62545772502052 41.68131072261576
    vertex 0.0 26.883913579305105 42.61384992822803
    vertex 0.0 25.62545772502052 41.68131072261576
  endloop
endfacet
facet normal 0.0 -0.5953716962544636 0.8034503987795906
  outer loop
    vertex 0.0 26.883913579305105 42.61384992822803
    vertex 1.9999999999999998 25.62545772502052 41.68131072261576
    vertex 1.9999999999999998 26.883913579305105 42.61384992822803
  endloop
endfacet
facet normal 0.0 -0.3671366326543436 0.9301670242291058
  outer loop
    vertex 1.9999999999999998 24.16852380740514 41.1062593623974
    vertex 0.0 25.62545772502052 41.68131072261576
    vertex 0.0 24.16852380740514 41.1062593623974
  endloop
endfacet
facet normal 0.0 -0.3671366326543436 0.9301670242291058
  outer loop
    vertex 0.0 25.62545772502052 41.68131072261576
    vertex 1.9999999999999998 24.16852380740514 41.1062593623974
    vertex 1.9999999999999998 25.62545772502052 41.68131072261576
  endloop
endfacet
facet normal 0.0 -0.11388181426080364 0.9934943041510949
  outer loop
    vertex 1.9999999999999998 22.61239946524731 40.92788464745452
    vertex 0.0 24.16852380740514 41.1062593623974
    vertex 0.0 22.61239946524731 40.92788464745452
  endloop
endfacet
facet normal 0.0 -0.11388181426080364 0.9934943041510949
  outer loop
    vertex 0.0 24.16852380740514 41.1062593623974
    vertex 1.9999999999999998 22.61239946524731 40.92788464745452
    vertex 1.9999999999999998 24.16852380740514 41.1062593623974
  endloop
endfacet
facet normal 0.0 0.1471338615760184 0.9891165890721524
  outer loop
    vertex 1.9999999999999998 21.06313200084803 41.15834251983232
    vertex 0.0 22.61239946524731 40.92788464745452
    vertex 0.0 21.06313200084803 41.15834251983232
  endloop
endfacet
facet normal 0.0 0.1471338615760184 0.9891165890721524
  outer loop
    vertex 0.0 22.61239946524731 40.92788464745452
    vertex 1.9999999999999998 21.06313200084803 41.15834251983232
    vertex 1.9999999999999998 22.61239946524731 40.92788464745452
  endloop
endfacet
facet normal 0.0 0.3981226078966264 0.9173322130403953
  outer loop
    vertex 1.9999999999999998 19.626301431620558 41.781927656377874
    vertex 0.0 21.06313200084803 41.15834251983232
    vertex 0.0 19.626301431620558 41.781927656377874
  endloop
endfacet
facet normal 0.0 0.3981226078966264 0.9173322130403953
  outer loop
    vertex 0.0 21.06313200084803 41.15834251983232
    vertex 1.9999999999999998 19.626301431620558 41.781927656377874
    vertex 1.9999999999999998 21.06313200084803 41.15834251983232
  endloop
endfacet
facet normal 0.0 0.621979956417811 0.7830331626530883
  outer loop
    vertex 1.9999999999999998 18.39982538638297 42.75614376055881
    vertex 0.0 19.626301431620558 41.781927656377874
    vertex 0.0 18.39982538638297 42.75614376055881
  endloop
endfacet
facet normal 0.0 0.621979956417811 0.7830331626530883
  outer loop
    vertex 0.0 19.626301431620558 41.781927656377874
    vertex 1.9999999999999998 18.39982538638297 42.75614376055881
    vertex 1.9999999999999998 19.626301431620558 41.781927656377874
  endloop
endfacet
facet normal 0.0 0.8034503987795901 0.5953716962544642
  outer loop
    vertex 0.0 17.467286180770714 44.014599614843384
    vertex 1.9999999999999998 18.39982538638297 42.75614376055881
    vertex 0.0 18.39982538638297 42.75614376055881
  endloop
endfacet
facet normal 0.0 0.8034503987795901 0.5953716962544642
  outer loop
    vertex 1.9999999999999998 18.39982538638297 42.75614376055881
    vertex 0.0 17.467286180770714 44.014599614843384
    vertex 1.9999999999999998 17.467286180770714 44.014599614843384
  endloop
endfacet
facet normal 0.0 0.930167024229106 0.367136632654343
  outer loop
    vertex 0.0 16.892234820552353 45.47153353245877
    vertex 1.9999999999999998 17.467286180770714 44.014599614843384
    vertex 0.0 17.467286180770714 44.014599614843384
  endloop
endfacet
facet normal 0.0 0.930167024229106 0.367136632654343
  outer loop
    vertex 1.9999999999999998 17.467286180770714 44.014599614843384
    vertex 0.0 16.892234820552353 45.47153353245877
    vertex 1.9999999999999998 16.892234820552353 45.47153353245877
  endloop
endfacet
facet normal 0.0 0.9934943041510949 0.11388181426080246
  outer loop
    vertex 0.0 16.71386010560947 47.02765787461659
    vertex 1.9999999999999998 16.892234820552353 45.47153353245877
    vertex 0.0 16.892234820552353 45.47153353245877
  endloop
endfacet
facet normal 0.0 0.9934943041510949 0.11388181426080246
  outer loop
    vertex 1.9999999999999998 16.892234820552353 45.47153353245877
    vertex 0.0 16.71386010560947 47.02765787461659
    vertex 1.9999999999999998 16.71386010560947 47.02765787461659
  endloop
endfacet
facet normal 0.0 0.9891165890721534 -0.1471338615760126
  outer loop
    vertex 0.0 16.944317977987257 48.57692533901588
    vertex 1.9999999999999998 16.71386010560947 47.02765787461659
    vertex 0.0 16.71386010560947 47.02765787461659
  endloop
endfacet
facet normal 0.0 0.9891165890721534 -0.1471338615760126
  outer loop
    vertex 1.9999999999999998 16.71386010560947 47.02765787461659
    vertex 0.0 16.944317977987257 48.57692533901588
    vertex 1.9999999999999998 16.944317977987257 48.57692533901588
  endloop
endfacet
facet normal 0.0 0.9173322130403923 -0.39812260789663306
  outer loop
    vertex 0.0 17.56790311453283 50.01375590824335
    vertex 1.9999999999999998 16.944317977987257 48.57692533901588
    vertex 0.0 16.944317977987257 48.57692533901588
  endloop
endfacet
facet normal 0.0 0.9173322130403923 -0.39812260789663306
  outer loop
    vertex 1.9999999999999998 16.944317977987257 48.57692533901588
    vertex 0.0 17.56790311453283 50.01375590824335
    vertex 1.9999999999999998 17.56790311453283 50.01375590824335
  endloop
endfacet
facet normal -0.13052619222002954 -0.9914448613738135 -0.0
  outer loop
    vertex 79.75881904510251 80.46592582628907 62.0
    vertex 79.49999999999999 80.49999999999999 51.99999999999999
    vertex 79.75881904510251 80.46592582628907 51.99999999999999
  endloop
endfacet
facet normal -0.13052619222002954 -0.9914448613738135 -0.0
  outer loop
    vertex 79.49999999999999 80.49999999999999 51.99999999999999
    vertex 79.75881904510251 80.46592582628907 62.0
    vertex 79.49999999999999 80.49999999999999 62.0
  endloop
endfacet
facet normal 0.13052619222007197 -0.9914448613738077 0.0
  outer loop
    vertex 79.49999999999999 80.49999999999999 62.0
    vertex 79.24118095489747 80.46592582628905 51.99999999999999
    vertex 79.49999999999999 80.49999999999999 51.99999999999999
  endloop
endfacet
facet normal 0.13052619222007197 -0.9914448613738077 0.0
  outer loop
    vertex 79.24118095489747 80.46592582628905 51.99999999999999
    vertex 79.49999999999999 80.49999999999999 62.0
    vertex 79.24118095489747 80.46592582628905 62.0
  endloop
endfacet
facet normal 0.38268343236508595 -0.9238795325112884 0.0
  outer loop
    vertex 79.24118095489747 80.46592582628905 62.0
    vertex 78.99999999999999 80.36602540378442 51.99999999999999
    vertex 79.24118095489747 80.46592582628905 51.99999999999999
  endloop
endfacet
facet normal 0.38268343236508595 -0.9238795325112884 0.0
  outer loop
    vertex 78.99999999999999 80.36602540378442 51.99999999999999
    vertex 79.24118095489747 80.46592582628905 62.0
    vertex 78.99999999999999 80.36602540378442 62.0
  endloop
endfacet
facet normal 0.6087614290086991 -0.7933533402912518 0.0
  outer loop
    vertex 78.99999999999999 80.36602540378442 62.0
    vertex 78.79289321881345 80.20710678118654 51.99999999999999
    vertex 78.99999999999999 80.36602540378442 51.99999999999999
  endloop
endfacet
facet normal 0.6087614290086991 -0.7933533402912518 0.0
  outer loop
    vertex 78.79289321881345 80.20710678118654 51.99999999999999
    vertex 78.99999999999999 80.36602540378442 62.0
    vertex 78.79289321881345 80.20710678118654 62.0
  endloop
endfacet
facet normal 0.7933533402912518 -0.6087614290086991 0.0
  outer loop
    vertex 78.79289321881345 80.20710678118654 51.99999999999999
    vertex 78.63397459621555 79.99999999999999 62.0
    vertex 78.63397459621555 79.99999999999999 51.99999999999999
  endloop
endfacet
facet normal 0.7933533402912518 -0.6087614290086991 0.0
  outer loop
    vertex 78.63397459621555 79.99999999999999 62.0
    vertex 78.79289321881345 80.20710678118654 51.99999999999999
    vertex 78.79289321881345 80.20710678118654 62.0
  endloop
endfacet
facet normal 0.9238795325112731 -0.38268343236512276 0.0
  outer loop
    vertex 78.63397459621555 79.99999999999999 51.99999999999999
    vertex 78.53407417371092 79.75881904510251 62.0
    vertex 78.53407417371092 79.75881904510251 51.99999999999999
  endloop
endfacet
facet normal 0.9238795325112731 -0.38268343236512276 0.0
  outer loop
    vertex 78.53407417371092 79.75881904510251 62.0
    vertex 78.63397459621555 79.99999999999999 51.99999999999999
    vertex 78.63397459621555 79.99999999999999 62.0
  endloop
endfacet
facet normal 0.9914448613738135 -0.13052619222002954 0.0
  outer loop
    vertex 78.53407417371092 79.75881904510251 51.99999999999999
    vertex 78.49999999999999 79.49999999999999 62.0
    vertex 78.49999999999999 79.49999999999999 51.99999999999999
  endloop
endfacet
facet normal 0.9914448613738135 -0.13052619222002954 0.0
  outer loop
    vertex 78.49999999999999 79.49999999999999 62.0
    vertex 78.53407417371092 79.75881904510251 51.99999999999999
    vertex 78.53407417371092 79.75881904510251 62.0
  endloop
endfacet
facet normal 0.9914448613738077 0.13052619222007197 0.0
  outer loop
    vertex 78.49999999999999 79.49999999999999 51.99999999999999
    vertex 78.53407417371093 79.24118095489747 62.0
    vertex 78.53407417371093 79.24118095489747 51.99999999999999
  endloop
endfacet
facet normal 0.9914448613738077 0.13052619222007197 0.0
  outer loop
    vertex 78.53407417371093 79.24118095489747 62.0
    vertex 78.49999999999999 79.49999999999999 51.99999999999999
    vertex 78.49999999999999 79.49999999999999 62.0
  endloop
endfacet
facet normal 0.9238795325112884 0.38268343236508595 0.0
  outer loop
    vertex 78.53407417371093 79.24118095489747 51.99999999999999
    vertex 78.63397459621555 78.99999999999999 62.0
    vertex 78.63397459621555 78.99999999999999 51.99999999999999
  endloop
endfacet
facet normal 0.9238795325112884 0.38268343236508595 0.0
  outer loop
    vertex 78.63397459621555 78.99999999999999 62.0
    vertex 78.53407417371093 79.24118095489747 51.99999999999999
    vertex 78.53407417371093 79.24118095489747 62.0
  endloop
endfacet
facet normal 0.7933533402912518 0.6087614290086991 0.0
  outer loop
    vertex 78.63397459621555 78.99999999999999 51.99999999999999
    vertex 78.79289321881345 78.79289321881345 62.0
    vertex 78.79289321881345 78.79289321881345 51.99999999999999
  endloop
endfacet
facet normal 0.7933533402912518 0.6087614290086991 0.0
  outer loop
    vertex 78.79289321881345 78.79289321881345 62.0
    vertex 78.63397459621555 78.99999999999999 51.99999999999999
    vertex 78.63397459621555 78.99999999999999 62.0
  endloop
endfacet
facet normal 0.6087614290086991 0.7933533402912518 0.0
  outer loop
    vertex 78.79289321881345 78.79289321881345 62.0
    vertex 78.99999999999999 78.63397459621555 51.99999999999999
    vertex 78.79289321881345 78.79289321881345 51.99999999999999
  endloop
endfacet
facet normal 0.6087614290086991 0.7933533402912518 0.0
  outer loop
    vertex 78.99999999999999 78.63397459621555 51.99999999999999
    vertex 78.79289321881345 78.79289321881345 62.0
    vertex 78.99999999999999 78.63397459621555 62.0
  endloop
endfacet
facet normal 0.38268343236512276 0.9238795325112731 0.0
  outer loop
    vertex 78.99999999999999 78.63397459621555 62.0
    vertex 79.24118095489747 78.53407417371092 51.99999999999999
    vertex 78.99999999999999 78.63397459621555 51.99999999999999
  endloop
endfacet
facet normal 0.38268343236512276 0.9238795325112731 0.0
  outer loop
    vertex 79.24118095489747 78.53407417371092 51.99999999999999
    vertex 78.99999999999999 78.63397459621555 62.0
    vertex 79.24118095489747 78.53407417371092 62.0
  endloop
endfacet
facet normal 0.13052619222002954 0.9914448613738135 0.0
  outer loop
    vertex 79.24118095489747 78.53407417371092 62.0
    vertex 79.49999999999999 78.49999999999999 51.99999999999999
    vertex 79.24118095489747 78.53407417371092 51.99999999999999
  endloop
endfacet
facet normal 0.13052619222002954 0.9914448613738135 0.0
  outer loop
    vertex 79.49999999999999 78.49999999999999 51.99999999999999
    vertex 79.24118095489747 78.53407417371092 62.0
    vertex 79.49999999999999 78.49999999999999 62.0
  endloop
endfacet
facet normal -0.13052619222007197 0.9914448613738077 0.0
  outer loop
    vertex 79.49999999999999 78.49999999999999 62.0
    vertex 79.75881904510251 78.53407417371093 51.99999999999999
    vertex 79.49999999999999 78.49999999999999 51.99999999999999
  endloop
endfacet
facet normal -0.13052619222007197 0.9914448613738077 0.0
  outer loop
    vertex 79.75881904510251 78.53407417371093 51.99999999999999
    vertex 79.49999999999999 78.49999999999999 62.0
    vertex 79.75881904510251 78.53407417371093 62.0
  endloop
endfacet
facet normal -0.9914448613738109 0.1305261922200481 0.0
  outer loop
    vertex 4.5 79.49999999999999 62.0
    vertex 4.4659258262890695 79.24118095489747 51.99999999999999
    vertex 4.4659258262890695 79.24118095489747 62.0
  endloop
endfacet
facet normal -0.9914448613738109 0.1305261922200481 0.0
  outer loop
    vertex 4.4659258262890695 79.24118095489747 51.99999999999999
    vertex 4.5 79.49999999999999 62.0
    vertex 4.5 79.49999999999999 51.99999999999999
  endloop
endfacet
facet normal -0.38268343236512 -0.9238795325112744 -0.0
  outer loop
    vertex 3.9999999999999982 80.36602540378442 62.0
    vertex 3.75881904510252 80.46592582628907 51.99999999999999
    vertex 3.9999999999999982 80.36602540378442 51.99999999999999
  endloop
endfacet
facet normal -0.38268343236512 -0.9238795325112744 -0.0
  outer loop
    vertex 3.75881904510252 80.46592582628907 51.99999999999999
    vertex 3.9999999999999982 80.36602540378442 62.0
    vertex 3.75881904510252 80.46592582628907 62.0
  endloop
endfacet
facet normal -0.9238795325112845 -0.3826834323650951 -0.0
  outer loop
    vertex 4.3660254037844375 79.99999999999999 62.0
    vertex 4.465925826289068 79.75881904510251 51.99999999999999
    vertex 4.465925826289068 79.75881904510251 62.0
  endloop
endfacet
facet normal -0.9238795325112845 -0.3826834323650951 -0.0
  outer loop
    vertex 4.465925826289068 79.75881904510251 51.99999999999999
    vertex 4.3660254037844375 79.99999999999999 62.0
    vertex 4.3660254037844375 79.99999999999999 51.99999999999999
  endloop
endfacet
facet normal -0.9914448613738103 -0.1305261922200534 -0.0
  outer loop
    vertex 4.465925826289068 79.75881904510251 62.0
    vertex 4.5 79.49999999999999 51.99999999999999
    vertex 4.5 79.49999999999999 62.0
  endloop
endfacet
facet normal -0.9914448613738103 -0.1305261922200534 -0.0
  outer loop
    vertex 4.5 79.49999999999999 51.99999999999999
    vertex 4.465925826289068 79.75881904510251 62.0
    vertex 4.465925826289068 79.75881904510251 51.99999999999999
  endloop
endfacet
facet normal -0.7933533402912388 -0.6087614290087162 -0.0
  outer loop
    vertex 4.207106781186546 80.20710678118654 62.0
    vertex 4.3660254037844375 79.99999999999999 51.99999999999999
    vertex 4.3660254037844375 79.99999999999999 62.0
  endloop
endfacet
facet normal -0.7933533402912388 -0.6087614290087162 -0.0
  outer loop
    vertex 4.3660254037844375 79.99999999999999 51.99999999999999
    vertex 4.207106781186546 80.20710678118654 62.0
    vertex 4.207106781186546 80.20710678118654 51.99999999999999
  endloop
endfacet
facet normal -0.6087614290087031 -0.7933533402912488 -0.0
  outer loop
    vertex 4.207106781186546 80.20710678118654 62.0
    vertex 3.9999999999999982 80.36602540378442 51.99999999999999
    vertex 4.207106781186546 80.20710678118654 51.99999999999999
  endloop
endfacet
facet normal -0.6087614290087031 -0.7933533402912488 -0.0
  outer loop
    vertex 3.9999999999999982 80.36602540378442 51.99999999999999
    vertex 4.207106781186546 80.20710678118654 62.0
    vertex 3.9999999999999982 80.36602540378442 62.0
  endloop
endfacet
facet normal -0.9914448613738133 0.13052619222003056 0.0
  outer loop
    vertex 80.49999999999999 3.499999999999999 62.0
    vertex 80.46592582628907 3.2411809548974784 51.99999999999999
    vertex 80.46592582628907 3.2411809548974784 62.0
  endloop
endfacet
facet normal -0.9914448613738133 0.13052619222003056 0.0
  outer loop
    vertex 80.46592582628907 3.2411809548974784 51.99999999999999
    vertex 80.49999999999999 3.499999999999999 62.0
    vertex 80.49999999999999 3.499999999999999 51.99999999999999
  endloop
endfacet
facet normal -0.9914448613738133 -0.13052619222003056 -0.0
  outer loop
    vertex 80.46592582628907 3.75881904510252 62.0
    vertex 80.49999999999999 3.499999999999999 51.99999999999999
    vertex 80.49999999999999 3.499999999999999 62.0
  endloop
endfacet
facet normal -0.9914448613738133 -0.13052619222003056 -0.0
  outer loop
    vertex 80.49999999999999 3.499999999999999 51.99999999999999
    vertex 80.46592582628907 3.75881904510252 62.0
    vertex 80.46592582628907 3.75881904510252 51.99999999999999
  endloop
endfacet
facet normal -0.9238795325112747 -0.382683432365119 -0.0
  outer loop
    vertex 80.36602540378442 3.999999999999999 62.0
    vertex 80.46592582628907 3.75881904510252 51.99999999999999
    vertex 80.46592582628907 3.75881904510252 62.0
  endloop
endfacet
facet normal -0.9238795325112747 -0.382683432365119 -0.0
  outer loop
    vertex 80.46592582628907 3.75881904510252 51.99999999999999
    vertex 80.36602540378442 3.999999999999999 62.0
    vertex 80.36602540378442 3.999999999999999 51.99999999999999
  endloop
endfacet
facet normal -0.13052619222003056 -0.9914448613738133 -0.0
  outer loop
    vertex 3.75881904510252 80.46592582628907 62.0
    vertex 3.499999999999999 80.49999999999999 51.99999999999999
    vertex 3.75881904510252 80.46592582628907 51.99999999999999
  endloop
endfacet
facet normal -0.13052619222003056 -0.9914448613738133 -0.0
  outer loop
    vertex 3.499999999999999 80.49999999999999 51.99999999999999
    vertex 3.75881904510252 80.46592582628907 62.0
    vertex 3.499999999999999 80.49999999999999 62.0
  endloop
endfacet
facet normal 0.1305261922200727 -0.9914448613738077 0.0
  outer loop
    vertex 3.499999999999999 80.49999999999999 62.0
    vertex 3.241180954897478 80.46592582628905 51.99999999999999
    vertex 3.499999999999999 80.49999999999999 51.99999999999999
  endloop
endfacet
facet normal 0.1305261922200727 -0.9914448613738077 0.0
  outer loop
    vertex 3.241180954897478 80.46592582628905 51.99999999999999
    vertex 3.499999999999999 80.49999999999999 62.0
    vertex 3.241180954897478 80.46592582628905 62.0
  endloop
endfacet
facet normal 0.382683432365084 -0.9238795325112892 0.0
  outer loop
    vertex 3.241180954897478 80.46592582628905 62.0
    vertex 3.0 80.36602540378442 51.99999999999999
    vertex 3.241180954897478 80.46592582628905 51.99999999999999
  endloop
endfacet
facet normal 0.382683432365084 -0.9238795325112892 0.0
  outer loop
    vertex 3.0 80.36602540378442 51.99999999999999
    vertex 3.241180954897478 80.46592582628905 62.0
    vertex 3.0 80.36602540378442 62.0
  endloop
endfacet
facet normal 0.0 0.7830331626530903 -0.6219799564178086
  outer loop
    vertex 0.0 18.54211921871375 51.24023195348093
    vertex 1.9999999999999998 17.56790311453283 50.01375590824335
    vertex 0.0 17.56790311453283 50.01375590824335
  endloop
endfacet
facet normal 0.0 0.7830331626530903 -0.6219799564178086
  outer loop
    vertex 1.9999999999999998 17.56790311453283 50.01375590824335
    vertex 0.0 18.54211921871375 51.24023195348093
    vertex 1.9999999999999998 18.54211921871375 51.24023195348093
  endloop
endfacet
facet normal 0.0 0.595371696254466 -0.8034503987795887
  outer loop
    vertex 1.9999999999999998 19.800575072998335 52.172771159093195
    vertex 0.0 18.54211921871375 51.24023195348093
    vertex 0.0 19.800575072998335 52.172771159093195
  endloop
endfacet
facet normal 0.0 0.595371696254466 -0.8034503987795887
  outer loop
    vertex 0.0 18.54211921871375 51.24023195348093
    vertex 1.9999999999999998 19.800575072998335 52.172771159093195
    vertex 1.9999999999999998 18.54211921871375 51.24023195348093
  endloop
endfacet
facet normal 0.0 0.3671366326543411 -0.9301670242291067
  outer loop
    vertex 1.9999999999999998 21.25750899061371 52.74782251931155
    vertex 0.0 19.800575072998335 52.172771159093195
    vertex 0.0 21.25750899061371 52.74782251931155
  endloop
endfacet
facet normal 0.0 0.3671366326543411 -0.9301670242291067
  outer loop
    vertex 0.0 19.800575072998335 52.172771159093195
    vertex 1.9999999999999998 21.25750899061371 52.74782251931155
    vertex 1.9999999999999998 19.800575072998335 52.172771159093195
  endloop
endfacet
facet normal 0.0 0.11388181426080655 -0.9934943041510944
  outer loop
    vertex 1.9999999999999998 22.81363333277155 52.926197234254445
    vertex 0.0 21.25750899061371 52.74782251931155
    vertex 0.0 22.81363333277155 52.926197234254445
  endloop
endfacet
facet normal 0.0 0.11388181426080655 -0.9934943041510944
  outer loop
    vertex 0.0 21.25750899061371 52.74782251931155
    vertex 1.9999999999999998 22.81363333277155 52.926197234254445
    vertex 1.9999999999999998 21.25750899061371 52.74782251931155
  endloop
endfacet
facet normal -0.0 -0.14713386157602246 -0.9891165890721518
  outer loop
    vertex 1.9999999999999998 24.362900797170827 52.69573936187664
    vertex 0.0 22.81363333277155 52.926197234254445
    vertex 0.0 24.362900797170827 52.69573936187664
  endloop
endfacet
facet normal -0.0 -0.14713386157602246 -0.9891165890721518
  outer loop
    vertex 0.0 22.81363333277155 52.926197234254445
    vertex 1.9999999999999998 24.362900797170827 52.69573936187664
    vertex 1.9999999999999998 22.81363333277155 52.926197234254445
  endloop
endfacet
facet normal -0.0 -0.14713386157602246 -0.9891165890721518
  outer loop
    vertex 1.9999999999999998 22.81363333277155 52.926197234254445
    vertex 1.9999999999999998 24.362900797170827 52.69573936187664
    vertex 1.9999999999999998 23.588267064971188 52.81096829806554
  endloop
endfacet
facet normal -0.0 -0.39812260789663306 -0.9173322130403923
  outer loop
    vertex 1.9999999999999998 25.799731366398294 52.07215422533107
    vertex 0.0 24.362900797170827 52.69573936187664
    vertex 0.0 25.799731366398294 52.07215422533107
  endloop
endfacet
facet normal -0.0 -0.39812260789663306 -0.9173322130403923
  outer loop
    vertex 0.0 24.362900797170827 52.69573936187664
    vertex 1.9999999999999998 25.799731366398294 52.07215422533107
    vertex 1.9999999999999998 24.362900797170827 52.69573936187664
  endloop
endfacet
facet normal -0.0 -0.6219799564178097 -0.7830331626530894
  outer loop
    vertex 1.9999999999999998 27.026207411635877 51.09793812115014
    vertex 0.0 25.799731366398294 52.07215422533107
    vertex 0.0 27.026207411635877 51.09793812115014
  endloop
endfacet
facet normal -0.0 -0.6219799564178097 -0.7830331626530894
  outer loop
    vertex 0.0 25.799731366398294 52.07215422533107
    vertex 1.9999999999999998 27.026207411635877 51.09793812115014
    vertex 1.9999999999999998 25.799731366398294 52.07215422533107
  endloop
endfacet
facet normal -0.0 -0.8034503987795897 -0.5953716962544647
  outer loop
    vertex 1.9999999999999998 27.026207411635877 51.09793812115014
    vertex 0.0 27.95874661724813 49.83948226686557
    vertex 1.9999999999999998 27.95874661724813 49.83948226686557
  endloop
endfacet
facet normal -0.0 -0.8034503987795897 -0.5953716962544647
  outer loop
    vertex 0.0 27.95874661724813 49.83948226686557
    vertex 1.9999999999999998 27.026207411635877 51.09793812115014
    vertex 0.0 27.026207411635877 51.09793812115014
  endloop
endfacet
facet normal 0.0 0.7830331626530879 -0.6219799564178118
  outer loop
    vertex 0.0 21.769701456469097 27.491689677862926
    vertex 1.9999999999999998 21.607354937787747 27.287305747710388
    vertex 0.0 21.607354937787747 27.287305747710388
  endloop
endfacet
facet normal 0.0 0.7830331626530879 -0.6219799564178118
  outer loop
    vertex 1.9999999999999998 21.607354937787747 27.287305747710388
    vertex 0.0 21.769701456469097 27.491689677862926
    vertex 1.9999999999999998 21.769701456469097 27.491689677862926
  endloop
endfacet
facet normal 0.0 0.36713663265435004 -0.9301670242291031
  outer loop
    vertex 1.9999999999999998 25.719356258603995 29.68454699050569
    vertex 0.0 25.47656808413371 29.58871857420896
    vertex 0.0 25.719356258603995 29.68454699050569
  endloop
endfacet
facet normal 0.0 0.36713663265435004 -0.9301670242291031
  outer loop
    vertex 0.0 25.47656808413371 29.58871857420896
    vertex 1.9999999999999998 25.719356258603995 29.68454699050569
    vertex 1.9999999999999998 25.47656808413371 29.58871857420896
  endloop
endfacet
facet normal 0.0 0.11388181426080549 -0.9934943041510946
  outer loop
    vertex 1.9999999999999998 25.97867384584202 29.714271929220498
    vertex 0.0 25.719356258603995 29.68454699050569
    vertex 0.0 25.97867384584202 29.714271929220498
  endloop
endfacet
facet normal 0.0 0.11388181426080549 -0.9934943041510946
  outer loop
    vertex 0.0 25.719356258603995 29.68454699050569
    vertex 1.9999999999999998 25.97867384584202 29.714271929220498
    vertex 1.9999999999999998 25.719356258603995 29.68454699050569
  endloop
endfacet
facet normal -0.0 -0.14713386157602548 -0.9891165890721515
  outer loop
    vertex 1.9999999999999998 26.236848780820097 29.67586768490275
    vertex 0.0 25.97867384584202 29.714271929220498
    vertex 0.0 26.236848780820097 29.67586768490275
  endloop
endfacet
facet normal -0.0 -0.14713386157602548 -0.9891165890721515
  outer loop
    vertex 0.0 25.97867384584202 29.714271929220498
    vertex 1.9999999999999998 26.236848780820097 29.67586768490275
    vertex 1.9999999999999998 25.97867384584202 29.714271929220498
  endloop
endfacet
facet normal -0.0 -0.3981226078966445 -0.9173322130403876
  outer loop
    vertex 1.9999999999999998 26.476286868373716 29.571951443336694
    vertex 0.0 26.236848780820097 29.67586768490275
    vertex 0.0 26.476286868373716 29.571951443336694
  endloop
endfacet
facet normal -0.0 -0.3981226078966445 -0.9173322130403876
  outer loop
    vertex 0.0 26.236848780820097 29.67586768490275
    vertex 1.9999999999999998 26.476286868373716 29.571951443336694
    vertex 1.9999999999999998 26.236848780820097 29.67586768490275
  endloop
endfacet
facet normal -0.0 -0.6219799564177947 -0.7830331626531015
  outer loop
    vertex 1.9999999999999998 26.680670798526258 29.409604924655348
    vertex 0.0 26.476286868373716 29.571951443336694
    vertex 0.0 26.680670798526258 29.409604924655348
  endloop
endfacet
facet normal -0.0 -0.6219799564177947 -0.7830331626531015
  outer loop
    vertex 0.0 26.476286868373716 29.571951443336694
    vertex 1.9999999999999998 26.680670798526258 29.409604924655348
    vertex 1.9999999999999998 26.476286868373716 29.571951443336694
  endloop
endfacet
facet normal -0.0 -0.8034503987795923 -0.595371696254461
  outer loop
    vertex 1.9999999999999998 26.680670798526258 29.409604924655348
    vertex 0.0 26.836072144198226 29.199891775816532
    vertex 1.9999999999999998 26.836072144198226 29.199891775816532
  endloop
endfacet
facet normal -0.0 -0.8034503987795923 -0.595371696254461
  outer loop
    vertex 0.0 26.836072144198226 29.199891775816532
    vertex 1.9999999999999998 26.680670798526258 29.409604924655348
    vertex 0.0 26.680670798526258 29.409604924655348
  endloop
endfacet
facet normal -0.0 -0.9301670242291031 -0.36713663265435015
  outer loop
    vertex 1.9999999999999998 26.836072144198226 29.199891775816532
    vertex 0.0 26.931900560494956 28.957103601346248
    vertex 1.9999999999999998 26.931900560494956 28.957103601346248
  endloop
endfacet
facet normal -0.0 -0.9301670242291031 -0.36713663265435015
  outer loop
    vertex 0.0 26.931900560494956 28.957103601346248
    vertex 1.9999999999999998 26.836072144198226 29.199891775816532
    vertex 0.0 26.836072144198226 29.199891775816532
  endloop
endfacet
facet normal -0.0 -0.9934943041510946 -0.11388181426080549
  outer loop
    vertex 1.9999999999999998 26.931900560494956 28.957103601346248
    vertex 0.0 26.961625499209763 28.69778601410822
    vertex 1.9999999999999998 26.961625499209763 28.69778601410822
  endloop
endfacet
facet normal -0.0 -0.9934943041510946 -0.11388181426080549
  outer loop
    vertex 0.0 26.961625499209763 28.69778601410822
    vertex 1.9999999999999998 26.931900560494956 28.957103601346248
    vertex 0.0 26.931900560494956 28.957103601346248
  endloop
endfacet
facet normal 0.0 -0.9891165890721515 0.14713386157602548
  outer loop
    vertex 1.9999999999999998 26.961625499209763 28.69778601410822
    vertex 0.0 26.923221254892017 28.439611079130145
    vertex 1.9999999999999998 26.923221254892017 28.439611079130145
  endloop
endfacet
facet normal 0.0 -0.9891165890721515 0.14713386157602548
  outer loop
    vertex 0.0 26.923221254892017 28.439611079130145
    vertex 1.9999999999999998 26.961625499209763 28.69778601410822
    vertex 0.0 26.961625499209763 28.69778601410822
  endloop
endfacet
facet normal 0.0 -0.9173322130403909 0.39812260789663656
  outer loop
    vertex 1.9999999999999998 26.923221254892017 28.439611079130145
    vertex 0.0 26.81930501332596 28.200172991576522
    vertex 1.9999999999999998 26.81930501332596 28.200172991576522
  endloop
endfacet
facet normal 0.0 -0.9173322130403909 0.39812260789663656
  outer loop
    vertex 0.0 26.81930501332596 28.200172991576522
    vertex 1.9999999999999998 26.923221254892017 28.439611079130145
    vertex 0.0 26.923221254892017 28.439611079130145
  endloop
endfacet
facet normal 0.0 -0.783033162653093 0.6219799564178051
  outer loop
    vertex 1.9999999999999998 26.81930501332596 28.200172991576522
    vertex 0.0 26.656958494644613 27.995789061423984
    vertex 1.9999999999999998 26.656958494644613 27.995789061423984
  endloop
endfacet
facet normal 0.0 -0.783033162653093 0.6219799564178051
  outer loop
    vertex 0.0 26.656958494644613 27.995789061423984
    vertex 1.9999999999999998 26.81930501332596 28.200172991576522
    vertex 0.0 26.81930501332596 28.200172991576522
  endloop
endfacet
facet normal 0.0 -0.595371696254475 0.8034503987795821
  outer loop
    vertex 1.9999999999999998 26.447245345805797 27.84038771575201
    vertex 0.0 26.656958494644613 27.995789061423984
    vertex 0.0 26.447245345805797 27.84038771575201
  endloop
endfacet
facet normal 0.0 -0.595371696254475 0.8034503987795821
  outer loop
    vertex 0.0 26.656958494644613 27.995789061423984
    vertex 1.9999999999999998 26.447245345805797 27.84038771575201
    vertex 1.9999999999999998 26.656958494644613 27.995789061423984
  endloop
endfacet
facet normal 0.0 0.9173322130403948 -0.39812260789662746
  outer loop
    vertex 0.0 21.607354937787747 27.287305747710388
    vertex 1.9999999999999998 21.503438696221693 27.047867660156765
    vertex 0.0 21.503438696221693 27.047867660156765
  endloop
endfacet
facet normal 0.0 0.9173322130403948 -0.39812260789662746
  outer loop
    vertex 1.9999999999999998 21.503438696221693 27.047867660156765
    vertex 0.0 21.607354937787747 27.287305747710388
    vertex 1.9999999999999998 21.607354937787747 27.287305747710388
  endloop
endfacet
facet normal 0.0 0.9891165890721529 -0.14713386157601488
  outer loop
    vertex 0.0 21.503438696221693 27.047867660156765
    vertex 1.9999999999999998 21.465034451903946 26.78969272517869
    vertex 0.0 21.465034451903946 26.78969272517869
  endloop
endfacet
facet normal 0.0 0.9891165890721529 -0.14713386157601488
  outer loop
    vertex 1.9999999999999998 21.465034451903946 26.78969272517869
    vertex 0.0 21.503438696221693 27.047867660156765
    vertex 1.9999999999999998 21.503438696221693 27.047867660156765
  endloop
endfacet
facet normal 0.0 0.9934943041510946 0.11388181426080549
  outer loop
    vertex 0.0 21.465034451903946 26.78969272517869
    vertex 1.9999999999999998 21.494759390618754 26.530375137940663
    vertex 0.0 21.494759390618754 26.530375137940663
  endloop
endfacet
facet normal 0.0 0.9934943041510946 0.11388181426080549
  outer loop
    vertex 1.9999999999999998 21.494759390618754 26.530375137940663
    vertex 0.0 21.465034451903946 26.78969272517869
    vertex 1.9999999999999998 21.465034451903946 26.78969272517869
  endloop
endfacet
facet normal 0.0 0.9301670242291068 0.36713663265434077
  outer loop
    vertex 0.0 21.494759390618754 26.530375137940663
    vertex 1.9999999999999998 21.59058780691548 26.28758696347038
    vertex 0.0 21.59058780691548 26.28758696347038
  endloop
endfacet
facet normal 0.0 0.9301670242291068 0.36713663265434077
  outer loop
    vertex 1.9999999999999998 21.59058780691548 26.28758696347038
    vertex 0.0 21.494759390618754 26.530375137940663
    vertex 1.9999999999999998 21.494759390618754 26.530375137940663
  endloop
endfacet
facet normal 0.0 0.8034503987795923 0.595371696254461
  outer loop
    vertex 0.0 21.59058780691548 26.28758696347038
    vertex 1.9999999999999998 21.745989152587452 26.077873814631563
    vertex 0.0 21.745989152587452 26.077873814631563
  endloop
endfacet
facet normal 0.0 0.8034503987795923 0.595371696254461
  outer loop
    vertex 1.9999999999999998 21.745989152587452 26.077873814631563
    vertex 0.0 21.59058780691548 26.28758696347038
    vertex 1.9999999999999998 21.59058780691548 26.28758696347038
  endloop
endfacet
facet normal 0.0 0.6219799564177999 0.7830331626530974
  outer loop
    vertex 1.9999999999999998 21.745989152587452 26.077873814631563
    vertex 0.0 21.95037308273999 25.915527295950216
    vertex 0.0 21.745989152587452 26.077873814631563
  endloop
endfacet
facet normal 0.0 0.6219799564177999 0.7830331626530974
  outer loop
    vertex 0.0 21.95037308273999 25.915527295950216
    vertex 1.9999999999999998 21.745989152587452 26.077873814631563
    vertex 1.9999999999999998 21.95037308273999 25.915527295950216
  endloop
endfacet
facet normal 0.0 0.39812260789663656 0.9173322130403909
  outer loop
    vertex 1.9999999999999998 21.95037308273999 25.915527295950216
    vertex 0.0 22.189811170293613 25.81161105438416
    vertex 0.0 21.95037308273999 25.915527295950216
  endloop
endfacet
facet normal 0.0 0.39812260789663656 0.9173322130403909
  outer loop
    vertex 0.0 22.189811170293613 25.81161105438416
    vertex 1.9999999999999998 21.95037308273999 25.915527295950216
    vertex 1.9999999999999998 22.189811170293613 25.81161105438416
  endloop
endfacet
facet normal 0.0 0.14713386157602548 0.9891165890721515
  outer loop
    vertex 1.9999999999999998 22.189811170293613 25.81161105438416
    vertex 0.0 22.44798610527169 25.773206810066412
    vertex 0.0 22.189811170293613 25.81161105438416
  endloop
endfacet
facet normal 0.0 0.14713386157602548 0.9891165890721515
  outer loop
    vertex 0.0 22.44798610527169 25.773206810066412
    vertex 1.9999999999999998 22.189811170293613 25.81161105438416
    vertex 1.9999999999999998 22.44798610527169 25.773206810066412
  endloop
endfacet
facet normal 0.0 -0.11388181426080549 0.9934943041510946
  outer loop
    vertex 1.9999999999999998 22.44798610527169 25.773206810066412
    vertex 0.0 22.707303692509715 25.80293174878122
    vertex 0.0 22.44798610527169 25.773206810066412
  endloop
endfacet
facet normal 0.0 -0.11388181426080549 0.9934943041510946
  outer loop
    vertex 0.0 22.707303692509715 25.80293174878122
    vertex 1.9999999999999998 22.44798610527169 25.773206810066412
    vertex 1.9999999999999998 22.707303692509715 25.80293174878122
  endloop
endfacet
facet normal 0.0 -0.36713663265435376 0.9301670242291016
  outer loop
    vertex 1.9999999999999998 22.707303692509715 25.80293174878122
    vertex 0.0 22.950091866979996 25.89876016507795
    vertex 0.0 22.707303692509715 25.80293174878122
  endloop
endfacet
facet normal 0.0 -0.36713663265435376 0.9301670242291016
  outer loop
    vertex 0.0 22.950091866979996 25.89876016507795
    vertex 1.9999999999999998 22.707303692509715 25.80293174878122
    vertex 1.9999999999999998 22.950091866979996 25.89876016507795
  endloop
endfacet
facet normal 0.0 0.5953716962544608 -0.8034503987795923
  outer loop
    vertex 1.9999999999999998 21.979414605307912 27.647091023534895
    vertex 0.0 21.769701456469097 27.491689677862926
    vertex 0.0 21.979414605307912 27.647091023534895
  endloop
endfacet
facet normal 0.0 0.5953716962544608 -0.8034503987795923
  outer loop
    vertex 0.0 21.769701456469097 27.491689677862926
    vertex 1.9999999999999998 21.979414605307912 27.647091023534895
    vertex 1.9999999999999998 21.769701456469097 27.491689677862926
  endloop
endfacet
facet normal -0.9876883405951377 -0.15643446504023129 -0.0
  outer loop
    vertex 72.80072322348178 48.1531741061683 1.9999999999999998
    vertex 73.32470065178475 44.844910824564906 0.0
    vertex 73.32470065178475 44.844910824564906 1.9999999999999998
  endloop
endfacet
facet normal -0.9876883405951377 -0.15643446504023129 -0.0
  outer loop
    vertex 73.32470065178475 44.844910824564906 0.0
    vertex 72.80072322348178 48.1531741061683 1.9999999999999998
    vertex 72.80072322348178 48.1531741061683 0.0
  endloop
endfacet
facet normal -0.9986295347545742 -0.05233595624294191 -0.0
  outer loop
    vertex 73.32470065178475 44.844910824564906 1.9999999999999998
    vertex 73.5 41.5 0.0
    vertex 73.5 41.5 1.9999999999999998
  endloop
endfacet
facet normal -0.9986295347545742 -0.05233595624294191 -0.0
  outer loop
    vertex 73.5 41.5 0.0
    vertex 73.32470065178475 44.844910824564906 1.9999999999999998
    vertex 73.32470065178475 44.844910824564906 0.0
  endloop
endfacet
facet normal -0.9986295347545742 0.05233595624294147 -0.0
  outer loop
    vertex 73.5 41.5 1.9999999999999998
    vertex 73.32470065178475 38.15508917543506 0.0
    vertex 73.32470065178475 38.15508917543506 1.9999999999999998
  endloop
endfacet
facet normal -0.9986295347545742 0.05233595624294147 -0.0
  outer loop
    vertex 73.32470065178475 38.15508917543506 0.0
    vertex 73.5 41.5 1.9999999999999998
    vertex 73.5 41.5 0.0
  endloop
endfacet
facet normal -0.9876883405951377 0.1564344650402318 -0.0
  outer loop
    vertex 73.32470065178475 38.15508917543506 1.9999999999999998
    vertex 72.80072322348178 34.84682589383168 0.0
    vertex 72.80072322348178 34.84682589383168 1.9999999999999998
  endloop
endfacet
facet normal -0.9876883405951377 0.1564344650402318 -0.0
  outer loop
    vertex 72.80072322348178 34.84682589383168 0.0
    vertex 73.32470065178475 38.15508917543506 1.9999999999999998
    vertex 73.32470065178475 38.15508917543506 0.0
  endloop
endfacet
facet normal -0.965925826289068 0.25881904510252246 -0.0
  outer loop
    vertex 72.80072322348178 34.84682589383168 1.9999999999999998
    vertex 71.93380852144492 31.61145618000167 0.0
    vertex 71.93380852144492 31.61145618000167 1.9999999999999998
  endloop
endfacet
facet normal -0.965925826289068 0.25881904510252246 -0.0
  outer loop
    vertex 71.93380852144492 31.61145618000167 0.0
    vertex 72.80072322348178 34.84682589383168 1.9999999999999998
    vertex 72.80072322348178 34.84682589383168 0.0
  endloop
endfacet
facet normal -0.9335804264972007 0.35836794954530343 -0.0
  outer loop
    vertex 71.93380852144492 31.61145618000167 1.9999999999999998
    vertex 70.73345464456321 28.484427421574367 0.0
    vertex 70.73345464456321 28.484427421574367 1.9999999999999998
  endloop
endfacet
facet normal -0.9335804264972007 0.35836794954530343 -0.0
  outer loop
    vertex 70.73345464456321 28.484427421574367 0.0
    vertex 71.93380852144492 31.61145618000167 1.9999999999999998
    vertex 71.93380852144492 31.61145618000167 0.0
  endloop
endfacet
facet normal -0.8910065241883676 0.4539904997395474 -0.0
  outer loop
    vertex 70.73345464456321 28.484427421574367 1.9999999999999998
    vertex 69.21281292110203 25.499999999999982 0.0
    vertex 69.21281292110203 25.499999999999982 1.9999999999999998
  endloop
endfacet
facet normal -0.8910065241883676 0.4539904997395474 -0.0
  outer loop
    vertex 69.21281292110203 25.499999999999982 0.0
    vertex 70.73345464456321 28.484427421574367 1.9999999999999998
    vertex 70.73345464456321 28.484427421574367 0.0
  endloop
endfacet
facet normal -0.838670567945426 0.5446390350150242 -0.0
  outer loop
    vertex 69.21281292110203 25.499999999999982 1.9999999999999998
    vertex 67.38854381999832 22.690871926640845 0.0
    vertex 67.38854381999832 22.690871926640845 1.9999999999999998
  endloop
endfacet
facet normal -0.838670567945426 0.5446390350150242 -0.0
  outer loop
    vertex 67.38854381999832 22.690871926640845 0.0
    vertex 69.21281292110203 25.499999999999982 1.9999999999999998
    vertex 69.21281292110203 25.499999999999982 0.0
  endloop
endfacet
facet normal -0.7771459614569685 0.6293203910498405 -0.0
  outer loop
    vertex 67.38854381999832 22.690871926640845 1.9999999999999998
    vertex 65.2806344152766 20.087820596516515 0.0
    vertex 65.2806344152766 20.087820596516515 1.9999999999999998
  endloop
endfacet
facet normal -0.7771459614569685 0.6293203910498405 -0.0
  outer loop
    vertex 65.2806344152766 20.087820596516515 0.0
    vertex 67.38854381999832 22.690871926640845 1.9999999999999998
    vertex 67.38854381999832 22.690871926640845 0.0
  endloop
endfacet
facet normal -0.7071067811865479 0.7071067811865471 -0.0
  outer loop
    vertex 65.2806344152766 20.087820596516515 1.9999999999999998
    vertex 62.91217940348345 17.719365584723366 0.0
    vertex 62.91217940348345 17.719365584723366 1.9999999999999998
  endloop
endfacet
facet normal -0.7071067811865479 0.7071067811865471 -0.0
  outer loop
    vertex 62.91217940348345 17.719365584723366 0.0
    vertex 65.2806344152766 20.087820596516515 1.9999999999999998
    vertex 65.2806344152766 20.087820596516515 0.0
  endloop
endfacet
facet normal -0.6293203910498377 0.7771459614569707 -0.0
  outer loop
    vertex 60.30912807335914 15.611456180001673 1.9999999999999998
    vertex 62.91217940348345 17.719365584723366 0.0
    vertex 60.30912807335914 15.611456180001673 0.0
  endloop
endfacet
facet normal -0.6293203910498377 0.7771459614569707 -0.0
  outer loop
    vertex 62.91217940348345 17.719365584723366 0.0
    vertex 60.30912807335914 15.611456180001673 1.9999999999999998
    vertex 62.91217940348345 17.719365584723366 1.9999999999999998
  endloop
endfacet
facet normal -0.5446390350150259 0.8386705679454249 -0.0
  outer loop
    vertex 57.49999999999997 13.787187078897944 1.9999999999999998
    vertex 60.30912807335914 15.611456180001673 0.0
    vertex 57.49999999999997 13.787187078897944 0.0
  endloop
endfacet
facet normal -0.5446390350150259 0.8386705679454249 -0.0
  outer loop
    vertex 60.30912807335914 15.611456180001673 0.0
    vertex 57.49999999999997 13.787187078897944 1.9999999999999998
    vertex 60.30912807335914 15.611456180001673 1.9999999999999998
  endloop
endfacet
facet normal -0.45399049973954547 0.8910065241883688 -0.0
  outer loop
    vertex 54.515572578425584 12.26654535543676 1.9999999999999998
    vertex 57.49999999999997 13.787187078897944 0.0
    vertex 54.515572578425584 12.26654535543676 0.0
  endloop
endfacet
facet normal -0.45399049973954547 0.8910065241883688 -0.0
  outer loop
    vertex 57.49999999999997 13.787187078897944 0.0
    vertex 54.515572578425584 12.26654535543676 1.9999999999999998
    vertex 57.49999999999997 13.787187078897944 1.9999999999999998
  endloop
endfacet
facet normal -0.3583679495453003 0.9335804264972017 -0.0
  outer loop
    vertex 51.388543819998304 11.066191478555078 1.9999999999999998
    vertex 54.515572578425584 12.26654535543676 0.0
    vertex 51.388543819998304 11.066191478555078 0.0
  endloop
endfacet
facet normal -0.3583679495453003 0.9335804264972017 -0.0
  outer loop
    vertex 54.515572578425584 12.26654535543676 0.0
    vertex 51.388543819998304 11.066191478555078 1.9999999999999998
    vertex 54.515572578425584 12.26654535543676 1.9999999999999998
  endloop
endfacet
facet normal -0.2588190451025203 0.9659258262890685 -0.0
  outer loop
    vertex 48.15317410616827 10.199276776518209 1.9999999999999998
    vertex 51.388543819998304 11.066191478555078 0.0
    vertex 48.15317410616827 10.199276776518209 0.0
  endloop
endfacet
facet normal -0.2588190451025203 0.9659258262890685 -0.0
  outer loop
    vertex 51.388543819998304 11.066191478555078 0.0
    vertex 48.15317410616827 10.199276776518209 1.9999999999999998
    vertex 51.388543819998304 11.066191478555078 1.9999999999999998
  endloop
endfacet
facet normal -0.15643446504023042 0.9876883405951378 -0.0
  outer loop
    vertex 44.84491082456489 9.675299348215246 1.9999999999999998
    vertex 48.15317410616827 10.199276776518209 0.0
    vertex 44.84491082456489 9.675299348215246 0.0
  endloop
endfacet
facet normal -0.15643446504023042 0.9876883405951378 -0.0
  outer loop
    vertex 48.15317410616827 10.199276776518209 0.0
    vertex 44.84491082456489 9.675299348215246 1.9999999999999998
    vertex 48.15317410616827 10.199276776518209 1.9999999999999998
  endloop
endfacet
facet normal -0.05233595624294367 0.9986295347545739 -0.0
  outer loop
    vertex 41.49999999999999 9.499999999999995 1.9999999999999998
    vertex 44.84491082456489 9.675299348215246 0.0
    vertex 41.49999999999999 9.499999999999995 0.0
  endloop
endfacet
facet normal -0.05233595624294367 0.9986295347545739 -0.0
  outer loop
    vertex 44.84491082456489 9.675299348215246 0.0
    vertex 41.49999999999999 9.499999999999995 1.9999999999999998
    vertex 44.84491082456489 9.675299348215246 1.9999999999999998
  endloop
endfacet
facet normal 0.05233595624294323 0.998629534754574 0.0
  outer loop
    vertex 38.15508917543506 9.675299348215246 1.9999999999999998
    vertex 41.49999999999999 9.499999999999995 0.0
    vertex 38.15508917543506 9.675299348215246 0.0
  endloop
endfacet
facet normal 0.05233595624294323 0.998629534754574 0.0
  outer loop
    vertex 41.49999999999999 9.499999999999995 0.0
    vertex 38.15508917543506 9.675299348215246 1.9999999999999998
    vertex 41.49999999999999 9.499999999999995 1.9999999999999998
  endloop
endfacet
facet normal 0.1564344650402318 0.9876883405951377 0.0
  outer loop
    vertex 34.84682589383168 10.199276776518214 1.9999999999999998
    vertex 38.15508917543506 9.675299348215246 0.0
    vertex 34.84682589383168 10.199276776518214 0.0
  endloop
endfacet
facet normal 0.1564344650402318 0.9876883405951377 0.0
  outer loop
    vertex 38.15508917543506 9.675299348215246 0.0
    vertex 34.84682589383168 10.199276776518214 1.9999999999999998
    vertex 38.15508917543506 9.675299348215246 1.9999999999999998
  endloop
endfacet
facet normal 0.25881904510252246 0.965925826289068 0.0
  outer loop
    vertex 31.61145618000167 11.066191478555083 1.9999999999999998
    vertex 34.84682589383168 10.199276776518214 0.0
    vertex 31.61145618000167 11.066191478555083 0.0
  endloop
endfacet
facet normal 0.25881904510252246 0.965925826289068 0.0
  outer loop
    vertex 34.84682589383168 10.199276776518214 0.0
    vertex 31.61145618000167 11.066191478555083 1.9999999999999998
    vertex 34.84682589383168 10.199276776518214 1.9999999999999998
  endloop
endfacet
facet normal 0.35836794954530043 0.9335804264972017 0.0
  outer loop
    vertex 28.484427421574367 12.266545355436778 1.9999999999999998
    vertex 31.61145618000167 11.066191478555083 0.0
    vertex 28.484427421574367 12.266545355436778 0.0
  endloop
endfacet
facet normal 0.35836794954530043 0.9335804264972017 0.0
  outer loop
    vertex 31.61145618000167 11.066191478555083 0.0
    vertex 28.484427421574367 12.266545355436778 1.9999999999999998
    vertex 31.61145618000167 11.066191478555083 1.9999999999999998
  endloop
endfacet
facet normal 0.4539904997395474 0.8910065241883676 0.0
  outer loop
    vertex 25.499999999999982 13.787187078897967 1.9999999999999998
    vertex 28.484427421574367 12.266545355436778 0.0
    vertex 25.499999999999982 13.787187078897967 0.0
  endloop
endfacet
facet normal 0.4539904997395474 0.8910065241883676 0.0
  outer loop
    vertex 28.484427421574367 12.266545355436778 0.0
    vertex 25.499999999999982 13.787187078897967 1.9999999999999998
    vertex 28.484427421574367 12.266545355436778 1.9999999999999998
  endloop
endfacet
facet normal 0.5446390350150269 0.8386705679454242 0.0
  outer loop
    vertex 22.69087192664085 15.61145618000168 1.9999999999999998
    vertex 25.499999999999982 13.787187078897967 0.0
    vertex 22.69087192664085 15.61145618000168 0.0
  endloop
endfacet
facet normal 0.5446390350150269 0.8386705679454242 0.0
  outer loop
    vertex 25.499999999999982 13.787187078897967 0.0
    vertex 22.69087192664085 15.61145618000168 1.9999999999999998
    vertex 25.499999999999982 13.787187078897967 1.9999999999999998
  endloop
endfacet
facet normal 0.6293203910498382 0.7771459614569702 0.0
  outer loop
    vertex 20.087820596516526 17.719365584723388 1.9999999999999998
    vertex 22.69087192664085 15.61145618000168 0.0
    vertex 20.087820596516526 17.719365584723388 0.0
  endloop
endfacet
facet normal 0.6293203910498382 0.7771459614569702 0.0
  outer loop
    vertex 22.69087192664085 15.61145618000168 0.0
    vertex 20.087820596516526 17.719365584723388 1.9999999999999998
    vertex 22.69087192664085 15.61145618000168 1.9999999999999998
  endloop
endfacet
facet normal 0.707106781186548 0.7071067811865471 0.0
  outer loop
    vertex 17.719365584723374 20.087820596516544 0.0
    vertex 20.087820596516526 17.719365584723388 1.9999999999999998
    vertex 20.087820596516526 17.719365584723388 0.0
  endloop
endfacet
facet normal 0.707106781186548 0.7071067811865471 0.0
  outer loop
    vertex 20.087820596516526 17.719365584723388 1.9999999999999998
    vertex 17.719365584723374 20.087820596516544 0.0
    vertex 17.719365584723374 20.087820596516544 1.9999999999999998
  endloop
endfacet
facet normal 0.7771459614569706 0.629320391049838 0.0
  outer loop
    vertex 15.611456180001673 22.69087192664086 0.0
    vertex 17.719365584723374 20.087820596516544 1.9999999999999998
    vertex 17.719365584723374 20.087820596516544 0.0
  endloop
endfacet
facet normal 0.7771459614569706 0.629320391049838 0.0
  outer loop
    vertex 17.719365584723374 20.087820596516544 1.9999999999999998
    vertex 15.611456180001673 22.69087192664086 0.0
    vertex 15.611456180001673 22.69087192664086 1.9999999999999998
  endloop
endfacet
facet normal 0.8386705679454239 0.5446390350150274 0.0
  outer loop
    vertex 13.787187078897949 25.500000000000004 0.0
    vertex 15.611456180001673 22.69087192664086 1.9999999999999998
    vertex 15.611456180001673 22.69087192664086 0.0
  endloop
endfacet
facet normal 0.8386705679454239 0.5446390350150274 0.0
  outer loop
    vertex 15.611456180001673 22.69087192664086 1.9999999999999998
    vertex 13.787187078897949 25.500000000000004 0.0
    vertex 13.787187078897949 25.500000000000004 1.9999999999999998
  endloop
endfacet
facet normal 0.8910065241883683 0.4539904997395461 0.0
  outer loop
    vertex 12.26654535543676 28.4844274215744 0.0
    vertex 13.787187078897949 25.500000000000004 1.9999999999999998
    vertex 13.787187078897949 25.500000000000004 0.0
  endloop
endfacet
facet normal 0.8910065241883683 0.4539904997395461 0.0
  outer loop
    vertex 13.787187078897949 25.500000000000004 1.9999999999999998
    vertex 12.26654535543676 28.4844274215744 0.0
    vertex 12.26654535543676 28.4844274215744 1.9999999999999998
  endloop
endfacet
facet normal 0.933580426497202 0.35836794954529977 0.0
  outer loop
    vertex 11.066191478555078 31.611456180001685 0.0
    vertex 12.26654535543676 28.4844274215744 1.9999999999999998
    vertex 12.26654535543676 28.4844274215744 0.0
  endloop
endfacet
facet normal 0.933580426497202 0.35836794954529977 0.0
  outer loop
    vertex 12.26654535543676 28.4844274215744 1.9999999999999998
    vertex 11.066191478555078 31.611456180001685 0.0
    vertex 11.066191478555078 31.611456180001685 1.9999999999999998
  endloop
endfacet
facet normal 0.9659258262890688 0.25881904510251963 0.0
  outer loop
    vertex 10.199276776518214 34.846825893831706 0.0
    vertex 11.066191478555078 31.611456180001685 1.9999999999999998
    vertex 11.066191478555078 31.611456180001685 0.0
  endloop
endfacet
facet normal 0.9659258262890688 0.25881904510251963 0.0
  outer loop
    vertex 11.066191478555078 31.611456180001685 1.9999999999999998
    vertex 10.199276776518214 34.846825893831706 0.0
    vertex 10.199276776518214 34.846825893831706 1.9999999999999998
  endloop
endfacet
facet normal 0.9876883405951377 0.15643446504023129 0.0
  outer loop
    vertex 9.675299348215246 38.1550891754351 0.0
    vertex 10.199276776518214 34.846825893831706 1.9999999999999998
    vertex 10.199276776518214 34.846825893831706 0.0
  endloop
endfacet
facet normal 0.9876883405951377 0.15643446504023129 0.0
  outer loop
    vertex 10.199276776518214 34.846825893831706 1.9999999999999998
    vertex 9.675299348215246 38.1550891754351 0.0
    vertex 9.675299348215246 38.1550891754351 1.9999999999999998
  endloop
endfacet
facet normal 0.9986295347545739 0.05233595624294367 0.0
  outer loop
    vertex 9.499999999999995 41.5 0.0
    vertex 9.675299348215246 38.1550891754351 1.9999999999999998
    vertex 9.675299348215246 38.1550891754351 0.0
  endloop
endfacet
facet normal 0.9986295347545739 0.05233595624294367 0.0
  outer loop
    vertex 9.675299348215246 38.1550891754351 1.9999999999999998
    vertex 9.499999999999995 41.5 0.0
    vertex 9.499999999999995 41.5 1.9999999999999998
  endloop
endfacet
facet normal 0.9986295347545739 -0.05233595624294349 -0.0
  outer loop
    vertex 9.675299348215246 44.84491082456492 0.0
    vertex 9.499999999999995 41.5 1.9999999999999998
    vertex 9.499999999999995 41.5 0.0
  endloop
endfacet
facet normal 0.9986295347545739 -0.05233595624294349 -0.0
  outer loop
    vertex 9.499999999999995 41.5 1.9999999999999998
    vertex 9.675299348215246 44.84491082456492 0.0
    vertex 9.675299348215246 44.84491082456492 1.9999999999999998
  endloop
endfacet
facet normal 0.9876883405951377 -0.15643446504023129 -0.0
  outer loop
    vertex 10.199276776518214 48.15317410616831 0.0
    vertex 9.675299348215246 44.84491082456492 1.9999999999999998
    vertex 9.675299348215246 44.84491082456492 0.0
  endloop
endfacet
facet normal 0.9876883405951377 -0.15643446504023129 -0.0
  outer loop
    vertex 9.675299348215246 44.84491082456492 1.9999999999999998
    vertex 10.199276776518214 48.15317410616831 0.0
    vertex 10.199276776518214 48.15317410616831 1.9999999999999998
  endloop
endfacet
facet normal 0.965925826289068 -0.25881904510252246 -0.0
  outer loop
    vertex 11.066191478555083 51.38854381999832 0.0
    vertex 10.199276776518214 48.15317410616831 1.9999999999999998
    vertex 10.199276776518214 48.15317410616831 0.0
  endloop
endfacet
facet normal 0.965925826289068 -0.25881904510252246 -0.0
  outer loop
    vertex 10.199276776518214 48.15317410616831 1.9999999999999998
    vertex 11.066191478555083 51.38854381999832 0.0
    vertex 11.066191478555083 51.38854381999832 1.9999999999999998
  endloop
endfacet
facet normal 0.9335804264972017 -0.3583679495453007 -0.0
  outer loop
    vertex 12.26654535543677 54.515572578425605 0.0
    vertex 11.066191478555083 51.38854381999832 1.9999999999999998
    vertex 11.066191478555083 51.38854381999832 0.0
  endloop
endfacet
facet normal 0.9335804264972017 -0.3583679495453007 -0.0
  outer loop
    vertex 11.066191478555083 51.38854381999832 1.9999999999999998
    vertex 12.26654535543677 54.515572578425605 0.0
    vertex 12.26654535543677 54.515572578425605 1.9999999999999998
  endloop
endfacet
facet normal 0.8910065241883687 -0.4539904997395454 -0.0
  outer loop
    vertex 13.787187078897961 57.50000000000001 0.0
    vertex 12.26654535543677 54.515572578425605 1.9999999999999998
    vertex 12.26654535543677 54.515572578425605 0.0
  endloop
endfacet
facet normal 0.8910065241883687 -0.4539904997395454 -0.0
  outer loop
    vertex 12.26654535543677 54.515572578425605 1.9999999999999998
    vertex 13.787187078897961 57.50000000000001 0.0
    vertex 13.787187078897961 57.50000000000001 1.9999999999999998
  endloop
endfacet
facet normal 0.8386705679454235 -0.5446390350150282 -0.0
  outer loop
    vertex 15.61145618000168 60.30912807335914 0.0
    vertex 13.787187078897961 57.50000000000001 1.9999999999999998
    vertex 13.787187078897961 57.50000000000001 0.0
  endloop
endfacet
facet normal 0.8386705679454235 -0.5446390350150282 -0.0
  outer loop
    vertex 13.787187078897961 57.50000000000001 1.9999999999999998
    vertex 15.61145618000168 60.30912807335914 0.0
    vertex 15.61145618000168 60.30912807335914 1.9999999999999998
  endloop
endfacet
facet normal 0.7771459614569721 -0.629320391049836 -0.0
  outer loop
    vertex 17.71936558472338 62.91217940348347 0.0
    vertex 15.61145618000168 60.30912807335914 1.9999999999999998
    vertex 15.61145618000168 60.30912807335914 0.0
  endloop
endfacet
facet normal 0.7771459614569721 -0.629320391049836 -0.0
  outer loop
    vertex 15.61145618000168 60.30912807335914 1.9999999999999998
    vertex 17.71936558472338 62.91217940348347 0.0
    vertex 17.71936558472338 62.91217940348347 1.9999999999999998
  endloop
endfacet
facet normal 0.707106781186545 -0.7071067811865501 -0.0
  outer loop
    vertex 20.087820596516544 65.28063441527662 1.9999999999999998
    vertex 17.71936558472338 62.91217940348347 0.0
    vertex 20.087820596516544 65.28063441527662 0.0
  endloop
endfacet
facet normal 0.707106781186545 -0.7071067811865501 -0.0
  outer loop
    vertex 17.71936558472338 62.91217940348347 0.0
    vertex 20.087820596516544 65.28063441527662 1.9999999999999998
    vertex 17.71936558472338 62.91217940348347 1.9999999999999998
  endloop
endfacet
facet normal 0.629320391049839 -0.7771459614569698 -0.0
  outer loop
    vertex 22.69087192664086 67.38854381999832 1.9999999999999998
    vertex 20.087820596516544 65.28063441527662 0.0
    vertex 22.69087192664086 67.38854381999832 0.0
  endloop
endfacet
facet normal 0.629320391049839 -0.7771459614569698 -0.0
  outer loop
    vertex 20.087820596516544 65.28063441527662 0.0
    vertex 22.69087192664086 67.38854381999832 1.9999999999999998
    vertex 20.087820596516544 65.28063441527662 1.9999999999999998
  endloop
endfacet
facet normal 0.5446390350150274 -0.8386705679454239 -0.0
  outer loop
    vertex 25.500000000000004 69.21281292110204 1.9999999999999998
    vertex 22.69087192664086 67.38854381999832 0.0
    vertex 25.500000000000004 69.21281292110204 0.0
  endloop
endfacet
facet normal 0.5446390350150274 -0.8386705679454239 -0.0
  outer loop
    vertex 22.69087192664086 67.38854381999832 0.0
    vertex 25.500000000000004 69.21281292110204 1.9999999999999998
    vertex 22.69087192664086 67.38854381999832 1.9999999999999998
  endloop
endfacet
facet normal 0.4539904997395467 -0.8910065241883679 -0.0
  outer loop
    vertex 28.484427421574395 70.73345464456324 1.9999999999999998
    vertex 25.500000000000004 69.21281292110204 0.0
    vertex 28.484427421574395 70.73345464456324 0.0
  endloop
endfacet
facet normal 0.4539904997395467 -0.8910065241883679 -0.0
  outer loop
    vertex 25.500000000000004 69.21281292110204 0.0
    vertex 28.484427421574395 70.73345464456324 1.9999999999999998
    vertex 25.500000000000004 69.21281292110204 1.9999999999999998
  endloop
endfacet
facet normal 0.35836794954529977 -0.933580426497202 -0.0
  outer loop
    vertex 31.611456180001678 71.93380852144492 1.9999999999999998
    vertex 28.484427421574395 70.73345464456324 0.0
    vertex 31.611456180001678 71.93380852144492 0.0
  endloop
endfacet
facet normal 0.35836794954529977 -0.933580426497202 -0.0
  outer loop
    vertex 28.484427421574395 70.73345464456324 0.0
    vertex 31.611456180001678 71.93380852144492 1.9999999999999998
    vertex 28.484427421574395 70.73345464456324 1.9999999999999998
  endloop
endfacet
facet normal 0.25881904510252113 -0.9659258262890682 -0.0
  outer loop
    vertex 34.8468258938317 72.80072322348178 1.9999999999999998
    vertex 31.611456180001678 71.93380852144492 0.0
    vertex 34.8468258938317 72.80072322348178 0.0
  endloop
endfacet
facet normal 0.25881904510252113 -0.9659258262890682 -0.0
  outer loop
    vertex 31.611456180001678 71.93380852144492 0.0
    vertex 34.8468258938317 72.80072322348178 1.9999999999999998
    vertex 31.611456180001678 71.93380852144492 1.9999999999999998
  endloop
endfacet
facet normal 0.15643446504023156 -0.9876883405951378 -0.0
  outer loop
    vertex 38.15508917543509 73.32470065178475 1.9999999999999998
    vertex 34.8468258938317 72.80072322348178 0.0
    vertex 38.15508917543509 73.32470065178475 0.0
  endloop
endfacet
facet normal 0.15643446504023156 -0.9876883405951378 -0.0
  outer loop
    vertex 34.8468258938317 72.80072322348178 0.0
    vertex 38.15508917543509 73.32470065178475 1.9999999999999998
    vertex 34.8468258938317 72.80072322348178 1.9999999999999998
  endloop
endfacet
facet normal 0.05233595624294191 -0.9986295347545742 -0.0
  outer loop
    vertex 41.5 73.5 1.9999999999999998
    vertex 38.15508917543509 73.32470065178475 0.0
    vertex 41.5 73.5 0.0
  endloop
endfacet
facet normal 0.05233595624294191 -0.9986295347545742 -0.0
  outer loop
    vertex 38.15508917543509 73.32470065178475 0.0
    vertex 41.5 73.5 1.9999999999999998
    vertex 38.15508917543509 73.32470065178475 1.9999999999999998
  endloop
endfacet
facet normal -0.05233595624294173 -0.9986295347545742 -0.0
  outer loop
    vertex 44.84491082456492 73.32470065178475 1.9999999999999998
    vertex 41.5 73.5 0.0
    vertex 44.84491082456492 73.32470065178475 0.0
  endloop
endfacet
facet normal -0.05233595624294173 -0.9986295347545742 -0.0
  outer loop
    vertex 41.5 73.5 0.0
    vertex 44.84491082456492 73.32470065178475 1.9999999999999998
    vertex 41.5 73.5 1.9999999999999998
  endloop
endfacet
facet normal -0.15643446504023156 -0.9876883405951378 -0.0
  outer loop
    vertex 48.1531741061683 72.80072322348178 1.9999999999999998
    vertex 44.84491082456492 73.32470065178475 0.0
    vertex 48.1531741061683 72.80072322348178 0.0
  endloop
endfacet
facet normal -0.15643446504023156 -0.9876883405951378 -0.0
  outer loop
    vertex 44.84491082456492 73.32470065178475 0.0
    vertex 48.1531741061683 72.80072322348178 1.9999999999999998
    vertex 44.84491082456492 73.32470065178475 1.9999999999999998
  endloop
endfacet
facet normal -0.258819045102522 -0.965925826289068 -0.0
  outer loop
    vertex 51.38854381999832 71.93380852144492 1.9999999999999998
    vertex 48.1531741061683 72.80072322348178 0.0
    vertex 51.38854381999832 71.93380852144492 0.0
  endloop
endfacet
facet normal -0.258819045102522 -0.965925826289068 -0.0
  outer loop
    vertex 48.1531741061683 72.80072322348178 0.0
    vertex 51.38854381999832 71.93380852144492 1.9999999999999998
    vertex 48.1531741061683 72.80072322348178 1.9999999999999998
  endloop
endfacet
facet normal -0.35836794954529927 -0.9335804264972023 -0.0
  outer loop
    vertex 54.515572578425605 70.73345464456324 1.9999999999999998
    vertex 51.38854381999832 71.93380852144492 0.0
    vertex 54.515572578425605 70.73345464456324 0.0
  endloop
endfacet
facet normal -0.35836794954529927 -0.9335804264972023 -0.0
  outer loop
    vertex 51.38854381999832 71.93380852144492 0.0
    vertex 54.515572578425605 70.73345464456324 1.9999999999999998
    vertex 51.38854381999832 71.93380852144492 1.9999999999999998
  endloop
endfacet
facet normal -0.453990499739548 -0.8910065241883672 -0.0
  outer loop
    vertex 57.50000000000001 69.21281292110203 1.9999999999999998
    vertex 54.515572578425605 70.73345464456324 0.0
    vertex 57.50000000000001 69.21281292110203 0.0
  endloop
endfacet
facet normal -0.453990499739548 -0.8910065241883672 -0.0
  outer loop
    vertex 54.515572578425605 70.73345464456324 0.0
    vertex 57.50000000000001 69.21281292110203 1.9999999999999998
    vertex 54.515572578425605 70.73345464456324 1.9999999999999998
  endloop
endfacet
facet normal -0.5446390350150269 -0.8386705679454242 -0.0
  outer loop
    vertex 60.30912807335914 67.38854381999832 1.9999999999999998
    vertex 57.50000000000001 69.21281292110203 0.0
    vertex 60.30912807335914 67.38854381999832 0.0
  endloop
endfacet
facet normal -0.5446390350150269 -0.8386705679454242 -0.0
  outer loop
    vertex 57.50000000000001 69.21281292110203 0.0
    vertex 60.30912807335914 67.38854381999832 1.9999999999999998
    vertex 57.50000000000001 69.21281292110203 1.9999999999999998
  endloop
endfacet
facet normal -0.6293203910498381 -0.7771459614569705 -0.0
  outer loop
    vertex 62.912179403483464 65.28063441527662 1.9999999999999998
    vertex 60.30912807335914 67.38854381999832 0.0
    vertex 62.912179403483464 65.28063441527662 0.0
  endloop
endfacet
facet normal -0.6293203910498381 -0.7771459614569705 -0.0
  outer loop
    vertex 60.30912807335914 67.38854381999832 0.0
    vertex 62.912179403483464 65.28063441527662 1.9999999999999998
    vertex 60.30912807335914 67.38854381999832 1.9999999999999998
  endloop
endfacet
facet normal -0.7071067811865476 -0.7071067811865476 -0.0
  outer loop
    vertex 62.912179403483464 65.28063441527662 1.9999999999999998
    vertex 65.28063441527662 62.912179403483464 0.0
    vertex 65.28063441527662 62.912179403483464 1.9999999999999998
  endloop
endfacet
facet normal -0.7071067811865476 -0.7071067811865476 -0.0
  outer loop
    vertex 65.28063441527662 62.912179403483464 0.0
    vertex 62.912179403483464 65.28063441527662 1.9999999999999998
    vertex 62.912179403483464 65.28063441527662 0.0
  endloop
endfacet
facet normal -0.7771459614569705 -0.6293203910498381 -0.0
  outer loop
    vertex 65.28063441527662 62.912179403483464 1.9999999999999998
    vertex 67.38854381999832 60.30912807335914 0.0
    vertex 67.38854381999832 60.30912807335914 1.9999999999999998
  endloop
endfacet
facet normal -0.7771459614569705 -0.6293203910498381 -0.0
  outer loop
    vertex 67.38854381999832 60.30912807335914 0.0
    vertex 65.28063441527662 62.912179403483464 1.9999999999999998
    vertex 65.28063441527662 62.912179403483464 0.0
  endloop
endfacet
facet normal -0.8386705679454236 -0.5446390350150278 -0.0
  outer loop
    vertex 67.38854381999832 60.30912807335914 1.9999999999999998
    vertex 69.21281292110204 57.49999999999999 0.0
    vertex 69.21281292110204 57.49999999999999 1.9999999999999998
  endloop
endfacet
facet normal -0.8386705679454236 -0.5446390350150278 -0.0
  outer loop
    vertex 69.21281292110204 57.49999999999999 0.0
    vertex 67.38854381999832 60.30912807335914 1.9999999999999998
    vertex 67.38854381999832 60.30912807335914 0.0
  endloop
endfacet
facet normal -0.8910065241883679 -0.4539904997395467 -0.0
  outer loop
    vertex 69.21281292110204 57.49999999999999 1.9999999999999998
    vertex 70.73345464456324 54.515572578425605 0.0
    vertex 70.73345464456324 54.515572578425605 1.9999999999999998
  endloop
endfacet
facet normal -0.8910065241883679 -0.4539904997395467 -0.0
  outer loop
    vertex 70.73345464456324 54.515572578425605 0.0
    vertex 69.21281292110204 57.49999999999999 1.9999999999999998
    vertex 69.21281292110204 57.49999999999999 0.0
  endloop
endfacet
facet normal -0.9335804264972023 -0.35836794954529927 -0.0
  outer loop
    vertex 70.73345464456324 54.515572578425605 1.9999999999999998
    vertex 71.93380852144492 51.38854381999832 0.0
    vertex 71.93380852144492 51.38854381999832 1.9999999999999998
  endloop
endfacet
facet normal -0.9335804264972023 -0.35836794954529927 -0.0
  outer loop
    vertex 71.93380852144492 51.38854381999832 0.0
    vertex 70.73345464456324 54.515572578425605 1.9999999999999998
    vertex 70.73345464456324 54.515572578425605 0.0
  endloop
endfacet
facet normal -0.9659258262890681 -0.25881904510252157 -0.0
  outer loop
    vertex 71.93380852144492 51.38854381999832 1.9999999999999998
    vertex 72.80072322348178 48.1531741061683 0.0
    vertex 72.80072322348178 48.1531741061683 1.9999999999999998
  endloop
endfacet
facet normal -0.9659258262890681 -0.25881904510252157 -0.0
  outer loop
    vertex 72.80072322348178 48.1531741061683 0.0
    vertex 71.93380852144492 51.38854381999832 1.9999999999999998
    vertex 71.93380852144492 51.38854381999832 0.0
  endloop
endfacet
facet normal 0.9238795325112904 -0.38268343236508073 -0.0
  outer loop
    vertex 70.40192378864668 74.49999999999999 0.0
    vertex 70.1022225211328 73.77645713530755 1.9999999999999998
    vertex 70.1022225211328 73.77645713530755 0.0
  endloop
endfacet
facet normal 0.9238795325112904 -0.38268343236508073 -0.0
  outer loop
    vertex 70.1022225211328 73.77645713530755 1.9999999999999998
    vertex 70.40192378864668 74.49999999999999 0.0
    vertex 70.40192378864668 74.49999999999999 1.9999999999999998
  endloop
endfacet
facet normal 0.7933533402912326 -0.6087614290087243 -0.0
  outer loop
    vertex 70.87867965644035 75.12132034355963 0.0
    vertex 70.40192378864668 74.49999999999999 1.9999999999999998
    vertex 70.40192378864668 74.49999999999999 0.0
  endloop
endfacet
facet normal 0.7933533402912326 -0.6087614290087243 -0.0
  outer loop
    vertex 70.40192378864668 74.49999999999999 1.9999999999999998
    vertex 70.87867965644035 75.12132034355963 0.0
    vertex 70.87867965644035 75.12132034355963 1.9999999999999998
  endloop
endfacet
facet normal 0.6087614290087243 -0.7933533402912326 -0.0
  outer loop
    vertex 71.5 75.5980762113533 1.9999999999999998
    vertex 70.87867965644035 75.12132034355963 0.0
    vertex 71.5 75.5980762113533 0.0
  endloop
endfacet
facet normal 0.6087614290087243 -0.7933533402912326 -0.0
  outer loop
    vertex 70.87867965644035 75.12132034355963 0.0
    vertex 71.5 75.5980762113533 1.9999999999999998
    vertex 70.87867965644035 75.12132034355963 1.9999999999999998
  endloop
endfacet
facet normal 0.38268343236509317 -0.9238795325112855 -0.0
  outer loop
    vertex 72.22354286469243 75.8977774788672 1.9999999999999998
    vertex 71.5 75.5980762113533 0.0
    vertex 72.22354286469243 75.8977774788672 0.0
  endloop
endfacet
facet normal 0.38268343236509317 -0.9238795325112855 -0.0
  outer loop
    vertex 71.5 75.5980762113533 0.0
    vertex 72.22354286469243 75.8977774788672 1.9999999999999998
    vertex 71.5 75.5980762113533 1.9999999999999998
  endloop
endfacet
facet normal 0.13052619222004555 -0.9914448613738113 -0.0
  outer loop
    vertex 72.99999999999999 75.99999999999999 1.9999999999999998
    vertex 72.22354286469243 75.8977774788672 0.0
    vertex 72.99999999999999 75.99999999999999 0.0
  endloop
endfacet
facet normal 0.13052619222004555 -0.9914448613738113 -0.0
  outer loop
    vertex 72.22354286469243 75.8977774788672 0.0
    vertex 72.99999999999999 75.99999999999999 1.9999999999999998
    vertex 72.22354286469243 75.8977774788672 1.9999999999999998
  endloop
endfacet
facet normal -0.13052619222005968 -0.9914448613738094 -0.0
  outer loop
    vertex 73.77645713530755 75.89777747886718 1.9999999999999998
    vertex 72.99999999999999 75.99999999999999 0.0
    vertex 73.77645713530755 75.89777747886718 0.0
  endloop
endfacet
facet normal -0.13052619222005968 -0.9914448613738094 -0.0
  outer loop
    vertex 72.99999999999999 75.99999999999999 0.0
    vertex 73.77645713530755 75.89777747886718 1.9999999999999998
    vertex 72.99999999999999 75.99999999999999 1.9999999999999998
  endloop
endfacet
facet normal -0.38268343236508073 -0.9238795325112904 -0.0
  outer loop
    vertex 74.49999999999999 75.5980762113533 1.9999999999999998
    vertex 73.77645713530755 75.89777747886718 0.0
    vertex 74.49999999999999 75.5980762113533 0.0
  endloop
endfacet
facet normal -0.38268343236508073 -0.9238795325112904 -0.0
  outer loop
    vertex 73.77645713530755 75.89777747886718 0.0
    vertex 74.49999999999999 75.5980762113533 1.9999999999999998
    vertex 73.77645713530755 75.89777747886718 1.9999999999999998
  endloop
endfacet
facet normal -0.6087614290087243 -0.7933533402912326 -0.0
  outer loop
    vertex 75.12132034355963 75.12132034355963 1.9999999999999998
    vertex 74.49999999999999 75.5980762113533 0.0
    vertex 75.12132034355963 75.12132034355963 0.0
  endloop
endfacet
facet normal -0.6087614290087243 -0.7933533402912326 -0.0
  outer loop
    vertex 74.49999999999999 75.5980762113533 0.0
    vertex 75.12132034355963 75.12132034355963 1.9999999999999998
    vertex 74.49999999999999 75.5980762113533 1.9999999999999998
  endloop
endfacet
facet normal -0.7933533402912326 -0.6087614290087243 -0.0
  outer loop
    vertex 75.12132034355963 75.12132034355963 1.9999999999999998
    vertex 75.5980762113533 74.49999999999999 0.0
    vertex 75.5980762113533 74.49999999999999 1.9999999999999998
  endloop
endfacet
facet normal -0.7933533402912326 -0.6087614290087243 -0.0
  outer loop
    vertex 75.5980762113533 74.49999999999999 0.0
    vertex 75.12132034355963 75.12132034355963 1.9999999999999998
    vertex 75.12132034355963 75.12132034355963 0.0
  endloop
endfacet
facet normal -0.9238795325112904 -0.38268343236508073 -0.0
  outer loop
    vertex 75.5980762113533 74.49999999999999 1.9999999999999998
    vertex 75.89777747886718 73.77645713530755 0.0
    vertex 75.89777747886718 73.77645713530755 1.9999999999999998
  endloop
endfacet
facet normal -0.9238795325112904 -0.38268343236508073 -0.0
  outer loop
    vertex 75.89777747886718 73.77645713530755 0.0
    vertex 75.5980762113533 74.49999999999999 1.9999999999999998
    vertex 75.5980762113533 74.49999999999999 0.0
  endloop
endfacet
facet normal -0.9914448613738094 -0.13052619222005968 -0.0
  outer loop
    vertex 75.89777747886718 73.77645713530755 1.9999999999999998
    vertex 75.99999999999999 72.99999999999999 0.0
    vertex 75.99999999999999 72.99999999999999 1.9999999999999998
  endloop
endfacet
facet normal -0.9914448613738094 -0.13052619222005968 -0.0
  outer loop
    vertex 75.99999999999999 72.99999999999999 0.0
    vertex 75.89777747886718 73.77645713530755 1.9999999999999998
    vertex 75.89777747886718 73.77645713530755 0.0
  endloop
endfacet
facet normal -0.9914448613738096 0.13052619222005782 -0.0
  outer loop
    vertex 75.99999999999999 72.99999999999999 1.9999999999999998
    vertex 75.89777747886718 72.22354286469242 0.0
    vertex 75.89777747886718 72.22354286469242 1.9999999999999998
  endloop
endfacet
facet normal -0.9914448613738096 0.13052619222005782 -0.0
  outer loop
    vertex 75.89777747886718 72.22354286469242 0.0
    vertex 75.99999999999999 72.99999999999999 1.9999999999999998
    vertex 75.99999999999999 72.99999999999999 0.0
  endloop
endfacet
facet normal -0.9238795325112885 0.382683432365086 -0.0
  outer loop
    vertex 75.89777747886718 72.22354286469242 1.9999999999999998
    vertex 75.5980762113533 71.5 0.0
    vertex 75.5980762113533 71.5 1.9999999999999998
  endloop
endfacet
facet normal -0.9238795325112885 0.382683432365086 -0.0
  outer loop
    vertex 75.5980762113533 71.5 0.0
    vertex 75.89777747886718 72.22354286469242 1.9999999999999998
    vertex 75.89777747886718 72.22354286469242 0.0
  endloop
endfacet
facet normal -0.7933533402912326 0.6087614290087243 -0.0
  outer loop
    vertex 75.5980762113533 71.5 1.9999999999999998
    vertex 75.12132034355963 70.87867965644035 0.0
    vertex 75.12132034355963 70.87867965644035 1.9999999999999998
  endloop
endfacet
facet normal -0.7933533402912326 0.6087614290087243 -0.0
  outer loop
    vertex 75.12132034355963 70.87867965644035 0.0
    vertex 75.5980762113533 71.5 1.9999999999999998
    vertex 75.5980762113533 71.5 0.0
  endloop
endfacet
facet normal -0.6087614290087243 0.7933533402912326 -0.0
  outer loop
    vertex 74.49999999999999 70.40192378864668 1.9999999999999998
    vertex 75.12132034355963 70.87867965644035 0.0
    vertex 74.49999999999999 70.40192378864668 0.0
  endloop
endfacet
facet normal -0.6087614290087243 0.7933533402912326 -0.0
  outer loop
    vertex 75.12132034355963 70.87867965644035 0.0
    vertex 74.49999999999999 70.40192378864668 1.9999999999999998
    vertex 75.12132034355963 70.87867965644035 1.9999999999999998
  endloop
endfacet
facet normal -0.38268343236509317 0.9238795325112855 -0.0
  outer loop
    vertex 73.77645713530755 70.10222252113279 1.9999999999999998
    vertex 74.49999999999999 70.40192378864668 0.0
    vertex 73.77645713530755 70.10222252113279 0.0
  endloop
endfacet
facet normal -0.38268343236509317 0.9238795325112855 -0.0
  outer loop
    vertex 74.49999999999999 70.40192378864668 0.0
    vertex 73.77645713530755 70.10222252113279 1.9999999999999998
    vertex 74.49999999999999 70.40192378864668 1.9999999999999998
  endloop
endfacet
facet normal -0.13052619222004555 0.9914448613738113 -0.0
  outer loop
    vertex 72.99999999999999 70.0 1.9999999999999998
    vertex 73.77645713530755 70.10222252113279 0.0
    vertex 72.99999999999999 70.0 0.0
  endloop
endfacet
facet normal -0.13052619222004555 0.9914448613738113 -0.0
  outer loop
    vertex 73.77645713530755 70.10222252113279 0.0
    vertex 72.99999999999999 70.0 1.9999999999999998
    vertex 73.77645713530755 70.10222252113279 1.9999999999999998
  endloop
endfacet
facet normal 0.13052619222005782 0.9914448613738096 0.0
  outer loop
    vertex 72.22354286469242 70.1022225211328 1.9999999999999998
    vertex 72.99999999999999 70.0 0.0
    vertex 72.22354286469242 70.1022225211328 0.0
  endloop
endfacet
facet normal 0.13052619222005782 0.9914448613738096 0.0
  outer loop
    vertex 72.99999999999999 70.0 0.0
    vertex 72.22354286469242 70.1022225211328 1.9999999999999998
    vertex 72.99999999999999 70.0 1.9999999999999998
  endloop
endfacet
facet normal 0.382683432365086 0.9238795325112885 0.0
  outer loop
    vertex 71.5 70.40192378864668 1.9999999999999998
    vertex 72.22354286469242 70.1022225211328 0.0
    vertex 71.5 70.40192378864668 0.0
  endloop
endfacet
facet normal 0.382683432365086 0.9238795325112885 0.0
  outer loop
    vertex 72.22354286469242 70.1022225211328 0.0
    vertex 71.5 70.40192378864668 1.9999999999999998
    vertex 72.22354286469242 70.1022225211328 1.9999999999999998
  endloop
endfacet
facet normal 0.6087614290087243 0.7933533402912326 0.0
  outer loop
    vertex 70.87867965644035 70.87867965644035 1.9999999999999998
    vertex 71.5 70.40192378864668 0.0
    vertex 70.87867965644035 70.87867965644035 0.0
  endloop
endfacet
facet normal 0.6087614290087243 0.7933533402912326 0.0
  outer loop
    vertex 71.5 70.40192378864668 0.0
    vertex 70.87867965644035 70.87867965644035 1.9999999999999998
    vertex 71.5 70.40192378864668 1.9999999999999998
  endloop
endfacet
facet normal 0.7933533402912326 0.6087614290087243 0.0
  outer loop
    vertex 70.40192378864668 71.5 0.0
    vertex 70.87867965644035 70.87867965644035 1.9999999999999998
    vertex 70.87867965644035 70.87867965644035 0.0
  endloop
endfacet
facet normal 0.7933533402912326 0.6087614290087243 0.0
  outer loop
    vertex 70.87867965644035 70.87867965644035 1.9999999999999998
    vertex 70.40192378864668 71.5 0.0
    vertex 70.40192378864668 71.5 1.9999999999999998
  endloop
endfacet
facet normal 0.9238795325112855 0.38268343236509317 0.0
  outer loop
    vertex 70.10222252113279 72.22354286469243 0.0
    vertex 70.40192378864668 71.5 1.9999999999999998
    vertex 70.40192378864668 71.5 0.0
  endloop
endfacet
facet normal 0.9238795325112855 0.38268343236509317 0.0
  outer loop
    vertex 70.40192378864668 71.5 1.9999999999999998
    vertex 70.10222252113279 72.22354286469243 0.0
    vertex 70.10222252113279 72.22354286469243 1.9999999999999998
  endloop
endfacet
facet normal 0.9914448613738113 0.13052619222004555 0.0
  outer loop
    vertex 70.0 72.99999999999999 0.0
    vertex 70.10222252113279 72.22354286469243 1.9999999999999998
    vertex 70.10222252113279 72.22354286469243 0.0
  endloop
endfacet
facet normal 0.9914448613738113 0.13052619222004555 0.0
  outer loop
    vertex 70.10222252113279 72.22354286469243 1.9999999999999998
    vertex 70.0 72.99999999999999 0.0
    vertex 70.0 72.99999999999999 1.9999999999999998
  endloop
endfacet
facet normal 0.9914448613738094 -0.13052619222005968 -0.0
  outer loop
    vertex 70.1022225211328 73.77645713530755 0.0
    vertex 70.0 72.99999999999999 1.9999999999999998
    vertex 70.0 72.99999999999999 0.0
  endloop
endfacet
facet normal 0.9914448613738094 -0.13052619222005968 -0.0
  outer loop
    vertex 70.0 72.99999999999999 1.9999999999999998
    vertex 70.1022225211328 73.77645713530755 0.0
    vertex 70.1022225211328 73.77645713530755 1.9999999999999998
  endloop
endfacet
facet normal -0.0 -0.0 1.0
  outer loop
    vertex 11.066191478555083 51.38854381999832 1.9999999999999998
    vertex 10.500000000000004 70.5 2.0000000000000075
    vertex 10.199276776518214 48.15317410616831 1.9999999999999998
  endloop
endfacet
facet normal -0.0 -0.0 1.0
  outer loop
    vertex 10.500000000000004 70.5 2.0000000000000075
    vertex 11.066191478555083 51.38854381999832 1.9999999999999998
    vertex 10.568148347421866 69.98236190979495 2.0000000000000075
  endloop
endfacet
facet normal -0.0 -0.0 1.0
  outer loop
    vertex 10.568148347421866 69.98236190979495 2.0000000000000075
    vertex 11.066191478555083 51.38854381999832 1.9999999999999998
    vertex 10.767949192431127 69.5 2.0000000000000075
  endloop
endfacet
facet normal -0.0 -0.0 1.0
  outer loop
    vertex 10.767949192431127 69.5 2.0000000000000075
    vertex 11.066191478555083 51.38854381999832 1.9999999999999998
    vertex 11.085786437626908 69.0857864376269 2.0000000000000075
  endloop
endfacet
facet normal -0.0 -0.0 1.0
  outer loop
    vertex 11.085786437626908 69.0857864376269 2.0000000000000075
    vertex 11.066191478555083 51.38854381999832 1.9999999999999998
    vertex 12.26654535543677 54.515572578425605 1.9999999999999998
  endloop
endfacet
facet normal -0.0 -0.0 1.0
  outer loop
    vertex 11.085786437626908 69.0857864376269 2.0000000000000075
    vertex 12.26654535543677 54.515572578425605 1.9999999999999998
    vertex 11.500000000000002 68.76794919243112 2.0000000000000075
  endloop
endfacet
facet normal -0.0 -0.0 1.0
  outer loop
    vertex 11.500000000000002 68.76794919243112 2.0000000000000075
    vertex 12.26654535543677 54.515572578425605 1.9999999999999998
    vertex 11.98236190979496 68.56814834742187 2.0000000000000075
  endloop
endfacet
facet normal -0.0 -0.0 1.0
  outer loop
    vertex 11.98236190979496 68.56814834742187 2.0000000000000075
    vertex 12.26654535543677 54.515572578425605 1.9999999999999998
    vertex 12.500000000000002 68.5 2.0000000000000075
  endloop
endfacet
facet normal -0.0 -0.0 1.0
  outer loop
    vertex 12.500000000000002 68.5 2.0000000000000075
    vertex 12.26654535543677 54.515572578425605 1.9999999999999998
    vertex 13.787187078897961 57.50000000000001 1.9999999999999998
  endloop
endfacet
facet normal -0.0 -0.0 1.0
  outer loop
    vertex 12.500000000000002 68.5 2.0000000000000075
    vertex 13.787187078897961 57.50000000000001 1.9999999999999998
    vertex 13.01763809020504 68.56814834742187 2.0000000000000075
  endloop
endfacet
facet normal -0.0 -0.0 1.0
  outer loop
    vertex 13.01763809020504 68.56814834742187 2.0000000000000075
    vertex 13.787187078897961 57.50000000000001 1.9999999999999998
    vertex 13.499999999999998 68.76794919243112 2.0000000000000075
  endloop
endfacet
facet normal -0.0 -0.0 1.0
  outer loop
    vertex 13.499999999999998 68.76794919243112 2.0000000000000075
    vertex 13.787187078897961 57.50000000000001 1.9999999999999998
    vertex 13.914213562373092 69.08578643762691 2.0000000000000075
  endloop
endfacet
facet normal -0.0 -0.0 1.0
  outer loop
    vertex 13.914213562373092 69.08578643762691 2.0000000000000075
    vertex 13.787187078897961 57.50000000000001 1.9999999999999998
    vertex 15.61145618000168 60.30912807335914 1.9999999999999998
  endloop
endfacet
facet normal -0.0 -0.0 1.0
  outer loop
    vertex 13.914213562373092 69.08578643762691 2.0000000000000075
    vertex 15.61145618000168 60.30912807335914 1.9999999999999998
    vertex 14.232050807568873 69.5 2.0000000000000075
  endloop
endfacet
facet normal -0.0 -0.0 1.0
  outer loop
    vertex 14.232050807568873 69.5 2.0000000000000075
    vertex 15.61145618000168 60.30912807335914 1.9999999999999998
    vertex 14.431851652578132 69.98236190979495 2.0000000000000075
  endloop
endfacet
facet normal -0.0 -0.0 1.0
  outer loop
    vertex 14.431851652578132 69.98236190979495 2.0000000000000075
    vertex 15.61145618000168 60.30912807335914 1.9999999999999998
    vertex 14.499999999999996 70.5 2.0000000000000075
  endloop
endfacet
facet normal -0.0 -0.0 1.0
  outer loop
    vertex 10.499999999999998 12.5 2.0
    vertex 11.066191478555078 31.611456180001685 1.9999999999999998
    vertex 10.199276776518214 34.846825893831706 1.9999999999999998
  endloop
endfacet
facet normal -0.0 -0.0 1.0
  outer loop
    vertex 11.066191478555078 31.611456180001685 1.9999999999999998
    vertex 10.499999999999998 12.5 2.0
    vertex 10.568148347421863 13.017638090205043 2.0
  endloop
endfacet
facet normal -0.0 -0.0 1.0
  outer loop
    vertex 11.066191478555078 31.611456180001685 1.9999999999999998
    vertex 10.568148347421863 13.017638090205043 2.0
    vertex 10.767949192431121 13.5 2.0
  endloop
endfacet
facet normal -0.0 -0.0 1.0
  outer loop
    vertex 11.066191478555078 31.611456180001685 1.9999999999999998
    vertex 10.767949192431121 13.5 2.0
    vertex 11.085786437626904 13.914213562373096 2.0
  endloop
endfacet
facet normal -0.0 -0.0 1.0
  outer loop
    vertex 11.066191478555078 31.611456180001685 1.9999999999999998
    vertex 11.085786437626904 13.914213562373096 2.0
    vertex 12.26654535543676 28.4844274215744 1.9999999999999998
  endloop
endfacet
facet normal -0.0 -0.0 1.0
  outer loop
    vertex 12.26654535543676 28.4844274215744 1.9999999999999998
    vertex 11.085786437626904 13.914213562373096 2.0
    vertex 11.499999999999998 14.232050807568875 2.0
  endloop
endfacet
facet normal -0.0 -0.0 1.0
  outer loop
    vertex 12.26654535543676 28.4844274215744 1.9999999999999998
    vertex 11.499999999999998 14.232050807568875 2.0
    vertex 11.982361909794957 14.431851652578136 2.0
  endloop
endfacet
facet normal -0.0 -0.0 1.0
  outer loop
    vertex 12.26654535543676 28.4844274215744 1.9999999999999998
    vertex 11.982361909794957 14.431851652578136 2.0
    vertex 12.499999999999998 14.499999999999998 2.0
  endloop
endfacet
facet normal -0.0 -0.0 1.0
  outer loop
    vertex 12.26654535543676 28.4844274215744 1.9999999999999998
    vertex 12.499999999999998 14.499999999999998 2.0
    vertex 13.787187078897949 25.500000000000004 1.9999999999999998
  endloop
endfacet
facet normal -0.0 -0.0 1.0
  outer loop
    vertex 13.787187078897949 25.500000000000004 1.9999999999999998
    vertex 12.499999999999998 14.499999999999998 2.0
    vertex 13.017638090205043 14.431851652578136 2.0
  endloop
endfacet
facet normal -0.0 -0.0 1.0
  outer loop
    vertex 13.787187078897949 25.500000000000004 1.9999999999999998
    vertex 13.017638090205043 14.431851652578136 2.0
    vertex 13.499999999999998 14.232050807568875 2.0
  endloop
endfacet
facet normal -0.0 -0.0 1.0
  outer loop
    vertex 13.787187078897949 25.500000000000004 1.9999999999999998
    vertex 13.499999999999998 14.232050807568875 2.0
    vertex 13.914213562373092 13.914213562373092 2.0
  endloop
endfacet
facet normal -0.0 -0.0 1.0
  outer loop
    vertex 13.787187078897949 25.500000000000004 1.9999999999999998
    vertex 13.914213562373092 13.914213562373092 2.0
    vertex 15.611456180001673 22.69087192664086 1.9999999999999998
  endloop
endfacet
facet normal -0.0 -0.0 1.0
  outer loop
    vertex 15.611456180001673 22.69087192664086 1.9999999999999998
    vertex 13.914213562373092 13.914213562373092 2.0
    vertex 14.232050807568875 13.499999999999998 2.0
  endloop
endfacet
facet normal -0.0 -0.0 1.0
  outer loop
    vertex 15.611456180001673 22.69087192664086 1.9999999999999998
    vertex 14.232050807568875 13.499999999999998 2.0
    vertex 14.431851652578136 13.01763809020504 2.0
  endloop
endfacet
facet normal -0.0 -0.0 1.0
  outer loop
    vertex 15.611456180001673 22.69087192664086 1.9999999999999998
    vertex 14.431851652578136 13.01763809020504 2.0
    vertex 14.499999999999996 12.5 2.0
  endloop
endfacet
facet normal -0.0 -0.0 1.0
  outer loop
    vertex 2.783157153320309 7.94866916824286 1.9999999999999998
    vertex 1.999999999999999 75.0 1.9999999999999998
    vertex 1.999999999999999 7.999999999999999 1.9999999999999998
  endloop
endfacet
facet normal -0.0 -0.0 1.0
  outer loop
    vertex 1.999999999999999 75.0 1.9999999999999998
    vertex 2.783157153320309 7.94866916824286 1.9999999999999998
    vertex 2.783157153320309 75.05133083175714 1.9999999999999998
  endloop
endfacet
facet normal -0.0 -0.0 1.0
  outer loop
    vertex 2.783157153320309 75.05133083175714 1.9999999999999998
    vertex 2.783157153320309 7.94866916824286 1.9999999999999998
    vertex 3.5529142706151244 7.795554957734409 1.9999999999999998
  endloop
endfacet
facet normal -0.0 -0.0 1.0
  outer loop
    vertex 2.783157153320309 75.05133083175714 1.9999999999999998
    vertex 3.5529142706151244 7.795554957734409 1.9999999999999998
    vertex 3.5529142706151244 75.20444504226559 1.9999999999999998
  endloop
endfacet
facet normal -0.0 -0.0 1.0
  outer loop
    vertex 3.5529142706151244 75.20444504226559 1.9999999999999998
    vertex 3.5529142706151244 7.795554957734409 1.9999999999999998
    vertex 4.296100594190539 7.543277195067719 1.9999999999999998
  endloop
endfacet
facet normal -0.0 -0.0 1.0
  outer loop
    vertex 3.5529142706151244 75.20444504226559 1.9999999999999998
    vertex 4.296100594190539 7.543277195067719 1.9999999999999998
    vertex 4.296100594190539 75.45672280493228 1.9999999999999998
  endloop
endfacet
facet normal -0.0 -0.0 1.0
  outer loop
    vertex 4.296100594190539 75.45672280493228 1.9999999999999998
    vertex 4.296100594190539 7.543277195067719 1.9999999999999998
    vertex 5.000000000000001 7.196152422706631 1.9999999999999998
  endloop
endfacet
facet normal -0.0 -0.0 1.0
  outer loop
    vertex 4.296100594190539 75.45672280493228 1.9999999999999998
    vertex 5.000000000000001 7.196152422706631 1.9999999999999998
    vertex 5.000000000000001 75.80384757729337 1.9999999999999998
  endloop
endfacet
facet normal -0.0 -0.0 1.0
  outer loop
    vertex 5.000000000000001 75.80384757729337 1.9999999999999998
    vertex 5.000000000000001 7.196152422706631 1.9999999999999998
    vertex 5.6525685740523235 6.760120041747409 1.9999999999999998
  endloop
endfacet
facet normal -0.0 -0.0 1.0
  outer loop
    vertex 5.000000000000001 75.80384757729337 1.9999999999999998
    vertex 5.6525685740523235 6.760120041747409 1.9999999999999998
    vertex 5.6525685740523235 76.23987995825259 1.9999999999999998
  endloop
endfacet
facet normal -0.0 -0.0 1.0
  outer loop
    vertex 5.6525685740523235 76.23987995825259 1.9999999999999998
    vertex 5.6525685740523235 6.760120041747409 1.9999999999999998
    vertex 6.242640687119286 6.242640687119284 1.9999999999999998
  endloop
endfacet
facet normal -0.0 -0.0 1.0
  outer loop
    vertex 5.6525685740523235 76.23987995825259 1.9999999999999998
    vertex 6.242640687119286 6.242640687119284 1.9999999999999998
    vertex 6.242640687119286 76.75735931288071 1.9999999999999998
  endloop
endfacet
facet normal -0.0 -0.0 1.0
  outer loop
    vertex 6.242640687119286 76.75735931288071 1.9999999999999998
    vertex 6.242640687119286 6.242640687119284 1.9999999999999998
    vertex 6.760120041747411 5.6525685740523235 1.9999999999999998
  endloop
endfacet
facet normal -0.0 -0.0 1.0
  outer loop
    vertex 6.242640687119286 76.75735931288071 1.9999999999999998
    vertex 6.760120041747411 5.6525685740523235 1.9999999999999998
    vertex 6.760120041747411 77.34743142594768 1.9999999999999998
  endloop
endfacet
facet normal -0.0 -0.0 1.0
  outer loop
    vertex 6.760120041747411 77.34743142594768 1.9999999999999998
    vertex 6.760120041747411 5.6525685740523235 1.9999999999999998
    vertex 7.196152422706631 4.999999999999999 1.9999999999999998
  endloop
endfacet
facet normal -0.0 -0.0 1.0
  outer loop
    vertex 6.760120041747411 77.34743142594768 1.9999999999999998
    vertex 7.196152422706631 4.999999999999999 1.9999999999999998
    vertex 7.196152422706631 78.0 1.9999999999999998
  endloop
endfacet
facet normal -0.0 -0.0 1.0
  outer loop
    vertex 7.196152422706631 78.0 1.9999999999999998
    vertex 7.196152422706631 4.999999999999999 1.9999999999999998
    vertex 7.543277195067719 4.296100594190539 1.9999999999999998
  endloop
endfacet
facet normal -0.0 -0.0 1.0
  outer loop
    vertex 7.196152422706631 78.0 1.9999999999999998
    vertex 7.543277195067719 4.296100594190539 1.9999999999999998
    vertex 7.543277195067719 78.70389940580947 1.9999999999999998
  endloop
endfacet
facet normal -0.0 -0.0 1.0
  outer loop
    vertex 7.543277195067719 78.70389940580947 1.9999999999999998
    vertex 7.543277195067719 4.296100594190539 1.9999999999999998
    vertex 7.795554957734409 3.5529142706151244 1.9999999999999998
  endloop
endfacet
facet normal -0.0 -0.0 1.0
  outer loop
    vertex 7.543277195067719 78.70389940580947 1.9999999999999998
    vertex 7.795554957734409 3.5529142706151244 1.9999999999999998
    vertex 7.795554957734409 79.44708572938487 1.9999999999999998
  endloop
endfacet
facet normal -0.0 -0.0 1.0
  outer loop
    vertex 7.795554957734409 79.44708572938487 1.9999999999999998
    vertex 7.795554957734409 3.5529142706151244 1.9999999999999998
    vertex 7.94866916824286 2.7831571533203094 1.9999999999999998
  endloop
endfacet
facet normal -0.0 -0.0 1.0
  outer loop
    vertex 7.795554957734409 79.44708572938487 1.9999999999999998
    vertex 7.94866916824286 2.7831571533203094 1.9999999999999998
    vertex 7.94866916824286 80.21684284667968 1.9999999999999998
  endloop
endfacet
facet normal -0.0 -0.0 1.0
  outer loop
    vertex 7.94866916824286 80.21684284667968 1.9999999999999998
    vertex 7.94866916824286 2.7831571533203094 1.9999999999999998
    vertex 7.999999999999999 1.9999999999999998 1.9999999999999998
  endloop
endfacet
facet normal -0.0 -0.0 1.0
  outer loop
    vertex 7.94866916824286 80.21684284667968 1.9999999999999998
    vertex 7.999999999999999 1.9999999999999998 1.9999999999999998
    vertex 7.999999999999999 81.0 1.9999999999999998
  endloop
endfacet
facet normal -0.0 -0.0 1.0
  outer loop
    vertex 7.999999999999999 81.0 1.9999999999999998
    vertex 7.999999999999999 1.9999999999999998 1.9999999999999998
    vertex 10.499999999999998 12.5 2.0
  endloop
endfacet
facet normal -0.0 -0.0 1.0
  outer loop
    vertex 10.499999999999998 12.5 2.0
    vertex 7.999999999999999 1.9999999999999998 1.9999999999999998
    vertex 10.568148347421863 11.982361909794959 2.0
  endloop
endfacet
facet normal -0.0 -0.0 1.0
  outer loop
    vertex 10.568148347421863 11.982361909794959 2.0
    vertex 7.999999999999999 1.9999999999999998 1.9999999999999998
    vertex 10.767949192431121 11.5 2.0
  endloop
endfacet
facet normal -0.0 -0.0 1.0
  outer loop
    vertex 10.767949192431121 11.5 2.0
    vertex 7.999999999999999 1.9999999999999998 1.9999999999999998
    vertex 11.085786437626904 11.085786437626906 2.0
  endloop
endfacet
facet normal -0.0 -0.0 1.0
  outer loop
    vertex 11.085786437626904 11.085786437626906 2.0
    vertex 7.999999999999999 1.9999999999999998 1.9999999999999998
    vertex 11.499999999999998 10.767949192431123 2.0
  endloop
endfacet
facet normal -0.0 -0.0 1.0
  outer loop
    vertex 11.499999999999998 10.767949192431123 2.0
    vertex 7.999999999999999 1.9999999999999998 1.9999999999999998
    vertex 11.982361909794957 10.568148347421864 2.0
  endloop
endfacet
facet normal -0.0 -0.0 1.0
  outer loop
    vertex 11.982361909794957 10.568148347421864 2.0
    vertex 7.999999999999999 1.9999999999999998 1.9999999999999998
    vertex 75.0 1.9999999999999998 1.9999999999999998
  endloop
endfacet
facet normal -0.0 -0.0 1.0
  outer loop
    vertex 7.999999999999999 81.0 1.9999999999999998
    vertex 10.499999999999998 12.5 2.0
    vertex 9.499999999999995 41.5 1.9999999999999998
  endloop
endfacet
facet normal -0.0 -0.0 1.0
  outer loop
    vertex 9.499999999999995 41.5 1.9999999999999998
    vertex 10.499999999999998 12.5 2.0
    vertex 9.675299348215246 38.1550891754351 1.9999999999999998
  endloop
endfacet
facet normal -0.0 -0.0 1.0
  outer loop
    vertex 9.675299348215246 38.1550891754351 1.9999999999999998
    vertex 10.499999999999998 12.5 2.0
    vertex 10.199276776518214 34.846825893831706 1.9999999999999998
  endloop
endfacet
facet normal -0.0 -0.0 1.0
  outer loop
    vertex 11.982361909794957 10.568148347421864 2.0
    vertex 75.0 1.9999999999999998 1.9999999999999998
    vertex 12.499999999999998 10.5 2.0
  endloop
endfacet
facet normal -0.0 -0.0 1.0
  outer loop
    vertex 12.499999999999998 10.5 2.0
    vertex 75.0 1.9999999999999998 1.9999999999999998
    vertex 13.01763809020504 10.568148347421864 2.0
  endloop
endfacet
facet normal -0.0 -0.0 1.0
  outer loop
    vertex 13.01763809020504 10.568148347421864 2.0
    vertex 75.0 1.9999999999999998 1.9999999999999998
    vertex 13.499999999999998 10.767949192431123 2.0
  endloop
endfacet
facet normal -0.0 -0.0 1.0
  outer loop
    vertex 13.499999999999998 10.767949192431123 2.0
    vertex 75.0 1.9999999999999998 1.9999999999999998
    vertex 13.914213562373092 11.085786437626904 2.0
  endloop
endfacet
facet normal -0.0 -0.0 1.0
  outer loop
    vertex 13.914213562373092 11.085786437626904 2.0
    vertex 75.0 1.9999999999999998 1.9999999999999998
    vertex 14.232050807568875 11.499999999999998 2.0
  endloop
endfacet
facet normal -0.0 -0.0 1.0
  outer loop
    vertex 14.232050807568875 11.499999999999998 2.0
    vertex 75.0 1.9999999999999998 1.9999999999999998
    vertex 14.431851652578132 11.982361909794957 2.0
  endloop
endfacet
facet normal -0.0 -0.0 1.0
  outer loop
    vertex 14.431851652578132 11.982361909794957 2.0
    vertex 75.0 1.9999999999999998 1.9999999999999998
    vertex 14.499999999999996 12.5 2.0
  endloop
endfacet
facet normal -0.0 -0.0 1.0
  outer loop
    vertex 14.499999999999996 12.5 2.0
    vertex 75.0 1.9999999999999998 1.9999999999999998
    vertex 34.84682589383168 10.199276776518214 1.9999999999999998
  endloop
endfacet
facet normal -0.0 -0.0 1.0
  outer loop
    vertex 14.499999999999996 12.5 2.0
    vertex 34.84682589383168 10.199276776518214 1.9999999999999998
    vertex 31.61145618000167 11.066191478555083 1.9999999999999998
  endloop
endfacet
facet normal -0.0 -0.0 1.0
  outer loop
    vertex 14.499999999999996 12.5 2.0
    vertex 31.61145618000167 11.066191478555083 1.9999999999999998
    vertex 28.484427421574367 12.266545355436778 1.9999999999999998
  endloop
endfacet
facet normal -0.0 -0.0 1.0
  outer loop
    vertex 14.499999999999996 12.5 2.0
    vertex 28.484427421574367 12.266545355436778 1.9999999999999998
    vertex 25.499999999999982 13.787187078897967 1.9999999999999998
  endloop
endfacet
facet normal -0.0 -0.0 1.0
  outer loop
    vertex 14.499999999999996 12.5 2.0
    vertex 25.499999999999982 13.787187078897967 1.9999999999999998
    vertex 22.69087192664085 15.61145618000168 1.9999999999999998
  endloop
endfacet
facet normal -0.0 -0.0 1.0
  outer loop
    vertex 14.499999999999996 12.5 2.0
    vertex 22.69087192664085 15.61145618000168 1.9999999999999998
    vertex 20.087820596516526 17.719365584723388 1.9999999999999998
  endloop
endfacet
facet normal -0.0 -0.0 1.0
  outer loop
    vertex 14.499999999999996 12.5 2.0
    vertex 20.087820596516526 17.719365584723388 1.9999999999999998
    vertex 17.719365584723374 20.087820596516544 1.9999999999999998
  endloop
endfacet
facet normal -0.0 -0.0 1.0
  outer loop
    vertex 14.499999999999996 12.5 2.0
    vertex 17.719365584723374 20.087820596516544 1.9999999999999998
    vertex 15.611456180001673 22.69087192664086 1.9999999999999998
  endloop
endfacet
facet normal -0.0 -0.0 1.0
  outer loop
    vertex 34.84682589383168 10.199276776518214 1.9999999999999998
    vertex 75.0 1.9999999999999998 1.9999999999999998
    vertex 38.15508917543506 9.675299348215246 1.9999999999999998
  endloop
endfacet
facet normal -0.0 -0.0 1.0
  outer loop
    vertex 38.15508917543506 9.675299348215246 1.9999999999999998
    vertex 75.0 1.9999999999999998 1.9999999999999998
    vertex 41.49999999999999 9.499999999999995 1.9999999999999998
  endloop
endfacet
facet normal -0.0 -0.0 1.0
  outer loop
    vertex 41.49999999999999 9.499999999999995 1.9999999999999998
    vertex 75.0 1.9999999999999998 1.9999999999999998
    vertex 44.84491082456489 9.675299348215246 1.9999999999999998
  endloop
endfacet
facet normal -0.0 -0.0 1.0
  outer loop
    vertex 44.84491082456489 9.675299348215246 1.9999999999999998
    vertex 75.0 1.9999999999999998 1.9999999999999998
    vertex 48.15317410616827 10.199276776518209 1.9999999999999998
  endloop
endfacet
facet normal -0.0 -0.0 1.0
  outer loop
    vertex 48.15317410616827 10.199276776518209 1.9999999999999998
    vertex 75.0 1.9999999999999998 1.9999999999999998
    vertex 51.388543819998304 11.066191478555078 1.9999999999999998
  endloop
endfacet
facet normal -0.0 -0.0 1.0
  outer loop
    vertex 51.388543819998304 11.066191478555078 1.9999999999999998
    vertex 75.0 1.9999999999999998 1.9999999999999998
    vertex 54.515572578425584 12.26654535543676 1.9999999999999998
  endloop
endfacet
facet normal -0.0 -0.0 1.0
  outer loop
    vertex 54.515572578425584 12.26654535543676 1.9999999999999998
    vertex 75.0 1.9999999999999998 1.9999999999999998
    vertex 57.49999999999997 13.787187078897944 1.9999999999999998
  endloop
endfacet
facet normal -0.0 -0.0 1.0
  outer loop
    vertex 57.49999999999997 13.787187078897944 1.9999999999999998
    vertex 75.0 1.9999999999999998 1.9999999999999998
    vertex 60.30912807335914 15.611456180001673 1.9999999999999998
  endloop
endfacet
facet normal -0.0 -0.0 1.0
  outer loop
    vertex 60.30912807335914 15.611456180001673 1.9999999999999998
    vertex 75.0 1.9999999999999998 1.9999999999999998
    vertex 62.91217940348345 17.719365584723366 1.9999999999999998
  endloop
endfacet
facet normal -0.0 -0.0 1.0
  outer loop
    vertex 62.91217940348345 17.719365584723366 1.9999999999999998
    vertex 75.0 1.9999999999999998 1.9999999999999998
    vertex 68.76794919243112 11.5 1.9999999999999925
  endloop
endfacet
facet normal -0.0 -0.0 1.0
  outer loop
    vertex 62.91217940348345 17.719365584723366 1.9999999999999998
    vertex 68.76794919243112 11.5 1.9999999999999925
    vertex 68.56814834742187 11.982361909794959 1.9999999999999925
  endloop
endfacet
facet normal -0.0 -0.0 1.0
  outer loop
    vertex 62.91217940348345 17.719365584723366 1.9999999999999998
    vertex 68.56814834742187 11.982361909794959 1.9999999999999925
    vertex 65.2806344152766 20.087820596516515 1.9999999999999998
  endloop
endfacet
facet normal -0.0 -0.0 1.0
  outer loop
    vertex 65.2806344152766 20.087820596516515 1.9999999999999998
    vertex 68.56814834742187 11.982361909794959 1.9999999999999925
    vertex 68.5 12.5 1.9999999999999925
  endloop
endfacet
facet normal -0.0 -0.0 1.0
  outer loop
    vertex 65.2806344152766 20.087820596516515 1.9999999999999998
    vertex 68.5 12.5 1.9999999999999925
    vertex 67.38854381999832 22.690871926640845 1.9999999999999998
  endloop
endfacet
facet normal -0.0 -0.0 1.0
  outer loop
    vertex 68.76794919243112 11.5 1.9999999999999925
    vertex 75.0 1.9999999999999998 1.9999999999999998
    vertex 69.0857864376269 11.085786437626906 1.9999999999999925
  endloop
endfacet
facet normal -0.0 -0.0 1.0
  outer loop
    vertex 69.0857864376269 11.085786437626906 1.9999999999999925
    vertex 75.0 1.9999999999999998 1.9999999999999998
    vertex 69.5 10.767949192431123 1.9999999999999925
  endloop
endfacet
facet normal -0.0 -0.0 1.0
  outer loop
    vertex 69.5 10.767949192431123 1.9999999999999925
    vertex 75.0 1.9999999999999998 1.9999999999999998
    vertex 69.98236190979495 10.568148347421864 1.9999999999999925
  endloop
endfacet
facet normal -0.0 -0.0 1.0
  outer loop
    vertex 69.98236190979495 10.568148347421864 1.9999999999999925
    vertex 75.0 1.9999999999999998 1.9999999999999998
    vertex 70.5 10.5 1.9999999999999925
  endloop
endfacet
facet normal -0.0 -0.0 1.0
  outer loop
    vertex 70.5 10.5 1.9999999999999925
    vertex 75.0 1.9999999999999998 1.9999999999999998
    vertex 71.01763809020504 10.568148347421864 1.9999999999999925
  endloop
endfacet
facet normal -0.0 -0.0 1.0
  outer loop
    vertex 71.01763809020504 10.568148347421864 1.9999999999999925
    vertex 75.0 1.9999999999999998 1.9999999999999998
    vertex 71.5 10.767949192431123 1.9999999999999925
  endloop
endfacet
facet normal -0.0 -0.0 1.0
  outer loop
    vertex 71.5 10.767949192431123 1.9999999999999925
    vertex 75.0 1.9999999999999998 1.9999999999999998
    vertex 71.91421356237309 11.085786437626904 1.9999999999999925
  endloop
endfacet
facet normal -0.0 -0.0 1.0
  outer loop
    vertex 71.91421356237309 11.085786437626904 1.9999999999999925
    vertex 75.0 1.9999999999999998 1.9999999999999998
    vertex 72.23205080756887 11.499999999999998 1.9999999999999925
  endloop
endfacet
facet normal -0.0 -0.0 1.0
  outer loop
    vertex 72.23205080756887 11.499999999999998 1.9999999999999925
    vertex 75.0 1.9999999999999998 1.9999999999999998
    vertex 72.43185165257813 11.982361909794957 1.9999999999999925
  endloop
endfacet
facet normal -0.0 -0.0 1.0
  outer loop
    vertex 72.43185165257813 11.982361909794957 1.9999999999999925
    vertex 75.0 1.9999999999999998 1.9999999999999998
    vertex 72.49999999999999 12.5 1.9999999999999925
  endloop
endfacet
facet normal -0.0 -0.0 1.0
  outer loop
    vertex 72.49999999999999 12.5 1.9999999999999925
    vertex 75.0 1.9999999999999998 1.9999999999999998
    vertex 72.80072322348178 34.84682589383168 1.9999999999999998
  endloop
endfacet
facet normal -0.0 -0.0 1.0
  outer loop
    vertex 72.80072322348178 34.84682589383168 1.9999999999999998
    vertex 75.0 1.9999999999999998 1.9999999999999998
    vertex 73.32470065178475 38.15508917543506 1.9999999999999998
  endloop
endfacet
facet normal -0.0 -0.0 1.0
  outer loop
    vertex 73.32470065178475 38.15508917543506 1.9999999999999998
    vertex 75.0 1.9999999999999998 1.9999999999999998
    vertex 73.5 41.5 1.9999999999999998
  endloop
endfacet
facet normal -0.0 -0.0 1.0
  outer loop
    vertex 73.5 41.5 1.9999999999999998
    vertex 75.0 1.9999999999999998 1.9999999999999998
    vertex 73.77645713530755 70.10222252113279 1.9999999999999998
  endloop
endfacet
facet normal -0.0 -0.0 1.0
  outer loop
    vertex 73.77645713530755 70.10222252113279 1.9999999999999998
    vertex 75.0 1.9999999999999998 1.9999999999999998
    vertex 74.49999999999999 70.40192378864668 1.9999999999999998
  endloop
endfacet
facet normal -0.0 -0.0 1.0
  outer loop
    vertex 74.49999999999999 70.40192378864668 1.9999999999999998
    vertex 75.0 1.9999999999999998 1.9999999999999998
    vertex 75.12132034355963 70.87867965644035 1.9999999999999998
  endloop
endfacet
facet normal -0.0 -0.0 1.0
  outer loop
    vertex 75.12132034355963 70.87867965644035 1.9999999999999998
    vertex 75.0 1.9999999999999998 1.9999999999999998
    vertex 75.05133083175714 2.7831571533203094 1.9999999999999998
  endloop
endfacet
facet normal -0.0 -0.0 1.0
  outer loop
    vertex 75.12132034355963 70.87867965644035 1.9999999999999998
    vertex 75.05133083175714 2.7831571533203094 1.9999999999999998
    vertex 75.20444504226559 3.5529142706151244 1.9999999999999998
  endloop
endfacet
facet normal -0.0 -0.0 1.0
  outer loop
    vertex 75.12132034355963 70.87867965644035 1.9999999999999998
    vertex 75.20444504226559 3.5529142706151244 1.9999999999999998
    vertex 75.5980762113533 71.5 1.9999999999999998
  endloop
endfacet
facet normal -0.0 -0.0 1.0
  outer loop
    vertex 75.5980762113533 71.5 1.9999999999999998
    vertex 75.20444504226559 3.5529142706151244 1.9999999999999998
    vertex 75.45672280493228 4.296100594190539 1.9999999999999998
  endloop
endfacet
facet normal -0.0 -0.0 1.0
  outer loop
    vertex 75.5980762113533 71.5 1.9999999999999998
    vertex 75.45672280493228 4.296100594190539 1.9999999999999998
    vertex 75.80384757729337 4.999999999999999 1.9999999999999998
  endloop
endfacet
facet normal -0.0 -0.0 1.0
  outer loop
    vertex 75.5980762113533 71.5 1.9999999999999998
    vertex 75.80384757729337 4.999999999999999 1.9999999999999998
    vertex 75.89777747886718 72.22354286469242 1.9999999999999998
  endloop
endfacet
facet normal -0.0 -0.0 1.0
  outer loop
    vertex 75.89777747886718 72.22354286469242 1.9999999999999998
    vertex 75.80384757729337 4.999999999999999 1.9999999999999998
    vertex 76.23987995825259 5.6525685740523235 1.9999999999999998
  endloop
endfacet
facet normal -0.0 -0.0 1.0
  outer loop
    vertex 75.89777747886718 72.22354286469242 1.9999999999999998
    vertex 76.23987995825259 5.6525685740523235 1.9999999999999998
    vertex 75.99999999999999 72.99999999999999 1.9999999999999998
  endloop
endfacet
facet normal -0.0 -0.0 1.0
  outer loop
    vertex 7.999999999999999 81.0 1.9999999999999998
    vertex 11.982361909794959 72.43185165257813 2.0000000000000075
    vertex 75.0 81.0 1.9999999999999998
  endloop
endfacet
facet normal -0.0 -0.0 1.0
  outer loop
    vertex 11.982361909794959 72.43185165257813 2.0000000000000075
    vertex 7.999999999999999 81.0 1.9999999999999998
    vertex 11.5 72.23205080756887 2.0000000000000075
  endloop
endfacet
facet normal -0.0 -0.0 1.0
  outer loop
    vertex 11.5 72.23205080756887 2.0000000000000075
    vertex 7.999999999999999 81.0 1.9999999999999998
    vertex 11.085786437626906 71.91421356237308 2.0000000000000075
  endloop
endfacet
facet normal -0.0 -0.0 1.0
  outer loop
    vertex 11.085786437626906 71.91421356237308 2.0000000000000075
    vertex 7.999999999999999 81.0 1.9999999999999998
    vertex 10.767949192431123 71.5 2.0000000000000075
  endloop
endfacet
facet normal -0.0 -0.0 1.0
  outer loop
    vertex 10.767949192431123 71.5 2.0000000000000075
    vertex 7.999999999999999 81.0 1.9999999999999998
    vertex 10.568148347421866 71.01763809020503 2.0000000000000075
  endloop
endfacet
facet normal -0.0 -0.0 1.0
  outer loop
    vertex 10.568148347421866 71.01763809020503 2.0000000000000075
    vertex 7.999999999999999 81.0 1.9999999999999998
    vertex 10.500000000000004 70.5 2.0000000000000075
  endloop
endfacet
facet normal -0.0 -0.0 1.0
  outer loop
    vertex 10.500000000000004 70.5 2.0000000000000075
    vertex 7.999999999999999 81.0 1.9999999999999998
    vertex 9.499999999999995 41.5 1.9999999999999998
  endloop
endfacet
facet normal -0.0 -0.0 1.0
  outer loop
    vertex 10.500000000000004 70.5 2.0000000000000075
    vertex 9.499999999999995 41.5 1.9999999999999998
    vertex 9.675299348215246 44.84491082456492 1.9999999999999998
  endloop
endfacet
facet normal -0.0 -0.0 1.0
  outer loop
    vertex 10.500000000000004 70.5 2.0000000000000075
    vertex 9.675299348215246 44.84491082456492 1.9999999999999998
    vertex 10.199276776518214 48.15317410616831 1.9999999999999998
  endloop
endfacet
facet normal -0.0 -0.0 1.0
  outer loop
    vertex 75.0 81.0 1.9999999999999998
    vertex 11.982361909794959 72.43185165257813 2.0000000000000075
    vertex 12.499999999999998 72.49999999999999 2.0000000000000075
  endloop
endfacet
facet normal -0.0 -0.0 1.0
  outer loop
    vertex 75.0 81.0 1.9999999999999998
    vertex 12.499999999999998 72.49999999999999 2.0000000000000075
    vertex 13.01763809020504 72.43185165257813 2.0000000000000075
  endloop
endfacet
facet normal -0.0 -0.0 1.0
  outer loop
    vertex 75.0 81.0 1.9999999999999998
    vertex 13.01763809020504 72.43185165257813 2.0000000000000075
    vertex 13.499999999999998 72.23205080756887 2.0000000000000075
  endloop
endfacet
facet normal -0.0 -0.0 1.0
  outer loop
    vertex 75.0 81.0 1.9999999999999998
    vertex 13.499999999999998 72.23205080756887 2.0000000000000075
    vertex 13.914213562373092 71.91421356237309 2.0000000000000075
  endloop
endfacet
facet normal -0.0 -0.0 1.0
  outer loop
    vertex 75.0 81.0 1.9999999999999998
    vertex 13.914213562373092 71.91421356237309 2.0000000000000075
    vertex 14.232050807568873 71.5 2.0000000000000075
  endloop
endfacet
facet normal -0.0 -0.0 1.0
  outer loop
    vertex 75.0 81.0 1.9999999999999998
    vertex 14.232050807568873 71.5 2.0000000000000075
    vertex 14.431851652578132 71.01763809020504 2.0000000000000075
  endloop
endfacet
facet normal -0.0 -0.0 1.0
  outer loop
    vertex 75.0 81.0 1.9999999999999998
    vertex 14.431851652578132 71.01763809020504 2.0000000000000075
    vertex 14.499999999999996 70.5 2.0000000000000075
  endloop
endfacet
facet normal -0.0 -0.0 1.0
  outer loop
    vertex 75.0 81.0 1.9999999999999998
    vertex 14.499999999999996 70.5 2.0000000000000075
    vertex 34.8468258938317 72.80072322348178 1.9999999999999998
  endloop
endfacet
facet normal -0.0 -0.0 1.0
  outer loop
    vertex 34.8468258938317 72.80072322348178 1.9999999999999998
    vertex 14.499999999999996 70.5 2.0000000000000075
    vertex 31.611456180001678 71.93380852144492 1.9999999999999998
  endloop
endfacet
facet normal -0.0 -0.0 1.0
  outer loop
    vertex 31.611456180001678 71.93380852144492 1.9999999999999998
    vertex 14.499999999999996 70.5 2.0000000000000075
    vertex 28.484427421574395 70.73345464456324 1.9999999999999998
  endloop
endfacet
facet normal -0.0 -0.0 1.0
  outer loop
    vertex 28.484427421574395 70.73345464456324 1.9999999999999998
    vertex 14.499999999999996 70.5 2.0000000000000075
    vertex 25.500000000000004 69.21281292110204 1.9999999999999998
  endloop
endfacet
facet normal -0.0 -0.0 1.0
  outer loop
    vertex 25.500000000000004 69.21281292110204 1.9999999999999998
    vertex 14.499999999999996 70.5 2.0000000000000075
    vertex 22.69087192664086 67.38854381999832 1.9999999999999998
  endloop
endfacet
facet normal -0.0 -0.0 1.0
  outer loop
    vertex 22.69087192664086 67.38854381999832 1.9999999999999998
    vertex 14.499999999999996 70.5 2.0000000000000075
    vertex 20.087820596516544 65.28063441527662 1.9999999999999998
  endloop
endfacet
facet normal -0.0 -0.0 1.0
  outer loop
    vertex 20.087820596516544 65.28063441527662 1.9999999999999998
    vertex 14.499999999999996 70.5 2.0000000000000075
    vertex 17.71936558472338 62.91217940348347 1.9999999999999998
  endloop
endfacet
facet normal -0.0 -0.0 1.0
  outer loop
    vertex 17.71936558472338 62.91217940348347 1.9999999999999998
    vertex 14.499999999999996 70.5 2.0000000000000075
    vertex 15.61145618000168 60.30912807335914 1.9999999999999998
  endloop
endfacet
facet normal -0.0 -0.0 1.0
  outer loop
    vertex 75.0 81.0 1.9999999999999998
    vertex 34.8468258938317 72.80072322348178 1.9999999999999998
    vertex 38.15508917543509 73.32470065178475 1.9999999999999998
  endloop
endfacet
facet normal -0.0 -0.0 1.0
  outer loop
    vertex 75.0 81.0 1.9999999999999998
    vertex 38.15508917543509 73.32470065178475 1.9999999999999998
    vertex 41.5 73.5 1.9999999999999998
  endloop
endfacet
facet normal -0.0 -0.0 1.0
  outer loop
    vertex 75.0 81.0 1.9999999999999998
    vertex 41.5 73.5 1.9999999999999998
    vertex 44.84491082456492 73.32470065178475 1.9999999999999998
  endloop
endfacet
facet normal -0.0 -0.0 1.0
  outer loop
    vertex 75.0 81.0 1.9999999999999998
    vertex 44.84491082456492 73.32470065178475 1.9999999999999998
    vertex 48.1531741061683 72.80072322348178 1.9999999999999998
  endloop
endfacet
facet normal -0.0 -0.0 1.0
  outer loop
    vertex 75.0 81.0 1.9999999999999998
    vertex 48.1531741061683 72.80072322348178 1.9999999999999998
    vertex 51.38854381999832 71.93380852144492 1.9999999999999998
  endloop
endfacet
facet normal -0.0 -0.0 1.0
  outer loop
    vertex 75.0 81.0 1.9999999999999998
    vertex 51.38854381999832 71.93380852144492 1.9999999999999998
    vertex 54.515572578425605 70.73345464456324 1.9999999999999998
  endloop
endfacet
facet normal -0.0 -0.0 1.0
  outer loop
    vertex 75.0 81.0 1.9999999999999998
    vertex 54.515572578425605 70.73345464456324 1.9999999999999998
    vertex 57.50000000000001 69.21281292110203 1.9999999999999998
  endloop
endfacet
facet normal -0.0 -0.0 1.0
  outer loop
    vertex 75.0 81.0 1.9999999999999998
    vertex 57.50000000000001 69.21281292110203 1.9999999999999998
    vertex 60.30912807335914 67.38854381999832 1.9999999999999998
  endloop
endfacet
facet normal -0.0 -0.0 1.0
  outer loop
    vertex 75.0 81.0 1.9999999999999998
    vertex 60.30912807335914 67.38854381999832 1.9999999999999998
    vertex 62.912179403483464 65.28063441527662 1.9999999999999998
  endloop
endfacet
facet normal -0.0 -0.0 1.0
  outer loop
    vertex 75.0 81.0 1.9999999999999998
    vertex 62.912179403483464 65.28063441527662 1.9999999999999998
    vertex 70.40192378864668 74.49999999999999 1.9999999999999998
  endloop
endfacet
facet normal -0.0 -0.0 1.0
  outer loop
    vertex 70.40192378864668 74.49999999999999 1.9999999999999998
    vertex 62.912179403483464 65.28063441527662 1.9999999999999998
    vertex 65.28063441527662 62.912179403483464 1.9999999999999998
  endloop
endfacet
facet normal -0.0 -0.0 1.0
  outer loop
    vertex 70.40192378864668 74.49999999999999 1.9999999999999998
    vertex 65.28063441527662 62.912179403483464 1.9999999999999998
    vertex 70.1022225211328 73.77645713530755 1.9999999999999998
  endloop
endfacet
facet normal -0.0 -0.0 1.0
  outer loop
    vertex 70.1022225211328 73.77645713530755 1.9999999999999998
    vertex 65.28063441527662 62.912179403483464 1.9999999999999998
    vertex 67.38854381999832 60.30912807335914 1.9999999999999998
  endloop
endfacet
facet normal -0.0 -0.0 1.0
  outer loop
    vertex 70.1022225211328 73.77645713530755 1.9999999999999998
    vertex 67.38854381999832 60.30912807335914 1.9999999999999998
    vertex 70.0 72.99999999999999 1.9999999999999998
  endloop
endfacet
facet normal -0.0 -0.0 1.0
  outer loop
    vertex 70.0 72.99999999999999 1.9999999999999998
    vertex 67.38854381999832 60.30912807335914 1.9999999999999998
    vertex 69.21281292110204 57.49999999999999 1.9999999999999998
  endloop
endfacet
facet normal -0.0 -0.0 1.0
  outer loop
    vertex 75.0 81.0 1.9999999999999998
    vertex 70.40192378864668 74.49999999999999 1.9999999999999998
    vertex 70.87867965644035 75.12132034355963 1.9999999999999998
  endloop
endfacet
facet normal -0.0 -0.0 1.0
  outer loop
    vertex 75.0 81.0 1.9999999999999998
    vertex 70.87867965644035 75.12132034355963 1.9999999999999998
    vertex 71.5 75.5980762113533 1.9999999999999998
  endloop
endfacet
facet normal -0.0 -0.0 1.0
  outer loop
    vertex 75.0 81.0 1.9999999999999998
    vertex 71.5 75.5980762113533 1.9999999999999998
    vertex 72.22354286469243 75.8977774788672 1.9999999999999998
  endloop
endfacet
facet normal -0.0 -0.0 1.0
  outer loop
    vertex 75.0 81.0 1.9999999999999998
    vertex 72.22354286469243 75.8977774788672 1.9999999999999998
    vertex 72.99999999999999 75.99999999999999 1.9999999999999998
  endloop
endfacet
facet normal -0.0 -0.0 1.0
  outer loop
    vertex 75.0 81.0 1.9999999999999998
    vertex 72.99999999999999 75.99999999999999 1.9999999999999998
    vertex 73.77645713530755 75.89777747886718 1.9999999999999998
  endloop
endfacet
facet normal -0.0 -0.0 1.0
  outer loop
    vertex 75.0 81.0 1.9999999999999998
    vertex 73.77645713530755 75.89777747886718 1.9999999999999998
    vertex 74.49999999999999 75.5980762113533 1.9999999999999998
  endloop
endfacet
facet normal -0.0 -0.0 1.0
  outer loop
    vertex 75.0 81.0 1.9999999999999998
    vertex 74.49999999999999 75.5980762113533 1.9999999999999998
    vertex 75.12132034355963 75.12132034355963 1.9999999999999998
  endloop
endfacet
facet normal -0.0 -0.0 1.0
  outer loop
    vertex 75.0 81.0 1.9999999999999998
    vertex 75.12132034355963 75.12132034355963 1.9999999999999998
    vertex 75.05133083175714 80.21684284667968 1.9999999999999998
  endloop
endfacet
facet normal -0.0 -0.0 1.0
  outer loop
    vertex 75.05133083175714 80.21684284667968 1.9999999999999998
    vertex 75.12132034355963 75.12132034355963 1.9999999999999998
    vertex 75.20444504226559 79.44708572938487 1.9999999999999998
  endloop
endfacet
facet normal -0.0 -0.0 1.0
  outer loop
    vertex 75.20444504226559 79.44708572938487 1.9999999999999998
    vertex 75.12132034355963 75.12132034355963 1.9999999999999998
    vertex 75.5980762113533 74.49999999999999 1.9999999999999998
  endloop
endfacet
facet normal -0.0 -0.0 1.0
  outer loop
    vertex 75.20444504226559 79.44708572938487 1.9999999999999998
    vertex 75.5980762113533 74.49999999999999 1.9999999999999998
    vertex 75.45672280493228 78.70389940580947 1.9999999999999998
  endloop
endfacet
facet normal -0.0 -0.0 1.0
  outer loop
    vertex 75.45672280493228 78.70389940580947 1.9999999999999998
    vertex 75.5980762113533 74.49999999999999 1.9999999999999998
    vertex 75.80384757729337 78.0 1.9999999999999998
  endloop
endfacet
facet normal -0.0 -0.0 1.0
  outer loop
    vertex 75.80384757729337 78.0 1.9999999999999998
    vertex 75.5980762113533 74.49999999999999 1.9999999999999998
    vertex 75.89777747886718 73.77645713530755 1.9999999999999998
  endloop
endfacet
facet normal -0.0 -0.0 1.0
  outer loop
    vertex 75.80384757729337 78.0 1.9999999999999998
    vertex 75.89777747886718 73.77645713530755 1.9999999999999998
    vertex 76.23987995825259 77.34743142594768 1.9999999999999998
  endloop
endfacet
facet normal -0.0 -0.0 1.0
  outer loop
    vertex 76.23987995825259 77.34743142594768 1.9999999999999998
    vertex 75.89777747886718 73.77645713530755 1.9999999999999998
    vertex 75.99999999999999 72.99999999999999 1.9999999999999998
  endloop
endfacet
facet normal -0.0 -0.0 1.0
  outer loop
    vertex 76.23987995825259 77.34743142594768 1.9999999999999998
    vertex 75.99999999999999 72.99999999999999 1.9999999999999998
    vertex 76.23987995825259 5.6525685740523235 1.9999999999999998
  endloop
endfacet
facet normal -0.0 -0.0 1.0
  outer loop
    vertex 76.23987995825259 77.34743142594768 1.9999999999999998
    vertex 76.23987995825259 5.6525685740523235 1.9999999999999998
    vertex 76.75735931288071 6.242640687119285 1.9999999999999998
  endloop
endfacet
facet normal -0.0 -0.0 1.0
  outer loop
    vertex 76.23987995825259 77.34743142594768 1.9999999999999998
    vertex 76.75735931288071 6.242640687119285 1.9999999999999998
    vertex 76.75735931288071 76.75735931288071 1.9999999999999998
  endloop
endfacet
facet normal -0.0 -0.0 1.0
  outer loop
    vertex 76.75735931288071 76.75735931288071 1.9999999999999998
    vertex 76.75735931288071 6.242640687119285 1.9999999999999998
    vertex 77.34743142594768 6.7601200417474105 1.9999999999999998
  endloop
endfacet
facet normal -0.0 -0.0 1.0
  outer loop
    vertex 76.75735931288071 76.75735931288071 1.9999999999999998
    vertex 77.34743142594768 6.7601200417474105 1.9999999999999998
    vertex 77.34743142594768 76.23987995825259 1.9999999999999998
  endloop
endfacet
facet normal -0.0 -0.0 1.0
  outer loop
    vertex 77.34743142594768 76.23987995825259 1.9999999999999998
    vertex 77.34743142594768 6.7601200417474105 1.9999999999999998
    vertex 77.99999999999999 7.196152422706631 1.9999999999999998
  endloop
endfacet
facet normal -0.0 -0.0 1.0
  outer loop
    vertex 77.34743142594768 76.23987995825259 1.9999999999999998
    vertex 77.99999999999999 7.196152422706631 1.9999999999999998
    vertex 77.99999999999999 75.80384757729337 1.9999999999999998
  endloop
endfacet
facet normal -0.0 -0.0 1.0
  outer loop
    vertex 77.99999999999999 75.80384757729337 1.9999999999999998
    vertex 77.99999999999999 7.196152422706631 1.9999999999999998
    vertex 78.70389940580947 7.543277195067719 1.9999999999999998
  endloop
endfacet
facet normal -0.0 -0.0 1.0
  outer loop
    vertex 77.99999999999999 75.80384757729337 1.9999999999999998
    vertex 78.70389940580947 7.543277195067719 1.9999999999999998
    vertex 78.70389940580947 75.45672280493228 1.9999999999999998
  endloop
endfacet
facet normal -0.0 -0.0 1.0
  outer loop
    vertex 78.70389940580947 75.45672280493228 1.9999999999999998
    vertex 78.70389940580947 7.543277195067719 1.9999999999999998
    vertex 79.44708572938487 7.79555495773441 1.9999999999999998
  endloop
endfacet
facet normal -0.0 -0.0 1.0
  outer loop
    vertex 78.70389940580947 75.45672280493228 1.9999999999999998
    vertex 79.44708572938487 7.79555495773441 1.9999999999999998
    vertex 79.44708572938487 75.20444504226559 1.9999999999999998
  endloop
endfacet
facet normal -0.0 -0.0 1.0
  outer loop
    vertex 79.44708572938487 75.20444504226559 1.9999999999999998
    vertex 79.44708572938487 7.79555495773441 1.9999999999999998
    vertex 80.21684284667968 7.948669168242862 1.9999999999999998
  endloop
endfacet
facet normal -0.0 -0.0 1.0
  outer loop
    vertex 79.44708572938487 75.20444504226559 1.9999999999999998
    vertex 80.21684284667968 7.948669168242862 1.9999999999999998
    vertex 80.21684284667968 75.05133083175714 1.9999999999999998
  endloop
endfacet
facet normal -0.0 -0.0 1.0
  outer loop
    vertex 80.21684284667968 75.05133083175714 1.9999999999999998
    vertex 80.21684284667968 7.948669168242862 1.9999999999999998
    vertex 81.0 7.999999999999999 1.9999999999999998
  endloop
endfacet
facet normal -0.0 -0.0 1.0
  outer loop
    vertex 80.21684284667968 75.05133083175714 1.9999999999999998
    vertex 81.0 7.999999999999999 1.9999999999999998
    vertex 81.0 75.0 1.9999999999999998
  endloop
endfacet
facet normal -0.0 -0.0 1.0
  outer loop
    vertex 70.73345464456324 54.515572578425605 1.9999999999999998
    vertex 70.0 72.99999999999999 1.9999999999999998
    vertex 69.21281292110204 57.49999999999999 1.9999999999999998
  endloop
endfacet
facet normal -0.0 -0.0 1.0
  outer loop
    vertex 70.0 72.99999999999999 1.9999999999999998
    vertex 70.73345464456324 54.515572578425605 1.9999999999999998
    vertex 70.10222252113279 72.22354286469243 1.9999999999999998
  endloop
endfacet
facet normal -0.0 -0.0 1.0
  outer loop
    vertex 70.10222252113279 72.22354286469243 1.9999999999999998
    vertex 70.73345464456324 54.515572578425605 1.9999999999999998
    vertex 70.40192378864668 71.5 1.9999999999999998
  endloop
endfacet
facet normal -0.0 -0.0 1.0
  outer loop
    vertex 70.40192378864668 71.5 1.9999999999999998
    vertex 70.73345464456324 54.515572578425605 1.9999999999999998
    vertex 70.87867965644035 70.87867965644035 1.9999999999999998
  endloop
endfacet
facet normal -0.0 -0.0 1.0
  outer loop
    vertex 70.87867965644035 70.87867965644035 1.9999999999999998
    vertex 70.73345464456324 54.515572578425605 1.9999999999999998
    vertex 71.93380852144492 51.38854381999832 1.9999999999999998
  endloop
endfacet
facet normal -0.0 -0.0 1.0
  outer loop
    vertex 70.87867965644035 70.87867965644035 1.9999999999999998
    vertex 71.93380852144492 51.38854381999832 1.9999999999999998
    vertex 71.5 70.40192378864668 1.9999999999999998
  endloop
endfacet
facet normal -0.0 -0.0 1.0
  outer loop
    vertex 71.5 70.40192378864668 1.9999999999999998
    vertex 71.93380852144492 51.38854381999832 1.9999999999999998
    vertex 72.22354286469242 70.1022225211328 1.9999999999999998
  endloop
endfacet
facet normal -0.0 -0.0 1.0
  outer loop
    vertex 72.22354286469242 70.1022225211328 1.9999999999999998
    vertex 71.93380852144492 51.38854381999832 1.9999999999999998
    vertex 72.80072322348178 48.1531741061683 1.9999999999999998
  endloop
endfacet
facet normal -0.0 -0.0 1.0
  outer loop
    vertex 72.22354286469242 70.1022225211328 1.9999999999999998
    vertex 72.80072322348178 48.1531741061683 1.9999999999999998
    vertex 72.99999999999999 70.0 1.9999999999999998
  endloop
endfacet
facet normal -0.0 -0.0 1.0
  outer loop
    vertex 72.99999999999999 70.0 1.9999999999999998
    vertex 72.80072322348178 48.1531741061683 1.9999999999999998
    vertex 73.32470065178475 44.844910824564906 1.9999999999999998
  endloop
endfacet
facet normal -0.0 -0.0 1.0
  outer loop
    vertex 72.99999999999999 70.0 1.9999999999999998
    vertex 73.32470065178475 44.844910824564906 1.9999999999999998
    vertex 73.77645713530755 70.10222252113279 1.9999999999999998
  endloop
endfacet
facet normal -0.0 -0.0 1.0
  outer loop
    vertex 73.77645713530755 70.10222252113279 1.9999999999999998
    vertex 73.32470065178475 44.844910824564906 1.9999999999999998
    vertex 73.5 41.5 1.9999999999999998
  endloop
endfacet
facet normal -0.0 -0.0 1.0
  outer loop
    vertex 68.5 12.5 1.9999999999999925
    vertex 69.21281292110203 25.499999999999982 1.9999999999999998
    vertex 67.38854381999832 22.690871926640845 1.9999999999999998
  endloop
endfacet
facet normal -0.0 -0.0 1.0
  outer loop
    vertex 69.21281292110203 25.499999999999982 1.9999999999999998
    vertex 68.5 12.5 1.9999999999999925
    vertex 68.56814834742187 13.017638090205043 1.9999999999999925
  endloop
endfacet
facet normal -0.0 -0.0 1.0
  outer loop
    vertex 69.21281292110203 25.499999999999982 1.9999999999999998
    vertex 68.56814834742187 13.017638090205043 1.9999999999999925
    vertex 68.76794919243112 13.5 1.9999999999999925
  endloop
endfacet
facet normal -0.0 -0.0 1.0
  outer loop
    vertex 69.21281292110203 25.499999999999982 1.9999999999999998
    vertex 68.76794919243112 13.5 1.9999999999999925
    vertex 69.0857864376269 13.914213562373096 1.9999999999999925
  endloop
endfacet
facet normal -0.0 -0.0 1.0
  outer loop
    vertex 69.21281292110203 25.499999999999982 1.9999999999999998
    vertex 69.0857864376269 13.914213562373096 1.9999999999999925
    vertex 69.5 14.232050807568875 1.9999999999999925
  endloop
endfacet
facet normal -0.0 -0.0 1.0
  outer loop
    vertex 69.21281292110203 25.499999999999982 1.9999999999999998
    vertex 69.5 14.232050807568875 1.9999999999999925
    vertex 70.73345464456321 28.484427421574367 1.9999999999999998
  endloop
endfacet
facet normal -0.0 -0.0 1.0
  outer loop
    vertex 70.73345464456321 28.484427421574367 1.9999999999999998
    vertex 69.5 14.232050807568875 1.9999999999999925
    vertex 69.98236190979495 14.431851652578136 1.9999999999999925
  endloop
endfacet
facet normal -0.0 -0.0 1.0
  outer loop
    vertex 70.73345464456321 28.484427421574367 1.9999999999999998
    vertex 69.98236190979495 14.431851652578136 1.9999999999999925
    vertex 70.5 14.499999999999998 1.9999999999999925
  endloop
endfacet
facet normal -0.0 -0.0 1.0
  outer loop
    vertex 70.73345464456321 28.484427421574367 1.9999999999999998
    vertex 70.5 14.499999999999998 1.9999999999999925
    vertex 71.01763809020504 14.431851652578136 1.9999999999999925
  endloop
endfacet
facet normal -0.0 -0.0 1.0
  outer loop
    vertex 70.73345464456321 28.484427421574367 1.9999999999999998
    vertex 71.01763809020504 14.431851652578136 1.9999999999999925
    vertex 71.93380852144492 31.61145618000167 1.9999999999999998
  endloop
endfacet
facet normal -0.0 -0.0 1.0
  outer loop
    vertex 71.93380852144492 31.61145618000167 1.9999999999999998
    vertex 71.01763809020504 14.431851652578136 1.9999999999999925
    vertex 71.5 14.232050807568875 1.9999999999999925
  endloop
endfacet
facet normal -0.0 -0.0 1.0
  outer loop
    vertex 71.93380852144492 31.61145618000167 1.9999999999999998
    vertex 71.5 14.232050807568875 1.9999999999999925
    vertex 71.91421356237309 13.914213562373092 1.9999999999999925
  endloop
endfacet
facet normal -0.0 -0.0 1.0
  outer loop
    vertex 71.93380852144492 31.61145618000167 1.9999999999999998
    vertex 71.91421356237309 13.914213562373092 1.9999999999999925
    vertex 72.23205080756887 13.499999999999998 1.9999999999999925
  endloop
endfacet
facet normal -0.0 -0.0 1.0
  outer loop
    vertex 71.93380852144492 31.61145618000167 1.9999999999999998
    vertex 72.23205080756887 13.499999999999998 1.9999999999999925
    vertex 72.80072322348178 34.84682589383168 1.9999999999999998
  endloop
endfacet
facet normal -0.0 -0.0 1.0
  outer loop
    vertex 72.80072322348178 34.84682589383168 1.9999999999999998
    vertex 72.23205080756887 13.499999999999998 1.9999999999999925
    vertex 72.43185165257813 13.01763809020504 1.9999999999999925
  endloop
endfacet
facet normal -0.0 -0.0 1.0
  outer loop
    vertex 72.80072322348178 34.84682589383168 1.9999999999999998
    vertex 72.43185165257813 13.01763809020504 1.9999999999999925
    vertex 72.49999999999999 12.5 1.9999999999999925
  endloop
endfacet
facet normal 0.0 0.0 -1.0
  outer loop
    vertex 4.5511112605663975 77.38822856765377 0.9999999999999999
    vertex 4.5511112605663975 76.61177143234622 0.9999999999999999
    vertex 4.5 77.0 0.9999999999999999
  endloop
endfacet
facet normal 0.0 0.0 -1.0
  outer loop
    vertex 4.5511112605663975 76.61177143234622 0.9999999999999999
    vertex 4.5511112605663975 77.38822856765377 0.9999999999999999
    vertex 4.700961894323343 77.75 0.9999999999999999
  endloop
endfacet
facet normal 0.0 0.0 -1.0
  outer loop
    vertex 4.5511112605663975 76.61177143234622 0.9999999999999999
    vertex 4.700961894323343 77.75 0.9999999999999999
    vertex 4.700961894323342 76.25 0.9999999999999999
  endloop
endfacet
facet normal 0.0 0.0 -1.0
  outer loop
    vertex 4.700961894323342 76.25 0.9999999999999999
    vertex 4.700961894323343 77.75 0.9999999999999999
    vertex 4.939339828220178 75.93933982822017 0.9999999999999999
  endloop
endfacet
facet normal 0.0 0.0 -1.0
  outer loop
    vertex 4.939339828220178 75.93933982822017 0.9999999999999999
    vertex 4.700961894323343 77.75 0.9999999999999999
    vertex 4.939339828220179 78.06066017177982 0.9999999999999999
  endloop
endfacet
facet normal 0.0 0.0 -1.0
  outer loop
    vertex 4.939339828220178 75.93933982822017 0.9999999999999999
    vertex 4.939339828220179 78.06066017177982 0.9999999999999999
    vertex 5.249999999999999 75.70096189432333 0.9999999999999999
  endloop
endfacet
facet normal 0.0 0.0 -1.0
  outer loop
    vertex 5.249999999999999 75.70096189432333 0.9999999999999999
    vertex 4.939339828220179 78.06066017177982 0.9999999999999999
    vertex 5.250000000000001 78.29903810567666 0.9999999999999999
  endloop
endfacet
facet normal 0.0 0.0 -1.0
  outer loop
    vertex 5.249999999999999 75.70096189432333 0.9999999999999999
    vertex 5.250000000000001 78.29903810567666 0.9999999999999999
    vertex 5.6117714323462184 75.55111126056639 0.9999999999999999
  endloop
endfacet
facet normal 0.0 0.0 -1.0
  outer loop
    vertex 5.6117714323462184 75.55111126056639 0.9999999999999999
    vertex 5.250000000000001 78.29903810567666 0.9999999999999999
    vertex 5.611771432346219 78.4488887394336 0.9999999999999999
  endloop
endfacet
facet normal 0.0 0.0 -1.0
  outer loop
    vertex 5.6117714323462184 75.55111126056639 0.9999999999999999
    vertex 5.611771432346219 78.4488887394336 0.9999999999999999
    vertex 6.0 75.5 0.9999999999999999
  endloop
endfacet
facet normal 0.0 0.0 -1.0
  outer loop
    vertex 6.0 75.5 0.9999999999999999
    vertex 5.611771432346219 78.4488887394336 0.9999999999999999
    vertex 6.0 78.49999999999999 0.9999999999999999
  endloop
endfacet
facet normal 0.0 0.0 -1.0
  outer loop
    vertex 6.0 75.5 0.9999999999999999
    vertex 6.0 78.49999999999999 0.9999999999999999
    vertex 6.3882285676537816 78.4488887394336 0.9999999999999999
  endloop
endfacet
facet normal 0.0 0.0 -1.0
  outer loop
    vertex 6.0 75.5 0.9999999999999999
    vertex 6.3882285676537816 78.4488887394336 0.9999999999999999
    vertex 6.38822856765378 75.55111126056639 0.9999999999999999
  endloop
endfacet
facet normal 0.0 0.0 -1.0
  outer loop
    vertex 6.38822856765378 75.55111126056639 0.9999999999999999
    vertex 6.3882285676537816 78.4488887394336 0.9999999999999999
    vertex 6.749999999999999 75.70096189432333 0.9999999999999999
  endloop
endfacet
facet normal 0.0 0.0 -1.0
  outer loop
    vertex 6.749999999999999 75.70096189432333 0.9999999999999999
    vertex 6.3882285676537816 78.4488887394336 0.9999999999999999
    vertex 6.75 78.29903810567666 0.9999999999999999
  endloop
endfacet
facet normal 0.0 0.0 -1.0
  outer loop
    vertex 6.749999999999999 75.70096189432333 0.9999999999999999
    vertex 6.75 78.29903810567666 0.9999999999999999
    vertex 7.060660171779821 75.93933982822017 0.9999999999999999
  endloop
endfacet
facet normal 0.0 0.0 -1.0
  outer loop
    vertex 7.060660171779821 75.93933982822017 0.9999999999999999
    vertex 6.75 78.29903810567666 0.9999999999999999
    vertex 7.060660171779821 78.06066017177982 0.9999999999999999
  endloop
endfacet
facet normal 0.0 0.0 -1.0
  outer loop
    vertex 7.060660171779821 75.93933982822017 0.9999999999999999
    vertex 7.060660171779821 78.06066017177982 0.9999999999999999
    vertex 7.299038105676658 77.75 0.9999999999999999
  endloop
endfacet
facet normal 0.0 0.0 -1.0
  outer loop
    vertex 7.060660171779821 75.93933982822017 0.9999999999999999
    vertex 7.299038105676658 77.75 0.9999999999999999
    vertex 7.299038105676658 76.25 0.9999999999999999
  endloop
endfacet
facet normal 0.0 0.0 -1.0
  outer loop
    vertex 7.299038105676658 76.25 0.9999999999999999
    vertex 7.299038105676658 77.75 0.9999999999999999
    vertex 7.4488887394336025 77.38822856765377 0.9999999999999999
  endloop
endfacet
facet normal 0.0 0.0 -1.0
  outer loop
    vertex 7.299038105676658 76.25 0.9999999999999999
    vertex 7.4488887394336025 77.38822856765377 0.9999999999999999
    vertex 7.4488887394336025 76.61177143234622 0.9999999999999999
  endloop
endfacet
facet normal 0.0 0.0 -1.0
  outer loop
    vertex 7.4488887394336025 76.61177143234622 0.9999999999999999
    vertex 7.4488887394336025 77.38822856765377 0.9999999999999999
    vertex 7.5 77.0 0.9999999999999999
  endloop
endfacet
facet normal 0.7933533402912395 -0.608761429008715 -0.0
  outer loop
    vertex 4.939339828220179 78.06066017177982 0.0
    vertex 4.700961894323343 77.75 0.9999999999999999
    vertex 4.700961894323343 77.75 0.0
  endloop
endfacet
facet normal 0.7933533402912395 -0.608761429008715 -0.0
  outer loop
    vertex 4.700961894323343 77.75 0.9999999999999999
    vertex 4.939339828220179 78.06066017177982 0.0
    vertex 4.939339828220179 78.06066017177982 0.9999999999999999
  endloop
endfacet
facet normal 0.6087614290087217 -0.7933533402912346 -0.0
  outer loop
    vertex 5.250000000000001 78.29903810567666 0.9999999999999999
    vertex 4.939339828220179 78.06066017177982 0.0
    vertex 5.250000000000001 78.29903810567666 0.0
  endloop
endfacet
facet normal 0.6087614290087217 -0.7933533402912346 -0.0
  outer loop
    vertex 4.939339828220179 78.06066017177982 0.0
    vertex 5.250000000000001 78.29903810567666 0.9999999999999999
    vertex 4.939339828220179 78.06066017177982 0.9999999999999999
  endloop
endfacet
facet normal 0.3826834323650821 -0.92387953251129 -0.0
  outer loop
    vertex 5.611771432346219 78.4488887394336 0.9999999999999999
    vertex 5.250000000000001 78.29903810567666 0.0
    vertex 5.611771432346219 78.4488887394336 0.0
  endloop
endfacet
facet normal 0.3826834323650821 -0.92387953251129 -0.0
  outer loop
    vertex 5.250000000000001 78.29903810567666 0.0
    vertex 5.611771432346219 78.4488887394336 0.9999999999999999
    vertex 5.250000000000001 78.29903810567666 0.9999999999999999
  endloop
endfacet
facet normal 0.13052619222004483 -0.9914448613738113 -0.0
  outer loop
    vertex 6.0 78.49999999999999 0.9999999999999999
    vertex 5.611771432346219 78.4488887394336 0.0
    vertex 6.0 78.49999999999999 0.0
  endloop
endfacet
facet normal 0.13052619222004483 -0.9914448613738113 -0.0
  outer loop
    vertex 5.611771432346219 78.4488887394336 0.0
    vertex 6.0 78.49999999999999 0.9999999999999999
    vertex 5.611771432346219 78.4488887394336 0.9999999999999999
  endloop
endfacet
facet normal -0.1305261922200446 -0.9914448613738114 -0.0
  outer loop
    vertex 6.3882285676537816 78.4488887394336 0.9999999999999999
    vertex 6.0 78.49999999999999 0.0
    vertex 6.3882285676537816 78.4488887394336 0.0
  endloop
endfacet
facet normal -0.1305261922200446 -0.9914448613738114 -0.0
  outer loop
    vertex 6.0 78.49999999999999 0.0
    vertex 6.3882285676537816 78.4488887394336 0.9999999999999999
    vertex 6.0 78.49999999999999 0.9999999999999999
  endloop
endfacet
facet normal -0.3826834323650821 -0.92387953251129 -0.0
  outer loop
    vertex 6.75 78.29903810567666 0.9999999999999999
    vertex 6.3882285676537816 78.4488887394336 0.0
    vertex 6.75 78.29903810567666 0.0
  endloop
endfacet
facet normal -0.3826834323650821 -0.92387953251129 -0.0
  outer loop
    vertex 6.3882285676537816 78.4488887394336 0.0
    vertex 6.75 78.29903810567666 0.9999999999999999
    vertex 6.3882285676537816 78.4488887394336 0.9999999999999999
  endloop
endfacet
facet normal -0.6087614290087225 -0.7933533402912339 -0.0
  outer loop
    vertex 7.060660171779821 78.06066017177982 0.9999999999999999
    vertex 6.75 78.29903810567666 0.0
    vertex 7.060660171779821 78.06066017177982 0.0
  endloop
endfacet
facet normal -0.6087614290087225 -0.7933533402912339 -0.0
  outer loop
    vertex 6.75 78.29903810567666 0.0
    vertex 7.060660171779821 78.06066017177982 0.9999999999999999
    vertex 6.75 78.29903810567666 0.9999999999999999
  endloop
endfacet
facet normal -0.7933533402912395 -0.608761429008715 -0.0
  outer loop
    vertex 7.060660171779821 78.06066017177982 0.9999999999999999
    vertex 7.299038105676658 77.75 0.0
    vertex 7.299038105676658 77.75 0.9999999999999999
  endloop
endfacet
facet normal -0.7933533402912395 -0.608761429008715 -0.0
  outer loop
    vertex 7.299038105676658 77.75 0.0
    vertex 7.060660171779821 78.06066017177982 0.9999999999999999
    vertex 7.060660171779821 78.06066017177982 0.0
  endloop
endfacet
facet normal -0.9238795325112867 -0.38268343236509006 -0.0
  outer loop
    vertex 7.299038105676658 77.75 0.9999999999999999
    vertex 7.4488887394336025 77.38822856765377 0.0
    vertex 7.4488887394336025 77.38822856765377 0.9999999999999999
  endloop
endfacet
facet normal -0.9238795325112867 -0.38268343236509006 -0.0
  outer loop
    vertex 7.4488887394336025 77.38822856765377 0.0
    vertex 7.299038105676658 77.75 0.9999999999999999
    vertex 7.299038105676658 77.75 0.0
  endloop
endfacet
facet normal -0.9914448613738104 -0.13052619222005263 -0.0
  outer loop
    vertex 7.4488887394336025 77.38822856765377 0.9999999999999999
    vertex 7.5 77.0 0.0
    vertex 7.5 77.0 0.9999999999999999
  endloop
endfacet
facet normal -0.9914448613738104 -0.13052619222005263 -0.0
  outer loop
    vertex 7.5 77.0 0.0
    vertex 7.4488887394336025 77.38822856765377 0.9999999999999999
    vertex 7.4488887394336025 77.38822856765377 0.0
  endloop
endfacet
facet normal -0.9914448613738104 0.13052619222005263 -0.0
  outer loop
    vertex 7.5 77.0 0.9999999999999999
    vertex 7.4488887394336025 76.61177143234622 0.0
    vertex 7.4488887394336025 76.61177143234622 0.9999999999999999
  endloop
endfacet
facet normal -0.9914448613738104 0.13052619222005263 -0.0
  outer loop
    vertex 7.4488887394336025 76.61177143234622 0.0
    vertex 7.5 77.0 0.9999999999999999
    vertex 7.5 77.0 0.0
  endloop
endfacet
facet normal -0.9238795325112867 0.38268343236509006 -0.0
  outer loop
    vertex 7.4488887394336025 76.61177143234622 0.9999999999999999
    vertex 7.299038105676658 76.25 0.0
    vertex 7.299038105676658 76.25 0.9999999999999999
  endloop
endfacet
facet normal -0.9238795325112867 0.38268343236509006 -0.0
  outer loop
    vertex 7.299038105676658 76.25 0.0
    vertex 7.4488887394336025 76.61177143234622 0.9999999999999999
    vertex 7.4488887394336025 76.61177143234622 0.0
  endloop
endfacet
facet normal -0.7933533402912395 0.608761429008715 -0.0
  outer loop
    vertex 7.299038105676658 76.25 0.9999999999999999
    vertex 7.060660171779821 75.93933982822017 0.0
    vertex 7.060660171779821 75.93933982822017 0.9999999999999999
  endloop
endfacet
facet normal -0.7933533402912395 0.608761429008715 -0.0
  outer loop
    vertex 7.060660171779821 75.93933982822017 0.0
    vertex 7.299038105676658 76.25 0.9999999999999999
    vertex 7.299038105676658 76.25 0.0
  endloop
endfacet
facet normal -0.6087614290087208 0.7933533402912353 -0.0
  outer loop
    vertex 6.749999999999999 75.70096189432333 0.9999999999999999
    vertex 7.060660171779821 75.93933982822017 0.0
    vertex 6.749999999999999 75.70096189432333 0.0
  endloop
endfacet
facet normal -0.6087614290087208 0.7933533402912353 -0.0
  outer loop
    vertex 7.060660171779821 75.93933982822017 0.0
    vertex 6.749999999999999 75.70096189432333 0.9999999999999999
    vertex 7.060660171779821 75.93933982822017 0.9999999999999999
  endloop
endfacet
facet normal -0.3826834323650821 0.92387953251129 -0.0
  outer loop
    vertex 6.38822856765378 75.55111126056639 0.9999999999999999
    vertex 6.749999999999999 75.70096189432333 0.0
    vertex 6.38822856765378 75.55111126056639 0.0
  endloop
endfacet
facet normal -0.3826834323650821 0.92387953251129 -0.0
  outer loop
    vertex 6.749999999999999 75.70096189432333 0.0
    vertex 6.38822856765378 75.55111126056639 0.9999999999999999
    vertex 6.749999999999999 75.70096189432333 0.9999999999999999
  endloop
endfacet
facet normal -0.13052619222004508 0.9914448613738114 -0.0
  outer loop
    vertex 6.0 75.5 0.9999999999999999
    vertex 6.38822856765378 75.55111126056639 0.0
    vertex 6.0 75.5 0.0
  endloop
endfacet
facet normal -0.13052619222004508 0.9914448613738114 -0.0
  outer loop
    vertex 6.38822856765378 75.55111126056639 0.0
    vertex 6.0 75.5 0.9999999999999999
    vertex 6.38822856765378 75.55111126056639 0.9999999999999999
  endloop
endfacet
facet normal 0.13052619222004436 0.9914448613738114 0.0
  outer loop
    vertex 5.6117714323462184 75.55111126056639 0.9999999999999999
    vertex 6.0 75.5 0.0
    vertex 5.6117714323462184 75.55111126056639 0.0
  endloop
endfacet
facet normal 0.13052619222004436 0.9914448613738114 0.0
  outer loop
    vertex 6.0 75.5 0.0
    vertex 5.6117714323462184 75.55111126056639 0.9999999999999999
    vertex 6.0 75.5 0.9999999999999999
  endloop
endfacet
facet normal 0.3826834323650821 0.92387953251129 0.0
  outer loop
    vertex 5.249999999999999 75.70096189432333 0.9999999999999999
    vertex 5.6117714323462184 75.55111126056639 0.0
    vertex 5.249999999999999 75.70096189432333 0.0
  endloop
endfacet
facet normal 0.3826834323650821 0.92387953251129 0.0
  outer loop
    vertex 5.6117714323462184 75.55111126056639 0.0
    vertex 5.249999999999999 75.70096189432333 0.9999999999999999
    vertex 5.6117714323462184 75.55111126056639 0.9999999999999999
  endloop
endfacet
facet normal 0.6087614290087225 0.7933533402912339 0.0
  outer loop
    vertex 4.939339828220178 75.93933982822017 0.9999999999999999
    vertex 5.249999999999999 75.70096189432333 0.0
    vertex 4.939339828220178 75.93933982822017 0.0
  endloop
endfacet
facet normal 0.6087614290087225 0.7933533402912339 0.0
  outer loop
    vertex 5.249999999999999 75.70096189432333 0.0
    vertex 4.939339828220178 75.93933982822017 0.9999999999999999
    vertex 5.249999999999999 75.70096189432333 0.9999999999999999
  endloop
endfacet
facet normal 0.7933533402912395 0.608761429008715 0.0
  outer loop
    vertex 4.700961894323342 76.25 0.0
    vertex 4.939339828220178 75.93933982822017 0.9999999999999999
    vertex 4.939339828220178 75.93933982822017 0.0
  endloop
endfacet
facet normal 0.7933533402912395 0.608761429008715 0.0
  outer loop
    vertex 4.939339828220178 75.93933982822017 0.9999999999999999
    vertex 4.700961894323342 76.25 0.0
    vertex 4.700961894323342 76.25 0.9999999999999999
  endloop
endfacet
facet normal 0.9238795325112873 0.3826834323650885 0.0
  outer loop
    vertex 4.5511112605663975 76.61177143234622 0.0
    vertex 4.700961894323342 76.25 0.9999999999999999
    vertex 4.700961894323342 76.25 0.0
  endloop
endfacet
facet normal 0.9238795325112873 0.3826834323650885 0.0
  outer loop
    vertex 4.700961894323342 76.25 0.9999999999999999
    vertex 4.5511112605663975 76.61177143234622 0.0
    vertex 4.5511112605663975 76.61177143234622 0.9999999999999999
  endloop
endfacet
facet normal 0.9914448613738104 0.13052619222005263 0.0
  outer loop
    vertex 4.5 77.0 0.0
    vertex 4.5511112605663975 76.61177143234622 0.9999999999999999
    vertex 4.5511112605663975 76.61177143234622 0.0
  endloop
endfacet
facet normal 0.9914448613738104 0.13052619222005263 0.0
  outer loop
    vertex 4.5511112605663975 76.61177143234622 0.9999999999999999
    vertex 4.5 77.0 0.0
    vertex 4.5 77.0 0.9999999999999999
  endloop
endfacet
facet normal 0.9914448613738104 -0.13052619222005263 -0.0
  outer loop
    vertex 4.5511112605663975 77.38822856765377 0.0
    vertex 4.5 77.0 0.9999999999999999
    vertex 4.5 77.0 0.0
  endloop
endfacet
facet normal 0.9914448613738104 -0.13052619222005263 -0.0
  outer loop
    vertex 4.5 77.0 0.9999999999999999
    vertex 4.5511112605663975 77.38822856765377 0.0
    vertex 4.5511112605663975 77.38822856765377 0.9999999999999999
  endloop
endfacet
facet normal 0.9238795325112867 -0.38268343236509006 -0.0
  outer loop
    vertex 4.700961894323343 77.75 0.0
    vertex 4.5511112605663975 77.38822856765377 0.9999999999999999
    vertex 4.5511112605663975 77.38822856765377 0.0
  endloop
endfacet
facet normal 0.9238795325112867 -0.38268343236509006 -0.0
  outer loop
    vertex 4.5511112605663975 77.38822856765377 0.9999999999999999
    vertex 4.700961894323343 77.75 0.0
    vertex 4.700961894323343 77.75 0.9999999999999999
  endloop
endfacet
facet normal 0.0 0.0 -1.0
  outer loop
    vertex 75.55111126056639 6.3882285676537816 0.9999999999999999
    vertex 75.55111126056639 5.611771432346221 0.9999999999999999
    vertex 75.5 6.000000000000001 0.9999999999999999
  endloop
endfacet
facet normal 0.0 0.0 -1.0
  outer loop
    vertex 75.55111126056639 5.611771432346221 0.9999999999999999
    vertex 75.55111126056639 6.3882285676537816 0.9999999999999999
    vertex 75.70096189432334 6.75 0.9999999999999999
  endloop
endfacet
facet normal 0.0 0.0 -1.0
  outer loop
    vertex 75.55111126056639 5.611771432346221 0.9999999999999999
    vertex 75.70096189432334 6.75 0.9999999999999999
    vertex 75.70096189432333 5.250000000000003 0.9999999999999999
  endloop
endfacet
facet normal 0.0 0.0 -1.0
  outer loop
    vertex 75.70096189432333 5.250000000000003 0.9999999999999999
    vertex 75.70096189432334 6.75 0.9999999999999999
    vertex 75.93933982822017 4.939339828220182 0.9999999999999999
  endloop
endfacet
facet normal 0.0 0.0 -1.0
  outer loop
    vertex 75.93933982822017 4.939339828220182 0.9999999999999999
    vertex 75.70096189432334 6.75 0.9999999999999999
    vertex 75.93933982822017 7.06066017177982 0.9999999999999999
  endloop
endfacet
facet normal 0.0 0.0 -1.0
  outer loop
    vertex 75.93933982822017 4.939339828220182 0.9999999999999999
    vertex 75.93933982822017 7.06066017177982 0.9999999999999999
    vertex 76.25 7.299038105676656 0.9999999999999999
  endloop
endfacet
facet normal 0.0 0.0 -1.0
  outer loop
    vertex 75.93933982822017 4.939339828220182 0.9999999999999999
    vertex 76.25 7.299038105676656 0.9999999999999999
    vertex 76.25 4.7009618943233455 0.9999999999999999
  endloop
endfacet
facet normal 0.0 0.0 -1.0
  outer loop
    vertex 76.25 4.7009618943233455 0.9999999999999999
    vertex 76.25 7.299038105676656 0.9999999999999999
    vertex 76.61177143234622 7.4488887394336 0.9999999999999999
  endloop
endfacet
facet normal 0.0 0.0 -1.0
  outer loop
    vertex 76.25 4.7009618943233455 0.9999999999999999
    vertex 76.61177143234622 7.4488887394336 0.9999999999999999
    vertex 76.61177143234622 4.551111260566401 0.9999999999999999
  endloop
endfacet
facet normal 0.0 0.0 -1.0
  outer loop
    vertex 76.61177143234622 4.551111260566401 0.9999999999999999
    vertex 76.61177143234622 7.4488887394336 0.9999999999999999
    vertex 77.0 7.499999999999997 0.9999999999999999
  endloop
endfacet
facet normal 0.0 0.0 -1.0
  outer loop
    vertex 76.61177143234622 4.551111260566401 0.9999999999999999
    vertex 77.0 7.499999999999997 0.9999999999999999
    vertex 77.0 4.500000000000003 0.9999999999999999
  endloop
endfacet
facet normal 0.0 0.0 -1.0
  outer loop
    vertex 77.0 4.500000000000003 0.9999999999999999
    vertex 77.0 7.499999999999997 0.9999999999999999
    vertex 77.38822856765377 7.4488887394336 0.9999999999999999
  endloop
endfacet
facet normal 0.0 0.0 -1.0
  outer loop
    vertex 77.0 4.500000000000003 0.9999999999999999
    vertex 77.38822856765377 7.4488887394336 0.9999999999999999
    vertex 77.38822856765377 4.5511112605664 0.9999999999999999
  endloop
endfacet
facet normal 0.0 0.0 -1.0
  outer loop
    vertex 77.38822856765377 4.5511112605664 0.9999999999999999
    vertex 77.38822856765377 7.4488887394336 0.9999999999999999
    vertex 77.75 7.299038105676656 0.9999999999999999
  endloop
endfacet
facet normal 0.0 0.0 -1.0
  outer loop
    vertex 77.38822856765377 4.5511112605664 0.9999999999999999
    vertex 77.75 7.299038105676656 0.9999999999999999
    vertex 77.75 4.700961894323344 0.9999999999999999
  endloop
endfacet
facet normal 0.0 0.0 -1.0
  outer loop
    vertex 77.75 4.700961894323344 0.9999999999999999
    vertex 77.75 7.299038105676656 0.9999999999999999
    vertex 78.06066017177982 7.060660171779818 0.9999999999999999
  endloop
endfacet
facet normal 0.0 0.0 -1.0
  outer loop
    vertex 77.75 4.700961894323344 0.9999999999999999
    vertex 78.06066017177982 7.060660171779818 0.9999999999999999
    vertex 78.06066017177982 4.939339828220181 0.9999999999999999
  endloop
endfacet
facet normal 0.0 0.0 -1.0
  outer loop
    vertex 78.06066017177982 4.939339828220181 0.9999999999999999
    vertex 78.06066017177982 7.060660171779818 0.9999999999999999
    vertex 78.29903810567664 6.749999999999999 0.9999999999999999
  endloop
endfacet
facet normal 0.0 0.0 -1.0
  outer loop
    vertex 78.06066017177982 4.939339828220181 0.9999999999999999
    vertex 78.29903810567664 6.749999999999999 0.9999999999999999
    vertex 78.29903810567664 5.25 0.9999999999999999
  endloop
endfacet
facet normal 0.0 0.0 -1.0
  outer loop
    vertex 78.29903810567664 5.25 0.9999999999999999
    vertex 78.29903810567664 6.749999999999999 0.9999999999999999
    vertex 78.4488887394336 6.38822856765378 0.9999999999999999
  endloop
endfacet
facet normal 0.0 0.0 -1.0
  outer loop
    vertex 78.29903810567664 5.25 0.9999999999999999
    vertex 78.4488887394336 6.38822856765378 0.9999999999999999
    vertex 78.4488887394336 5.6117714323462184 0.9999999999999999
  endloop
endfacet
facet normal 0.0 0.0 -1.0
  outer loop
    vertex 78.4488887394336 5.6117714323462184 0.9999999999999999
    vertex 78.4488887394336 6.38822856765378 0.9999999999999999
    vertex 78.49999999999999 6.0 0.9999999999999999
  endloop
endfacet
facet normal -0.13052619222005263 -0.9914448613738104 -0.0
  outer loop
    vertex 77.38822856765377 7.4488887394336 0.9999999999999999
    vertex 77.0 7.499999999999997 0.0
    vertex 77.38822856765377 7.4488887394336 0.0
  endloop
endfacet
facet normal -0.13052619222005263 -0.9914448613738104 -0.0
  outer loop
    vertex 77.0 7.499999999999997 0.0
    vertex 77.38822856765377 7.4488887394336 0.9999999999999999
    vertex 77.0 7.499999999999997 0.9999999999999999
  endloop
endfacet
facet normal -0.38268343236508695 -0.923879532511288 -0.0
  outer loop
    vertex 77.75 7.299038105676656 0.9999999999999999
    vertex 77.38822856765377 7.4488887394336 0.0
    vertex 77.75 7.299038105676656 0.0
  endloop
endfacet
facet normal -0.38268343236508695 -0.923879532511288 -0.0
  outer loop
    vertex 77.38822856765377 7.4488887394336 0.0
    vertex 77.75 7.299038105676656 0.9999999999999999
    vertex 77.38822856765377 7.4488887394336 0.9999999999999999
  endloop
endfacet
facet normal -0.6087614290087172 -0.7933533402912378 -0.0
  outer loop
    vertex 78.06066017177982 7.060660171779818 0.9999999999999999
    vertex 77.75 7.299038105676656 0.0
    vertex 78.06066017177982 7.060660171779818 0.0
  endloop
endfacet
facet normal -0.6087614290087172 -0.7933533402912378 -0.0
  outer loop
    vertex 77.75 7.299038105676656 0.0
    vertex 78.06066017177982 7.060660171779818 0.9999999999999999
    vertex 77.75 7.299038105676656 0.9999999999999999
  endloop
endfacet
facet normal -0.7933533402912465 -0.6087614290087061 -0.0
  outer loop
    vertex 78.06066017177982 7.060660171779818 0.9999999999999999
    vertex 78.29903810567664 6.749999999999999 0.0
    vertex 78.29903810567664 6.749999999999999 0.9999999999999999
  endloop
endfacet
facet normal -0.7933533402912465 -0.6087614290087061 -0.0
  outer loop
    vertex 78.29903810567664 6.749999999999999 0.0
    vertex 78.06066017177982 7.060660171779818 0.9999999999999999
    vertex 78.06066017177982 7.060660171779818 0.0
  endloop
endfacet
facet normal -0.9238795325112797 -0.38268343236510666 -0.0
  outer loop
    vertex 78.29903810567664 6.749999999999999 0.9999999999999999
    vertex 78.4488887394336 6.38822856765378 0.0
    vertex 78.4488887394336 6.38822856765378 0.9999999999999999
  endloop
endfacet
facet normal -0.9238795325112797 -0.38268343236510666 -0.0
  outer loop
    vertex 78.4488887394336 6.38822856765378 0.0
    vertex 78.29903810567664 6.749999999999999 0.9999999999999999
    vertex 78.29903810567664 6.749999999999999 0.0
  endloop
endfacet
facet normal -0.9914448613738113 -0.13052619222004483 -0.0
  outer loop
    vertex 78.4488887394336 6.38822856765378 0.9999999999999999
    vertex 78.49999999999999 6.0 0.0
    vertex 78.49999999999999 6.0 0.9999999999999999
  endloop
endfacet
facet normal -0.9914448613738113 -0.13052619222004483 -0.0
  outer loop
    vertex 78.49999999999999 6.0 0.0
    vertex 78.4488887394336 6.38822856765378 0.9999999999999999
    vertex 78.4488887394336 6.38822856765378 0.0
  endloop
endfacet
facet normal -0.9914448613738114 0.1305261922200446 -0.0
  outer loop
    vertex 78.49999999999999 6.0 0.9999999999999999
    vertex 78.4488887394336 5.6117714323462184 0.0
    vertex 78.4488887394336 5.6117714323462184 0.9999999999999999
  endloop
endfacet
facet normal -0.9914448613738114 0.1305261922200446 -0.0
  outer loop
    vertex 78.4488887394336 5.6117714323462184 0.0
    vertex 78.49999999999999 6.0 0.9999999999999999
    vertex 78.49999999999999 6.0 0.0
  endloop
endfacet
facet normal -0.9238795325112795 0.3826834323651073 -0.0
  outer loop
    vertex 78.4488887394336 5.6117714323462184 0.9999999999999999
    vertex 78.29903810567664 5.25 0.0
    vertex 78.29903810567664 5.25 0.9999999999999999
  endloop
endfacet
facet normal -0.9238795325112795 0.3826834323651073 -0.0
  outer loop
    vertex 78.29903810567664 5.25 0.0
    vertex 78.4488887394336 5.6117714323462184 0.9999999999999999
    vertex 78.4488887394336 5.6117714323462184 0.0
  endloop
endfacet
facet normal -0.7933533402912465 0.6087614290087061 -0.0
  outer loop
    vertex 78.29903810567664 5.25 0.9999999999999999
    vertex 78.06066017177982 4.939339828220181 0.0
    vertex 78.06066017177982 4.939339828220181 0.9999999999999999
  endloop
endfacet
facet normal -0.7933533402912465 0.6087614290087061 -0.0
  outer loop
    vertex 78.06066017177982 4.939339828220181 0.0
    vertex 78.29903810567664 5.25 0.9999999999999999
    vertex 78.29903810567664 5.25 0.0
  endloop
endfacet
facet normal -0.6087614290087162 0.7933533402912388 -0.0
  outer loop
    vertex 77.75 4.700961894323344 0.9999999999999999
    vertex 78.06066017177982 4.939339828220181 0.0
    vertex 77.75 4.700961894323344 0.0
  endloop
endfacet
facet normal -0.6087614290087162 0.7933533402912388 -0.0
  outer loop
    vertex 78.06066017177982 4.939339828220181 0.0
    vertex 77.75 4.700961894323344 0.9999999999999999
    vertex 78.06066017177982 4.939339828220181 0.9999999999999999
  endloop
endfacet
facet normal -0.38268343236508695 0.923879532511288 -0.0
  outer loop
    vertex 77.38822856765377 4.5511112605664 0.9999999999999999
    vertex 77.75 4.700961894323344 0.0
    vertex 77.38822856765377 4.5511112605664 0.0
  endloop
endfacet
facet normal -0.38268343236508695 0.923879532511288 -0.0
  outer loop
    vertex 77.75 4.700961894323344 0.0
    vertex 77.38822856765377 4.5511112605664 0.9999999999999999
    vertex 77.75 4.700961894323344 0.9999999999999999
  endloop
endfacet
facet normal -0.13052619222005085 0.9914448613738106 -0.0
  outer loop
    vertex 77.0 4.500000000000003 0.9999999999999999
    vertex 77.38822856765377 4.5511112605664 0.0
    vertex 77.0 4.500000000000003 0.0
  endloop
endfacet
facet normal -0.13052619222005085 0.9914448613738106 -0.0
  outer loop
    vertex 77.38822856765377 4.5511112605664 0.0
    vertex 77.0 4.500000000000003 0.9999999999999999
    vertex 77.38822856765377 4.5511112605664 0.9999999999999999
  endloop
endfacet
facet normal 0.13052619222005263 0.9914448613738104 0.0
  outer loop
    vertex 76.61177143234622 4.551111260566401 0.9999999999999999
    vertex 77.0 4.500000000000003 0.0
    vertex 76.61177143234622 4.551111260566401 0.0
  endloop
endfacet
facet normal 0.13052619222005263 0.9914448613738104 0.0
  outer loop
    vertex 77.0 4.500000000000003 0.0
    vertex 76.61177143234622 4.551111260566401 0.9999999999999999
    vertex 77.0 4.500000000000003 0.9999999999999999
  endloop
endfacet
facet normal 0.38268343236509006 0.9238795325112867 0.0
  outer loop
    vertex 76.25 4.7009618943233455 0.9999999999999999
    vertex 76.61177143234622 4.551111260566401 0.0
    vertex 76.25 4.7009618943233455 0.0
  endloop
endfacet
facet normal 0.38268343236509006 0.9238795325112867 0.0
  outer loop
    vertex 76.61177143234622 4.551111260566401 0.0
    vertex 76.25 4.7009618943233455 0.9999999999999999
    vertex 76.61177143234622 4.551111260566401 0.9999999999999999
  endloop
endfacet
facet normal 0.608761429008715 0.7933533402912395 0.0
  outer loop
    vertex 75.93933982822017 4.939339828220182 0.9999999999999999
    vertex 76.25 4.7009618943233455 0.0
    vertex 75.93933982822017 4.939339828220182 0.0
  endloop
endfacet
facet normal 0.608761429008715 0.7933533402912395 0.0
  outer loop
    vertex 76.25 4.7009618943233455 0.0
    vertex 75.93933982822017 4.939339828220182 0.9999999999999999
    vertex 76.25 4.7009618943233455 0.9999999999999999
  endloop
endfacet
facet normal 0.7933533402912339 0.6087614290087225 0.0
  outer loop
    vertex 75.70096189432333 5.250000000000003 0.0
    vertex 75.93933982822017 4.939339828220182 0.9999999999999999
    vertex 75.93933982822017 4.939339828220182 0.0
  endloop
endfacet
facet normal 0.7933533402912339 0.6087614290087225 0.0
  outer loop
    vertex 75.93933982822017 4.939339828220182 0.9999999999999999
    vertex 75.70096189432333 5.250000000000003 0.0
    vertex 75.70096189432333 5.250000000000003 0.9999999999999999
  endloop
endfacet
facet normal 0.9238795325112898 0.3826834323650828 0.0
  outer loop
    vertex 75.55111126056639 5.611771432346221 0.0
    vertex 75.70096189432333 5.250000000000003 0.9999999999999999
    vertex 75.70096189432333 5.250000000000003 0.0
  endloop
endfacet
facet normal 0.9238795325112898 0.3826834323650828 0.0
  outer loop
    vertex 75.70096189432333 5.250000000000003 0.9999999999999999
    vertex 75.55111126056639 5.611771432346221 0.0
    vertex 75.55111126056639 5.611771432346221 0.9999999999999999
  endloop
endfacet
facet normal 0.9914448613738114 0.13052619222004508 0.0
  outer loop
    vertex 75.5 6.000000000000001 0.0
    vertex 75.55111126056639 5.611771432346221 0.9999999999999999
    vertex 75.55111126056639 5.611771432346221 0.0
  endloop
endfacet
facet normal 0.9914448613738114 0.13052619222004508 0.0
  outer loop
    vertex 75.55111126056639 5.611771432346221 0.9999999999999999
    vertex 75.5 6.000000000000001 0.0
    vertex 75.5 6.000000000000001 0.9999999999999999
  endloop
endfacet
facet normal 0.9914448613738113 -0.13052619222004483 -0.0
  outer loop
    vertex 75.55111126056639 6.3882285676537816 0.0
    vertex 75.5 6.000000000000001 0.9999999999999999
    vertex 75.5 6.000000000000001 0.0
  endloop
endfacet
facet normal 0.9914448613738113 -0.13052619222004483 -0.0
  outer loop
    vertex 75.5 6.000000000000001 0.9999999999999999
    vertex 75.55111126056639 6.3882285676537816 0.0
    vertex 75.55111126056639 6.3882285676537816 0.9999999999999999
  endloop
endfacet
facet normal 0.9238795325112797 -0.38268343236510666 -0.0
  outer loop
    vertex 75.70096189432334 6.75 0.0
    vertex 75.55111126056639 6.3882285676537816 0.9999999999999999
    vertex 75.55111126056639 6.3882285676537816 0.0
  endloop
endfacet
facet normal 0.9238795325112797 -0.38268343236510666 -0.0
  outer loop
    vertex 75.55111126056639 6.3882285676537816 0.9999999999999999
    vertex 75.70096189432334 6.75 0.0
    vertex 75.70096189432334 6.75 0.9999999999999999
  endloop
endfacet
facet normal 0.7933533402912465 -0.6087614290087061 -0.0
  outer loop
    vertex 75.93933982822017 7.06066017177982 0.0
    vertex 75.70096189432334 6.75 0.9999999999999999
    vertex 75.70096189432334 6.75 0.0
  endloop
endfacet
facet normal 0.7933533402912465 -0.6087614290087061 -0.0
  outer loop
    vertex 75.70096189432334 6.75 0.9999999999999999
    vertex 75.93933982822017 7.06066017177982 0.0
    vertex 75.93933982822017 7.06066017177982 0.9999999999999999
  endloop
endfacet
facet normal 0.608761429008715 -0.7933533402912395 -0.0
  outer loop
    vertex 76.25 7.299038105676656 0.9999999999999999
    vertex 75.93933982822017 7.06066017177982 0.0
    vertex 76.25 7.299038105676656 0.0
  endloop
endfacet
facet normal 0.608761429008715 -0.7933533402912395 -0.0
  outer loop
    vertex 75.93933982822017 7.06066017177982 0.0
    vertex 76.25 7.299038105676656 0.9999999999999999
    vertex 75.93933982822017 7.06066017177982 0.9999999999999999
  endloop
endfacet
facet normal 0.38268343236508695 -0.923879532511288 -0.0
  outer loop
    vertex 76.61177143234622 7.4488887394336 0.9999999999999999
    vertex 76.25 7.299038105676656 0.0
    vertex 76.61177143234622 7.4488887394336 0.0
  endloop
endfacet
facet normal 0.38268343236508695 -0.923879532511288 -0.0
  outer loop
    vertex 76.25 7.299038105676656 0.0
    vertex 76.61177143234622 7.4488887394336 0.9999999999999999
    vertex 76.25 7.299038105676656 0.9999999999999999
  endloop
endfacet
facet normal 0.13052619222005263 -0.9914448613738104 -0.0
  outer loop
    vertex 77.0 7.499999999999997 0.9999999999999999
    vertex 76.61177143234622 7.4488887394336 0.0
    vertex 77.0 7.499999999999997 0.0
  endloop
endfacet
facet normal 0.13052619222005263 -0.9914448613738104 -0.0
  outer loop
    vertex 76.61177143234622 7.4488887394336 0.0
    vertex 77.0 7.499999999999997 0.9999999999999999
    vertex 76.61177143234622 7.4488887394336 0.9999999999999999
  endloop
endfacet
facet normal 0.0 0.0 -1.0
  outer loop
    vertex 4.5511112605663975 6.3882285676537816 0.9999999999999999
    vertex 4.5511112605663975 5.611771432346219 0.9999999999999999
    vertex 4.5 6.0 0.9999999999999999
  endloop
endfacet
facet normal 0.0 0.0 -1.0
  outer loop
    vertex 4.5511112605663975 5.611771432346219 0.9999999999999999
    vertex 4.5511112605663975 6.3882285676537816 0.9999999999999999
    vertex 4.700961894323343 6.75 0.9999999999999999
  endloop
endfacet
facet normal 0.0 0.0 -1.0
  outer loop
    vertex 4.5511112605663975 5.611771432346219 0.9999999999999999
    vertex 4.700961894323343 6.75 0.9999999999999999
    vertex 4.700961894323342 5.25 0.9999999999999999
  endloop
endfacet
facet normal 0.0 0.0 -1.0
  outer loop
    vertex 4.700961894323342 5.25 0.9999999999999999
    vertex 4.700961894323343 6.75 0.9999999999999999
    vertex 4.939339828220178 4.939339828220179 0.9999999999999999
  endloop
endfacet
facet normal 0.0 0.0 -1.0
  outer loop
    vertex 4.939339828220178 4.939339828220179 0.9999999999999999
    vertex 4.700961894323343 6.75 0.9999999999999999
    vertex 4.939339828220179 7.060660171779821 0.9999999999999999
  endloop
endfacet
facet normal 0.0 0.0 -1.0
  outer loop
    vertex 4.939339828220178 4.939339828220179 0.9999999999999999
    vertex 4.939339828220179 7.060660171779821 0.9999999999999999
    vertex 5.249999999999999 4.700961894323341 0.9999999999999999
  endloop
endfacet
facet normal 0.0 0.0 -1.0
  outer loop
    vertex 5.249999999999999 4.700961894323341 0.9999999999999999
    vertex 4.939339828220179 7.060660171779821 0.9999999999999999
    vertex 5.250000000000001 7.299038105676658 0.9999999999999999
  endloop
endfacet
facet normal 0.0 0.0 -1.0
  outer loop
    vertex 5.249999999999999 4.700961894323341 0.9999999999999999
    vertex 5.250000000000001 7.299038105676658 0.9999999999999999
    vertex 5.6117714323462184 4.5511112605663975 0.9999999999999999
  endloop
endfacet
facet normal 0.0 0.0 -1.0
  outer loop
    vertex 5.6117714323462184 4.5511112605663975 0.9999999999999999
    vertex 5.250000000000001 7.299038105676658 0.9999999999999999
    vertex 5.611771432346219 7.4488887394336025 0.9999999999999999
  endloop
endfacet
facet normal 0.0 0.0 -1.0
  outer loop
    vertex 5.6117714323462184 4.5511112605663975 0.9999999999999999
    vertex 5.611771432346219 7.4488887394336025 0.9999999999999999
    vertex 6.0 4.499999999999999 0.9999999999999999
  endloop
endfacet
facet normal 0.0 0.0 -1.0
  outer loop
    vertex 6.0 4.499999999999999 0.9999999999999999
    vertex 5.611771432346219 7.4488887394336025 0.9999999999999999
    vertex 6.0 7.5 0.9999999999999999
  endloop
endfacet
facet normal 0.0 0.0 -1.0
  outer loop
    vertex 6.0 4.499999999999999 0.9999999999999999
    vertex 6.0 7.5 0.9999999999999999
    vertex 6.3882285676537816 7.4488887394336025 0.9999999999999999
  endloop
endfacet
facet normal 0.0 0.0 -1.0
  outer loop
    vertex 6.0 4.499999999999999 0.9999999999999999
    vertex 6.3882285676537816 7.4488887394336025 0.9999999999999999
    vertex 6.38822856765378 4.5511112605663975 0.9999999999999999
  endloop
endfacet
facet normal 0.0 0.0 -1.0
  outer loop
    vertex 6.38822856765378 4.5511112605663975 0.9999999999999999
    vertex 6.3882285676537816 7.4488887394336025 0.9999999999999999
    vertex 6.749999999999999 4.700961894323341 0.9999999999999999
  endloop
endfacet
facet normal 0.0 0.0 -1.0
  outer loop
    vertex 6.749999999999999 4.700961894323341 0.9999999999999999
    vertex 6.3882285676537816 7.4488887394336025 0.9999999999999999
    vertex 6.75 7.299038105676658 0.9999999999999999
  endloop
endfacet
facet normal 0.0 0.0 -1.0
  outer loop
    vertex 6.749999999999999 4.700961894323341 0.9999999999999999
    vertex 6.75 7.299038105676658 0.9999999999999999
    vertex 7.060660171779821 4.939339828220178 0.9999999999999999
  endloop
endfacet
facet normal 0.0 0.0 -1.0
  outer loop
    vertex 7.060660171779821 4.939339828220178 0.9999999999999999
    vertex 6.75 7.299038105676658 0.9999999999999999
    vertex 7.060660171779821 7.060660171779821 0.9999999999999999
  endloop
endfacet
facet normal 0.0 0.0 -1.0
  outer loop
    vertex 7.060660171779821 4.939339828220178 0.9999999999999999
    vertex 7.060660171779821 7.060660171779821 0.9999999999999999
    vertex 7.299038105676658 6.749999999999999 0.9999999999999999
  endloop
endfacet
facet normal 0.0 0.0 -1.0
  outer loop
    vertex 7.060660171779821 4.939339828220178 0.9999999999999999
    vertex 7.299038105676658 6.749999999999999 0.9999999999999999
    vertex 7.299038105676658 5.249999999999999 0.9999999999999999
  endloop
endfacet
facet normal 0.0 0.0 -1.0
  outer loop
    vertex 7.299038105676658 5.249999999999999 0.9999999999999999
    vertex 7.299038105676658 6.749999999999999 0.9999999999999999
    vertex 7.4488887394336025 6.38822856765378 0.9999999999999999
  endloop
endfacet
facet normal 0.0 0.0 -1.0
  outer loop
    vertex 7.299038105676658 5.249999999999999 0.9999999999999999
    vertex 7.4488887394336025 6.38822856765378 0.9999999999999999
    vertex 7.4488887394336025 5.611771432346218 0.9999999999999999
  endloop
endfacet
facet normal 0.0 0.0 -1.0
  outer loop
    vertex 7.4488887394336025 5.611771432346218 0.9999999999999999
    vertex 7.4488887394336025 6.38822856765378 0.9999999999999999
    vertex 7.5 6.0 0.9999999999999999
  endloop
endfacet
facet normal -0.13052619222005168 -0.9914448613738105 -0.0
  outer loop
    vertex 6.3882285676537816 7.4488887394336025 0.9999999999999999
    vertex 6.0 7.5 0.0
    vertex 6.3882285676537816 7.4488887394336025 0.0
  endloop
endfacet
facet normal -0.13052619222005168 -0.9914448613738105 -0.0
  outer loop
    vertex 6.0 7.5 0.0
    vertex 6.3882285676537816 7.4488887394336025 0.9999999999999999
    vertex 6.0 7.5 0.9999999999999999
  endloop
endfacet
facet normal -0.38268343236509134 -0.9238795325112862 -0.0
  outer loop
    vertex 6.75 7.299038105676658 0.9999999999999999
    vertex 6.3882285676537816 7.4488887394336025 0.0
    vertex 6.75 7.299038105676658 0.0
  endloop
endfacet
facet normal -0.38268343236509134 -0.9238795325112862 -0.0
  outer loop
    vertex 6.3882285676537816 7.4488887394336025 0.0
    vertex 6.75 7.299038105676658 0.9999999999999999
    vertex 6.3882285676537816 7.4488887394336025 0.9999999999999999
  endloop
endfacet
facet normal -0.6087614290087202 -0.7933533402912355 -0.0
  outer loop
    vertex 7.060660171779821 7.060660171779821 0.9999999999999999
    vertex 6.75 7.299038105676658 0.0
    vertex 7.060660171779821 7.060660171779821 0.0
  endloop
endfacet
facet normal -0.6087614290087202 -0.7933533402912355 -0.0
  outer loop
    vertex 6.75 7.299038105676658 0.0
    vertex 7.060660171779821 7.060660171779821 0.9999999999999999
    vertex 6.75 7.299038105676658 0.9999999999999999
  endloop
endfacet
facet normal -0.7933533402912368 -0.6087614290087184 -0.0
  outer loop
    vertex 7.060660171779821 7.060660171779821 0.9999999999999999
    vertex 7.299038105676658 6.749999999999999 0.0
    vertex 7.299038105676658 6.749999999999999 0.9999999999999999
  endloop
endfacet
facet normal -0.7933533402912368 -0.6087614290087184 -0.0
  outer loop
    vertex 7.299038105676658 6.749999999999999 0.0
    vertex 7.060660171779821 7.060660171779821 0.9999999999999999
    vertex 7.060660171779821 7.060660171779821 0.0
  endloop
endfacet
facet normal -0.9238795325112862 -0.38268343236509134 -0.0
  outer loop
    vertex 7.299038105676658 6.749999999999999 0.9999999999999999
    vertex 7.4488887394336025 6.38822856765378 0.0
    vertex 7.4488887394336025 6.38822856765378 0.9999999999999999
  endloop
endfacet
facet normal -0.9238795325112862 -0.38268343236509134 -0.0
  outer loop
    vertex 7.4488887394336025 6.38822856765378 0.0
    vertex 7.299038105676658 6.749999999999999 0.9999999999999999
    vertex 7.299038105676658 6.749999999999999 0.0
  endloop
endfacet
facet normal -0.9914448613738104 -0.1305261922200519 -0.0
  outer loop
    vertex 7.4488887394336025 6.38822856765378 0.9999999999999999
    vertex 7.5 6.0 0.0
    vertex 7.5 6.0 0.9999999999999999
  endloop
endfacet
facet normal -0.9914448613738104 -0.1305261922200519 -0.0
  outer loop
    vertex 7.5 6.0 0.0
    vertex 7.4488887394336025 6.38822856765378 0.9999999999999999
    vertex 7.4488887394336025 6.38822856765378 0.0
  endloop
endfacet
facet normal -0.9914448613738105 0.13052619222005146 -0.0
  outer loop
    vertex 7.5 6.0 0.9999999999999999
    vertex 7.4488887394336025 5.611771432346218 0.0
    vertex 7.4488887394336025 5.611771432346218 0.9999999999999999
  endloop
endfacet
facet normal -0.9914448613738105 0.13052619222005146 -0.0
  outer loop
    vertex 7.4488887394336025 5.611771432346218 0.0
    vertex 7.5 6.0 0.9999999999999999
    vertex 7.5 6.0 0.0
  endloop
endfacet
facet normal -0.9238795325112862 0.38268343236509134 -0.0
  outer loop
    vertex 7.4488887394336025 5.611771432346218 0.9999999999999999
    vertex 7.299038105676658 5.249999999999999 0.0
    vertex 7.299038105676658 5.249999999999999 0.9999999999999999
  endloop
endfacet
facet normal -0.9238795325112862 0.38268343236509134 -0.0
  outer loop
    vertex 7.299038105676658 5.249999999999999 0.0
    vertex 7.4488887394336025 5.611771432346218 0.9999999999999999
    vertex 7.4488887394336025 5.611771432346218 0.0
  endloop
endfacet
facet normal -0.7933533402912355 0.6087614290087202 -0.0
  outer loop
    vertex 7.299038105676658 5.249999999999999 0.9999999999999999
    vertex 7.060660171779821 4.939339828220178 0.0
    vertex 7.060660171779821 4.939339828220178 0.9999999999999999
  endloop
endfacet
facet normal -0.7933533402912355 0.6087614290087202 -0.0
  outer loop
    vertex 7.060660171779821 4.939339828220178 0.0
    vertex 7.299038105676658 5.249999999999999 0.9999999999999999
    vertex 7.299038105676658 5.249999999999999 0.0
  endloop
endfacet
facet normal -0.6087614290087197 0.7933533402912362 -0.0
  outer loop
    vertex 6.749999999999999 4.700961894323341 0.9999999999999999
    vertex 7.060660171779821 4.939339828220178 0.0
    vertex 6.749999999999999 4.700961894323341 0.0
  endloop
endfacet
facet normal -0.6087614290087197 0.7933533402912362 -0.0
  outer loop
    vertex 7.060660171779821 4.939339828220178 0.0
    vertex 6.749999999999999 4.700961894323341 0.9999999999999999
    vertex 7.060660171779821 4.939339828220178 0.9999999999999999
  endloop
endfacet
facet normal -0.3826834323650882 0.9238795325112874 -0.0
  outer loop
    vertex 6.38822856765378 4.5511112605663975 0.9999999999999999
    vertex 6.749999999999999 4.700961894323341 0.0
    vertex 6.38822856765378 4.5511112605663975 0.0
  endloop
endfacet
facet normal -0.3826834323650882 0.9238795325112874 -0.0
  outer loop
    vertex 6.749999999999999 4.700961894323341 0.0
    vertex 6.38822856765378 4.5511112605663975 0.9999999999999999
    vertex 6.749999999999999 4.700961894323341 0.9999999999999999
  endloop
endfacet
facet normal -0.13052619222005216 0.9914448613738104 -0.0
  outer loop
    vertex 6.0 4.499999999999999 0.9999999999999999
    vertex 6.38822856765378 4.5511112605663975 0.0
    vertex 6.0 4.499999999999999 0.0
  endloop
endfacet
facet normal -0.13052619222005216 0.9914448613738104 -0.0
  outer loop
    vertex 6.38822856765378 4.5511112605663975 0.0
    vertex 6.0 4.499999999999999 0.9999999999999999
    vertex 6.38822856765378 4.5511112605663975 0.9999999999999999
  endloop
endfacet
facet normal 0.13052619222005146 0.9914448613738105 0.0
  outer loop
    vertex 5.6117714323462184 4.5511112605663975 0.9999999999999999
    vertex 6.0 4.499999999999999 0.0
    vertex 5.6117714323462184 4.5511112605663975 0.0
  endloop
endfacet
facet normal 0.13052619222005146 0.9914448613738105 0.0
  outer loop
    vertex 6.0 4.499999999999999 0.0
    vertex 5.6117714323462184 4.5511112605663975 0.9999999999999999
    vertex 6.0 4.499999999999999 0.9999999999999999
  endloop
endfacet
facet normal 0.3826834323650898 0.9238795325112867 0.0
  outer loop
    vertex 5.249999999999999 4.700961894323341 0.9999999999999999
    vertex 5.6117714323462184 4.5511112605663975 0.0
    vertex 5.249999999999999 4.700961894323341 0.0
  endloop
endfacet
facet normal 0.3826834323650898 0.9238795325112867 0.0
  outer loop
    vertex 5.6117714323462184 4.5511112605663975 0.0
    vertex 5.249999999999999 4.700961894323341 0.9999999999999999
    vertex 5.6117714323462184 4.5511112605663975 0.9999999999999999
  endloop
endfacet
facet normal 0.6087614290087225 0.7933533402912339 0.0
  outer loop
    vertex 4.939339828220178 4.939339828220179 0.9999999999999999
    vertex 5.249999999999999 4.700961894323341 0.0
    vertex 4.939339828220178 4.939339828220179 0.0
  endloop
endfacet
facet normal 0.6087614290087225 0.7933533402912339 0.0
  outer loop
    vertex 5.249999999999999 4.700961894323341 0.0
    vertex 4.939339828220178 4.939339828220179 0.9999999999999999
    vertex 5.249999999999999 4.700961894323341 0.9999999999999999
  endloop
endfacet
facet normal 0.7933533402912355 0.6087614290087202 0.0
  outer loop
    vertex 4.700961894323342 5.25 0.0
    vertex 4.939339828220178 4.939339828220179 0.9999999999999999
    vertex 4.939339828220178 4.939339828220179 0.0
  endloop
endfacet
facet normal 0.7933533402912355 0.6087614290087202 0.0
  outer loop
    vertex 4.939339828220178 4.939339828220179 0.9999999999999999
    vertex 4.700961894323342 5.25 0.0
    vertex 4.700961894323342 5.25 0.9999999999999999
  endloop
endfacet
facet normal 0.9238795325112867 0.3826834323650898 0.0
  outer loop
    vertex 4.5511112605663975 5.611771432346219 0.0
    vertex 4.700961894323342 5.25 0.9999999999999999
    vertex 4.700961894323342 5.25 0.0
  endloop
endfacet
facet normal 0.9238795325112867 0.3826834323650898 0.0
  outer loop
    vertex 4.700961894323342 5.25 0.9999999999999999
    vertex 4.5511112605663975 5.611771432346219 0.0
    vertex 4.5511112605663975 5.611771432346219 0.9999999999999999
  endloop
endfacet
facet normal 0.9914448613738104 0.1305261922200519 0.0
  outer loop
    vertex 4.5 6.0 0.0
    vertex 4.5511112605663975 5.611771432346219 0.9999999999999999
    vertex 4.5511112605663975 5.611771432346219 0.0
  endloop
endfacet
facet normal 0.9914448613738104 0.1305261922200519 0.0
  outer loop
    vertex 4.5511112605663975 5.611771432346219 0.9999999999999999
    vertex 4.5 6.0 0.0
    vertex 4.5 6.0 0.9999999999999999
  endloop
endfacet
facet normal 0.9914448613738105 -0.13052619222005146 -0.0
  outer loop
    vertex 4.5511112605663975 6.3882285676537816 0.0
    vertex 4.5 6.0 0.9999999999999999
    vertex 4.5 6.0 0.0
  endloop
endfacet
facet normal 0.9914448613738105 -0.13052619222005146 -0.0
  outer loop
    vertex 4.5 6.0 0.9999999999999999
    vertex 4.5511112605663975 6.3882285676537816 0.0
    vertex 4.5511112605663975 6.3882285676537816 0.9999999999999999
  endloop
endfacet
facet normal 0.9238795325112862 -0.38268343236509134 -0.0
  outer loop
    vertex 4.700961894323343 6.75 0.0
    vertex 4.5511112605663975 6.3882285676537816 0.9999999999999999
    vertex 4.5511112605663975 6.3882285676537816 0.0
  endloop
endfacet
facet normal 0.9238795325112862 -0.38268343236509134 -0.0
  outer loop
    vertex 4.5511112605663975 6.3882285676537816 0.9999999999999999
    vertex 4.700961894323343 6.75 0.0
    vertex 4.700961894323343 6.75 0.9999999999999999
  endloop
endfacet
facet normal 0.7933533402912355 -0.6087614290087202 -0.0
  outer loop
    vertex 4.939339828220179 7.060660171779821 0.0
    vertex 4.700961894323343 6.75 0.9999999999999999
    vertex 4.700961894323343 6.75 0.0
  endloop
endfacet
facet normal 0.7933533402912355 -0.6087614290087202 -0.0
  outer loop
    vertex 4.700961894323343 6.75 0.9999999999999999
    vertex 4.939339828220179 7.060660171779821 0.0
    vertex 4.939339828220179 7.060660171779821 0.9999999999999999
  endloop
endfacet
facet normal 0.6087614290087193 -0.7933533402912363 -0.0
  outer loop
    vertex 5.250000000000001 7.299038105676658 0.9999999999999999
    vertex 4.939339828220179 7.060660171779821 0.0
    vertex 5.250000000000001 7.299038105676658 0.0
  endloop
endfacet
facet normal 0.6087614290087193 -0.7933533402912363 -0.0
  outer loop
    vertex 4.939339828220179 7.060660171779821 0.0
    vertex 5.250000000000001 7.299038105676658 0.9999999999999999
    vertex 4.939339828220179 7.060660171779821 0.9999999999999999
  endloop
endfacet
facet normal 0.38268343236509134 -0.9238795325112862 -0.0
  outer loop
    vertex 5.611771432346219 7.4488887394336025 0.9999999999999999
    vertex 5.250000000000001 7.299038105676658 0.0
    vertex 5.611771432346219 7.4488887394336025 0.0
  endloop
endfacet
facet normal 0.38268343236509134 -0.9238795325112862 -0.0
  outer loop
    vertex 5.250000000000001 7.299038105676658 0.0
    vertex 5.611771432346219 7.4488887394336025 0.9999999999999999
    vertex 5.250000000000001 7.299038105676658 0.9999999999999999
  endloop
endfacet
facet normal 0.1305261922200519 -0.9914448613738104 -0.0
  outer loop
    vertex 6.0 7.5 0.9999999999999999
    vertex 5.611771432346219 7.4488887394336025 0.0
    vertex 6.0 7.5 0.0
  endloop
endfacet
facet normal 0.1305261922200519 -0.9914448613738104 -0.0
  outer loop
    vertex 5.611771432346219 7.4488887394336025 0.0
    vertex 6.0 7.5 0.9999999999999999
    vertex 5.611771432346219 7.4488887394336025 0.9999999999999999
  endloop
endfacet
facet normal 0.7933533402912372 -0.6087614290087179 -0.0
  outer loop
    vertex 69.0857864376269 13.914213562373096 -7.461587357202463e-15
    vertex 68.76794919243112 13.5 1.9999999999999925
    vertex 68.76794919243112 13.5 -7.461587357202463e-15
  endloop
endfacet
facet normal 0.7933533402912372 -0.6087614290087179 -0.0
  outer loop
    vertex 68.76794919243112 13.5 1.9999999999999925
    vertex 69.0857864376269 13.914213562373096 -7.461587357202463e-15
    vertex 69.0857864376269 13.914213562373096 1.9999999999999925
  endloop
endfacet
facet normal 0.6087614290087128 -0.7933533402912413 -0.0
  outer loop
    vertex 69.5 14.232050807568875 1.9999999999999925
    vertex 69.0857864376269 13.914213562373096 -7.461587357202463e-15
    vertex 69.5 14.232050807568875 -7.461587357202463e-15
  endloop
endfacet
facet normal 0.6087614290087128 -0.7933533402912413 -0.0
  outer loop
    vertex 69.0857864376269 13.914213562373096 -7.461587357202463e-15
    vertex 69.5 14.232050807568875 1.9999999999999925
    vertex 69.0857864376269 13.914213562373096 1.9999999999999925
  endloop
endfacet
facet normal 0.3826834323650951 -0.9238795325112845 -0.0
  outer loop
    vertex 69.98236190979495 14.431851652578136 1.9999999999999925
    vertex 69.5 14.232050807568875 -7.461587357202463e-15
    vertex 69.98236190979495 14.431851652578136 -7.461587357202463e-15
  endloop
endfacet
facet normal 0.3826834323650951 -0.9238795325112845 -0.0
  outer loop
    vertex 69.5 14.232050807568875 -7.461587357202463e-15
    vertex 69.98236190979495 14.431851652578136 1.9999999999999925
    vertex 69.5 14.232050807568875 1.9999999999999925
  endloop
endfacet
facet normal 0.13052619222005077 -0.9914448613738106 -0.0
  outer loop
    vertex 70.5 14.499999999999998 1.9999999999999925
    vertex 69.98236190979495 14.431851652578136 -7.461587357202463e-15
    vertex 70.5 14.499999999999998 -7.461587357202463e-15
  endloop
endfacet
facet normal 0.13052619222005077 -0.9914448613738106 -0.0
  outer loop
    vertex 69.98236190979495 14.431851652578136 -7.461587357202463e-15
    vertex 70.5 14.499999999999998 1.9999999999999925
    vertex 69.98236190979495 14.431851652578136 1.9999999999999925
  endloop
endfacet
facet normal -0.13052619222005077 -0.9914448613738106 -0.0
  outer loop
    vertex 71.01763809020504 14.431851652578136 1.9999999999999925
    vertex 70.5 14.499999999999998 -7.461587357202463e-15
    vertex 71.01763809020504 14.431851652578136 -7.461587357202463e-15
  endloop
endfacet
facet normal -0.13052619222005077 -0.9914448613738106 -0.0
  outer loop
    vertex 70.5 14.499999999999998 -7.461587357202463e-15
    vertex 71.01763809020504 14.431851652578136 1.9999999999999925
    vertex 70.5 14.499999999999998 1.9999999999999925
  endloop
endfacet
facet normal -0.3826834323650951 -0.9238795325112845 -0.0
  outer loop
    vertex 71.5 14.232050807568875 1.9999999999999925
    vertex 71.01763809020504 14.431851652578136 -7.461587357202463e-15
    vertex 71.5 14.232050807568875 -7.461587357202463e-15
  endloop
endfacet
facet normal -0.3826834323650951 -0.9238795325112845 -0.0
  outer loop
    vertex 71.01763809020504 14.431851652578136 -7.461587357202463e-15
    vertex 71.5 14.232050807568875 1.9999999999999925
    vertex 71.01763809020504 14.431851652578136 1.9999999999999925
  endloop
endfacet
facet normal -0.6087614290087162 -0.7933533402912388 -0.0
  outer loop
    vertex 71.91421356237309 13.914213562373092 1.9999999999999925
    vertex 71.5 14.232050807568875 -7.461587357202463e-15
    vertex 71.91421356237309 13.914213562373092 -7.461587357202463e-15
  endloop
endfacet
facet normal -0.6087614290087162 -0.7933533402912388 -0.0
  outer loop
    vertex 71.5 14.232050807568875 -7.461587357202463e-15
    vertex 71.91421356237309 13.914213562373092 1.9999999999999925
    vertex 71.5 14.232050807568875 1.9999999999999925
  endloop
endfacet
facet normal -0.7933533402912372 -0.6087614290087179 -0.0
  outer loop
    vertex 71.91421356237309 13.914213562373092 1.9999999999999925
    vertex 72.23205080756887 13.499999999999998 -7.461587357202463e-15
    vertex 72.23205080756887 13.499999999999998 1.9999999999999925
  endloop
endfacet
facet normal -0.7933533402912372 -0.6087614290087179 -0.0
  outer loop
    vertex 72.23205080756887 13.499999999999998 -7.461587357202463e-15
    vertex 71.91421356237309 13.914213562373092 1.9999999999999925
    vertex 71.91421356237309 13.914213562373092 -7.461587357202463e-15
  endloop
endfacet
facet normal -0.92387953251129 -0.38268343236508207 -0.0
  outer loop
    vertex 72.23205080756887 13.499999999999998 1.9999999999999925
    vertex 72.43185165257813 13.01763809020504 -7.461587357202463e-15
    vertex 72.43185165257813 13.01763809020504 1.9999999999999925
  endloop
endfacet
facet normal -0.92387953251129 -0.38268343236508207 -0.0
  outer loop
    vertex 72.43185165257813 13.01763809020504 -7.461587357202463e-15
    vertex 72.23205080756887 13.499999999999998 1.9999999999999925
    vertex 72.23205080756887 13.499999999999998 -7.461587357202463e-15
  endloop
endfacet
facet normal -0.9914448613738104 -0.13052619222005216 -0.0
  outer loop
    vertex 72.43185165257813 13.01763809020504 1.9999999999999925
    vertex 72.49999999999999 12.5 -7.461587357202463e-15
    vertex 72.49999999999999 12.5 1.9999999999999925
  endloop
endfacet
facet normal -0.9914448613738104 -0.13052619222005216 -0.0
  outer loop
    vertex 72.49999999999999 12.5 -7.461587357202463e-15
    vertex 72.43185165257813 13.01763809020504 1.9999999999999925
    vertex 72.43185165257813 13.01763809020504 -7.461587357202463e-15
  endloop
endfacet
facet normal -0.9914448613738105 0.13052619222005143 -0.0
  outer loop
    vertex 72.49999999999999 12.5 1.9999999999999925
    vertex 72.43185165257813 11.982361909794957 -7.461587357202463e-15
    vertex 72.43185165257813 11.982361909794957 1.9999999999999925
  endloop
endfacet
facet normal -0.9914448613738105 0.13052619222005143 -0.0
  outer loop
    vertex 72.43185165257813 11.982361909794957 -7.461587357202463e-15
    vertex 72.49999999999999 12.5 1.9999999999999925
    vertex 72.49999999999999 12.5 -7.461587357202463e-15
  endloop
endfacet
facet normal -0.92387953251129 0.38268343236508207 -0.0
  outer loop
    vertex 72.43185165257813 11.982361909794957 1.9999999999999925
    vertex 72.23205080756887 11.499999999999998 -7.461587357202463e-15
    vertex 72.23205080756887 11.499999999999998 1.9999999999999925
  endloop
endfacet
facet normal -0.92387953251129 0.38268343236508207 -0.0
  outer loop
    vertex 72.23205080756887 11.499999999999998 -7.461587357202463e-15
    vertex 72.43185165257813 11.982361909794957 1.9999999999999925
    vertex 72.43185165257813 11.982361909794957 -7.461587357202463e-15
  endloop
endfacet
facet normal -0.7933533402912372 0.6087614290087179 -0.0
  outer loop
    vertex 72.23205080756887 11.499999999999998 1.9999999999999925
    vertex 71.91421356237309 11.085786437626904 -7.461587357202463e-15
    vertex 71.91421356237309 11.085786437626904 1.9999999999999925
  endloop
endfacet
facet normal -0.7933533402912372 0.6087614290087179 -0.0
  outer loop
    vertex 71.91421356237309 11.085786437626904 -7.461587357202463e-15
    vertex 72.23205080756887 11.499999999999998 1.9999999999999925
    vertex 72.23205080756887 11.499999999999998 -7.461587357202463e-15
  endloop
endfacet
facet normal -0.6087614290087144 0.7933533402912402 -0.0
  outer loop
    vertex 71.5 10.767949192431123 1.9999999999999925
    vertex 71.91421356237309 11.085786437626904 -7.461587357202463e-15
    vertex 71.5 10.767949192431123 -7.461587357202463e-15
  endloop
endfacet
facet normal -0.6087614290087144 0.7933533402912402 -0.0
  outer loop
    vertex 71.91421356237309 11.085786437626904 -7.461587357202463e-15
    vertex 71.5 10.767949192431123 1.9999999999999925
    vertex 71.91421356237309 11.085786437626904 1.9999999999999925
  endloop
endfacet
facet normal -0.38268343236509283 0.9238795325112855 -0.0
  outer loop
    vertex 71.01763809020504 10.568148347421864 1.9999999999999925
    vertex 71.5 10.767949192431123 -7.461587357202463e-15
    vertex 71.01763809020504 10.568148347421864 -7.461587357202463e-15
  endloop
endfacet
facet normal -0.38268343236509283 0.9238795325112855 -0.0
  outer loop
    vertex 71.5 10.767949192431123 -7.461587357202463e-15
    vertex 71.01763809020504 10.568148347421864 1.9999999999999925
    vertex 71.5 10.767949192431123 1.9999999999999925
  endloop
endfacet
facet normal -0.13052619222005077 0.9914448613738106 -0.0
  outer loop
    vertex 70.5 10.5 1.9999999999999925
    vertex 71.01763809020504 10.568148347421864 -7.461587357202463e-15
    vertex 70.5 10.5 -7.461587357202463e-15
  endloop
endfacet
facet normal -0.13052619222005077 0.9914448613738106 -0.0
  outer loop
    vertex 71.01763809020504 10.568148347421864 -7.461587357202463e-15
    vertex 70.5 10.5 1.9999999999999925
    vertex 71.01763809020504 10.568148347421864 1.9999999999999925
  endloop
endfacet
facet normal 0.13052619222005077 0.9914448613738106 0.0
  outer loop
    vertex 69.98236190979495 10.568148347421864 1.9999999999999925
    vertex 70.5 10.5 -7.461587357202463e-15
    vertex 69.98236190979495 10.568148347421864 -7.461587357202463e-15
  endloop
endfacet
facet normal 0.13052619222005077 0.9914448613738106 0.0
  outer loop
    vertex 70.5 10.5 -7.461587357202463e-15
    vertex 69.98236190979495 10.568148347421864 1.9999999999999925
    vertex 70.5 10.5 1.9999999999999925
  endloop
endfacet
facet normal 0.3826834323650951 0.9238795325112845 0.0
  outer loop
    vertex 69.5 10.767949192431123 1.9999999999999925
    vertex 69.98236190979495 10.568148347421864 -7.461587357202463e-15
    vertex 69.5 10.767949192431123 -7.461587357202463e-15
  endloop
endfacet
facet normal 0.3826834323650951 0.9238795325112845 0.0
  outer loop
    vertex 69.98236190979495 10.568148347421864 -7.461587357202463e-15
    vertex 69.5 10.767949192431123 1.9999999999999925
    vertex 69.98236190979495 10.568148347421864 1.9999999999999925
  endloop
endfacet
facet normal 0.6087614290087144 0.7933533402912402 0.0
  outer loop
    vertex 69.0857864376269 11.085786437626906 1.9999999999999925
    vertex 69.5 10.767949192431123 -7.461587357202463e-15
    vertex 69.0857864376269 11.085786437626906 -7.461587357202463e-15
  endloop
endfacet
facet normal 0.6087614290087144 0.7933533402912402 0.0
  outer loop
    vertex 69.5 10.767949192431123 -7.461587357202463e-15
    vertex 69.0857864376269 11.085786437626906 1.9999999999999925
    vertex 69.5 10.767949192431123 1.9999999999999925
  endloop
endfacet
facet normal 0.7933533402912372 0.6087614290087179 0.0
  outer loop
    vertex 68.76794919243112 11.5 -7.461587357202463e-15
    vertex 69.0857864376269 11.085786437626906 1.9999999999999925
    vertex 69.0857864376269 11.085786437626906 -7.461587357202463e-15
  endloop
endfacet
facet normal 0.7933533402912372 0.6087614290087179 0.0
  outer loop
    vertex 69.0857864376269 11.085786437626906 1.9999999999999925
    vertex 68.76794919243112 11.5 -7.461587357202463e-15
    vertex 68.76794919243112 11.5 1.9999999999999925
  endloop
endfacet
facet normal 0.92387953251129 0.38268343236508207 0.0
  outer loop
    vertex 68.56814834742187 11.982361909794959 -7.461587357202463e-15
    vertex 68.76794919243112 11.5 1.9999999999999925
    vertex 68.76794919243112 11.5 -7.461587357202463e-15
  endloop
endfacet
facet normal 0.92387953251129 0.38268343236508207 0.0
  outer loop
    vertex 68.76794919243112 11.5 1.9999999999999925
    vertex 68.56814834742187 11.982361909794959 -7.461587357202463e-15
    vertex 68.56814834742187 11.982361909794959 1.9999999999999925
  endloop
endfacet
facet normal 0.9914448613738104 0.1305261922200518 0.0
  outer loop
    vertex 68.5 12.5 -7.461587357202463e-15
    vertex 68.56814834742187 11.982361909794959 1.9999999999999925
    vertex 68.56814834742187 11.982361909794959 -7.461587357202463e-15
  endloop
endfacet
facet normal 0.9914448613738104 0.1305261922200518 0.0
  outer loop
    vertex 68.56814834742187 11.982361909794959 1.9999999999999925
    vertex 68.5 12.5 -7.461587357202463e-15
    vertex 68.5 12.5 1.9999999999999925
  endloop
endfacet
facet normal 0.9914448613738105 -0.13052619222005143 -0.0
  outer loop
    vertex 68.56814834742187 13.017638090205043 -7.461587357202463e-15
    vertex 68.5 12.5 1.9999999999999925
    vertex 68.5 12.5 -7.461587357202463e-15
  endloop
endfacet
facet normal 0.9914448613738105 -0.13052619222005143 -0.0
  outer loop
    vertex 68.5 12.5 1.9999999999999925
    vertex 68.56814834742187 13.017638090205043 -7.461587357202463e-15
    vertex 68.56814834742187 13.017638090205043 1.9999999999999925
  endloop
endfacet
facet normal 0.92387953251129 -0.38268343236508207 -0.0
  outer loop
    vertex 68.76794919243112 13.5 -7.461587357202463e-15
    vertex 68.56814834742187 13.017638090205043 1.9999999999999925
    vertex 68.56814834742187 13.017638090205043 -7.461587357202463e-15
  endloop
endfacet
facet normal 0.92387953251129 -0.38268343236508207 -0.0
  outer loop
    vertex 68.56814834742187 13.017638090205043 1.9999999999999925
    vertex 68.76794919243112 13.5 -7.461587357202463e-15
    vertex 68.76794919243112 13.5 1.9999999999999925
  endloop
endfacet
facet normal 0.1305261922200518 -0.9914448613738104 -0.0
  outer loop
    vertex 12.499999999999998 14.499999999999998 2.0
    vertex 11.982361909794957 14.431851652578136 2.358960334606715e-16
    vertex 12.499999999999998 14.499999999999998 2.358960334606715e-16
  endloop
endfacet
facet normal 0.1305261922200518 -0.9914448613738104 -0.0
  outer loop
    vertex 11.982361909794957 14.431851652578136 2.358960334606715e-16
    vertex 12.499999999999998 14.499999999999998 2.0
    vertex 11.982361909794957 14.431851652578136 2.0
  endloop
endfacet
facet normal -0.1305261922200511 -0.9914448613738106 -0.0
  outer loop
    vertex 13.017638090205043 14.431851652578136 2.0
    vertex 12.499999999999998 14.499999999999998 2.358960334606715e-16
    vertex 13.017638090205043 14.431851652578136 2.358960334606715e-16
  endloop
endfacet
facet normal -0.1305261922200511 -0.9914448613738106 -0.0
  outer loop
    vertex 12.499999999999998 14.499999999999998 2.358960334606715e-16
    vertex 13.017638090205043 14.431851652578136 2.0
    vertex 12.499999999999998 14.499999999999998 2.0
  endloop
endfacet
facet normal -0.3826834323650932 -0.9238795325112854 -0.0
  outer loop
    vertex 13.499999999999998 14.232050807568875 2.0
    vertex 13.017638090205043 14.431851652578136 2.358960334606715e-16
    vertex 13.499999999999998 14.232050807568875 2.358960334606715e-16
  endloop
endfacet
facet normal -0.3826834323650932 -0.9238795325112854 -0.0
  outer loop
    vertex 13.017638090205043 14.431851652578136 2.358960334606715e-16
    vertex 13.499999999999998 14.232050807568875 2.0
    vertex 13.017638090205043 14.431851652578136 2.0
  endloop
endfacet
facet normal -0.6087614290087213 -0.7933533402912347 -0.0
  outer loop
    vertex 13.914213562373092 13.914213562373092 2.0
    vertex 13.499999999999998 14.232050807568875 2.358960334606715e-16
    vertex 13.914213562373092 13.914213562373092 2.358960334606715e-16
  endloop
endfacet
facet normal -0.6087614290087213 -0.7933533402912347 -0.0
  outer loop
    vertex 13.499999999999998 14.232050807568875 2.358960334606715e-16
    vertex 13.914213562373092 13.914213562373092 2.0
    vertex 13.499999999999998 14.232050807568875 2.0
  endloop
endfacet
facet normal -0.7933533402912347 -0.6087614290087213 -0.0
  outer loop
    vertex 13.914213562373092 13.914213562373092 2.0
    vertex 14.232050807568875 13.499999999999998 2.358960334606715e-16
    vertex 14.232050807568875 13.499999999999998 2.0
  endloop
endfacet
facet normal -0.7933533402912347 -0.6087614290087213 -0.0
  outer loop
    vertex 14.232050807568875 13.499999999999998 2.358960334606715e-16
    vertex 13.914213562373092 13.914213562373092 2.0
    vertex 13.914213562373092 13.914213562373092 2.358960334606715e-16
  endloop
endfacet
facet normal -0.9238795325112863 -0.3826834323650914 -0.0
  outer loop
    vertex 14.232050807568875 13.499999999999998 2.0
    vertex 14.431851652578136 13.01763809020504 2.358960334606715e-16
    vertex 14.431851652578136 13.01763809020504 2.0
  endloop
endfacet
facet normal -0.9238795325112863 -0.3826834323650914 -0.0
  outer loop
    vertex 14.431851652578136 13.01763809020504 2.358960334606715e-16
    vertex 14.232050807568875 13.499999999999998 2.0
    vertex 14.232050807568875 13.499999999999998 2.358960334606715e-16
  endloop
endfacet
facet normal -0.9914448613738112 -0.13052619222004685 -0.0
  outer loop
    vertex 14.431851652578136 13.01763809020504 2.0
    vertex 14.499999999999996 12.5 2.358960334606715e-16
    vertex 14.499999999999996 12.5 2.0
  endloop
endfacet
facet normal -0.9914448613738112 -0.13052619222004685 -0.0
  outer loop
    vertex 14.499999999999996 12.5 2.358960334606715e-16
    vertex 14.431851652578136 13.01763809020504 2.0
    vertex 14.431851652578136 13.01763809020504 2.358960334606715e-16
  endloop
endfacet
facet normal -0.9914448613738105 0.13052619222005143 -0.0
  outer loop
    vertex 14.499999999999996 12.5 2.0
    vertex 14.431851652578132 11.982361909794957 2.358960334606715e-16
    vertex 14.431851652578132 11.982361909794957 2.0
  endloop
endfacet
facet normal -0.9914448613738105 0.13052619222005143 -0.0
  outer loop
    vertex 14.431851652578132 11.982361909794957 2.358960334606715e-16
    vertex 14.499999999999996 12.5 2.0
    vertex 14.499999999999996 12.5 2.358960334606715e-16
  endloop
endfacet
facet normal -0.9238795325112881 0.3826834323650867 -0.0
  outer loop
    vertex 14.431851652578132 11.982361909794957 2.0
    vertex 14.232050807568875 11.499999999999998 2.358960334606715e-16
    vertex 14.232050807568875 11.499999999999998 2.0
  endloop
endfacet
facet normal -0.9238795325112881 0.3826834323650867 -0.0
  outer loop
    vertex 14.232050807568875 11.499999999999998 2.358960334606715e-16
    vertex 14.431851652578132 11.982361909794957 2.0
    vertex 14.431851652578132 11.982361909794957 2.358960334606715e-16
  endloop
endfacet
facet normal -0.7933533402912347 0.6087614290087213 -0.0
  outer loop
    vertex 14.232050807568875 11.499999999999998 2.0
    vertex 13.914213562373092 11.085786437626904 2.358960334606715e-16
    vertex 13.914213562373092 11.085786437626904 2.0
  endloop
endfacet
facet normal -0.7933533402912347 0.6087614290087213 -0.0
  outer loop
    vertex 13.914213562373092 11.085786437626904 2.358960334606715e-16
    vertex 14.232050807568875 11.499999999999998 2.0
    vertex 14.232050807568875 11.499999999999998 2.358960334606715e-16
  endloop
endfacet
facet normal -0.6087614290087197 0.7933533402912359 -0.0
  outer loop
    vertex 13.499999999999998 10.767949192431123 2.0
    vertex 13.914213562373092 11.085786437626904 2.358960334606715e-16
    vertex 13.499999999999998 10.767949192431123 2.358960334606715e-16
  endloop
endfacet
facet normal -0.6087614290087197 0.7933533402912359 -0.0
  outer loop
    vertex 13.914213562373092 11.085786437626904 2.358960334606715e-16
    vertex 13.499999999999998 10.767949192431123 2.0
    vertex 13.914213562373092 11.085786437626904 2.0
  endloop
endfacet
facet normal -0.38268343236508895 0.9238795325112871 -0.0
  outer loop
    vertex 13.01763809020504 10.568148347421864 2.0
    vertex 13.499999999999998 10.767949192431123 2.358960334606715e-16
    vertex 13.01763809020504 10.568148347421864 2.358960334606715e-16
  endloop
endfacet
facet normal -0.38268343236508895 0.9238795325112871 -0.0
  outer loop
    vertex 13.499999999999998 10.767949192431123 2.358960334606715e-16
    vertex 13.01763809020504 10.568148347421864 2.0
    vertex 13.499999999999998 10.767949192431123 2.0
  endloop
endfacet
facet normal -0.1305261922200518 0.9914448613738104 -0.0
  outer loop
    vertex 12.499999999999998 10.5 2.0
    vertex 13.01763809020504 10.568148347421864 2.358960334606715e-16
    vertex 12.499999999999998 10.5 2.358960334606715e-16
  endloop
endfacet
facet normal -0.1305261922200518 0.9914448613738104 -0.0
  outer loop
    vertex 13.01763809020504 10.568148347421864 2.358960334606715e-16
    vertex 12.499999999999998 10.5 2.0
    vertex 13.01763809020504 10.568148347421864 2.0
  endloop
endfacet
facet normal 0.1305261922200518 0.9914448613738104 0.0
  outer loop
    vertex 11.982361909794957 10.568148347421864 2.0
    vertex 12.499999999999998 10.5 2.358960334606715e-16
    vertex 11.982361909794957 10.568148347421864 2.358960334606715e-16
  endloop
endfacet
facet normal 0.1305261922200518 0.9914448613738104 0.0
  outer loop
    vertex 12.499999999999998 10.5 2.358960334606715e-16
    vertex 11.982361909794957 10.568148347421864 2.0
    vertex 12.499999999999998 10.5 2.0
  endloop
endfacet
facet normal 0.3826834323650914 0.9238795325112863 0.0
  outer loop
    vertex 11.499999999999998 10.767949192431123 2.0
    vertex 11.982361909794957 10.568148347421864 2.358960334606715e-16
    vertex 11.499999999999998 10.767949192431123 2.358960334606715e-16
  endloop
endfacet
facet normal 0.3826834323650914 0.9238795325112863 0.0
  outer loop
    vertex 11.982361909794957 10.568148347421864 2.358960334606715e-16
    vertex 11.499999999999998 10.767949192431123 2.0
    vertex 11.982361909794957 10.568148347421864 2.0
  endloop
endfacet
facet normal 0.6087614290087197 0.7933533402912359 0.0
  outer loop
    vertex 11.085786437626904 11.085786437626906 2.0
    vertex 11.499999999999998 10.767949192431123 2.358960334606715e-16
    vertex 11.085786437626904 11.085786437626906 2.358960334606715e-16
  endloop
endfacet
facet normal 0.6087614290087197 0.7933533402912359 0.0
  outer loop
    vertex 11.499999999999998 10.767949192431123 2.358960334606715e-16
    vertex 11.085786437626904 11.085786437626906 2.0
    vertex 11.499999999999998 10.767949192431123 2.0
  endloop
endfacet
facet normal 0.7933533402912347 0.6087614290087213 0.0
  outer loop
    vertex 10.767949192431121 11.5 2.358960334606715e-16
    vertex 11.085786437626904 11.085786437626906 2.0
    vertex 11.085786437626904 11.085786437626906 2.358960334606715e-16
  endloop
endfacet
facet normal 0.7933533402912347 0.6087614290087213 0.0
  outer loop
    vertex 11.085786437626904 11.085786437626906 2.0
    vertex 10.767949192431121 11.5 2.358960334606715e-16
    vertex 10.767949192431121 11.5 2.0
  endloop
endfacet
facet normal 0.9238795325112871 0.38268343236508895 0.0
  outer loop
    vertex 10.568148347421863 11.982361909794959 2.358960334606715e-16
    vertex 10.767949192431121 11.5 2.0
    vertex 10.767949192431121 11.5 2.358960334606715e-16
  endloop
endfacet
facet normal 0.9238795325112871 0.38268343236508895 0.0
  outer loop
    vertex 10.767949192431121 11.5 2.0
    vertex 10.568148347421863 11.982361909794959 2.358960334606715e-16
    vertex 10.568148347421863 11.982361909794959 2.0
  endloop
endfacet
facet normal 0.9914448613738104 0.1305261922200518 0.0
  outer loop
    vertex 10.499999999999998 12.5 2.358960334606715e-16
    vertex 10.568148347421863 11.982361909794959 2.0
    vertex 10.568148347421863 11.982361909794959 2.358960334606715e-16
  endloop
endfacet
facet normal 0.9914448613738104 0.1305261922200518 0.0
  outer loop
    vertex 10.568148347421863 11.982361909794959 2.0
    vertex 10.499999999999998 12.5 2.358960334606715e-16
    vertex 10.499999999999998 12.5 2.0
  endloop
endfacet
facet normal 0.9914448613738105 -0.13052619222005143 -0.0
  outer loop
    vertex 10.568148347421863 13.017638090205043 2.358960334606715e-16
    vertex 10.499999999999998 12.5 2.0
    vertex 10.499999999999998 12.5 2.358960334606715e-16
  endloop
endfacet
facet normal 0.9914448613738105 -0.13052619222005143 -0.0
  outer loop
    vertex 10.499999999999998 12.5 2.0
    vertex 10.568148347421863 13.017638090205043 2.358960334606715e-16
    vertex 10.568148347421863 13.017638090205043 2.0
  endloop
endfacet
facet normal 0.9238795325112871 -0.38268343236508895 -0.0
  outer loop
    vertex 10.767949192431121 13.5 2.358960334606715e-16
    vertex 10.568148347421863 13.017638090205043 2.0
    vertex 10.568148347421863 13.017638090205043 2.358960334606715e-16
  endloop
endfacet
facet normal 0.9238795325112871 -0.38268343236508895 -0.0
  outer loop
    vertex 10.568148347421863 13.017638090205043 2.0
    vertex 10.767949192431121 13.5 2.358960334606715e-16
    vertex 10.767949192431121 13.5 2.0
  endloop
endfacet
facet normal 0.7933533402912347 -0.6087614290087213 -0.0
  outer loop
    vertex 11.085786437626904 13.914213562373096 2.358960334606715e-16
    vertex 10.767949192431121 13.5 2.0
    vertex 10.767949192431121 13.5 2.358960334606715e-16
  endloop
endfacet
facet normal 0.7933533402912347 -0.6087614290087213 -0.0
  outer loop
    vertex 10.767949192431121 13.5 2.0
    vertex 11.085786437626904 13.914213562373096 2.358960334606715e-16
    vertex 11.085786437626904 13.914213562373096 2.0
  endloop
endfacet
facet normal 0.6087614290087179 -0.7933533402912372 -0.0
  outer loop
    vertex 11.499999999999998 14.232050807568875 2.0
    vertex 11.085786437626904 13.914213562373096 2.358960334606715e-16
    vertex 11.499999999999998 14.232050807568875 2.358960334606715e-16
  endloop
endfacet
facet normal 0.6087614290087179 -0.7933533402912372 -0.0
  outer loop
    vertex 11.085786437626904 13.914213562373096 2.358960334606715e-16
    vertex 11.499999999999998 14.232050807568875 2.0
    vertex 11.085786437626904 13.914213562373096 2.0
  endloop
endfacet
facet normal 0.3826834323650914 -0.9238795325112863 -0.0
  outer loop
    vertex 11.982361909794957 14.431851652578136 2.0
    vertex 11.499999999999998 14.232050807568875 2.358960334606715e-16
    vertex 11.982361909794957 14.431851652578136 2.358960334606715e-16
  endloop
endfacet
facet normal 0.3826834323650914 -0.9238795325112863 -0.0
  outer loop
    vertex 11.499999999999998 14.232050807568875 2.358960334606715e-16
    vertex 11.982361909794957 14.431851652578136 2.0
    vertex 11.499999999999998 14.232050807568875 2.0
  endloop
endfacet
facet normal -0.1305261922200518 -0.9914448613738104 -0.0
  outer loop
    vertex 13.01763809020504 72.43185165257813 2.0000000000000075
    vertex 12.499999999999998 72.49999999999999 7.697483390663135e-15
    vertex 13.01763809020504 72.43185165257813 7.697483390663135e-15
  endloop
endfacet
facet normal -0.1305261922200518 -0.9914448613738104 -0.0
  outer loop
    vertex 12.499999999999998 72.49999999999999 7.697483390663135e-15
    vertex 13.01763809020504 72.43185165257813 2.0000000000000075
    vertex 12.499999999999998 72.49999999999999 2.0000000000000075
  endloop
endfacet
facet normal -0.38268343236508207 -0.92387953251129 -0.0
  outer loop
    vertex 13.499999999999998 72.23205080756887 2.0000000000000075
    vertex 13.01763809020504 72.43185165257813 7.697483390663135e-15
    vertex 13.499999999999998 72.23205080756887 7.697483390663135e-15
  endloop
endfacet
facet normal -0.38268343236508207 -0.92387953251129 -0.0
  outer loop
    vertex 13.01763809020504 72.43185165257813 7.697483390663135e-15
    vertex 13.499999999999998 72.23205080756887 2.0000000000000075
    vertex 13.01763809020504 72.43185165257813 2.0000000000000075
  endloop
endfacet
facet normal -0.6087614290087179 -0.7933533402912372 -0.0
  outer loop
    vertex 13.914213562373092 71.91421356237309 2.0000000000000075
    vertex 13.499999999999998 72.23205080756887 7.697483390663135e-15
    vertex 13.914213562373092 71.91421356237309 7.697483390663135e-15
  endloop
endfacet
facet normal -0.6087614290087179 -0.7933533402912372 -0.0
  outer loop
    vertex 13.499999999999998 72.23205080756887 7.697483390663135e-15
    vertex 13.914213562373092 71.91421356237309 2.0000000000000075
    vertex 13.499999999999998 72.23205080756887 2.0000000000000075
  endloop
endfacet
facet normal -0.7933533402912413 -0.6087614290087128 -0.0
  outer loop
    vertex 13.914213562373092 71.91421356237309 2.0000000000000075
    vertex 14.232050807568873 71.5 7.697483390663135e-15
    vertex 14.232050807568873 71.5 2.0000000000000075
  endloop
endfacet
facet normal -0.7933533402912413 -0.6087614290087128 -0.0
  outer loop
    vertex 14.232050807568873 71.5 7.697483390663135e-15
    vertex 13.914213562373092 71.91421356237309 2.0000000000000075
    vertex 13.914213562373092 71.91421356237309 7.697483390663135e-15
  endloop
endfacet
facet normal -0.9238795325112845 -0.3826834323650951 -0.0
  outer loop
    vertex 14.232050807568873 71.5 2.0000000000000075
    vertex 14.431851652578132 71.01763809020504 7.697483390663135e-15
    vertex 14.431851652578132 71.01763809020504 2.0000000000000075
  endloop
endfacet
facet normal -0.9238795325112845 -0.3826834323650951 -0.0
  outer loop
    vertex 14.431851652578132 71.01763809020504 7.697483390663135e-15
    vertex 14.232050807568873 71.5 2.0000000000000075
    vertex 14.232050807568873 71.5 7.697483390663135e-15
  endloop
endfacet
facet normal -0.9914448613738106 -0.13052619222005077 -0.0
  outer loop
    vertex 14.431851652578132 71.01763809020504 2.0000000000000075
    vertex 14.499999999999996 70.5 7.697483390663135e-15
    vertex 14.499999999999996 70.5 2.0000000000000075
  endloop
endfacet
facet normal -0.9914448613738106 -0.13052619222005077 -0.0
  outer loop
    vertex 14.499999999999996 70.5 7.697483390663135e-15
    vertex 14.431851652578132 71.01763809020504 2.0000000000000075
    vertex 14.431851652578132 71.01763809020504 7.697483390663135e-15
  endloop
endfacet
facet normal -0.9914448613738106 0.13052619222005077 -0.0
  outer loop
    vertex 14.499999999999996 70.5 2.0000000000000075
    vertex 14.431851652578132 69.98236190979495 7.697483390663135e-15
    vertex 14.431851652578132 69.98236190979495 2.0000000000000075
  endloop
endfacet
facet normal -0.9914448613738106 0.13052619222005077 -0.0
  outer loop
    vertex 14.431851652578132 69.98236190979495 7.697483390663135e-15
    vertex 14.499999999999996 70.5 2.0000000000000075
    vertex 14.499999999999996 70.5 7.697483390663135e-15
  endloop
endfacet
facet normal -0.9238795325112845 0.3826834323650951 -0.0
  outer loop
    vertex 14.431851652578132 69.98236190979495 2.0000000000000075
    vertex 14.232050807568873 69.5 7.697483390663135e-15
    vertex 14.232050807568873 69.5 2.0000000000000075
  endloop
endfacet
facet normal -0.9238795325112845 0.3826834323650951 -0.0
  outer loop
    vertex 14.232050807568873 69.5 7.697483390663135e-15
    vertex 14.431851652578132 69.98236190979495 2.0000000000000075
    vertex 14.431851652578132 69.98236190979495 7.697483390663135e-15
  endloop
endfacet
facet normal -0.7933533402912333 0.6087614290087231 -0.0
  outer loop
    vertex 14.232050807568873 69.5 2.0000000000000075
    vertex 13.914213562373092 69.08578643762691 7.697483390663135e-15
    vertex 13.914213562373092 69.08578643762691 2.0000000000000075
  endloop
endfacet
facet normal -0.7933533402912333 0.6087614290087231 -0.0
  outer loop
    vertex 13.914213562373092 69.08578643762691 7.697483390663135e-15
    vertex 14.232050807568873 69.5 2.0000000000000075
    vertex 14.232050807568873 69.5 7.697483390663135e-15
  endloop
endfacet
facet normal -0.6087614290087315 0.7933533402912268 -0.0
  outer loop
    vertex 13.499999999999998 68.76794919243112 2.0000000000000075
    vertex 13.914213562373092 69.08578643762691 7.697483390663135e-15
    vertex 13.499999999999998 68.76794919243112 7.697483390663135e-15
  endloop
endfacet
facet normal -0.6087614290087315 0.7933533402912268 -0.0
  outer loop
    vertex 13.914213562373092 69.08578643762691 7.697483390663135e-15
    vertex 13.499999999999998 68.76794919243112 2.0000000000000075
    vertex 13.914213562373092 69.08578643762691 2.0000000000000075
  endloop
endfacet
facet normal -0.38268343236508207 0.92387953251129 -0.0
  outer loop
    vertex 13.01763809020504 68.56814834742187 2.0000000000000075
    vertex 13.499999999999998 68.76794919243112 7.697483390663135e-15
    vertex 13.01763809020504 68.56814834742187 7.697483390663135e-15
  endloop
endfacet
facet normal -0.38268343236508207 0.92387953251129 -0.0
  outer loop
    vertex 13.499999999999998 68.76794919243112 7.697483390663135e-15
    vertex 13.01763809020504 68.56814834742187 2.0000000000000075
    vertex 13.499999999999998 68.76794919243112 2.0000000000000075
  endloop
endfacet
facet normal -0.1305261922200525 0.9914448613738103 -0.0
  outer loop
    vertex 12.500000000000002 68.5 2.0000000000000075
    vertex 13.01763809020504 68.56814834742187 7.697483390663135e-15
    vertex 12.500000000000002 68.5 7.697483390663135e-15
  endloop
endfacet
facet normal -0.1305261922200525 0.9914448613738103 -0.0
  outer loop
    vertex 13.01763809020504 68.56814834742187 7.697483390663135e-15
    vertex 12.500000000000002 68.5 2.0000000000000075
    vertex 13.01763809020504 68.56814834742187 2.0000000000000075
  endloop
endfacet
facet normal 0.1305261922200518 0.9914448613738104 0.0
  outer loop
    vertex 11.98236190979496 68.56814834742187 2.0000000000000075
    vertex 12.500000000000002 68.5 7.697483390663135e-15
    vertex 11.98236190979496 68.56814834742187 7.697483390663135e-15
  endloop
endfacet
facet normal 0.1305261922200518 0.9914448613738104 0.0
  outer loop
    vertex 12.500000000000002 68.5 7.697483390663135e-15
    vertex 11.98236190979496 68.56814834742187 2.0000000000000075
    vertex 12.500000000000002 68.5 2.0000000000000075
  endloop
endfacet
facet normal 0.38268343236508207 0.92387953251129 0.0
  outer loop
    vertex 11.500000000000002 68.76794919243112 2.0000000000000075
    vertex 11.98236190979496 68.56814834742187 7.697483390663135e-15
    vertex 11.500000000000002 68.76794919243112 7.697483390663135e-15
  endloop
endfacet
facet normal 0.38268343236508207 0.92387953251129 0.0
  outer loop
    vertex 11.98236190979496 68.56814834742187 7.697483390663135e-15
    vertex 11.500000000000002 68.76794919243112 2.0000000000000075
    vertex 11.98236190979496 68.56814834742187 2.0000000000000075
  endloop
endfacet
facet normal 0.6087614290087192 0.7933533402912363 0.0
  outer loop
    vertex 11.085786437626908 69.0857864376269 2.0000000000000075
    vertex 11.500000000000002 68.76794919243112 7.697483390663135e-15
    vertex 11.085786437626908 69.0857864376269 7.697483390663135e-15
  endloop
endfacet
facet normal 0.6087614290087192 0.7933533402912363 0.0
  outer loop
    vertex 11.500000000000002 68.76794919243112 7.697483390663135e-15
    vertex 11.085786437626908 69.0857864376269 2.0000000000000075
    vertex 11.500000000000002 68.76794919243112 2.0000000000000075
  endloop
endfacet
facet normal 0.7933533402912402 0.6087614290087144 0.0
  outer loop
    vertex 10.767949192431127 69.5 7.697483390663135e-15
    vertex 11.085786437626908 69.0857864376269 2.0000000000000075
    vertex 11.085786437626908 69.0857864376269 7.697483390663135e-15
  endloop
endfacet
facet normal 0.7933533402912402 0.6087614290087144 0.0
  outer loop
    vertex 11.085786437626908 69.0857864376269 2.0000000000000075
    vertex 10.767949192431127 69.5 7.697483390663135e-15
    vertex 10.767949192431127 69.5 2.0000000000000075
  endloop
endfacet
facet normal 0.9238795325112845 0.3826834323650951 0.0
  outer loop
    vertex 10.568148347421866 69.98236190979495 7.697483390663135e-15
    vertex 10.767949192431127 69.5 2.0000000000000075
    vertex 10.767949192431127 69.5 7.697483390663135e-15
  endloop
endfacet
facet normal 0.9238795325112845 0.3826834323650951 0.0
  outer loop
    vertex 10.767949192431127 69.5 2.0000000000000075
    vertex 10.568148347421866 69.98236190979495 7.697483390663135e-15
    vertex 10.568148347421866 69.98236190979495 2.0000000000000075
  endloop
endfacet
facet normal 0.9914448613738106 0.13052619222005077 0.0
  outer loop
    vertex 10.500000000000004 70.5 7.697483390663135e-15
    vertex 10.568148347421866 69.98236190979495 2.0000000000000075
    vertex 10.568148347421866 69.98236190979495 7.697483390663135e-15
  endloop
endfacet
facet normal 0.9914448613738106 0.13052619222005077 0.0
  outer loop
    vertex 10.568148347421866 69.98236190979495 2.0000000000000075
    vertex 10.500000000000004 70.5 7.697483390663135e-15
    vertex 10.500000000000004 70.5 2.0000000000000075
  endloop
endfacet
facet normal 0.9914448613738103 -0.13052619222005354 -0.0
  outer loop
    vertex 10.568148347421866 71.01763809020503 7.697483390663135e-15
    vertex 10.500000000000004 70.5 2.0000000000000075
    vertex 10.500000000000004 70.5 7.697483390663135e-15
  endloop
endfacet
facet normal 0.9914448613738103 -0.13052619222005354 -0.0
  outer loop
    vertex 10.500000000000004 70.5 2.0000000000000075
    vertex 10.568148347421866 71.01763809020503 7.697483390663135e-15
    vertex 10.568148347421866 71.01763809020503 2.0000000000000075
  endloop
endfacet
facet normal 0.9238795325112897 -0.38268343236508295 -0.0
  outer loop
    vertex 10.767949192431123 71.5 7.697483390663135e-15
    vertex 10.568148347421866 71.01763809020503 2.0000000000000075
    vertex 10.568148347421866 71.01763809020503 7.697483390663135e-15
  endloop
endfacet
facet normal 0.9238795325112897 -0.38268343236508295 -0.0
  outer loop
    vertex 10.568148347421866 71.01763809020503 2.0000000000000075
    vertex 10.767949192431123 71.5 7.697483390663135e-15
    vertex 10.767949192431123 71.5 2.0000000000000075
  endloop
endfacet
facet normal 0.7933533402912307 -0.6087614290087265 -0.0
  outer loop
    vertex 11.085786437626906 71.91421356237308 7.697483390663135e-15
    vertex 10.767949192431123 71.5 2.0000000000000075
    vertex 10.767949192431123 71.5 7.697483390663135e-15
  endloop
endfacet
facet normal 0.7933533402912307 -0.6087614290087265 -0.0
  outer loop
    vertex 10.767949192431123 71.5 2.0000000000000075
    vertex 11.085786437626906 71.91421356237308 7.697483390663135e-15
    vertex 11.085786437626906 71.91421356237308 2.0000000000000075
  endloop
endfacet
facet normal 0.6087614290087329 -0.7933533402912258 -0.0
  outer loop
    vertex 11.5 72.23205080756887 2.0000000000000075
    vertex 11.085786437626906 71.91421356237308 7.697483390663135e-15
    vertex 11.5 72.23205080756887 7.697483390663135e-15
  endloop
endfacet
facet normal 0.6087614290087329 -0.7933533402912258 -0.0
  outer loop
    vertex 11.085786437626906 71.91421356237308 7.697483390663135e-15
    vertex 11.5 72.23205080756887 2.0000000000000075
    vertex 11.085786437626906 71.91421356237308 2.0000000000000075
  endloop
endfacet
facet normal 0.38268343236508207 -0.92387953251129 -0.0
  outer loop
    vertex 11.982361909794959 72.43185165257813 2.0000000000000075
    vertex 11.5 72.23205080756887 7.697483390663135e-15
    vertex 11.982361909794959 72.43185165257813 7.697483390663135e-15
  endloop
endfacet
facet normal 0.38268343236508207 -0.92387953251129 -0.0
  outer loop
    vertex 11.5 72.23205080756887 7.697483390663135e-15
    vertex 11.982361909794959 72.43185165257813 2.0000000000000075
    vertex 11.5 72.23205080756887 2.0000000000000075
  endloop
endfacet
facet normal 0.13052619222005216 -0.9914448613738104 -0.0
  outer loop
    vertex 12.499999999999998 72.49999999999999 2.0000000000000075
    vertex 11.982361909794959 72.43185165257813 7.697483390663135e-15
    vertex 12.499999999999998 72.49999999999999 7.697483390663135e-15
  endloop
endfacet
facet normal 0.13052619222005216 -0.9914448613738104 -0.0
  outer loop
    vertex 11.982361909794959 72.43185165257813 7.697483390663135e-15
    vertex 12.499999999999998 72.49999999999999 2.0000000000000075
    vertex 11.982361909794959 72.43185165257813 2.0000000000000075
  endloop
endfacet
endsolid Attitude indicator1
