solid Attitude indicator1
facet normal 0.25881904510251846 0.965925826289069 4.1593821166850564e-19
  outer loop
    vertex 40.954766409163135 35.31685978935984 36.490936192283634
    vertex 39.4887395075839 35.709680513720336 30.490936192283645
    vertex 39.4887395075839 35.709680513720286 36.49093619228365
  endloop
endfacet
facet normal 0.25881904510251846 0.965925826289069 4.1593821166850564e-19
  outer loop
    vertex 39.4887395075839 35.709680513720336 30.490936192283645
    vertex 40.954766409163135 35.31685978935984 36.490936192283634
    vertex 40.954766409163135 35.316859789359874 30.490936192283645
  endloop
endfacet
facet normal 0.15643446504022807 0.9876883405951382 -1.113685771020333e-15
  outer loop
    vertex 42.45382320863966 35.0794325171601 30.490936192283645
    vertex 40.954766409163135 35.31685978935984 36.490936192283634
    vertex 42.45382320863966 35.079432517160065 36.490936192283634
  endloop
endfacet
facet normal 0.15643446504022807 0.9876883405951382 -1.113685771020333e-15
  outer loop
    vertex 40.954766409163135 35.31685978935984 36.490936192283634
    vertex 42.45382320863966 35.0794325171601 30.490936192283645
    vertex 40.954766409163135 35.316859789359874 30.490936192283645
  endloop
endfacet
facet normal 0.052335956242945875 0.9986295347545739 -1.1267212367380009e-15
  outer loop
    vertex 43.96948592602064 35.00000000000006 30.490936192283645
    vertex 42.45382320863966 35.079432517160065 36.490936192283634
    vertex 43.96948592602064 35.00000000000003 36.490936192283634
  endloop
endfacet
facet normal 0.052335956242945875 0.9986295347545739 -1.1267212367380009e-15
  outer loop
    vertex 42.45382320863966 35.079432517160065 36.490936192283634
    vertex 43.96948592602064 35.00000000000006 30.490936192283645
    vertex 42.45382320863966 35.0794325171601 30.490936192283645
  endloop
endfacet
facet normal -0.05233595624294548 0.9986295347545739 -1.1267212367380007e-15
  outer loop
    vertex 45.48514864340163 35.0794325171601 30.490936192283645
    vertex 43.96948592602064 35.00000000000003 36.490936192283634
    vertex 45.48514864340163 35.079432517160065 36.490936192283634
  endloop
endfacet
facet normal -0.05233595624294548 0.9986295347545739 -1.1267212367380007e-15
  outer loop
    vertex 43.96948592602064 35.00000000000003 36.490936192283634
    vertex 45.48514864340163 35.0794325171601 30.490936192283645
    vertex 43.96948592602064 35.00000000000006 30.490936192283645
  endloop
endfacet
facet normal -0.15643446504023167 0.9876883405951375 -1.112329448930242e-15
  outer loop
    vertex 46.98420544287816 35.316859789359846 36.49093619228362
    vertex 45.48514864340163 35.0794325171601 30.490936192283645
    vertex 45.48514864340163 35.079432517160065 36.490936192283634
  endloop
endfacet
facet normal -0.15643446504023167 0.9876883405951375 -1.112329448930242e-15
  outer loop
    vertex 45.48514864340163 35.0794325171601 30.490936192283645
    vertex 46.98420544287816 35.316859789359846 36.49093619228362
    vertex 46.98420544287816 35.31685978935988 30.49093619228361
  endloop
endfacet
facet normal -0.2588190451025203 0.9659258262890684 -1.0918496543512347e-15
  outer loop
    vertex 48.450232344457376 35.7096805137203 36.490936192283584
    vertex 46.98420544287816 35.31685978935988 30.49093619228361
    vertex 46.98420544287816 35.316859789359846 36.49093619228362
  endloop
endfacet
facet normal -0.2588190451025203 0.9659258262890684 -1.0918496543512347e-15
  outer loop
    vertex 46.98420544287816 35.31685978935988 30.49093619228361
    vertex 48.450232344457376 35.7096805137203 36.490936192283584
    vertex 48.450232344457376 35.709680513720336 30.49093619228361
  endloop
endfacet
facet normal -0.358367949545301 0.9335804264972014 -1.0539720269923872e-15
  outer loop
    vertex 49.86716725061975 36.25359086418235 30.490936192283595
    vertex 48.450232344457376 35.7096805137203 36.490936192283584
    vertex 49.86716725061975 36.253590864182314 36.490936192283584
  endloop
endfacet
facet normal -0.358367949545301 0.9335804264972014 -1.0539720269923872e-15
  outer loop
    vertex 48.450232344457376 35.7096805137203 36.490936192283584
    vertex 49.86716725061975 36.25359086418235 30.490936192283595
    vertex 48.450232344457376 35.709680513720336 30.49093619228361
  endloop
endfacet
facet normal -0.45399049973954525 0.8910065241883688 -1.0021774694680562e-15
  outer loop
    vertex 51.219485926020674 36.9426316451257 30.490936192283595
    vertex 49.86716725061975 36.253590864182314 36.490936192283584
    vertex 51.21948592602064 36.942631645125665 36.490936192283584
  endloop
endfacet
facet normal -0.45399049973954525 0.8910065241883688 -1.0021774694680562e-15
  outer loop
    vertex 49.86716725061975 36.253590864182314 36.490936192283584
    vertex 51.219485926020674 36.9426316451257 30.490936192283595
    vertex 49.86716725061975 36.25359086418235 30.490936192283595
  endloop
endfacet
facet normal -0.5446390350150279 0.8386705679454235 -9.43311552366581e-16
  outer loop
    vertex 52.49237208426152 37.76925358156332 30.490936192283595
    vertex 51.21948592602064 36.942631645125665 36.490936192283584
    vertex 52.49237208426149 37.769253581563284 36.490936192283584
  endloop
endfacet
facet normal -0.5446390350150279 0.8386705679454235 -9.43311552366581e-16
  outer loop
    vertex 51.21948592602064 36.942631645125665 36.490936192283584
    vertex 52.49237208426152 37.76925358156332 30.490936192283595
    vertex 51.219485926020674 36.9426316451257 30.490936192283595
  endloop
endfacet
facet normal -0.6293203910498407 0.7771459614569682 -1.577626212385261e-15
  outer loop
    vertex 53.67187971822413 38.72440003057785 30.490936192283588
    vertex 52.49237208426149 37.769253581563284 36.490936192283584
    vertex 53.671879718224055 38.72440003057781 36.490936192283584
  endloop
endfacet
facet normal -0.6293203910498407 0.7771459614569682 -1.577626212385261e-15
  outer loop
    vertex 52.49237208426149 37.769253581563284 36.490936192283584
    vertex 53.67187971822413 38.72440003057785 30.490936192283588
    vertex 52.49237208426152 37.76925358156332 30.490936192283595
  endloop
endfacet
facet normal -0.7071067811865438 0.7071067811865513 -2.3978682636348486e-15
  outer loop
    vertex 54.74508589544292 39.79760620779661 30.490936192283588
    vertex 53.671879718224055 38.72440003057781 36.490936192283584
    vertex 54.745085895442834 39.79760620779658 36.490936192283584
  endloop
endfacet
facet normal -0.7071067811865438 0.7071067811865513 -2.3978682636348486e-15
  outer loop
    vertex 53.671879718224055 38.72440003057781 36.490936192283584
    vertex 54.74508589544292 39.79760620779661 30.490936192283588
    vertex 53.67187971822413 38.72440003057785 30.490936192283588
  endloop
endfacet
facet normal -0.7771459614569742 0.6293203910498335 -2.4568889853212468e-15
  outer loop
    vertex 54.74508589544292 39.79760620779661 30.490936192283588
    vertex 55.70023234445734 40.97711384175916 36.490936192283584
    vertex 55.70023234445742 40.97711384175919 30.490936192283588
  endloop
endfacet
facet normal -0.7771459614569742 0.6293203910498335 -2.4568889853212468e-15
  outer loop
    vertex 55.70023234445734 40.97711384175916 36.490936192283584
    vertex 54.74508589544292 39.79760620779661 30.490936192283588
    vertex 54.745085895442834 39.79760620779658 36.490936192283584
  endloop
endfacet
facet normal -0.8386705679454246 0.5446390350150264 -2.5116507039670194e-15
  outer loop
    vertex 55.70023234445742 40.97711384175919 30.490936192283588
    vertex 56.52685428089497 42.250000000000036 36.490936192283584
    vertex 56.52685428089505 42.250000000000064 30.490936192283588
  endloop
endfacet
facet normal -0.8386705679454246 0.5446390350150264 -2.5116507039670194e-15
  outer loop
    vertex 56.52685428089497 42.250000000000036 36.490936192283584
    vertex 55.70023234445742 40.97711384175919 30.490936192283588
    vertex 55.70023234445734 40.97711384175916 36.490936192283584
  endloop
endfacet
facet normal -0.8910065241883671 0.4539904997395482 -2.522516294366235e-15
  outer loop
    vertex 56.52685428089505 42.250000000000064 30.490936192283588
    vertex 57.215895061838324 43.60231867540092 36.4909361922836
    vertex 57.2158950618384 43.60231867540095 30.490936192283606
  endloop
endfacet
facet normal -0.8910065241883671 0.4539904997395482 -2.522516294366235e-15
  outer loop
    vertex 57.215895061838324 43.60231867540092 36.4909361922836
    vertex 56.52685428089505 42.250000000000064 30.490936192283588
    vertex 56.52685428089497 42.250000000000036 36.490936192283584
  endloop
endfacet
facet normal -0.9335804264971999 0.35836794954530554 -2.5144107614154023e-15
  outer loop
    vertex 57.2158950618384 43.60231867540095 30.490936192283606
    vertex 57.759805412300345 45.01925358156329 36.490936192283634
    vertex 57.75980541230042 45.019253581563326 30.490936192283637
  endloop
endfacet
facet normal -0.9335804264971999 0.35836794954530554 -2.5144107614154023e-15
  outer loop
    vertex 57.759805412300345 45.01925358156329 36.490936192283634
    vertex 57.2158950618384 43.60231867540095 30.490936192283606
    vertex 57.215895061838324 43.60231867540092 36.4909361922836
  endloop
endfacet
facet normal -0.9659258262890721 0.2588190451025072 -2.4735569436877323e-15
  outer loop
    vertex 57.75980541230042 45.019253581563326 30.490936192283637
    vertex 58.15262613666078 46.485280483142525 36.490936192283634
    vertex 58.15262613666086 46.48528048314255 30.490936192283637
  endloop
endfacet
facet normal -0.9659258262890721 0.2588190451025072 -2.4735569436877323e-15
  outer loop
    vertex 58.15262613666078 46.485280483142525 36.490936192283634
    vertex 57.75980541230042 45.019253581563326 30.490936192283637
    vertex 57.759805412300345 45.01925358156329 36.490936192283634
  endloop
endfacet
facet normal -0.9876883405951375 0.1564344650402317 -2.4055814772561813e-15
  outer loop
    vertex 58.15262613666086 46.48528048314255 30.490936192283637
    vertex 58.39005340886056 47.98433728261905 36.490936192283634
    vertex 58.390053408860645 47.98433728261908 30.490936192283637
  endloop
endfacet
facet normal -0.9876883405951375 0.1564344650402317 -2.4055814772561813e-15
  outer loop
    vertex 58.39005340886056 47.98433728261905 36.490936192283634
    vertex 58.15262613666086 46.48528048314255 30.490936192283637
    vertex 58.15262613666078 46.485280483142525 36.490936192283634
  endloop
endfacet
facet normal -0.9986295347545735 0.052335956242953674 -2.3119027305814314e-15
  outer loop
    vertex 58.390053408860645 47.98433728261908 30.490936192283637
    vertex 58.46948592602062 49.50000000000002 36.490936192283634
    vertex 58.469485926020695 49.50000000000005 30.490936192283634
  endloop
endfacet
facet normal -0.9986295347545735 0.052335956242953674 -2.3119027305814314e-15
  outer loop
    vertex 58.46948592602062 49.50000000000002 36.490936192283634
    vertex 58.390053408860645 47.98433728261908 30.490936192283637
    vertex 58.39005340886056 47.98433728261905 36.490936192283634
  endloop
endfacet
facet normal -0.9986295347545735 -0.05233595624295318 -2.2222779401313215e-15
  outer loop
    vertex 58.469485926020695 49.50000000000005 30.490936192283634
    vertex 58.39005340886056 51.015662717381005 36.49093619228362
    vertex 58.390053408860645 51.015662717381005 30.4909361922836
  endloop
endfacet
facet normal -0.9986295347545735 -0.05233595624295318 -2.2222779401313215e-15
  outer loop
    vertex 58.39005340886056 51.015662717381005 36.49093619228362
    vertex 58.469485926020695 49.50000000000005 30.490936192283634
    vertex 58.46948592602062 49.50000000000002 36.490936192283634
  endloop
endfacet
facet normal -0.9876883405951375 -0.1564344650402317 -2.228753286173442e-15
  outer loop
    vertex 58.390053408860645 51.015662717381005 30.4909361922836
    vertex 58.15262613666078 52.51471951685753 36.490936192283584
    vertex 58.15262613666086 52.51471951685753 30.4909361922836
  endloop
endfacet
facet normal -0.9876883405951375 -0.1564344650402317 -2.228753286173442e-15
  outer loop
    vertex 58.15262613666078 52.51471951685753 36.490936192283584
    vertex 58.390053408860645 51.015662717381005 30.4909361922836
    vertex 58.39005340886056 51.015662717381005 36.49093619228362
  endloop
endfacet
facet normal -0.9659258262890675 -0.2588190451025238 -2.1809967105481253e-15
  outer loop
    vertex 58.15262613666086 52.51471951685753 30.4909361922836
    vertex 57.759805412300324 53.98074641843675 36.490936192283584
    vertex 57.7598054123004 53.98074641843675 30.490936192283595
  endloop
endfacet
facet normal -0.9659258262890675 -0.2588190451025238 -2.1809967105481253e-15
  outer loop
    vertex 57.759805412300324 53.98074641843675 36.490936192283584
    vertex 58.15262613666086 52.51471951685753 30.4909361922836
    vertex 58.15262613666078 52.51471951685753 36.490936192283584
  endloop
endfacet
facet normal -0.9335804264972053 -0.35836794954529133 -2.1053508366141905e-15
  outer loop
    vertex 57.7598054123004 53.98074641843675 30.490936192283595
    vertex 57.215895061838324 55.39768132459912 36.490936192283584
    vertex 57.2158950618384 55.39768132459912 30.490936192283588
  endloop
endfacet
facet normal -0.9335804264972053 -0.35836794954529133 -2.1053508366141905e-15
  outer loop
    vertex 57.215895061838324 55.39768132459912 36.490936192283584
    vertex 57.7598054123004 53.98074641843675 30.490936192283595
    vertex 57.759805412300324 53.98074641843675 36.490936192283584
  endloop
endfacet
facet normal -0.8910065241883679 -0.4539904997395466 -1.4961654986250652e-15
  outer loop
    vertex 56.52685428089505 56.75000000000001 30.490936192283588
    vertex 57.215895061838324 55.39768132459912 36.490936192283584
    vertex 56.52685428089497 56.75000000000002 36.490936192283584
  endloop
endfacet
facet normal -0.8910065241883679 -0.4539904997395466 -1.4961654986250652e-15
  outer loop
    vertex 57.215895061838324 55.39768132459912 36.490936192283584
    vertex 56.52685428089505 56.75000000000001 30.490936192283588
    vertex 57.2158950618384 55.39768132459912 30.490936192283588
  endloop
endfacet
facet normal -0.8386705679454212 -0.5446390350150316 -1.2817702419511045e-15
  outer loop
    vertex 56.52685428089505 56.75000000000001 30.490936192283588
    vertex 55.70023234445734 58.02288615824087 36.490936192283584
    vertex 55.70023234445742 58.02288615824087 30.490936192283588
  endloop
endfacet
facet normal -0.8386705679454212 -0.5446390350150316 -1.2817702419511045e-15
  outer loop
    vertex 55.70023234445734 58.02288615824087 36.490936192283584
    vertex 56.52685428089505 56.75000000000001 30.490936192283588
    vertex 56.52685428089497 56.75000000000002 36.490936192283584
  endloop
endfacet
facet normal -0.7771459614569698 -0.6293203910498387 -1.756918650073056e-15
  outer loop
    vertex 55.70023234445742 58.02288615824087 30.490936192283588
    vertex 54.74508589544281 59.20239379220346 36.490936192283584
    vertex 54.74508589544289 59.20239379220346 30.490936192283588
  endloop
endfacet
facet normal -0.7771459614569698 -0.6293203910498387 -1.756918650073056e-15
  outer loop
    vertex 54.74508589544281 59.20239379220346 36.490936192283584
    vertex 55.70023234445742 58.02288615824087 30.490936192283588
    vertex 55.70023234445734 58.02288615824087 36.490936192283584
  endloop
endfacet
facet normal -0.7071067811865512 -0.7071067811865439 -1.5985788424232391e-15
  outer loop
    vertex 54.74508589544289 59.20239379220346 30.490936192283588
    vertex 53.671879718224055 60.27559996942223 36.490936192283584
    vertex 53.67187971822413 60.27559996942223 30.490936192283588
  endloop
endfacet
facet normal -0.7071067811865512 -0.7071067811865439 -1.5985788424232391e-15
  outer loop
    vertex 53.671879718224055 60.27559996942223 36.490936192283584
    vertex 54.74508589544289 59.20239379220346 30.490936192283588
    vertex 54.74508589544281 59.20239379220346 36.490936192283584
  endloop
endfacet
facet normal -0.6293203910498241 -0.7771459614569817 -1.4789357446541808e-15
  outer loop
    vertex 53.17606690690333 60.677101267483316 30.490936192283606
    vertex 53.671879718224055 60.27559996942223 36.490936192283584
    vertex 53.176066906903294 60.677101267483316 36.490936192283584
  endloop
endfacet
facet normal -0.6293203910498241 -0.7771459614569817 -1.4789357446541808e-15
  outer loop
    vertex 53.671879718224055 60.27559996942223 36.490936192283584
    vertex 53.17606690690333 60.677101267483316 30.490936192283606
    vertex 53.67187971822413 60.27559996942223 30.490936192283588
  endloop
endfacet
facet normal 0.629320391049841 -0.777145961456968 -2.978077168554936e-16
  outer loop
    vertex 34.267092133817194 60.27559996942222 36.490936192283634
    vertex 34.59794385534631 60.543518410871584 30.490936192283662
    vertex 34.597943855346315 60.543518410871584 36.49093619228364
  endloop
endfacet
facet normal 0.629320391049841 -0.777145961456968 -2.978077168554936e-16
  outer loop
    vertex 34.59794385534631 60.543518410871584 30.490936192283662
    vertex 34.267092133817194 60.27559996942222 36.490936192283634
    vertex 34.267092133817194 60.27559996942222 30.490936192283637
  endloop
endfacet
facet normal 0.7071067811865477 -0.7071067811865475 1.7811000125693157e-30
  outer loop
    vertex 33.19388595659842 59.202393792203445 36.4909361922836
    vertex 34.267092133817194 60.27559996942222 30.490936192283637
    vertex 34.267092133817194 60.27559996942222 36.490936192283634
  endloop
endfacet
facet normal 0.7071067811865477 -0.7071067811865475 1.7811000125693157e-30
  outer loop
    vertex 34.267092133817194 60.27559996942222 30.490936192283637
    vertex 33.19388595659842 59.202393792203445 36.4909361922836
    vertex 33.19388595659841 59.202393792203445 30.490936192283606
  endloop
endfacet
facet normal 0.7771459614569705 -0.629320391049838 -1.6023737137301802e-30
  outer loop
    vertex 32.2387395075839 58.02288615824087 36.490936192283584
    vertex 33.19388595659841 59.202393792203445 30.490936192283606
    vertex 33.19388595659842 59.202393792203445 36.4909361922836
  endloop
endfacet
facet normal 0.7771459614569705 -0.629320391049838 -1.6023737137301802e-30
  outer loop
    vertex 33.19388595659841 59.202393792203445 30.490936192283606
    vertex 32.2387395075839 58.02288615824087 36.490936192283584
    vertex 32.238739507583894 58.02288615824087 30.490936192283588
  endloop
endfacet
facet normal 0.8386705679454257 -0.5446390350150246 -6.0954595508223486e-18
  outer loop
    vertex 31.412117571146286 56.75000000000001 36.490936192283584
    vertex 32.238739507583894 58.02288615824087 30.490936192283588
    vertex 32.2387395075839 58.02288615824087 36.490936192283584
  endloop
endfacet
facet normal 0.8386705679454257 -0.5446390350150246 -6.0954595508223486e-18
  outer loop
    vertex 32.238739507583894 58.02288615824087 30.490936192283588
    vertex 31.412117571146286 56.75000000000001 36.490936192283584
    vertex 31.412117571146275 56.75000000000001 30.490936192283588
  endloop
endfacet
facet normal 0.8910065241883656 -0.4539904997395511 1.2942249226282223e-31
  outer loop
    vertex 30.723076790202924 55.397681324599105 36.490936192283584
    vertex 31.412117571146275 56.75000000000001 30.490936192283588
    vertex 31.412117571146286 56.75000000000001 36.490936192283584
  endloop
endfacet
facet normal 0.8910065241883656 -0.4539904997395511 1.2942249226282223e-31
  outer loop
    vertex 31.412117571146275 56.75000000000001 30.490936192283588
    vertex 30.723076790202924 55.397681324599105 36.490936192283584
    vertex 30.723076790202914 55.397681324599105 30.490936192283588
  endloop
endfacet
facet normal 0.9335804264972017 -0.3583679495453003 1.3154891268852379e-18
  outer loop
    vertex 30.179166439740914 53.98074641843675 36.490936192283584
    vertex 30.723076790202914 55.397681324599105 30.490936192283588
    vertex 30.723076790202924 55.397681324599105 36.490936192283584
  endloop
endfacet
facet normal 0.9335804264972017 -0.3583679495453003 1.3154891268852379e-18
  outer loop
    vertex 30.723076790202914 55.397681324599105 30.490936192283588
    vertex 30.179166439740914 53.98074641843675 36.490936192283584
    vertex 30.1791664397409 53.98074641843675 30.490936192283595
  endloop
endfacet
facet normal 0.9659258262890699 -0.258819045102515 0.0
  outer loop
    vertex 29.786345715380467 52.51471951685752 36.490936192283584
    vertex 30.1791664397409 53.98074641843675 30.490936192283595
    vertex 30.179166439740914 53.98074641843675 36.490936192283584
  endloop
endfacet
facet normal 0.9659258262890699 -0.258819045102515 0.0
  outer loop
    vertex 30.1791664397409 53.98074641843675 30.490936192283595
    vertex 29.786345715380467 52.51471951685752 36.490936192283584
    vertex 29.786345715380456 52.51471951685752 30.490936192283595
  endloop
endfacet
facet normal 0.9876883405951378 -0.15643446504023056 0.0
  outer loop
    vertex 29.548918443180686 51.01566271738098 36.490936192283584
    vertex 29.786345715380456 52.51471951685752 30.490936192283595
    vertex 29.786345715380467 52.51471951685752 36.490936192283584
  endloop
endfacet
facet normal 0.9876883405951378 -0.15643446504023056 0.0
  outer loop
    vertex 29.786345715380456 52.51471951685752 30.490936192283595
    vertex 29.548918443180686 51.01566271738098 36.490936192283584
    vertex 29.548918443180675 51.01566271738098 30.490936192283595
  endloop
endfacet
facet normal 0.9986295347545737 -0.052335956242946555 2.9872256439555325e-17
  outer loop
    vertex 29.469485926020646 49.50000000000002 36.490936192283584
    vertex 29.548918443180675 51.01566271738098 30.490936192283595
    vertex 29.548918443180686 51.01566271738098 36.490936192283584
  endloop
endfacet
facet normal 0.9986295347545737 -0.052335956242946555 2.9872256439555325e-17
  outer loop
    vertex 29.548918443180675 51.01566271738098 30.490936192283595
    vertex 29.469485926020646 49.50000000000002 36.490936192283584
    vertex 29.469485926020635 49.50000000000005 30.490936192283595
  endloop
endfacet
facet normal 0.9986295347545739 0.05233595624294588 -5.88679223843339e-17
  outer loop
    vertex 29.469485926020646 49.50000000000002 36.490936192283584
    vertex 29.548918443180675 47.98433728261907 30.49093619228361
    vertex 29.469485926020635 49.50000000000005 30.490936192283595
  endloop
endfacet
facet normal 0.9986295347545739 0.05233595624294588 -5.88679223843339e-17
  outer loop
    vertex 29.548918443180675 47.98433728261907 30.49093619228361
    vertex 29.469485926020646 49.50000000000002 36.490936192283584
    vertex 29.548918443180686 47.984337282619045 36.49093619228359
  endloop
endfacet
facet normal 0.9876883405951375 0.1564344650402317 -1.7644221301792592e-16
  outer loop
    vertex 29.548918443180686 47.984337282619045 36.49093619228359
    vertex 29.786345715380456 46.48528048314254 30.49093619228361
    vertex 29.548918443180675 47.98433728261907 30.49093619228361
  endloop
endfacet
facet normal 0.9876883405951375 0.1564344650402317 -1.7644221301792592e-16
  outer loop
    vertex 29.786345715380456 46.48528048314254 30.49093619228361
    vertex 29.548918443180686 47.984337282619045 36.49093619228359
    vertex 29.786345715380467 46.48528048314251 36.490936192283634
  endloop
endfacet
facet normal 0.965925826289068 0.25881904510252196 -2.9235226403378e-16
  outer loop
    vertex 29.786345715380467 46.48528048314251 36.490936192283634
    vertex 30.179166439740914 45.01925358156331 30.490936192283645
    vertex 29.786345715380456 46.48528048314254 30.49093619228361
  endloop
endfacet
facet normal 0.965925826289068 0.25881904510252196 -2.9235226403378e-16
  outer loop
    vertex 30.179166439740914 45.01925358156331 30.490936192283645
    vertex 29.786345715380467 46.48528048314251 36.490936192283634
    vertex 30.179166439740925 45.019253581563284 36.490936192283634
  endloop
endfacet
facet normal 0.9335804264972024 0.35836794954529905 -4.0107616243568654e-16
  outer loop
    vertex 30.179166439740925 45.019253581563284 36.490936192283634
    vertex 30.723076790202924 43.60231867540095 30.490936192283645
    vertex 30.179166439740914 45.01925358156331 30.490936192283645
  endloop
endfacet
facet normal 0.9335804264972024 0.35836794954529905 -4.0107616243568654e-16
  outer loop
    vertex 30.723076790202924 43.60231867540095 30.490936192283645
    vertex 30.179166439740925 45.019253581563284 36.490936192283634
    vertex 30.723076790202935 43.602318675400916 36.490936192283634
  endloop
endfacet
facet normal 0.8910065241883679 0.4539904997395466 -5.131753978705859e-16
  outer loop
    vertex 30.723076790202935 43.602318675400916 36.490936192283634
    vertex 31.412117571146275 42.25000000000005 30.490936192283645
    vertex 30.723076790202924 43.60231867540095 30.490936192283645
  endloop
endfacet
facet normal 0.8910065241883679 0.4539904997395466 -5.131753978705859e-16
  outer loop
    vertex 31.412117571146275 42.25000000000005 30.490936192283645
    vertex 30.723076790202935 43.602318675400916 36.490936192283634
    vertex 31.412117571146286 42.25000000000002 36.490936192283634
  endloop
endfacet
facet normal 0.8386705679454257 0.5446390350150244 -6.095459550823745e-16
  outer loop
    vertex 31.412117571146286 42.25000000000002 36.490936192283634
    vertex 32.238739507583894 40.97711384175919 30.490936192283645
    vertex 31.412117571146275 42.25000000000005 30.490936192283645
  endloop
endfacet
facet normal 0.8386705679454257 0.5446390350150244 -6.095459550823745e-16
  outer loop
    vertex 32.238739507583894 40.97711384175919 30.490936192283645
    vertex 31.412117571146286 42.25000000000002 36.490936192283634
    vertex 32.2387395075839 40.97711384175916 36.490936192283634
  endloop
endfacet
facet normal 0.7771459614569685 0.6293203910498406 -7.043191437879706e-16
  outer loop
    vertex 32.2387395075839 40.97711384175916 36.490936192283634
    vertex 33.19388595659842 39.79760620779661 30.490936192283645
    vertex 32.238739507583894 40.97711384175919 30.490936192283645
  endloop
endfacet
facet normal 0.7771459614569685 0.6293203910498406 -7.043191437879706e-16
  outer loop
    vertex 33.19388595659842 39.79760620779661 30.490936192283645
    vertex 32.2387395075839 40.97711384175916 36.490936192283634
    vertex 33.193885956598436 39.79760620779658 36.490936192283634
  endloop
endfacet
facet normal 0.7071067811865476 0.7071067811865476 -7.992894212116191e-16
  outer loop
    vertex 33.193885956598436 39.79760620779658 36.490936192283634
    vertex 34.26709213381721 38.72440003057784 30.490936192283645
    vertex 33.19388595659842 39.79760620779661 30.490936192283645
  endloop
endfacet
facet normal 0.7071067811865476 0.7071067811865476 -7.992894212116191e-16
  outer loop
    vertex 34.26709213381721 38.72440003057784 30.490936192283645
    vertex 33.193885956598436 39.79760620779658 36.490936192283634
    vertex 34.26709213381721 38.72440003057781 36.490936192283634
  endloop
endfacet
facet normal 0.6293203910498403 0.7771459614569687 -8.784593250365298e-16
  outer loop
    vertex 35.44659976777978 37.76925358156332 30.490936192283645
    vertex 34.26709213381721 38.72440003057781 36.490936192283634
    vertex 35.44659976777978 37.769253581563284 36.490936192283634
  endloop
endfacet
facet normal 0.6293203910498403 0.7771459614569687 -8.784593250365298e-16
  outer loop
    vertex 34.26709213381721 38.72440003057781 36.490936192283634
    vertex 35.44659976777978 37.76925358156332 30.490936192283645
    vertex 34.26709213381721 38.72440003057784 30.490936192283645
  endloop
endfacet
facet normal 0.5446390350150297 0.8386705679454223 2.4855571403355627e-18
  outer loop
    vertex 36.719485926020646 36.942631645125694 30.490936192283645
    vertex 35.44659976777978 37.769253581563284 36.490936192283634
    vertex 36.719485926020646 36.94263164512565 36.49093619228365
  endloop
endfacet
facet normal 0.5446390350150297 0.8386705679454223 2.4855571403355627e-18
  outer loop
    vertex 35.44659976777978 37.769253581563284 36.490936192283634
    vertex 36.719485926020646 36.942631645125694 30.490936192283645
    vertex 35.44659976777978 37.76925358156332 30.490936192283645
  endloop
endfacet
facet normal 0.4539904997395422 0.8910065241883701 9.971915119085092e-16
  outer loop
    vertex 38.07180460142154 36.25359086418235 30.490936192283645
    vertex 36.719485926020646 36.94263164512565 36.49093619228365
    vertex 38.07180460142154 36.25359086418231 36.49093619228365
  endloop
endfacet
facet normal 0.4539904997395422 0.8910065241883701 9.971915119085092e-16
  outer loop
    vertex 36.719485926020646 36.94263164512565 36.49093619228365
    vertex 38.07180460142154 36.25359086418235 30.490936192283645
    vertex 36.719485926020646 36.942631645125694 30.490936192283645
  endloop
endfacet
facet normal 0.35836794954530365 0.9335804264972006 1.0552875161192653e-15
  outer loop
    vertex 39.4887395075839 35.709680513720336 30.490936192283645
    vertex 38.07180460142154 36.25359086418231 36.49093619228365
    vertex 39.4887395075839 35.709680513720286 36.49093619228365
  endloop
endfacet
facet normal 0.35836794954530365 0.9335804264972006 1.0552875161192653e-15
  outer loop
    vertex 38.07180460142154 36.25359086418231 36.49093619228365
    vertex 39.4887395075839 35.709680513720336 30.490936192283645
    vertex 38.07180460142154 36.25359086418235 30.490936192283645
  endloop
endfacet
facet normal 1.0 7.810259884979487e-16 9.399888275159702e-16
  outer loop
    vertex 66.46948592602062 45.09999999999998 36.49093619228359
    vertex 66.46948592602062 43.232050807568925 34.49093619228364
    vertex 66.46948592602064 45.09999999999998 30.490936192283623
  endloop
endfacet
facet normal 1.0 7.810259884979487e-16 9.399888275159702e-16
  outer loop
    vertex 66.46948592602062 43.232050807568925 34.49093619228364
    vertex 66.46948592602062 45.09999999999998 36.49093619228359
    vertex 66.46948592602062 42.914213562373114 34.90514975465674
  endloop
endfacet
facet normal 1.0 7.810259884979487e-16 9.399888275159702e-16
  outer loop
    vertex 66.46948592602062 42.914213562373114 34.90514975465674
    vertex 66.46948592602062 45.09999999999998 36.49093619228359
    vertex 66.46948592602062 42.500000000000014 35.222986999852516
  endloop
endfacet
facet normal 1.0 7.810259884979487e-16 9.399888275159702e-16
  outer loop
    vertex 66.46948592602062 42.500000000000014 35.222986999852516
    vertex 66.46948592602062 45.09999999999998 36.49093619228359
    vertex 66.46948592602062 42.017638090205054 35.42278784486178
  endloop
endfacet
facet normal 1.0 7.810259884979487e-16 9.399888275159702e-16
  outer loop
    vertex 66.46948592602062 42.017638090205054 35.42278784486178
    vertex 66.46948592602062 45.09999999999998 36.49093619228359
    vertex 66.46948592602062 37.87881524026824 36.49093619228359
  endloop
endfacet
facet normal 1.0 7.810259884979487e-16 9.399888275159702e-16
  outer loop
    vertex 66.46948592602064 45.09999999999998 30.490936192283623
    vertex 66.46948592602062 43.232050807568925 34.49093619228364
    vertex 66.46948592602064 43.43185165257819 34.00857428248868
  endloop
endfacet
facet normal 1.0 7.810259884979487e-16 9.399888275159702e-16
  outer loop
    vertex 66.46948592602064 45.09999999999998 30.490936192283623
    vertex 66.46948592602064 43.43185165257819 34.00857428248868
    vertex 66.4694859260207 43.50000000000005 33.49093619228364
  endloop
endfacet
facet normal 1.0 7.810259884979487e-16 9.399888275159702e-16
  outer loop
    vertex 66.46948592602062 42.017638090205054 35.42278784486178
    vertex 66.46948592602062 37.87881524026824 36.49093619228359
    vertex 66.46948592602062 41.500000000000014 35.49093619228364
  endloop
endfacet
facet normal 1.0 7.810259884979487e-16 9.399888275159702e-16
  outer loop
    vertex 66.46948592602062 41.500000000000014 35.49093619228364
    vertex 66.46948592602062 37.87881524026824 36.49093619228359
    vertex 66.46948592602062 40.982361909794975 35.42278784486178
  endloop
endfacet
facet normal 1.0 7.810259884979487e-16 9.399888275159702e-16
  outer loop
    vertex 66.46948592602062 40.982361909794975 35.42278784486178
    vertex 66.46948592602062 37.87881524026824 36.49093619228359
    vertex 66.46948592602062 40.50000000000001 35.222986999852516
  endloop
endfacet
facet normal 1.0 7.810259884979487e-16 9.399888275159702e-16
  outer loop
    vertex 66.46948592602062 40.50000000000001 35.222986999852516
    vertex 66.46948592602062 37.87881524026824 36.49093619228359
    vertex 66.46948592602062 40.085786437626915 34.90514975465674
  endloop
endfacet
facet normal 1.0 7.810259884979487e-16 9.399888275159702e-16
  outer loop
    vertex 66.46948592602062 40.085786437626915 34.90514975465674
    vertex 66.46948592602062 37.87881524026824 36.49093619228359
    vertex 66.46948592602062 39.76794919243117 34.490936192283634
  endloop
endfacet
facet normal 1.0 7.810259884979487e-16 9.399888275159702e-16
  outer loop
    vertex 66.46948592602062 39.76794919243117 34.490936192283634
    vertex 66.46948592602062 37.87881524026824 36.49093619228359
    vertex 66.46948592602064 39.56814834742191 34.00857428248868
  endloop
endfacet
facet normal 1.0 7.810259884979487e-16 9.399888275159702e-16
  outer loop
    vertex 66.46948592602064 39.56814834742191 34.00857428248868
    vertex 66.46948592602062 37.87881524026824 36.49093619228359
    vertex 66.4694859260207 39.50000000000004 33.49093619228364
  endloop
endfacet
facet normal 1.0 7.810259884979487e-16 9.399888275159702e-16
  outer loop
    vertex 66.4694859260207 39.50000000000004 33.49093619228364
    vertex 66.46948592602062 37.87881524026824 36.49093619228359
    vertex 66.46948592602064 37.87881524026825 30.490936192283637
  endloop
endfacet
facet normal 1.0 7.810259884979487e-16 9.399888275159702e-16
  outer loop
    vertex 66.46948592602064 45.09999999999998 30.490936192283623
    vertex 66.46948592602072 42.0176380902051 31.559084539705502
    vertex 66.46948592602064 37.87881524026825 30.490936192283637
  endloop
endfacet
facet normal 1.0 7.810259884979487e-16 9.399888275159702e-16
  outer loop
    vertex 66.46948592602072 42.0176380902051 31.559084539705502
    vertex 66.46948592602064 45.09999999999998 30.490936192283623
    vertex 66.46948592602072 42.50000000000005 31.75888538471476
  endloop
endfacet
facet normal 1.0 7.810259884979487e-16 9.399888275159702e-16
  outer loop
    vertex 66.46948592602072 42.50000000000005 31.75888538471476
    vertex 66.46948592602064 45.09999999999998 30.490936192283623
    vertex 66.46948592602072 42.91421356237315 32.07672262991055
  endloop
endfacet
facet normal 1.0 7.810259884979487e-16 9.399888275159702e-16
  outer loop
    vertex 66.46948592602072 42.91421356237315 32.07672262991055
    vertex 66.46948592602064 45.09999999999998 30.490936192283623
    vertex 66.46948592602072 43.232050807568925 32.49093619228364
  endloop
endfacet
facet normal 1.0 7.810259884979487e-16 9.399888275159702e-16
  outer loop
    vertex 66.46948592602072 43.232050807568925 32.49093619228364
    vertex 66.46948592602064 45.09999999999998 30.490936192283623
    vertex 66.4694859260207 43.43185165257819 32.9732981020786
  endloop
endfacet
facet normal 1.0 7.810259884979487e-16 9.399888275159702e-16
  outer loop
    vertex 66.4694859260207 43.43185165257819 32.9732981020786
    vertex 66.46948592602064 45.09999999999998 30.490936192283623
    vertex 66.4694859260207 43.50000000000005 33.49093619228364
  endloop
endfacet
facet normal 1.0 7.810259884979487e-16 9.399888275159702e-16
  outer loop
    vertex 66.46948592602064 37.87881524026825 30.490936192283637
    vertex 66.46948592602072 42.0176380902051 31.559084539705502
    vertex 66.46948592602072 41.50000000000005 31.490936192283637
  endloop
endfacet
facet normal 1.0 7.810259884979487e-16 9.399888275159702e-16
  outer loop
    vertex 66.46948592602064 37.87881524026825 30.490936192283637
    vertex 66.46948592602072 41.50000000000005 31.490936192283637
    vertex 66.46948592602072 40.98236190979501 31.559084539705502
  endloop
endfacet
facet normal 1.0 7.810259884979487e-16 9.399888275159702e-16
  outer loop
    vertex 66.46948592602064 37.87881524026825 30.490936192283637
    vertex 66.46948592602072 40.98236190979501 31.559084539705502
    vertex 66.46948592602072 40.50000000000005 31.75888538471476
  endloop
endfacet
facet normal 1.0 7.810259884979487e-16 9.399888275159702e-16
  outer loop
    vertex 66.46948592602064 37.87881524026825 30.490936192283637
    vertex 66.46948592602072 40.50000000000005 31.75888538471476
    vertex 66.46948592602072 40.08578643762695 32.07672262991054
  endloop
endfacet
facet normal 1.0 7.810259884979487e-16 9.399888275159702e-16
  outer loop
    vertex 66.46948592602064 37.87881524026825 30.490936192283637
    vertex 66.46948592602072 40.08578643762695 32.07672262991054
    vertex 66.46948592602072 39.76794919243117 32.490936192283634
  endloop
endfacet
facet normal 1.0 7.810259884979487e-16 9.399888275159702e-16
  outer loop
    vertex 66.46948592602064 37.87881524026825 30.490936192283637
    vertex 66.46948592602072 39.76794919243117 32.490936192283634
    vertex 66.4694859260207 39.56814834742191 32.973298102078594
  endloop
endfacet
facet normal 1.0 7.810259884979487e-16 9.399888275159702e-16
  outer loop
    vertex 66.46948592602064 37.87881524026825 30.490936192283637
    vertex 66.4694859260207 39.56814834742191 32.973298102078594
    vertex 66.4694859260207 39.50000000000004 33.49093619228364
  endloop
endfacet
facet normal -1.0 3.905129942489764e-16 1.9721522630525295e-31
  outer loop
    vertex 21.469485926020646 45.09999999999999 30.490936192283627
    vertex 21.469485926020642 43.232050807568925 32.49093619228359
    vertex 21.469485926020646 45.09999999999998 36.49093619228359
  endloop
endfacet
facet normal -1.0 3.905129942489764e-16 1.9721522630525295e-31
  outer loop
    vertex 21.469485926020642 43.232050807568925 32.49093619228359
    vertex 21.469485926020646 45.09999999999999 30.490936192283627
    vertex 21.469485926020642 42.91421356237315 32.07672262991049
  endloop
endfacet
facet normal -1.0 3.905129942489764e-16 1.9721522630525295e-31
  outer loop
    vertex 21.469485926020642 42.91421356237315 32.07672262991049
    vertex 21.469485926020646 45.09999999999999 30.490936192283627
    vertex 21.469485926020642 42.50000000000005 31.758885384714716
  endloop
endfacet
facet normal -1.0 3.905129942489764e-16 1.9721522630525295e-31
  outer loop
    vertex 21.469485926020642 42.50000000000005 31.758885384714716
    vertex 21.469485926020646 45.09999999999999 30.490936192283627
    vertex 21.469485926020642 42.01763809020509 31.559084539705456
  endloop
endfacet
facet normal -1.0 3.905129942489764e-16 1.9721522630525295e-31
  outer loop
    vertex 21.469485926020642 42.01763809020509 31.559084539705456
    vertex 21.469485926020646 45.09999999999999 30.490936192283627
    vertex 21.469485926020642 37.878815240268295 30.490936192283634
  endloop
endfacet
facet normal -1.0 3.905129942489764e-16 1.9721522630525295e-31
  outer loop
    vertex 21.469485926020646 45.09999999999998 36.49093619228359
    vertex 21.469485926020642 43.232050807568925 32.49093619228359
    vertex 21.469485926020642 43.43185165257819 32.973298102078566
  endloop
endfacet
facet normal -1.0 3.905129942489764e-16 1.9721522630525295e-31
  outer loop
    vertex 21.469485926020646 45.09999999999998 36.49093619228359
    vertex 21.469485926020642 43.43185165257819 32.973298102078566
    vertex 21.469485926020642 43.50000000000005 33.49093619228361
  endloop
endfacet
facet normal -1.0 3.905129942489764e-16 1.9721522630525295e-31
  outer loop
    vertex 21.469485926020642 42.01763809020509 31.559084539705456
    vertex 21.469485926020642 37.878815240268295 30.490936192283634
    vertex 21.469485926020642 41.50000000000005 31.49093619228359
  endloop
endfacet
facet normal -1.0 3.905129942489764e-16 1.9721522630525295e-31
  outer loop
    vertex 21.469485926020642 41.50000000000005 31.49093619228359
    vertex 21.469485926020642 37.878815240268295 30.490936192283634
    vertex 21.469485926020642 40.982361909795 31.559084539705456
  endloop
endfacet
facet normal -1.0 3.905129942489764e-16 1.9721522630525295e-31
  outer loop
    vertex 21.469485926020642 40.982361909795 31.559084539705456
    vertex 21.469485926020642 37.878815240268295 30.490936192283634
    vertex 21.469485926020642 40.50000000000004 31.758885384714716
  endloop
endfacet
facet normal -1.0 3.905129942489764e-16 1.9721522630525295e-31
  outer loop
    vertex 21.469485926020642 40.50000000000004 31.758885384714716
    vertex 21.469485926020642 37.878815240268295 30.490936192283634
    vertex 21.469485926020642 40.08578643762695 32.0767226299105
  endloop
endfacet
facet normal -1.0 3.905129942489764e-16 1.9721522630525295e-31
  outer loop
    vertex 21.469485926020642 40.08578643762695 32.0767226299105
    vertex 21.469485926020642 37.878815240268295 30.490936192283634
    vertex 21.469485926020642 39.76794919243117 32.4909361922836
  endloop
endfacet
facet normal -1.0 3.905129942489764e-16 1.9721522630525295e-31
  outer loop
    vertex 21.469485926020642 39.76794919243117 32.4909361922836
    vertex 21.469485926020642 37.878815240268295 30.490936192283634
    vertex 21.469485926020642 39.56814834742191 32.97329810207855
  endloop
endfacet
facet normal -1.0 3.905129942489764e-16 1.9721522630525295e-31
  outer loop
    vertex 21.469485926020642 39.56814834742191 32.97329810207855
    vertex 21.469485926020642 37.878815240268295 30.490936192283634
    vertex 21.469485926020642 39.50000000000004 33.49093619228359
  endloop
endfacet
facet normal -1.0 3.905129942489764e-16 1.9721522630525295e-31
  outer loop
    vertex 21.469485926020646 45.09999999999998 36.49093619228359
    vertex 21.46948592602064 42.01763809020504 35.42278784486173
    vertex 21.469485926020642 37.87881524026829 36.49093619228359
  endloop
endfacet
facet normal -1.0 3.905129942489764e-16 1.9721522630525295e-31
  outer loop
    vertex 21.46948592602064 42.01763809020504 35.42278784486173
    vertex 21.469485926020646 45.09999999999998 36.49093619228359
    vertex 21.46948592602064 42.50000000000001 35.22298699985247
  endloop
endfacet
facet normal -1.0 3.905129942489764e-16 1.9721522630525295e-31
  outer loop
    vertex 21.46948592602064 42.50000000000001 35.22298699985247
    vertex 21.469485926020646 45.09999999999998 36.49093619228359
    vertex 21.46948592602064 42.9142135623731 34.90514975465669
  endloop
endfacet
facet normal -1.0 3.905129942489764e-16 1.9721522630525295e-31
  outer loop
    vertex 21.46948592602064 42.9142135623731 34.90514975465669
    vertex 21.469485926020646 45.09999999999998 36.49093619228359
    vertex 21.46948592602064 43.232050807568925 34.4909361922836
  endloop
endfacet
facet normal -1.0 3.905129942489764e-16 1.9721522630525295e-31
  outer loop
    vertex 21.46948592602064 43.232050807568925 34.4909361922836
    vertex 21.469485926020646 45.09999999999998 36.49093619228359
    vertex 21.46948592602064 43.43185165257819 34.00857428248865
  endloop
endfacet
facet normal -1.0 3.905129942489764e-16 1.9721522630525295e-31
  outer loop
    vertex 21.46948592602064 43.43185165257819 34.00857428248865
    vertex 21.469485926020646 45.09999999999998 36.49093619228359
    vertex 21.469485926020642 43.50000000000005 33.49093619228361
  endloop
endfacet
facet normal -1.0 3.905129942489764e-16 1.9721522630525295e-31
  outer loop
    vertex 21.469485926020642 37.87881524026829 36.49093619228359
    vertex 21.46948592602064 42.01763809020504 35.42278784486173
    vertex 21.46948592602064 41.5 35.4909361922836
  endloop
endfacet
facet normal -1.0 3.905129942489764e-16 1.9721522630525295e-31
  outer loop
    vertex 21.469485926020642 37.87881524026829 36.49093619228359
    vertex 21.46948592602064 41.5 35.4909361922836
    vertex 21.46948592602064 40.98236190979496 35.42278784486173
  endloop
endfacet
facet normal -1.0 3.905129942489764e-16 1.9721522630525295e-31
  outer loop
    vertex 21.469485926020642 37.87881524026829 36.49093619228359
    vertex 21.46948592602064 40.98236190979496 35.42278784486173
    vertex 21.46948592602064 40.50000000000001 35.22298699985247
  endloop
endfacet
facet normal -1.0 3.905129942489764e-16 1.9721522630525295e-31
  outer loop
    vertex 21.469485926020642 37.87881524026829 36.49093619228359
    vertex 21.46948592602064 40.50000000000001 35.22298699985247
    vertex 21.46948592602064 40.08578643762691 34.90514975465669
  endloop
endfacet
facet normal -1.0 3.905129942489764e-16 1.9721522630525295e-31
  outer loop
    vertex 21.469485926020642 37.87881524026829 36.49093619228359
    vertex 21.46948592602064 40.08578643762691 34.90514975465669
    vertex 21.46948592602064 39.76794919243117 34.4909361922836
  endloop
endfacet
facet normal -1.0 3.905129942489764e-16 1.9721522630525295e-31
  outer loop
    vertex 21.469485926020642 37.87881524026829 36.49093619228359
    vertex 21.46948592602064 39.76794919243117 34.4909361922836
    vertex 21.46948592602064 39.56814834742191 34.00857428248864
  endloop
endfacet
facet normal -1.0 3.905129942489764e-16 1.9721522630525295e-31
  outer loop
    vertex 21.469485926020642 37.87881524026829 36.49093619228359
    vertex 21.46948592602064 39.56814834742191 34.00857428248864
    vertex 21.469485926020642 39.50000000000004 33.49093619228359
  endloop
endfacet
facet normal -1.0 3.905129942489764e-16 1.9721522630525295e-31
  outer loop
    vertex 21.469485926020642 37.87881524026829 36.49093619228359
    vertex 21.469485926020642 39.50000000000004 33.49093619228359
    vertex 21.469485926020642 37.878815240268295 30.490936192283634
  endloop
endfacet
facet normal -1.0 -7.934831370875382e-32 1.6641515253275418e-16
  outer loop
    vertex 28.469485926020635 43.43185165257819 32.9732981020786
    vertex 28.469485926020635 43.43185165257819 34.00857428248869
    vertex 28.469485926020635 43.50000000000005 33.49093619228364
  endloop
endfacet
facet normal -1.0 -7.934831370875382e-32 1.6641515253275418e-16
  outer loop
    vertex 28.469485926020635 43.43185165257819 34.00857428248869
    vertex 28.469485926020635 43.43185165257819 32.9732981020786
    vertex 28.469485926020635 43.232050807568925 32.49093619228364
  endloop
endfacet
facet normal -1.0 -7.934831370875382e-32 1.6641515253275418e-16
  outer loop
    vertex 28.469485926020635 43.43185165257819 34.00857428248869
    vertex 28.469485926020635 43.232050807568925 32.49093619228364
    vertex 28.469485926020635 43.232050807568925 34.49093619228364
  endloop
endfacet
facet normal -1.0 -7.934831370875382e-32 1.6641515253275418e-16
  outer loop
    vertex 28.469485926020635 43.232050807568925 34.49093619228364
    vertex 28.469485926020635 43.232050807568925 32.49093619228364
    vertex 28.469485926020635 42.91421356237315 32.07672262991055
  endloop
endfacet
facet normal -1.0 -7.934831370875382e-32 1.6641515253275418e-16
  outer loop
    vertex 28.469485926020635 43.232050807568925 34.49093619228364
    vertex 28.469485926020635 42.91421356237315 32.07672262991055
    vertex 28.469485926020635 42.9142135623731 34.90514975465674
  endloop
endfacet
facet normal -1.0 -7.934831370875382e-32 1.6641515253275418e-16
  outer loop
    vertex 28.469485926020635 42.9142135623731 34.90514975465674
    vertex 28.469485926020635 42.91421356237315 32.07672262991055
    vertex 28.469485926020635 42.50000000000005 31.758885384714766
  endloop
endfacet
facet normal -1.0 -7.934831370875382e-32 1.6641515253275418e-16
  outer loop
    vertex 28.469485926020635 42.9142135623731 34.90514975465674
    vertex 28.469485926020635 42.50000000000005 31.758885384714766
    vertex 28.469485926020635 42.50000000000001 35.22298699985252
  endloop
endfacet
facet normal -1.0 -7.934831370875382e-32 1.6641515253275418e-16
  outer loop
    vertex 28.469485926020635 42.50000000000001 35.22298699985252
    vertex 28.469485926020635 42.50000000000005 31.758885384714766
    vertex 28.469485926020624 42.01763809020509 31.559084539705506
  endloop
endfacet
facet normal -1.0 -7.934831370875382e-32 1.6641515253275418e-16
  outer loop
    vertex 28.469485926020635 42.50000000000001 35.22298699985252
    vertex 28.469485926020624 42.01763809020509 31.559084539705506
    vertex 28.469485926020635 42.01763809020504 35.42278784486178
  endloop
endfacet
facet normal -1.0 -7.934831370875382e-32 1.6641515253275418e-16
  outer loop
    vertex 28.469485926020635 42.01763809020504 35.42278784486178
    vertex 28.469485926020624 42.01763809020509 31.559084539705506
    vertex 28.469485926020624 41.50000000000005 31.49093619228364
  endloop
endfacet
facet normal -1.0 -7.934831370875382e-32 1.6641515253275418e-16
  outer loop
    vertex 28.469485926020635 42.01763809020504 35.42278784486178
    vertex 28.469485926020624 41.50000000000005 31.49093619228364
    vertex 28.469485926020635 41.5 35.49093619228365
  endloop
endfacet
facet normal -1.0 -7.934831370875382e-32 1.6641515253275418e-16
  outer loop
    vertex 28.469485926020635 41.5 35.49093619228365
    vertex 28.469485926020624 41.50000000000005 31.49093619228364
    vertex 28.469485926020624 40.982361909795 31.559084539705506
  endloop
endfacet
facet normal -1.0 -7.934831370875382e-32 1.6641515253275418e-16
  outer loop
    vertex 28.469485926020635 41.5 35.49093619228365
    vertex 28.469485926020624 40.982361909795 31.559084539705506
    vertex 28.469485926020635 40.98236190979496 35.42278784486178
  endloop
endfacet
facet normal -1.0 -7.934831370875382e-32 1.6641515253275418e-16
  outer loop
    vertex 28.469485926020635 40.98236190979496 35.42278784486178
    vertex 28.469485926020624 40.982361909795 31.559084539705506
    vertex 28.469485926020635 40.50000000000004 31.758885384714766
  endloop
endfacet
facet normal -1.0 -7.934831370875382e-32 1.6641515253275418e-16
  outer loop
    vertex 28.469485926020635 40.98236190979496 35.42278784486178
    vertex 28.469485926020635 40.50000000000004 31.758885384714766
    vertex 28.469485926020635 40.50000000000001 35.22298699985252
  endloop
endfacet
facet normal -1.0 -7.934831370875382e-32 1.6641515253275418e-16
  outer loop
    vertex 28.469485926020635 40.50000000000001 35.22298699985252
    vertex 28.469485926020635 40.50000000000004 31.758885384714766
    vertex 28.469485926020635 40.08578643762695 32.07672262991051
  endloop
endfacet
facet normal -1.0 -7.934831370875382e-32 1.6641515253275418e-16
  outer loop
    vertex 28.469485926020635 40.50000000000001 35.22298699985252
    vertex 28.469485926020635 40.08578643762695 32.07672262991051
    vertex 28.469485926020635 40.08578643762691 34.90514975465671
  endloop
endfacet
facet normal -1.0 -7.934831370875382e-32 1.6641515253275418e-16
  outer loop
    vertex 28.469485926020635 40.08578643762691 34.90514975465671
    vertex 28.469485926020635 40.08578643762695 32.07672262991051
    vertex 28.469485926020635 39.76794919243117 32.49093619228361
  endloop
endfacet
facet normal -1.0 -7.934831370875382e-32 1.6641515253275418e-16
  outer loop
    vertex 28.469485926020635 40.08578643762691 34.90514975465671
    vertex 28.469485926020635 39.76794919243117 32.49093619228361
    vertex 28.469485926020635 39.76794919243117 34.49093619228361
  endloop
endfacet
facet normal -1.0 -7.934831370875382e-32 1.6641515253275418e-16
  outer loop
    vertex 28.469485926020635 39.76794919243117 34.49093619228361
    vertex 28.469485926020635 39.76794919243117 32.49093619228361
    vertex 28.469485926020635 39.56814834742191 32.97329810207857
  endloop
endfacet
facet normal -1.0 -7.934831370875382e-32 1.6641515253275418e-16
  outer loop
    vertex 28.469485926020635 39.76794919243117 34.49093619228361
    vertex 28.469485926020635 39.56814834742191 32.97329810207857
    vertex 28.469485926020635 39.56814834742191 34.00857428248866
  endloop
endfacet
facet normal -1.0 -7.934831370875382e-32 1.6641515253275418e-16
  outer loop
    vertex 28.469485926020635 39.56814834742191 34.00857428248866
    vertex 28.469485926020635 39.56814834742191 32.97329810207857
    vertex 28.469485926020635 39.50000000000004 33.49093619228361
  endloop
endfacet
facet normal -2.17215361878194e-17 -0.9914448613738106 -0.1305261922200514
  outer loop
    vertex 21.46948592602064 43.43185165257819 34.00857428248865
    vertex 28.469485926020635 43.50000000000005 33.49093619228364
    vertex 28.469485926020635 43.43185165257819 34.00857428248869
  endloop
endfacet
facet normal -2.17215361878194e-17 -0.9914448613738106 -0.1305261922200514
  outer loop
    vertex 28.469485926020635 43.50000000000005 33.49093619228364
    vertex 21.46948592602064 43.43185165257819 34.00857428248865
    vertex 21.469485926020642 43.50000000000005 33.49093619228361
  endloop
endfacet
facet normal 2.172153618781953e-17 -0.9914448613738105 0.13052619222005143
  outer loop
    vertex 21.469485926020642 43.50000000000005 33.49093619228361
    vertex 28.469485926020635 43.43185165257819 32.9732981020786
    vertex 28.469485926020635 43.50000000000005 33.49093619228364
  endloop
endfacet
facet normal 2.172153618781953e-17 -0.9914448613738105 0.13052619222005143
  outer loop
    vertex 28.469485926020635 43.43185165257819 32.9732981020786
    vertex 21.469485926020642 43.50000000000005 33.49093619228361
    vertex 21.469485926020642 43.43185165257819 32.973298102078566
  endloop
endfacet
facet normal 6.368432176879475e-17 -0.923879532511286 0.3826834323650918
  outer loop
    vertex 21.469485926020642 43.43185165257819 32.973298102078566
    vertex 28.469485926020635 43.232050807568925 32.49093619228364
    vertex 28.469485926020635 43.43185165257819 32.9732981020786
  endloop
endfacet
facet normal 6.368432176879475e-17 -0.923879532511286 0.3826834323650918
  outer loop
    vertex 28.469485926020635 43.232050807568925 32.49093619228364
    vertex 21.469485926020642 43.43185165257819 32.973298102078566
    vertex 21.469485926020642 43.232050807568925 32.49093619228359
  endloop
endfacet
facet normal 1.0130712606454341e-16 -0.7933533402912373 0.6087614290087182
  outer loop
    vertex 21.469485926020642 43.232050807568925 32.49093619228359
    vertex 28.469485926020635 42.91421356237315 32.07672262991055
    vertex 28.469485926020635 43.232050807568925 32.49093619228364
  endloop
endfacet
facet normal 1.0130712606454341e-16 -0.7933533402912373 0.6087614290087182
  outer loop
    vertex 28.469485926020635 42.91421356237315 32.07672262991055
    vertex 21.469485926020642 43.232050807568925 32.49093619228359
    vertex 21.469485926020642 42.91421356237315 32.07672262991049
  endloop
endfacet
facet normal 1.3202601713693653e-16 -0.6087614290087168 0.7933533402912383
  outer loop
    vertex 28.469485926020635 42.50000000000005 31.758885384714766
    vertex 21.469485926020642 42.91421356237315 32.07672262991049
    vertex 21.469485926020642 42.50000000000005 31.758885384714716
  endloop
endfacet
facet normal 1.3202601713693653e-16 -0.6087614290087168 0.7933533402912383
  outer loop
    vertex 21.469485926020642 42.91421356237315 32.07672262991049
    vertex 28.469485926020635 42.50000000000005 31.758885384714766
    vertex 28.469485926020635 42.91421356237315 32.07672262991055
  endloop
endfacet
facet normal 1.5374755332475568e-16 -0.3826834323650899 0.9238795325112866
  outer loop
    vertex 28.469485926020624 42.01763809020509 31.559084539705506
    vertex 21.469485926020642 42.50000000000005 31.758885384714716
    vertex 21.469485926020642 42.01763809020509 31.559084539705456
  endloop
endfacet
facet normal 1.5374755332475568e-16 -0.3826834323650899 0.9238795325112866
  outer loop
    vertex 21.469485926020642 42.50000000000005 31.758885384714716
    vertex 28.469485926020624 42.01763809020509 31.559084539705506
    vertex 28.469485926020635 42.50000000000005 31.758885384714766
  endloop
endfacet
facet normal 1.6499144783333826e-16 -0.13052619222005057 0.9914448613738106
  outer loop
    vertex 28.469485926020624 41.50000000000005 31.49093619228364
    vertex 21.469485926020642 42.01763809020509 31.559084539705456
    vertex 21.469485926020642 41.50000000000005 31.49093619228359
  endloop
endfacet
facet normal 1.6499144783333826e-16 -0.13052619222005057 0.9914448613738106
  outer loop
    vertex 21.469485926020642 42.01763809020509 31.559084539705456
    vertex 28.469485926020624 41.50000000000005 31.49093619228364
    vertex 28.469485926020624 42.01763809020509 31.559084539705506
  endloop
endfacet
facet normal 1.6499144783333774e-16 0.13052619222005232 0.9914448613738103
  outer loop
    vertex 28.469485926020624 40.982361909795 31.559084539705506
    vertex 21.469485926020642 41.50000000000005 31.49093619228359
    vertex 21.469485926020642 40.982361909795 31.559084539705456
  endloop
endfacet
facet normal 1.6499144783333774e-16 0.13052619222005232 0.9914448613738103
  outer loop
    vertex 21.469485926020642 41.50000000000005 31.49093619228359
    vertex 28.469485926020624 40.982361909795 31.559084539705506
    vertex 28.469485926020624 41.50000000000005 31.49093619228364
  endloop
endfacet
facet normal 1.537475533247554e-16 0.38268343236509045 0.9238795325112866
  outer loop
    vertex 28.469485926020635 40.50000000000004 31.758885384714766
    vertex 21.469485926020642 40.982361909795 31.559084539705456
    vertex 21.469485926020642 40.50000000000004 31.758885384714716
  endloop
endfacet
facet normal 1.537475533247554e-16 0.38268343236509045 0.9238795325112866
  outer loop
    vertex 21.469485926020642 40.982361909795 31.559084539705456
    vertex 28.469485926020635 40.50000000000004 31.758885384714766
    vertex 28.469485926020624 40.982361909795 31.559084539705506
  endloop
endfacet
facet normal 1.3202601713693557e-16 0.6087614290087215 0.7933533402912346
  outer loop
    vertex 28.469485926020635 40.08578643762695 32.07672262991051
    vertex 21.469485926020642 40.50000000000004 31.758885384714716
    vertex 21.469485926020642 40.08578643762695 32.0767226299105
  endloop
endfacet
facet normal 1.3202601713693557e-16 0.6087614290087215 0.7933533402912346
  outer loop
    vertex 21.469485926020642 40.50000000000004 31.758885384714716
    vertex 28.469485926020635 40.08578643762695 32.07672262991051
    vertex 28.469485926020635 40.50000000000004 31.758885384714766
  endloop
endfacet
facet normal 1.0130712606454303e-16 0.793353340291238 0.6087614290087172
  outer loop
    vertex 28.469485926020635 40.08578643762695 32.07672262991051
    vertex 21.469485926020642 39.76794919243117 32.4909361922836
    vertex 28.469485926020635 39.76794919243117 32.49093619228361
  endloop
endfacet
facet normal 1.0130712606454303e-16 0.793353340291238 0.6087614290087172
  outer loop
    vertex 21.469485926020642 39.76794919243117 32.4909361922836
    vertex 28.469485926020635 40.08578643762695 32.07672262991051
    vertex 21.469485926020642 40.08578643762695 32.0767226299105
  endloop
endfacet
facet normal 6.36843217687944e-17 0.9238795325112864 0.3826834323650906
  outer loop
    vertex 28.469485926020635 39.76794919243117 32.49093619228361
    vertex 21.469485926020642 39.56814834742191 32.97329810207855
    vertex 28.469485926020635 39.56814834742191 32.97329810207857
  endloop
endfacet
facet normal 6.36843217687944e-17 0.9238795325112864 0.3826834323650906
  outer loop
    vertex 21.469485926020642 39.56814834742191 32.97329810207855
    vertex 28.469485926020635 39.76794919243117 32.49093619228361
    vertex 21.469485926020642 39.76794919243117 32.4909361922836
  endloop
endfacet
facet normal 2.172153618781938e-17 0.9914448613738105 0.13052619222005146
  outer loop
    vertex 28.469485926020635 39.56814834742191 32.97329810207857
    vertex 21.469485926020642 39.50000000000004 33.49093619228359
    vertex 28.469485926020635 39.50000000000004 33.49093619228361
  endloop
endfacet
facet normal 2.172153618781938e-17 0.9914448613738105 0.13052619222005146
  outer loop
    vertex 21.469485926020642 39.50000000000004 33.49093619228359
    vertex 28.469485926020635 39.56814834742191 32.97329810207857
    vertex 21.469485926020642 39.56814834742191 32.97329810207855
  endloop
endfacet
facet normal -2.172153618781956e-17 0.9914448613738104 -0.13052619222005177
  outer loop
    vertex 28.469485926020635 39.50000000000004 33.49093619228361
    vertex 21.46948592602064 39.56814834742191 34.00857428248864
    vertex 28.469485926020635 39.56814834742191 34.00857428248866
  endloop
endfacet
facet normal -2.172153618781956e-17 0.9914448613738104 -0.13052619222005177
  outer loop
    vertex 21.46948592602064 39.56814834742191 34.00857428248864
    vertex 28.469485926020635 39.50000000000004 33.49093619228361
    vertex 21.469485926020642 39.50000000000004 33.49093619228359
  endloop
endfacet
facet normal -6.368432176879463e-17 0.9238795325112862 -0.38268343236509106
  outer loop
    vertex 28.469485926020635 39.56814834742191 34.00857428248866
    vertex 21.46948592602064 39.76794919243117 34.4909361922836
    vertex 28.469485926020635 39.76794919243117 34.49093619228361
  endloop
endfacet
facet normal -6.368432176879463e-17 0.9238795325112862 -0.38268343236509106
  outer loop
    vertex 21.46948592602064 39.76794919243117 34.4909361922836
    vertex 28.469485926020635 39.56814834742191 34.00857428248866
    vertex 21.46948592602064 39.56814834742191 34.00857428248864
  endloop
endfacet
facet normal -1.0130712606454341e-16 0.7933533402912373 -0.6087614290087182
  outer loop
    vertex 28.469485926020635 39.76794919243117 34.49093619228361
    vertex 21.46948592602064 40.08578643762691 34.90514975465669
    vertex 28.469485926020635 40.08578643762691 34.90514975465671
  endloop
endfacet
facet normal -1.0130712606454341e-16 0.7933533402912373 -0.6087614290087182
  outer loop
    vertex 21.46948592602064 40.08578643762691 34.90514975465669
    vertex 28.469485926020635 39.76794919243117 34.49093619228361
    vertex 21.46948592602064 39.76794919243117 34.4909361922836
  endloop
endfacet
facet normal -1.320260171369368e-16 0.6087614290087159 -0.7933533402912387
  outer loop
    vertex 28.469485926020635 40.50000000000001 35.22298699985252
    vertex 21.46948592602064 40.08578643762691 34.90514975465669
    vertex 21.46948592602064 40.50000000000001 35.22298699985247
  endloop
endfacet
facet normal -1.320260171369368e-16 0.6087614290087159 -0.7933533402912387
  outer loop
    vertex 21.46948592602064 40.08578643762691 34.90514975465669
    vertex 28.469485926020635 40.50000000000001 35.22298699985252
    vertex 28.469485926020635 40.08578643762691 34.90514975465671
  endloop
endfacet
facet normal -1.5374755332475568e-16 0.3826834323650899 -0.9238795325112866
  outer loop
    vertex 28.469485926020635 40.98236190979496 35.42278784486178
    vertex 21.46948592602064 40.50000000000001 35.22298699985247
    vertex 21.46948592602064 40.98236190979496 35.42278784486173
  endloop
endfacet
facet normal -1.5374755332475568e-16 0.3826834323650899 -0.9238795325112866
  outer loop
    vertex 21.46948592602064 40.50000000000001 35.22298699985247
    vertex 28.469485926020635 40.98236190979496 35.42278784486178
    vertex 28.469485926020635 40.50000000000001 35.22298699985252
  endloop
endfacet
facet normal -1.6499144783333823e-16 0.1305261922200519 -0.9914448613738104
  outer loop
    vertex 28.469485926020635 41.5 35.49093619228365
    vertex 21.46948592602064 40.98236190979496 35.42278784486173
    vertex 21.46948592602064 41.5 35.4909361922836
  endloop
endfacet
facet normal -1.6499144783333823e-16 0.1305261922200519 -0.9914448613738104
  outer loop
    vertex 21.46948592602064 40.98236190979496 35.42278784486173
    vertex 28.469485926020635 41.5 35.49093619228365
    vertex 28.469485926020635 40.98236190979496 35.42278784486178
  endloop
endfacet
facet normal -1.6499144783333777e-16 -0.1305261922200524 -0.9914448613738104
  outer loop
    vertex 28.469485926020635 42.01763809020504 35.42278784486178
    vertex 21.46948592602064 41.5 35.4909361922836
    vertex 21.46948592602064 42.01763809020504 35.42278784486173
  endloop
endfacet
facet normal -1.6499144783333777e-16 -0.1305261922200524 -0.9914448613738104
  outer loop
    vertex 21.46948592602064 41.5 35.4909361922836
    vertex 28.469485926020635 42.01763809020504 35.42278784486178
    vertex 28.469485926020635 41.5 35.49093619228365
  endloop
endfacet
facet normal -1.537475533247554e-16 -0.38268343236508656 -0.9238795325112881
  outer loop
    vertex 28.469485926020635 42.50000000000001 35.22298699985252
    vertex 21.46948592602064 42.01763809020504 35.42278784486173
    vertex 21.46948592602064 42.50000000000001 35.22298699985247
  endloop
endfacet
facet normal -1.537475533247554e-16 -0.38268343236508656 -0.9238795325112881
  outer loop
    vertex 21.46948592602064 42.01763809020504 35.42278784486173
    vertex 28.469485926020635 42.50000000000001 35.22298699985252
    vertex 28.469485926020635 42.01763809020504 35.42278784486178
  endloop
endfacet
facet normal -1.3202601713693557e-16 -0.6087614290087215 -0.7933533402912346
  outer loop
    vertex 28.469485926020635 42.9142135623731 34.90514975465674
    vertex 21.46948592602064 42.50000000000001 35.22298699985247
    vertex 21.46948592602064 42.9142135623731 34.90514975465669
  endloop
endfacet
facet normal -1.3202601713693557e-16 -0.6087614290087215 -0.7933533402912346
  outer loop
    vertex 21.46948592602064 42.50000000000001 35.22298699985247
    vertex 28.469485926020635 42.9142135623731 34.90514975465674
    vertex 28.469485926020635 42.50000000000001 35.22298699985252
  endloop
endfacet
facet normal -1.0130712606454297e-16 -0.793353340291238 -0.6087614290087169
  outer loop
    vertex 21.46948592602064 42.9142135623731 34.90514975465669
    vertex 28.469485926020635 43.232050807568925 34.49093619228364
    vertex 28.469485926020635 42.9142135623731 34.90514975465674
  endloop
endfacet
facet normal -1.0130712606454297e-16 -0.793353340291238 -0.6087614290087169
  outer loop
    vertex 28.469485926020635 43.232050807568925 34.49093619228364
    vertex 21.46948592602064 42.9142135623731 34.90514975465669
    vertex 21.46948592602064 43.232050807568925 34.4909361922836
  endloop
endfacet
facet normal -6.368432176879443e-17 -0.9238795325112865 -0.3826834323650908
  outer loop
    vertex 21.46948592602064 43.232050807568925 34.4909361922836
    vertex 28.469485926020635 43.43185165257819 34.00857428248869
    vertex 28.469485926020635 43.232050807568925 34.49093619228364
  endloop
endfacet
facet normal -6.368432176879443e-17 -0.9238795325112865 -0.3826834323650908
  outer loop
    vertex 28.469485926020635 43.43185165257819 34.00857428248869
    vertex 21.46948592602064 43.232050807568925 34.4909361922836
    vertex 21.46948592602064 43.43185165257819 34.00857428248865
  endloop
endfacet
facet normal 1.0 -9.817988712475038e-30 1.1037366186193057e-14
  outer loop
    vertex 58.46948592602064 43.43185165257819 34.00857428248859
    vertex 58.46948592602072 43.43185165257819 32.97329810207851
    vertex 58.46948592602072 43.50000000000005 33.49093619228355
  endloop
endfacet
facet normal 1.0 -9.817988712475038e-30 1.1037366186193057e-14
  outer loop
    vertex 58.46948592602072 43.43185165257819 32.97329810207851
    vertex 58.46948592602064 43.43185165257819 34.00857428248859
    vertex 58.46948592602064 43.232050807568925 34.490936192283556
  endloop
endfacet
facet normal 1.0 -9.817988712475038e-30 1.1037366186193057e-14
  outer loop
    vertex 58.46948592602072 43.43185165257819 32.97329810207851
    vertex 58.46948592602064 43.232050807568925 34.490936192283556
    vertex 58.46948592602072 43.232050807568925 32.49093619228355
  endloop
endfacet
facet normal 1.0 -9.817988712475038e-30 1.1037366186193057e-14
  outer loop
    vertex 58.46948592602072 43.232050807568925 32.49093619228355
    vertex 58.46948592602064 43.232050807568925 34.490936192283556
    vertex 58.46948592602064 42.914213562373114 34.90514975465665
  endloop
endfacet
facet normal 1.0 -9.817988712475038e-30 1.1037366186193057e-14
  outer loop
    vertex 58.46948592602072 43.232050807568925 32.49093619228355
    vertex 58.46948592602064 42.914213562373114 34.90514975465665
    vertex 58.46948592602072 42.91421356237315 32.076722629910456
  endloop
endfacet
facet normal 1.0 -9.817988712475038e-30 1.1037366186193057e-14
  outer loop
    vertex 58.46948592602072 42.91421356237315 32.076722629910456
    vertex 58.46948592602064 42.914213562373114 34.90514975465665
    vertex 58.46948592602074 42.50000000000005 31.758885384714652
  endloop
endfacet
facet normal 1.0 -9.817988712475038e-30 1.1037366186193057e-14
  outer loop
    vertex 58.46948592602074 42.50000000000005 31.758885384714652
    vertex 58.46948592602064 42.914213562373114 34.90514975465665
    vertex 58.46948592602062 42.500000000000014 35.22298699985241
  endloop
endfacet
facet normal 1.0 -9.817988712475038e-30 1.1037366186193057e-14
  outer loop
    vertex 58.46948592602074 42.50000000000005 31.758885384714652
    vertex 58.46948592602062 42.500000000000014 35.22298699985241
    vertex 58.46948592602074 42.0176380902051 31.559084539705392
  endloop
endfacet
facet normal 1.0 -9.817988712475038e-30 1.1037366186193057e-14
  outer loop
    vertex 58.46948592602074 42.0176380902051 31.559084539705392
    vertex 58.46948592602062 42.500000000000014 35.22298699985241
    vertex 58.46948592602062 42.017638090205054 35.42278784486167
  endloop
endfacet
facet normal 1.0 -9.817988712475038e-30 1.1037366186193057e-14
  outer loop
    vertex 58.46948592602074 42.0176380902051 31.559084539705392
    vertex 58.46948592602062 42.017638090205054 35.42278784486167
    vertex 58.46948592602074 41.50000000000005 31.49093619228353
  endloop
endfacet
facet normal 1.0 -9.817988712475038e-30 1.1037366186193057e-14
  outer loop
    vertex 58.46948592602074 41.50000000000005 31.49093619228353
    vertex 58.46948592602062 42.017638090205054 35.42278784486167
    vertex 58.46948592602062 41.500000000000014 35.490936192283534
  endloop
endfacet
facet normal 1.0 -9.817988712475038e-30 1.1037366186193057e-14
  outer loop
    vertex 58.46948592602074 41.50000000000005 31.49093619228353
    vertex 58.46948592602062 41.500000000000014 35.490936192283534
    vertex 58.46948592602074 40.98236190979501 31.559084539705378
  endloop
endfacet
facet normal 1.0 -9.817988712475038e-30 1.1037366186193057e-14
  outer loop
    vertex 58.46948592602074 40.98236190979501 31.559084539705378
    vertex 58.46948592602062 41.500000000000014 35.490936192283534
    vertex 58.46948592602062 40.982361909794975 35.42278784486165
  endloop
endfacet
facet normal 1.0 -9.817988712475038e-30 1.1037366186193057e-14
  outer loop
    vertex 58.46948592602074 40.98236190979501 31.559084539705378
    vertex 58.46948592602062 40.982361909794975 35.42278784486165
    vertex 58.46948592602074 40.50000000000005 31.758885384714638
  endloop
endfacet
facet normal 1.0 -9.817988712475038e-30 1.1037366186193057e-14
  outer loop
    vertex 58.46948592602074 40.50000000000005 31.758885384714638
    vertex 58.46948592602062 40.982361909794975 35.42278784486165
    vertex 58.46948592602062 40.50000000000001 35.222986999852395
  endloop
endfacet
facet normal 1.0 -9.817988712475038e-30 1.1037366186193057e-14
  outer loop
    vertex 58.46948592602074 40.50000000000005 31.758885384714638
    vertex 58.46948592602062 40.50000000000001 35.222986999852395
    vertex 58.46948592602072 40.08578643762695 32.076722629910414
  endloop
endfacet
facet normal 1.0 -9.817988712475038e-30 1.1037366186193057e-14
  outer loop
    vertex 58.46948592602072 40.08578643762695 32.076722629910414
    vertex 58.46948592602062 40.50000000000001 35.222986999852395
    vertex 58.46948592602064 40.085786437626915 34.90514975465661
  endloop
endfacet
facet normal 1.0 -9.817988712475038e-30 1.1037366186193057e-14
  outer loop
    vertex 58.46948592602072 40.08578643762695 32.076722629910414
    vertex 58.46948592602064 40.085786437626915 34.90514975465661
    vertex 58.46948592602072 39.76794919243117 32.49093619228351
  endloop
endfacet
facet normal 1.0 -9.817988712475038e-30 1.1037366186193057e-14
  outer loop
    vertex 58.46948592602072 39.76794919243117 32.49093619228351
    vertex 58.46948592602064 40.085786437626915 34.90514975465661
    vertex 58.46948592602064 39.76794919243117 34.49093619228351
  endloop
endfacet
facet normal 1.0 -9.817988712475038e-30 1.1037366186193057e-14
  outer loop
    vertex 58.46948592602072 39.76794919243117 32.49093619228351
    vertex 58.46948592602064 39.76794919243117 34.49093619228351
    vertex 58.46948592602064 39.56814834742191 34.00857428248855
  endloop
endfacet
facet normal 1.0 -9.817988712475038e-30 1.1037366186193057e-14
  outer loop
    vertex 58.46948592602072 39.76794919243117 32.49093619228351
    vertex 58.46948592602064 39.56814834742191 34.00857428248855
    vertex 58.46948592602072 39.56814834742191 32.973298102078466
  endloop
endfacet
facet normal 1.0 -9.817988712475038e-30 1.1037366186193057e-14
  outer loop
    vertex 58.46948592602072 39.56814834742191 32.973298102078466
    vertex 58.46948592602064 39.56814834742191 34.00857428248855
    vertex 58.46948592602072 39.50000000000004 33.49093619228351
  endloop
endfacet
facet normal 1.4406653804221483e-15 0.9914448613738104 -0.13052619222005216
  outer loop
    vertex 66.4694859260207 39.50000000000004 33.49093619228364
    vertex 58.46948592602064 39.56814834742191 34.00857428248855
    vertex 66.46948592602064 39.56814834742191 34.00857428248868
  endloop
endfacet
facet normal 1.4406653804221483e-15 0.9914448613738104 -0.13052619222005216
  outer loop
    vertex 58.46948592602064 39.56814834742191 34.00857428248855
    vertex 66.4694859260207 39.50000000000004 33.49093619228364
    vertex 58.46948592602072 39.50000000000004 33.49093619228351
  endloop
endfacet
facet normal -1.4406653804221138e-15 0.9914448613738106 0.13052619222005077
  outer loop
    vertex 66.4694859260207 39.56814834742191 32.973298102078594
    vertex 58.46948592602072 39.50000000000004 33.49093619228351
    vertex 66.4694859260207 39.50000000000004 33.49093619228364
  endloop
endfacet
facet normal -1.4406653804221138e-15 0.9914448613738106 0.13052619222005077
  outer loop
    vertex 58.46948592602072 39.50000000000004 33.49093619228351
    vertex 66.4694859260207 39.56814834742191 32.973298102078594
    vertex 58.46948592602072 39.56814834742191 32.973298102078466
  endloop
endfacet
facet normal -4.223817176402742e-15 0.9238795325112861 0.3826834323650913
  outer loop
    vertex 66.46948592602072 39.76794919243117 32.490936192283634
    vertex 58.46948592602072 39.56814834742191 32.973298102078466
    vertex 66.4694859260207 39.56814834742191 32.973298102078594
  endloop
endfacet
facet normal -4.223817176402742e-15 0.9238795325112861 0.3826834323650913
  outer loop
    vertex 58.46948592602072 39.56814834742191 32.973298102078466
    vertex 66.46948592602072 39.76794919243117 32.490936192283634
    vertex 58.46948592602072 39.76794919243117 32.49093619228351
  endloop
endfacet
facet normal -6.719122811999382e-15 0.7933533402912374 0.608761429008718
  outer loop
    vertex 66.46948592602072 40.08578643762695 32.07672262991054
    vertex 58.46948592602072 39.76794919243117 32.49093619228351
    vertex 66.46948592602072 39.76794919243117 32.490936192283634
  endloop
endfacet
facet normal -6.719122811999382e-15 0.7933533402912374 0.608761429008718
  outer loop
    vertex 58.46948592602072 39.76794919243117 32.49093619228351
    vertex 66.46948592602072 40.08578643762695 32.07672262991054
    vertex 58.46948592602072 40.08578643762695 32.076722629910414
  endloop
endfacet
facet normal -8.756531331833856e-15 0.6087614290087128 0.7933533402912413
  outer loop
    vertex 66.46948592602072 40.08578643762695 32.07672262991054
    vertex 58.46948592602074 40.50000000000005 31.758885384714638
    vertex 58.46948592602072 40.08578643762695 32.076722629910414
  endloop
endfacet
facet normal -8.756531331833856e-15 0.6087614290087128 0.7933533402912413
  outer loop
    vertex 58.46948592602074 40.50000000000005 31.758885384714638
    vertex 66.46948592602072 40.08578643762695 32.07672262991054
    vertex 66.46948592602072 40.50000000000005 31.75888538471476
  endloop
endfacet
facet normal -1.0197196712255915e-14 0.3826834323650914 0.9238795325112863
  outer loop
    vertex 66.46948592602072 40.50000000000005 31.75888538471476
    vertex 58.46948592602074 40.98236190979501 31.559084539705378
    vertex 58.46948592602074 40.50000000000005 31.758885384714638
  endloop
endfacet
facet normal -1.0197196712255915e-14 0.3826834323650914 0.9238795325112863
  outer loop
    vertex 58.46948592602074 40.98236190979501 31.559084539705378
    vertex 66.46948592602072 40.50000000000005 31.75888538471476
    vertex 66.46948592602072 40.98236190979501 31.559084539705502
  endloop
endfacet
facet normal -1.0942939988402154e-14 0.13052619222005216 0.9914448613738104
  outer loop
    vertex 66.46948592602072 40.98236190979501 31.559084539705502
    vertex 58.46948592602074 41.50000000000005 31.49093619228353
    vertex 58.46948592602074 40.98236190979501 31.559084539705378
  endloop
endfacet
facet normal -1.0942939988402154e-14 0.13052619222005216 0.9914448613738104
  outer loop
    vertex 58.46948592602074 41.50000000000005 31.49093619228353
    vertex 66.46948592602072 40.98236190979501 31.559084539705502
    vertex 66.46948592602072 41.50000000000005 31.490936192283637
  endloop
endfacet
facet normal -1.0942939988402163e-14 -0.13052619222005077 0.9914448613738106
  outer loop
    vertex 66.46948592602072 41.50000000000005 31.490936192283637
    vertex 58.46948592602074 42.0176380902051 31.559084539705392
    vertex 58.46948592602074 41.50000000000005 31.49093619228353
  endloop
endfacet
facet normal -1.0942939988402163e-14 -0.13052619222005077 0.9914448613738106
  outer loop
    vertex 58.46948592602074 42.0176380902051 31.559084539705392
    vertex 66.46948592602072 41.50000000000005 31.490936192283637
    vertex 66.46948592602072 42.0176380902051 31.559084539705502
  endloop
endfacet
facet normal -1.0197196712255921e-14 -0.3826834323650913 0.9238795325112861
  outer loop
    vertex 66.46948592602072 42.0176380902051 31.559084539705502
    vertex 58.46948592602074 42.50000000000005 31.758885384714652
    vertex 58.46948592602074 42.0176380902051 31.559084539705392
  endloop
endfacet
facet normal -1.0197196712255921e-14 -0.3826834323650913 0.9238795325112861
  outer loop
    vertex 58.46948592602074 42.50000000000005 31.758885384714652
    vertex 66.46948592602072 42.0176380902051 31.559084539705502
    vertex 66.46948592602072 42.50000000000005 31.75888538471476
  endloop
endfacet
facet normal -8.756531331833766e-15 -0.6087614290087248 0.7933533402912322
  outer loop
    vertex 58.46948592602074 42.50000000000005 31.758885384714652
    vertex 66.46948592602072 42.91421356237315 32.07672262991055
    vertex 58.46948592602072 42.91421356237315 32.076722629910456
  endloop
endfacet
facet normal -8.756531331833766e-15 -0.6087614290087248 0.7933533402912322
  outer loop
    vertex 66.46948592602072 42.91421356237315 32.07672262991055
    vertex 58.46948592602074 42.50000000000005 31.758885384714652
    vertex 66.46948592602072 42.50000000000005 31.75888538471476
  endloop
endfacet
facet normal -6.7191228119993945e-15 -0.7933533402912372 0.6087614290087179
  outer loop
    vertex 58.46948592602072 43.232050807568925 32.49093619228355
    vertex 66.46948592602072 42.91421356237315 32.07672262991055
    vertex 66.46948592602072 43.232050807568925 32.49093619228364
  endloop
endfacet
facet normal -6.7191228119993945e-15 -0.7933533402912372 0.6087614290087179
  outer loop
    vertex 66.46948592602072 42.91421356237315 32.07672262991055
    vertex 58.46948592602072 43.232050807568925 32.49093619228355
    vertex 58.46948592602072 42.91421356237315 32.076722629910456
  endloop
endfacet
facet normal -4.223817176402766e-15 -0.9238795325112863 0.3826834323650914
  outer loop
    vertex 58.46948592602072 43.43185165257819 32.97329810207851
    vertex 66.46948592602072 43.232050807568925 32.49093619228364
    vertex 66.4694859260207 43.43185165257819 32.9732981020786
  endloop
endfacet
facet normal -4.223817176402766e-15 -0.9238795325112863 0.3826834323650914
  outer loop
    vertex 66.46948592602072 43.232050807568925 32.49093619228364
    vertex 58.46948592602072 43.43185165257819 32.97329810207851
    vertex 58.46948592602072 43.232050807568925 32.49093619228355
  endloop
endfacet
facet normal -1.4406653804221483e-15 -0.9914448613738104 0.13052619222005216
  outer loop
    vertex 58.46948592602072 43.50000000000005 33.49093619228355
    vertex 66.4694859260207 43.43185165257819 32.9732981020786
    vertex 66.4694859260207 43.50000000000005 33.49093619228364
  endloop
endfacet
facet normal -1.4406653804221483e-15 -0.9914448613738104 0.13052619222005216
  outer loop
    vertex 66.4694859260207 43.43185165257819 32.9732981020786
    vertex 58.46948592602072 43.50000000000005 33.49093619228355
    vertex 58.46948592602072 43.43185165257819 32.97329810207851
  endloop
endfacet
facet normal 1.4406653804221292e-15 -0.9914448613738104 -0.13052619222005216
  outer loop
    vertex 58.46948592602064 43.43185165257819 34.00857428248859
    vertex 66.4694859260207 43.50000000000005 33.49093619228364
    vertex 66.46948592602064 43.43185165257819 34.00857428248868
  endloop
endfacet
facet normal 1.4406653804221292e-15 -0.9914448613738104 -0.13052619222005216
  outer loop
    vertex 66.4694859260207 43.50000000000005 33.49093619228364
    vertex 58.46948592602064 43.43185165257819 34.00857428248859
    vertex 58.46948592602072 43.50000000000005 33.49093619228355
  endloop
endfacet
facet normal 4.223817176402706e-15 -0.9238795325112878 -0.38268343236508756
  outer loop
    vertex 58.46948592602064 43.232050807568925 34.490936192283556
    vertex 66.46948592602064 43.43185165257819 34.00857428248868
    vertex 66.46948592602062 43.232050807568925 34.49093619228364
  endloop
endfacet
facet normal 4.223817176402706e-15 -0.9238795325112878 -0.38268343236508756
  outer loop
    vertex 66.46948592602064 43.43185165257819 34.00857428248868
    vertex 58.46948592602064 43.232050807568925 34.490936192283556
    vertex 58.46948592602064 43.43185165257819 34.00857428248859
  endloop
endfacet
facet normal 6.719122811999382e-15 -0.7933533402912374 -0.608761429008718
  outer loop
    vertex 58.46948592602064 42.914213562373114 34.90514975465665
    vertex 66.46948592602062 43.232050807568925 34.49093619228364
    vertex 66.46948592602062 42.914213562373114 34.90514975465674
  endloop
endfacet
facet normal 6.719122811999382e-15 -0.7933533402912374 -0.608761429008718
  outer loop
    vertex 66.46948592602062 43.232050807568925 34.49093619228364
    vertex 58.46948592602064 42.914213562373114 34.90514975465665
    vertex 58.46948592602064 43.232050807568925 34.490936192283556
  endloop
endfacet
facet normal 8.756531331833856e-15 -0.6087614290087128 -0.7933533402912413
  outer loop
    vertex 58.46948592602064 42.914213562373114 34.90514975465665
    vertex 66.46948592602062 42.500000000000014 35.222986999852516
    vertex 58.46948592602062 42.500000000000014 35.22298699985241
  endloop
endfacet
facet normal 8.756531331833856e-15 -0.6087614290087128 -0.7933533402912413
  outer loop
    vertex 66.46948592602062 42.500000000000014 35.222986999852516
    vertex 58.46948592602064 42.914213562373114 34.90514975465665
    vertex 66.46948592602062 42.914213562373114 34.90514975465674
  endloop
endfacet
facet normal 1.0197196712255915e-14 -0.3826834323650914 -0.9238795325112863
  outer loop
    vertex 66.46948592602062 42.500000000000014 35.222986999852516
    vertex 58.46948592602062 42.017638090205054 35.42278784486167
    vertex 58.46948592602062 42.500000000000014 35.22298699985241
  endloop
endfacet
facet normal 1.0197196712255915e-14 -0.3826834323650914 -0.9238795325112863
  outer loop
    vertex 58.46948592602062 42.017638090205054 35.42278784486167
    vertex 66.46948592602062 42.500000000000014 35.222986999852516
    vertex 66.46948592602062 42.017638090205054 35.42278784486178
  endloop
endfacet
facet normal 1.0942939988402154e-14 -0.13052619222005216 -0.9914448613738104
  outer loop
    vertex 66.46948592602062 42.017638090205054 35.42278784486178
    vertex 58.46948592602062 41.500000000000014 35.490936192283534
    vertex 58.46948592602062 42.017638090205054 35.42278784486167
  endloop
endfacet
facet normal 1.0942939988402154e-14 -0.13052619222005216 -0.9914448613738104
  outer loop
    vertex 58.46948592602062 41.500000000000014 35.490936192283534
    vertex 66.46948592602062 42.017638090205054 35.42278784486178
    vertex 66.46948592602062 41.500000000000014 35.49093619228364
  endloop
endfacet
facet normal 1.0942939988402159e-14 0.13052619222005216 -0.9914448613738104
  outer loop
    vertex 66.46948592602062 41.500000000000014 35.49093619228364
    vertex 58.46948592602062 40.982361909794975 35.42278784486165
    vertex 58.46948592602062 41.500000000000014 35.490936192283534
  endloop
endfacet
facet normal 1.0942939988402159e-14 0.13052619222005216 -0.9914448613738104
  outer loop
    vertex 58.46948592602062 40.982361909794975 35.42278784486165
    vertex 66.46948592602062 41.500000000000014 35.49093619228364
    vertex 66.46948592602062 40.982361909794975 35.42278784486178
  endloop
endfacet
facet normal 1.019719671225594e-14 0.38268343236508756 -0.9238795325112878
  outer loop
    vertex 66.46948592602062 40.982361909794975 35.42278784486178
    vertex 58.46948592602062 40.50000000000001 35.222986999852395
    vertex 58.46948592602062 40.982361909794975 35.42278784486165
  endloop
endfacet
facet normal 1.019719671225594e-14 0.38268343236508756 -0.9238795325112878
  outer loop
    vertex 58.46948592602062 40.50000000000001 35.222986999852395
    vertex 66.46948592602062 40.982361909794975 35.42278784486178
    vertex 66.46948592602062 40.50000000000001 35.222986999852516
  endloop
endfacet
facet normal 8.756531331833822e-15 0.608761429008718 -0.7933533402912374
  outer loop
    vertex 66.46948592602062 40.50000000000001 35.222986999852516
    vertex 58.46948592602064 40.085786437626915 34.90514975465661
    vertex 58.46948592602062 40.50000000000001 35.222986999852395
  endloop
endfacet
facet normal 8.756531331833822e-15 0.608761429008718 -0.7933533402912374
  outer loop
    vertex 58.46948592602064 40.085786437626915 34.90514975465661
    vertex 66.46948592602062 40.50000000000001 35.222986999852516
    vertex 66.46948592602062 40.085786437626915 34.90514975465674
  endloop
endfacet
facet normal 6.7191228119993385e-15 0.7933533402912413 -0.6087614290087128
  outer loop
    vertex 66.46948592602062 39.76794919243117 34.490936192283634
    vertex 58.46948592602064 40.085786437626915 34.90514975465661
    vertex 66.46948592602062 40.085786437626915 34.90514975465674
  endloop
endfacet
facet normal 6.7191228119993385e-15 0.7933533402912413 -0.6087614290087128
  outer loop
    vertex 58.46948592602064 40.085786437626915 34.90514975465661
    vertex 66.46948592602062 39.76794919243117 34.490936192283634
    vertex 58.46948592602064 39.76794919243117 34.49093619228351
  endloop
endfacet
facet normal 4.223817176402766e-15 0.9238795325112863 -0.3826834323650914
  outer loop
    vertex 66.46948592602064 39.56814834742191 34.00857428248868
    vertex 58.46948592602064 39.76794919243117 34.49093619228351
    vertex 66.46948592602062 39.76794919243117 34.490936192283634
  endloop
endfacet
facet normal 4.223817176402766e-15 0.9238795325112863 -0.3826834323650914
  outer loop
    vertex 58.46948592602064 39.76794919243117 34.49093619228351
    vertex 66.46948592602064 39.56814834742191 34.00857428248868
    vertex 58.46948592602064 39.56814834742191 34.00857428248855
  endloop
endfacet
facet normal -0.6293203910498358 0.7771459614569721 -4.731881775777946e-15
  outer loop
    vertex 53.96948592602068 61.31959932079777 30.490936192283595
    vertex 53.176066906903294 60.677101267483316 36.490936192283584
    vertex 53.9694859260206 61.31959932079777 36.490936192283584
  endloop
endfacet
facet normal -0.6293203910498358 0.7771459614569721 -4.731881775777946e-15
  outer loop
    vertex 53.176066906903294 60.677101267483316 36.490936192283584
    vertex 53.96948592602068 61.31959932079777 30.490936192283595
    vertex 53.17606690690333 60.677101267483316 30.490936192283606
  endloop
endfacet
facet normal 0.77714596145697 0.6293203910498384 -1.4618141060902902e-15
  outer loop
    vertex 34.597943855346315 60.543518410871584 36.49093619228364
    vertex 33.96948592602064 61.31959932079776 30.490936192283655
    vertex 33.969485926020646 61.31959932079776 36.49093619228364
  endloop
endfacet
facet normal 0.77714596145697 0.6293203910498384 -1.4618141060902902e-15
  outer loop
    vertex 33.96948592602064 61.31959932079776 30.490936192283655
    vertex 34.597943855346315 60.543518410871584 36.49093619228364
    vertex 34.59794385534631 60.543518410871584 30.490936192283662
  endloop
endfacet
facet normal 0.8430173500451351 -0.5378863704565104 0.0
  outer loop
    vertex 66.46948592602062 37.87881524026824 36.49093619228359
    vertex 63.98920263140035 33.991522374644184 30.490936192283627
    vertex 66.46948592602064 37.87881524026825 30.490936192283637
  endloop
endfacet
facet normal 0.8430173500451351 -0.5378863704565104 0.0
  outer loop
    vertex 63.98920263140035 33.991522374644184 30.490936192283627
    vertex 66.46948592602062 37.87881524026824 36.49093619228359
    vertex 63.98920263140033 33.99152237464418 36.490936192283584
  endloop
endfacet
facet normal 0.7315064385594499 -0.6818345329668115 -7.245964973230016e-17
  outer loop
    vertex 63.98920263140033 33.99152237464418 36.490936192283584
    vertex 60.845150477081 30.618424822597404 30.490936192283627
    vertex 63.98920263140035 33.991522374644184 30.490936192283627
  endloop
endfacet
facet normal 0.7315064385594499 -0.6818345329668115 -7.245964973230016e-17
  outer loop
    vertex 60.845150477081 30.618424822597404 30.490936192283627
    vertex 63.98920263140033 33.99152237464418 36.490936192283584
    vertex 60.84515047708098 30.61842482259739 36.490936192283584
  endloop
endfacet
facet normal 0.5957418774477106 -0.8031759554761815 -5.424506102086641e-17
  outer loop
    vertex 57.14157289187923 27.871360186463892 30.490936192283634
    vertex 60.84515047708098 30.61842482259739 36.490936192283584
    vertex 57.14157289187921 27.871360186463882 36.4909361922836
  endloop
endfacet
facet normal 0.5957418774477106 -0.8031759554761815 -5.424506102086641e-17
  outer loop
    vertex 60.84515047708098 30.61842482259739 36.490936192283584
    vertex 57.14157289187923 27.871360186463892 30.490936192283634
    vertex 60.845150477081 30.618424822597404 30.490936192283627
  endloop
endfacet
facet normal 0.44022504348976277 -0.8978874712815835 -3.423193625480144e-17
  outer loop
    vertex 53.001264793760896 25.841409473426758 30.490936192283645
    vertex 57.14157289187921 27.871360186463882 36.4909361922836
    vertex 53.001264793760875 25.841409473426747 36.4909361922836
  endloop
endfacet
facet normal 0.44022504348976277 -0.8978874712815835 -3.423193625480144e-17
  outer loop
    vertex 57.14157289187921 27.871360186463882 36.4909361922836
    vertex 53.001264793760896 25.841409473426758 30.490936192283645
    vertex 57.14157289187923 27.871360186463892 30.490936192283634
  endloop
endfacet
facet normal 0.2701122150215803 -0.9628288483921406 -1.3083825733067174e-17
  outer loop
    vertex 48.56150123139598 24.595877235786467 36.49093619228359
    vertex 53.001264793760896 25.841409473426758 30.490936192283645
    vertex 53.001264793760875 25.841409473426747 36.4909361922836
  endloop
endfacet
facet normal 0.2701122150215803 -0.9628288483921406 -1.3083825733067174e-17
  outer loop
    vertex 53.001264793760896 25.841409473426758 30.490936192283645
    vertex 48.56150123139598 24.595877235786467 36.49093619228359
    vertex 48.56150123139598 24.595877235786467 30.490936192283634
  endloop
endfacet
facet normal 0.09104361162440233 -0.9958469062975419 8.498088933607932e-18
  outer loop
    vertex 43.96948592602062 24.176060037588535 30.490936192283634
    vertex 48.56150123139598 24.595877235786467 36.49093619228359
    vertex 43.96948592602062 24.176060037588535 36.49093619228359
  endloop
endfacet
facet normal 0.09104361162440233 -0.9958469062975419 8.498088933607932e-18
  outer loop
    vertex 48.56150123139598 24.595877235786467 36.49093619228359
    vertex 43.96948592602062 24.176060037588535 30.490936192283634
    vertex 48.56150123139598 24.595877235786467 30.490936192283634
  endloop
endfacet
facet normal -0.09104361162440414 -0.9958469062975416 2.9798243029736936e-17
  outer loop
    vertex 39.37747062064527 24.595877235786467 30.490936192283634
    vertex 43.96948592602062 24.176060037588535 36.49093619228359
    vertex 39.37747062064527 24.595877235786467 36.49093619228359
  endloop
endfacet
facet normal -0.09104361162440414 -0.9958469062975416 2.9798243029736936e-17
  outer loop
    vertex 43.96948592602062 24.176060037588535 36.49093619228359
    vertex 39.37747062064527 24.595877235786467 30.490936192283634
    vertex 43.96948592602062 24.176060037588535 30.490936192283634
  endloop
endfacet
facet normal -0.2701122150215838 -0.9628288483921397 5.011041382480518e-17
  outer loop
    vertex 34.937707058280374 25.84140947342678 30.490936192283634
    vertex 39.37747062064527 24.595877235786467 36.49093619228359
    vertex 34.937707058280374 25.84140947342677 36.49093619228359
  endloop
endfacet
facet normal -0.2701122150215838 -0.9628288483921397 5.011041382480518e-17
  outer loop
    vertex 39.37747062064527 24.595877235786467 36.49093619228359
    vertex 34.937707058280374 25.84140947342678 30.490936192283634
    vertex 39.37747062064527 24.595877235786467 30.490936192283634
  endloop
endfacet
facet normal -0.4402250434897638 -0.8978874712815832 6.876113592241969e-17
  outer loop
    vertex 30.797398960162038 27.87136018646392 30.490936192283634
    vertex 34.937707058280374 25.84140947342677 36.49093619228359
    vertex 30.797398960162038 27.87136018646391 36.49093619228359
  endloop
endfacet
facet normal -0.4402250434897638 -0.8978874712815832 6.876113592241969e-17
  outer loop
    vertex 34.937707058280374 25.84140947342677 36.49093619228359
    vertex 30.797398960162038 27.87136018646392 30.490936192283634
    vertex 34.937707058280374 25.84140947342678 30.490936192283634
  endloop
endfacet
facet normal -0.5957418774477126 -0.8031759554761801 8.513203051525421e-17
  outer loop
    vertex 27.09382137496028 30.618424822597436 30.490936192283634
    vertex 30.797398960162038 27.87136018646391 36.49093619228359
    vertex 27.09382137496028 30.618424822597426 36.49093619228359
  endloop
endfacet
facet normal -0.5957418774477126 -0.8031759554761801 8.513203051525421e-17
  outer loop
    vertex 30.797398960162038 27.87136018646391 36.49093619228359
    vertex 27.09382137496028 30.618424822597436 30.490936192283634
    vertex 30.797398960162038 27.87136018646392 30.490936192283634
  endloop
endfacet
facet normal -0.7315064385594504 -0.681834532966811 9.868030820243587e-17
  outer loop
    vertex 27.09382137496028 30.618424822597436 30.490936192283634
    vertex 23.94976922064093 33.99152237464422 36.49093619228359
    vertex 23.94976922064093 33.991522374644234 30.490936192283634
  endloop
endfacet
facet normal -0.7315064385594504 -0.681834532966811 9.868030820243587e-17
  outer loop
    vertex 23.94976922064093 33.99152237464422 36.49093619228359
    vertex 27.09382137496028 30.618424822597436 30.490936192283634
    vertex 27.09382137496028 30.618424822597426 36.49093619228359
  endloop
endfacet
facet normal -0.8430173500451356 -0.5378863704565094 9.860761315262645e-32
  outer loop
    vertex 23.94976922064093 33.991522374644234 30.490936192283634
    vertex 21.469485926020642 37.87881524026829 36.49093619228359
    vertex 21.469485926020642 37.878815240268295 30.490936192283634
  endloop
endfacet
facet normal -0.8430173500451356 -0.5378863704565094 9.860761315262645e-32
  outer loop
    vertex 21.469485926020642 37.87881524026829 36.49093619228359
    vertex 23.94976922064093 33.991522374644234 30.490936192283634
    vertex 23.94976922064093 33.99152237464422 36.49093619228359
  endloop
endfacet
facet normal 5.891881979262546e-16 1.514952159398106e-16 1.0
  outer loop
    vertex 23.94976922064093 33.99152237464422 36.49093619228359
    vertex 21.469485926020646 45.09999999999998 36.49093619228359
    vertex 21.469485926020642 37.87881524026829 36.49093619228359
  endloop
endfacet
facet normal 5.891881979262546e-16 1.514952159398106e-16 1.0
  outer loop
    vertex 21.469485926020646 45.09999999999998 36.49093619228359
    vertex 23.94976922064093 33.99152237464422 36.49093619228359
    vertex 21.936014715737066 46.795109250570725 36.4909361922836
  endloop
endfacet
facet normal 5.891881979262546e-16 1.514952159398106e-16 1.0
  outer loop
    vertex 21.936014715737066 46.795109250570725 36.4909361922836
    vertex 23.94976922064093 33.99152237464422 36.49093619228359
    vertex 22.520875127717638 48.45311491446416 36.490936192283606
  endloop
endfacet
facet normal 5.891881979262546e-16 1.514952159398106e-16 1.0
  outer loop
    vertex 22.520875127717638 48.45311491446416 36.490936192283606
    vertex 23.94976922064093 33.99152237464422 36.49093619228359
    vertex 23.221157272775372 50.06576782204164 36.490936192283606
  endloop
endfacet
facet normal 5.891881979262546e-16 1.514952159398106e-16 1.0
  outer loop
    vertex 23.221157272775372 50.06576782204164 36.490936192283606
    vertex 23.94976922064093 33.99152237464422 36.49093619228359
    vertex 24.03337699742679 51.625044449805934 36.49093619228361
  endloop
endfacet
facet normal 5.891881979262546e-16 1.514952159398106e-16 1.0
  outer loop
    vertex 24.03337699742679 51.625044449805934 36.49093619228361
    vertex 23.94976922064093 33.99152237464422 36.49093619228359
    vertex 27.09382137496028 30.618424822597426 36.49093619228359
  endloop
endfacet
facet normal 5.891881979262546e-16 1.514952159398106e-16 1.0
  outer loop
    vertex 24.03337699742679 51.625044449805934 36.49093619228361
    vertex 27.09382137496028 30.618424822597426 36.49093619228359
    vertex 24.95349321879841 53.12318684029277 36.49093619228361
  endloop
endfacet
facet normal 5.891881979262546e-16 1.514952159398106e-16 1.0
  outer loop
    vertex 24.95349321879841 53.12318684029277 36.49093619228361
    vertex 27.09382137496028 30.618424822597426 36.49093619228359
    vertex 25.93916998341871 54.500000000000014 36.4909361922836
  endloop
endfacet
facet normal 5.891881979262546e-16 1.514952159398106e-16 1.0
  outer loop
    vertex 25.93916998341871 54.500000000000014 36.4909361922836
    vertex 27.09382137496028 30.618424822597426 36.49093619228359
    vertex 25.97692803045562 54.552741200676785 36.49093619228362
  endloop
endfacet
facet normal 5.891881979262546e-16 1.514952159398106e-16 1.0
  outer loop
    vertex 25.97692803045562 54.552741200676785 36.49093619228362
    vertex 27.09382137496028 30.618424822597426 36.49093619228359
    vertex 27.098589479120303 55.9065949880498 36.49093619228362
  endloop
endfacet
facet normal 5.891881979262546e-16 1.514952159398106e-16 1.0
  outer loop
    vertex 27.098589479120303 55.9065949880498 36.49093619228362
    vertex 27.09382137496028 30.618424822597426 36.49093619228359
    vertex 30.797398960162038 27.87136018646391 36.49093619228359
  endloop
endfacet
facet normal 5.891881979262546e-16 1.514952159398106e-16 1.0
  outer loop
    vertex 27.098589479120303 55.9065949880498 36.49093619228362
    vertex 30.797398960162038 27.87136018646391 36.49093619228359
    vertex 28.312896898954772 57.178012296859045 36.49093619228362
  endloop
endfacet
facet normal 5.891881979262546e-16 1.514952159398106e-16 1.0
  outer loop
    vertex 28.312896898954772 57.178012296859045 36.49093619228362
    vertex 30.797398960162038 27.87136018646391 36.49093619228359
    vertex 29.548918443180686 47.984337282619045 36.49093619228359
  endloop
endfacet
facet normal 5.891881979262546e-16 1.514952159398106e-16 1.0
  outer loop
    vertex 28.312896898954772 57.178012296859045 36.49093619228362
    vertex 29.548918443180686 47.984337282619045 36.49093619228359
    vertex 29.469485926020646 49.50000000000002 36.490936192283584
  endloop
endfacet
facet normal 5.891881979262546e-16 1.514952159398106e-16 1.0
  outer loop
    vertex 29.548918443180686 47.984337282619045 36.49093619228359
    vertex 30.797398960162038 27.87136018646391 36.49093619228359
    vertex 29.786345715380467 46.48528048314251 36.490936192283634
  endloop
endfacet
facet normal 5.891881979262546e-16 1.514952159398106e-16 1.0
  outer loop
    vertex 29.786345715380467 46.48528048314251 36.490936192283634
    vertex 30.797398960162038 27.87136018646391 36.49093619228359
    vertex 30.179166439740925 45.019253581563284 36.490936192283634
  endloop
endfacet
facet normal 5.891881979262546e-16 1.514952159398106e-16 1.0
  outer loop
    vertex 30.179166439740925 45.019253581563284 36.490936192283634
    vertex 30.797398960162038 27.87136018646391 36.49093619228359
    vertex 30.723076790202935 43.602318675400916 36.490936192283634
  endloop
endfacet
facet normal 5.891881979262546e-16 1.514952159398106e-16 1.0
  outer loop
    vertex 30.723076790202935 43.602318675400916 36.490936192283634
    vertex 30.797398960162038 27.87136018646391 36.49093619228359
    vertex 31.412117571146286 42.25000000000002 36.490936192283634
  endloop
endfacet
facet normal 5.891881979262546e-16 1.514952159398106e-16 1.0
  outer loop
    vertex 31.412117571146286 42.25000000000002 36.490936192283634
    vertex 30.797398960162038 27.87136018646391 36.49093619228359
    vertex 34.937707058280374 25.84140947342677 36.49093619228359
  endloop
endfacet
facet normal 5.891881979262546e-16 1.514952159398106e-16 1.0
  outer loop
    vertex 31.412117571146286 42.25000000000002 36.490936192283634
    vertex 34.937707058280374 25.84140947342677 36.49093619228359
    vertex 32.2387395075839 40.97711384175916 36.490936192283634
  endloop
endfacet
facet normal 5.891881979262546e-16 1.514952159398106e-16 1.0
  outer loop
    vertex 32.2387395075839 40.97711384175916 36.490936192283634
    vertex 34.937707058280374 25.84140947342677 36.49093619228359
    vertex 33.193885956598436 39.79760620779658 36.490936192283634
  endloop
endfacet
facet normal 5.891881979262546e-16 1.514952159398106e-16 1.0
  outer loop
    vertex 33.193885956598436 39.79760620779658 36.490936192283634
    vertex 34.937707058280374 25.84140947342677 36.49093619228359
    vertex 34.26709213381721 38.72440003057781 36.490936192283634
  endloop
endfacet
facet normal 5.891881979262546e-16 1.514952159398106e-16 1.0
  outer loop
    vertex 34.26709213381721 38.72440003057781 36.490936192283634
    vertex 34.937707058280374 25.84140947342677 36.49093619228359
    vertex 35.44659976777978 37.769253581563284 36.490936192283634
  endloop
endfacet
facet normal 5.891881979262546e-16 1.514952159398106e-16 1.0
  outer loop
    vertex 35.44659976777978 37.769253581563284 36.490936192283634
    vertex 34.937707058280374 25.84140947342677 36.49093619228359
    vertex 39.37747062064527 24.595877235786467 36.49093619228359
  endloop
endfacet
facet normal 5.891881979262546e-16 1.514952159398106e-16 1.0
  outer loop
    vertex 35.44659976777978 37.769253581563284 36.490936192283634
    vertex 39.37747062064527 24.595877235786467 36.49093619228359
    vertex 36.719485926020646 36.94263164512565 36.49093619228365
  endloop
endfacet
facet normal 5.891881979262546e-16 1.514952159398106e-16 1.0
  outer loop
    vertex 36.719485926020646 36.94263164512565 36.49093619228365
    vertex 39.37747062064527 24.595877235786467 36.49093619228359
    vertex 38.07180460142154 36.25359086418231 36.49093619228365
  endloop
endfacet
facet normal 5.891881979262546e-16 1.514952159398106e-16 1.0
  outer loop
    vertex 38.07180460142154 36.25359086418231 36.49093619228365
    vertex 39.37747062064527 24.595877235786467 36.49093619228359
    vertex 39.4887395075839 35.709680513720286 36.49093619228365
  endloop
endfacet
facet normal 5.891881979262546e-16 1.514952159398106e-16 1.0
  outer loop
    vertex 39.4887395075839 35.709680513720286 36.49093619228365
    vertex 39.37747062064527 24.595877235786467 36.49093619228359
    vertex 43.96948592602062 24.176060037588535 36.49093619228359
  endloop
endfacet
facet normal 5.891881979262546e-16 1.514952159398106e-16 1.0
  outer loop
    vertex 39.4887395075839 35.709680513720286 36.49093619228365
    vertex 43.96948592602062 24.176060037588535 36.49093619228359
    vertex 40.954766409163135 35.31685978935984 36.490936192283634
  endloop
endfacet
facet normal 5.891881979262546e-16 1.514952159398106e-16 1.0
  outer loop
    vertex 40.954766409163135 35.31685978935984 36.490936192283634
    vertex 43.96948592602062 24.176060037588535 36.49093619228359
    vertex 42.45382320863966 35.079432517160065 36.490936192283634
  endloop
endfacet
facet normal 5.891881979262546e-16 1.514952159398106e-16 1.0
  outer loop
    vertex 42.45382320863966 35.079432517160065 36.490936192283634
    vertex 43.96948592602062 24.176060037588535 36.49093619228359
    vertex 43.96948592602064 35.00000000000003 36.490936192283634
  endloop
endfacet
facet normal 5.891881979262546e-16 1.514952159398106e-16 1.0
  outer loop
    vertex 43.96948592602064 35.00000000000003 36.490936192283634
    vertex 43.96948592602062 24.176060037588535 36.49093619228359
    vertex 48.56150123139598 24.595877235786467 36.49093619228359
  endloop
endfacet
facet normal 5.891881979262546e-16 1.514952159398106e-16 1.0
  outer loop
    vertex 43.96948592602064 35.00000000000003 36.490936192283634
    vertex 48.56150123139598 24.595877235786467 36.49093619228359
    vertex 45.48514864340163 35.079432517160065 36.490936192283634
  endloop
endfacet
facet normal 5.891881979262546e-16 1.514952159398106e-16 1.0
  outer loop
    vertex 45.48514864340163 35.079432517160065 36.490936192283634
    vertex 48.56150123139598 24.595877235786467 36.49093619228359
    vertex 46.98420544287816 35.316859789359846 36.49093619228362
  endloop
endfacet
facet normal 5.891881979262546e-16 1.514952159398106e-16 1.0
  outer loop
    vertex 46.98420544287816 35.316859789359846 36.49093619228362
    vertex 48.56150123139598 24.595877235786467 36.49093619228359
    vertex 48.450232344457376 35.7096805137203 36.490936192283584
  endloop
endfacet
facet normal 5.891881979262546e-16 1.514952159398106e-16 1.0
  outer loop
    vertex 48.450232344457376 35.7096805137203 36.490936192283584
    vertex 48.56150123139598 24.595877235786467 36.49093619228359
    vertex 49.86716725061975 36.253590864182314 36.490936192283584
  endloop
endfacet
facet normal 5.891881979262546e-16 1.514952159398106e-16 1.0
  outer loop
    vertex 49.86716725061975 36.253590864182314 36.490936192283584
    vertex 48.56150123139598 24.595877235786467 36.49093619228359
    vertex 53.001264793760875 25.841409473426747 36.4909361922836
  endloop
endfacet
facet normal 5.891881979262546e-16 1.514952159398106e-16 1.0
  outer loop
    vertex 49.86716725061975 36.253590864182314 36.490936192283584
    vertex 53.001264793760875 25.841409473426747 36.4909361922836
    vertex 51.21948592602064 36.942631645125665 36.490936192283584
  endloop
endfacet
facet normal 5.891881979262546e-16 1.514952159398106e-16 1.0
  outer loop
    vertex 51.21948592602064 36.942631645125665 36.490936192283584
    vertex 53.001264793760875 25.841409473426747 36.4909361922836
    vertex 52.49237208426149 37.769253581563284 36.490936192283584
  endloop
endfacet
facet normal 5.891881979262546e-16 1.514952159398106e-16 1.0
  outer loop
    vertex 52.49237208426149 37.769253581563284 36.490936192283584
    vertex 53.001264793760875 25.841409473426747 36.4909361922836
    vertex 53.671879718224055 38.72440003057781 36.490936192283584
  endloop
endfacet
facet normal 5.891881979262546e-16 1.514952159398106e-16 1.0
  outer loop
    vertex 53.671879718224055 38.72440003057781 36.490936192283584
    vertex 53.001264793760875 25.841409473426747 36.4909361922836
    vertex 57.14157289187921 27.871360186463882 36.4909361922836
  endloop
endfacet
facet normal 5.891881979262546e-16 1.514952159398106e-16 1.0
  outer loop
    vertex 53.671879718224055 38.72440003057781 36.490936192283584
    vertex 57.14157289187921 27.871360186463882 36.4909361922836
    vertex 54.745085895442834 39.79760620779658 36.490936192283584
  endloop
endfacet
facet normal 5.891881979262546e-16 1.514952159398106e-16 1.0
  outer loop
    vertex 54.745085895442834 39.79760620779658 36.490936192283584
    vertex 57.14157289187921 27.871360186463882 36.4909361922836
    vertex 55.70023234445734 40.97711384175916 36.490936192283584
  endloop
endfacet
facet normal 5.891881979262546e-16 1.514952159398106e-16 1.0
  outer loop
    vertex 55.70023234445734 40.97711384175916 36.490936192283584
    vertex 57.14157289187921 27.871360186463882 36.4909361922836
    vertex 56.52685428089497 42.250000000000036 36.490936192283584
  endloop
endfacet
facet normal 5.891881979262546e-16 1.514952159398106e-16 1.0
  outer loop
    vertex 56.52685428089497 42.250000000000036 36.490936192283584
    vertex 57.14157289187921 27.871360186463882 36.4909361922836
    vertex 57.215895061838324 43.60231867540092 36.4909361922836
  endloop
endfacet
facet normal 5.891881979262546e-16 1.514952159398106e-16 1.0
  outer loop
    vertex 57.215895061838324 43.60231867540092 36.4909361922836
    vertex 57.14157289187921 27.871360186463882 36.4909361922836
    vertex 60.84515047708098 30.61842482259739 36.490936192283584
  endloop
endfacet
facet normal 5.891881979262546e-16 1.514952159398106e-16 1.0
  outer loop
    vertex 57.215895061838324 43.60231867540092 36.4909361922836
    vertex 60.84515047708098 30.61842482259739 36.490936192283584
    vertex 57.759805412300345 45.01925358156329 36.490936192283634
  endloop
endfacet
facet normal 5.891881979262546e-16 1.514952159398106e-16 1.0
  outer loop
    vertex 57.759805412300345 45.01925358156329 36.490936192283634
    vertex 60.84515047708098 30.61842482259739 36.490936192283584
    vertex 58.15262613666078 46.485280483142525 36.490936192283634
  endloop
endfacet
facet normal 5.891881979262546e-16 1.514952159398106e-16 1.0
  outer loop
    vertex 58.15262613666078 46.485280483142525 36.490936192283634
    vertex 60.84515047708098 30.61842482259739 36.490936192283584
    vertex 58.39005340886056 47.98433728261905 36.490936192283634
  endloop
endfacet
facet normal 5.891881979262546e-16 1.514952159398106e-16 1.0
  outer loop
    vertex 58.39005340886056 47.98433728261905 36.490936192283634
    vertex 60.84515047708098 30.61842482259739 36.490936192283584
    vertex 58.46948592602062 49.50000000000002 36.490936192283634
  endloop
endfacet
facet normal 5.891881979262546e-16 1.514952159398106e-16 1.0
  outer loop
    vertex 58.46948592602062 49.50000000000002 36.490936192283634
    vertex 60.84515047708098 30.61842482259739 36.490936192283584
    vertex 59.62607495308649 57.178012296859045 36.49093619228358
  endloop
endfacet
facet normal 5.891881979262546e-16 1.514952159398106e-16 1.0
  outer loop
    vertex 59.62607495308649 57.178012296859045 36.49093619228358
    vertex 60.84515047708098 30.61842482259739 36.490936192283584
    vertex 60.840382372920956 55.9065949880498 36.49093619228358
  endloop
endfacet
facet normal 5.891881979262546e-16 1.514952159398106e-16 1.0
  outer loop
    vertex 60.840382372920956 55.9065949880498 36.49093619228358
    vertex 60.84515047708098 30.61842482259739 36.490936192283584
    vertex 61.96204382158564 54.55274120067679 36.49093619228358
  endloop
endfacet
facet normal 5.891881979262546e-16 1.514952159398106e-16 1.0
  outer loop
    vertex 61.96204382158564 54.55274120067679 36.49093619228358
    vertex 60.84515047708098 30.61842482259739 36.490936192283584
    vertex 63.98920263140033 33.99152237464418 36.490936192283584
  endloop
endfacet
facet normal 5.891881979262546e-16 1.514952159398106e-16 1.0
  outer loop
    vertex 61.96204382158564 54.55274120067679 36.49093619228358
    vertex 63.98920263140033 33.99152237464418 36.490936192283584
    vertex 61.99980186862256 54.500000000000014 36.49093619228358
  endloop
endfacet
facet normal 5.891881979262546e-16 1.514952159398106e-16 1.0
  outer loop
    vertex 61.99980186862256 54.500000000000014 36.49093619228358
    vertex 63.98920263140033 33.99152237464418 36.490936192283584
    vertex 62.985478633242856 53.123186840292774 36.49093619228358
  endloop
endfacet
facet normal 5.891881979262546e-16 1.514952159398106e-16 1.0
  outer loop
    vertex 62.985478633242856 53.123186840292774 36.49093619228358
    vertex 63.98920263140033 33.99152237464418 36.490936192283584
    vertex 63.90559485461448 51.62504444980594 36.49093619228358
  endloop
endfacet
facet normal 5.891881979262546e-16 1.514952159398106e-16 1.0
  outer loop
    vertex 63.90559485461448 51.62504444980594 36.49093619228358
    vertex 63.98920263140033 33.99152237464418 36.490936192283584
    vertex 64.71781457926589 50.06576782204165 36.49093619228358
  endloop
endfacet
facet normal 5.891881979262546e-16 1.514952159398106e-16 1.0
  outer loop
    vertex 64.71781457926589 50.06576782204165 36.49093619228358
    vertex 63.98920263140033 33.99152237464418 36.490936192283584
    vertex 66.46948592602062 37.87881524026824 36.49093619228359
  endloop
endfacet
facet normal 5.891881979262546e-16 1.514952159398106e-16 1.0
  outer loop
    vertex 64.71781457926589 50.06576782204165 36.49093619228358
    vertex 66.46948592602062 37.87881524026824 36.49093619228359
    vertex 65.41809672432363 48.453114914464166 36.490936192283584
  endloop
endfacet
facet normal 5.891881979262546e-16 1.514952159398106e-16 1.0
  outer loop
    vertex 65.41809672432363 48.453114914464166 36.490936192283584
    vertex 66.46948592602062 37.87881524026824 36.49093619228359
    vertex 66.0029571363042 46.79510925057073 36.490936192283584
  endloop
endfacet
facet normal 5.891881979262546e-16 1.514952159398106e-16 1.0
  outer loop
    vertex 66.0029571363042 46.79510925057073 36.490936192283584
    vertex 66.46948592602062 37.87881524026824 36.49093619228359
    vertex 66.46948592602062 45.09999999999998 36.49093619228359
  endloop
endfacet
facet normal 5.891881979262546e-16 1.514952159398106e-16 1.0
  outer loop
    vertex 53.671879718224055 60.27559996942223 36.490936192283584
    vertex 53.9694859260206 61.31959932079777 36.490936192283584
    vertex 53.176066906903294 60.677101267483316 36.490936192283584
  endloop
endfacet
facet normal 5.891881979262546e-16 1.514952159398106e-16 1.0
  outer loop
    vertex 53.9694859260206 61.31959932079777 36.490936192283584
    vertex 53.671879718224055 60.27559996942223 36.490936192283584
    vertex 54.74508589544281 59.20239379220346 36.490936192283584
  endloop
endfacet
facet normal 5.891881979262546e-16 1.514952159398106e-16 1.0
  outer loop
    vertex 53.9694859260206 61.31959932079777 36.490936192283584
    vertex 54.74508589544281 59.20239379220346 36.490936192283584
    vertex 55.4898152273971 60.436625199783535 36.490936192283584
  endloop
endfacet
facet normal 5.891881979262546e-16 1.514952159398106e-16 1.0
  outer loop
    vertex 55.4898152273971 60.436625199783535 36.490936192283584
    vertex 54.74508589544281 59.20239379220346 36.490936192283584
    vertex 55.70023234445734 58.02288615824087 36.490936192283584
  endloop
endfacet
facet normal 5.891881979262546e-16 1.514952159398106e-16 1.0
  outer loop
    vertex 55.4898152273971 60.436625199783535 36.490936192283584
    vertex 55.70023234445734 58.02288615824087 36.490936192283584
    vertex 56.94411953786189 59.448676083903415 36.49093619228358
  endloop
endfacet
facet normal 5.891881979262546e-16 1.514952159398106e-16 1.0
  outer loop
    vertex 56.94411953786189 59.448676083903415 36.49093619228358
    vertex 55.70023234445734 58.02288615824087 36.490936192283584
    vertex 56.52685428089497 56.75000000000002 36.490936192283584
  endloop
endfacet
facet normal 5.891881979262546e-16 1.514952159398106e-16 1.0
  outer loop
    vertex 56.94411953786189 59.448676083903415 36.49093619228358
    vertex 56.52685428089497 56.75000000000002 36.490936192283584
    vertex 57.215895061838324 55.39768132459912 36.490936192283584
  endloop
endfacet
facet normal 5.891881979262546e-16 1.514952159398106e-16 1.0
  outer loop
    vertex 56.94411953786189 59.448676083903415 36.49093619228358
    vertex 57.215895061838324 55.39768132459912 36.490936192283584
    vertex 58.32516317467607 58.3606673724402 36.49093619228358
  endloop
endfacet
facet normal 5.891881979262546e-16 1.514952159398106e-16 1.0
  outer loop
    vertex 58.32516317467607 58.3606673724402 36.49093619228358
    vertex 57.215895061838324 55.39768132459912 36.490936192283584
    vertex 57.759805412300324 53.98074641843675 36.490936192283584
  endloop
endfacet
facet normal 5.891881979262546e-16 1.514952159398106e-16 1.0
  outer loop
    vertex 58.32516317467607 58.3606673724402 36.49093619228358
    vertex 57.759805412300324 53.98074641843675 36.490936192283584
    vertex 58.15262613666078 52.51471951685753 36.490936192283584
  endloop
endfacet
facet normal 5.891881979262546e-16 1.514952159398106e-16 1.0
  outer loop
    vertex 58.32516317467607 58.3606673724402 36.49093619228358
    vertex 58.15262613666078 52.51471951685753 36.490936192283584
    vertex 58.39005340886056 51.015662717381005 36.49093619228362
  endloop
endfacet
facet normal 5.891881979262546e-16 1.514952159398106e-16 1.0
  outer loop
    vertex 58.32516317467607 58.3606673724402 36.49093619228358
    vertex 58.39005340886056 51.015662717381005 36.49093619228362
    vertex 59.62607495308649 57.178012296859045 36.49093619228358
  endloop
endfacet
facet normal 5.891881979262546e-16 1.514952159398106e-16 1.0
  outer loop
    vertex 59.62607495308649 57.178012296859045 36.49093619228358
    vertex 58.39005340886056 51.015662717381005 36.49093619228362
    vertex 58.46948592602062 49.50000000000002 36.490936192283634
  endloop
endfacet
facet normal 5.891881979262546e-16 1.514952159398106e-16 1.0
  outer loop
    vertex 29.469485926020646 49.50000000000002 36.490936192283584
    vertex 29.613808677365185 58.36066737244019 36.49093619228363
    vertex 28.312896898954772 57.178012296859045 36.49093619228362
  endloop
endfacet
facet normal 5.891881979262546e-16 1.514952159398106e-16 1.0
  outer loop
    vertex 29.613808677365185 58.36066737244019 36.49093619228363
    vertex 29.469485926020646 49.50000000000002 36.490936192283584
    vertex 29.548918443180686 51.01566271738098 36.490936192283584
  endloop
endfacet
facet normal 5.891881979262546e-16 1.514952159398106e-16 1.0
  outer loop
    vertex 29.613808677365185 58.36066737244019 36.49093619228363
    vertex 29.548918443180686 51.01566271738098 36.490936192283584
    vertex 29.786345715380467 52.51471951685752 36.490936192283584
  endloop
endfacet
facet normal 5.891881979262546e-16 1.514952159398106e-16 1.0
  outer loop
    vertex 29.613808677365185 58.36066737244019 36.49093619228363
    vertex 29.786345715380467 52.51471951685752 36.490936192283584
    vertex 30.99485231417937 59.4486760839034 36.49093619228363
  endloop
endfacet
facet normal 5.891881979262546e-16 1.514952159398106e-16 1.0
  outer loop
    vertex 30.99485231417937 59.4486760839034 36.49093619228363
    vertex 29.786345715380467 52.51471951685752 36.490936192283584
    vertex 30.179166439740914 53.98074641843675 36.490936192283584
  endloop
endfacet
facet normal 5.891881979262546e-16 1.514952159398106e-16 1.0
  outer loop
    vertex 30.99485231417937 59.4486760839034 36.49093619228363
    vertex 30.179166439740914 53.98074641843675 36.490936192283584
    vertex 30.723076790202924 55.397681324599105 36.490936192283584
  endloop
endfacet
facet normal 5.891881979262546e-16 1.514952159398106e-16 1.0
  outer loop
    vertex 30.99485231417937 59.4486760839034 36.49093619228363
    vertex 30.723076790202924 55.397681324599105 36.490936192283584
    vertex 31.412117571146286 56.75000000000001 36.490936192283584
  endloop
endfacet
facet normal 5.891881979262546e-16 1.514952159398106e-16 1.0
  outer loop
    vertex 30.99485231417937 59.4486760839034 36.49093619228363
    vertex 31.412117571146286 56.75000000000001 36.490936192283584
    vertex 32.449156624644154 60.436625199783535 36.49093619228364
  endloop
endfacet
facet normal 5.891881979262546e-16 1.514952159398106e-16 1.0
  outer loop
    vertex 32.449156624644154 60.436625199783535 36.49093619228364
    vertex 31.412117571146286 56.75000000000001 36.490936192283584
    vertex 32.2387395075839 58.02288615824087 36.490936192283584
  endloop
endfacet
facet normal 5.891881979262546e-16 1.514952159398106e-16 1.0
  outer loop
    vertex 32.449156624644154 60.436625199783535 36.49093619228364
    vertex 32.2387395075839 58.02288615824087 36.490936192283584
    vertex 33.19388595659842 59.202393792203445 36.4909361922836
  endloop
endfacet
facet normal 5.891881979262546e-16 1.514952159398106e-16 1.0
  outer loop
    vertex 32.449156624644154 60.436625199783535 36.49093619228364
    vertex 33.19388595659842 59.202393792203445 36.4909361922836
    vertex 33.969485926020646 61.31959932079776 36.49093619228364
  endloop
endfacet
facet normal 5.891881979262546e-16 1.514952159398106e-16 1.0
  outer loop
    vertex 33.969485926020646 61.31959932079776 36.49093619228364
    vertex 33.19388595659842 59.202393792203445 36.4909361922836
    vertex 34.267092133817194 60.27559996942222 36.490936192283634
  endloop
endfacet
facet normal 5.891881979262546e-16 1.514952159398106e-16 1.0
  outer loop
    vertex 33.969485926020646 61.31959932079776 36.49093619228364
    vertex 34.267092133817194 60.27559996942222 36.490936192283634
    vertex 34.597943855346315 60.543518410871584 36.49093619228364
  endloop
endfacet
facet normal -0.8131076499122614 0.5821133477718575 6.8949612107440796e-18
  outer loop
    vertex 24.95349321879841 53.12318684029277 30.490936192283645
    vertex 25.93916998341871 54.500000000000014 36.4909361922836
    vertex 25.93916998341871 54.500000000000014 30.490936192283634
  endloop
endfacet
facet normal -0.8131076499122614 0.5821133477718575 6.8949612107440796e-18
  outer loop
    vertex 25.93916998341871 54.500000000000014 36.4909361922836
    vertex 24.95349321879841 53.12318684029277 30.490936192283645
    vertex 24.95349321879841 53.12318684029277 36.49093619228361
  endloop
endfacet
facet normal -0.8131076499122756 0.5821133477718377 -9.431676475250036e-20
  outer loop
    vertex 25.93916998341871 54.500000000000014 30.490936192283634
    vertex 25.97692803045562 54.552741200676785 36.49093619228362
    vertex 25.97692803045562 54.552741200676785 30.490936192283655
  endloop
endfacet
facet normal -0.8131076499122756 0.5821133477718377 -9.431676475250036e-20
  outer loop
    vertex 25.97692803045562 54.552741200676785 36.49093619228362
    vertex 25.93916998341871 54.500000000000014 30.490936192283634
    vertex 25.93916998341871 54.500000000000014 36.4909361922836
  endloop
endfacet
facet normal -0.7700503750553256 0.6379830874538545 -2.759739097176862e-15
  outer loop
    vertex 25.97692803045562 54.552741200676785 30.490936192283655
    vertex 27.098589479120303 55.9065949880498 36.49093619228362
    vertex 27.098589479120296 55.9065949880498 30.490936192283655
  endloop
endfacet
facet normal -0.7700503750553256 0.6379830874538545 -2.759739097176862e-15
  outer loop
    vertex 27.098589479120303 55.9065949880498 36.49093619228362
    vertex 25.97692803045562 54.552741200676785 30.490936192283655
    vertex 25.97692803045562 54.552741200676785 36.49093619228362
  endloop
endfacet
facet normal -0.7231618248822318 0.6906786336879117 -2.5853767739066987e-15
  outer loop
    vertex 27.098589479120296 55.9065949880498 30.490936192283655
    vertex 28.312896898954772 57.178012296859045 36.49093619228362
    vertex 28.31289689895477 57.178012296859045 30.490936192283655
  endloop
endfacet
facet normal -0.7231618248822318 0.6906786336879117 -2.5853767739066987e-15
  outer loop
    vertex 28.312896898954772 57.178012296859045 36.49093619228362
    vertex 27.098589479120296 55.9065949880498 30.490936192283655
    vertex 27.098589479120303 55.9065949880498 36.49093619228362
  endloop
endfacet
facet normal -0.6726752866566583 0.7399378073334154 -2.3981512789042753e-15
  outer loop
    vertex 29.613808677365178 58.36066737244019 30.490936192283666
    vertex 28.312896898954772 57.178012296859045 36.49093619228362
    vertex 29.613808677365185 58.36066737244019 36.49093619228363
  endloop
endfacet
facet normal -0.6726752866566583 0.7399378073334154 -2.3981512789042753e-15
  outer loop
    vertex 28.312896898954772 57.178012296859045 36.49093619228362
    vertex 29.613808677365178 58.36066737244019 30.490936192283666
    vertex 28.31289689895477 57.178012296859045 30.490936192283655
  endloop
endfacet
facet normal -0.6188419489163562 0.78551552642924 -2.198994125796239e-15
  outer loop
    vertex 30.994852314179365 59.4486760839034 30.490936192283666
    vertex 29.613808677365185 58.36066737244019 36.49093619228363
    vertex 30.99485231417937 59.4486760839034 36.49093619228363
  endloop
endfacet
facet normal -0.6188419489163562 0.78551552642924 -2.198994125796239e-15
  outer loop
    vertex 29.613808677365185 58.36066737244019 36.49093619228363
    vertex 30.994852314179365 59.4486760839034 30.490936192283666
    vertex 29.613808677365178 58.36066737244019 30.490936192283666
  endloop
endfacet
facet normal -0.5619296517205552 0.8271850255639398 -1.9888961924646523e-15
  outer loop
    vertex 32.449156624644154 60.436625199783535 30.490936192283673
    vertex 30.99485231417937 59.4486760839034 36.49093619228363
    vertex 32.449156624644154 60.436625199783535 36.49093619228364
  endloop
endfacet
facet normal -0.5619296517205552 0.8271850255639398 -1.9888961924646523e-15
  outer loop
    vertex 30.99485231417937 59.4486760839034 36.49093619228363
    vertex 32.449156624644154 60.436625199783535 30.490936192283673
    vertex 30.994852314179365 59.4486760839034 30.490936192283666
  endloop
endfacet
facet normal -0.5022215540501461 0.8647389841145454 4.674870687030169e-16
  outer loop
    vertex 33.96948592602064 61.31959932079776 30.490936192283655
    vertex 32.449156624644154 60.436625199783535 36.49093619228364
    vertex 33.969485926020646 61.31959932079776 36.49093619228364
  endloop
endfacet
facet normal -0.5022215540501461 0.8647389841145454 4.674870687030169e-16
  outer loop
    vertex 32.449156624644154 60.436625199783535 36.49093619228364
    vertex 33.96948592602064 61.31959932079776 30.490936192283655
    vertex 32.449156624644154 60.436625199783535 30.490936192283673
  endloop
endfacet
facet normal -0.9641510230543918 0.2653541119771269 1.7907465189838087e-18
  outer loop
    vertex 21.469485926020646 45.09999999999999 30.490936192283627
    vertex 21.936014715737066 46.795109250570725 36.4909361922836
    vertex 21.936014715737066 46.79510925057073 30.490936192283637
  endloop
endfacet
facet normal -0.9641510230543918 0.2653541119771269 1.7907465189838087e-18
  outer loop
    vertex 21.936014715737066 46.795109250570725 36.4909361922836
    vertex 21.469485926020646 45.09999999999999 30.490936192283627
    vertex 21.469485926020646 45.09999999999998 36.49093619228359
  endloop
endfacet
facet normal -0.9430470965423544 0.3326592456298721 -3.4107121148676447e-15
  outer loop
    vertex 21.936014715737066 46.79510925057073 30.490936192283637
    vertex 22.520875127717638 48.45311491446416 36.490936192283606
    vertex 22.520875127717638 48.453114914464166 30.490936192283637
  endloop
endfacet
facet normal -0.9430470965423544 0.3326592456298721 -3.4107121148676447e-15
  outer loop
    vertex 22.520875127717638 48.45311491446416 36.490936192283606
    vertex 21.936014715737066 46.79510925057073 30.490936192283637
    vertex 21.936014715737066 46.795109250570725 36.4909361922836
  endloop
endfacet
facet normal -0.9172511743116001 0.39830928086600054 -3.312254601860999e-15
  outer loop
    vertex 22.520875127717638 48.453114914464166 30.490936192283637
    vertex 23.221157272775372 50.06576782204164 36.490936192283606
    vertex 23.221157272775372 50.06576782204165 30.490936192283637
  endloop
endfacet
facet normal -0.9172511743116001 0.39830928086600054 -3.312254601860999e-15
  outer loop
    vertex 23.221157272775372 50.06576782204164 36.490936192283606
    vertex 22.520875127717638 48.453114914464166 30.490936192283637
    vertex 22.520875127717638 48.45311491446416 36.490936192283606
  endloop
endfacet
facet normal -0.8868916002774152 0.46197758534085365 -3.1973174406287195e-15
  outer loop
    vertex 23.221157272775372 50.06576782204165 30.490936192283637
    vertex 24.03337699742679 51.625044449805934 36.49093619228361
    vertex 24.03337699742679 51.625044449805934 30.490936192283645
  endloop
endfacet
facet normal -0.8868916002774152 0.46197758534085365 -3.1973174406287195e-15
  outer loop
    vertex 24.03337699742679 51.625044449805934 36.49093619228361
    vertex 23.221157272775372 50.06576782204165 30.490936192283637
    vertex 23.221157272775372 50.06576782204164 36.490936192283606
  endloop
endfacet
facet normal -0.8521194241507946 0.5233473865272646 -3.0664724845494865e-15
  outer loop
    vertex 24.03337699742679 51.625044449805934 30.490936192283645
    vertex 24.95349321879841 53.12318684029277 36.49093619228361
    vertex 24.95349321879841 53.12318684029277 30.490936192283645
  endloop
endfacet
facet normal -0.8521194241507946 0.5233473865272646 -3.0664724845494865e-15
  outer loop
    vertex 24.95349321879841 53.12318684029277 36.49093619228361
    vertex 24.03337699742679 51.625044449805934 30.490936192283645
    vertex 24.03337699742679 51.625044449805934 36.49093619228361
  endloop
endfacet
facet normal 0.502221554050155 0.8647389841145403 2.8356968151930347e-15
  outer loop
    vertex 55.489815227397116 60.436625199783535 30.49093619228361
    vertex 53.9694859260206 61.31959932079777 36.490936192283584
    vertex 55.4898152273971 60.436625199783535 36.490936192283584
  endloop
endfacet
facet normal 0.502221554050155 0.8647389841145403 2.8356968151930347e-15
  outer loop
    vertex 53.9694859260206 61.31959932079777 36.490936192283584
    vertex 55.489815227397116 60.436625199783535 30.49093619228361
    vertex 53.96948592602068 61.31959932079777 30.490936192283595
  endloop
endfacet
facet normal 0.5619296517205522 0.8271850255639417 -8.940916441446391e-16
  outer loop
    vertex 56.94411953786189 59.448676083903415 36.49093619228358
    vertex 55.489815227397116 60.436625199783535 30.49093619228361
    vertex 55.4898152273971 60.436625199783535 36.490936192283584
  endloop
endfacet
facet normal 0.5619296517205522 0.8271850255639417 -8.940916441446391e-16
  outer loop
    vertex 55.489815227397116 60.436625199783535 30.49093619228361
    vertex 56.94411953786189 59.448676083903415 36.49093619228358
    vertex 56.9441195378619 59.448676083903415 30.490936192283606
  endloop
endfacet
facet normal 0.6188419489163562 0.78551552642924 -8.969812955215938e-16
  outer loop
    vertex 58.325163174676085 58.3606673724402 30.490936192283606
    vertex 56.94411953786189 59.448676083903415 36.49093619228358
    vertex 58.32516317467607 58.3606673724402 36.49093619228358
  endloop
endfacet
facet normal 0.6188419489163562 0.78551552642924 -8.969812955215938e-16
  outer loop
    vertex 56.94411953786189 59.448676083903415 36.49093619228358
    vertex 58.325163174676085 58.3606673724402 30.490936192283606
    vertex 56.9441195378619 59.448676083903415 30.490936192283606
  endloop
endfacet
facet normal 0.6726752866566619 0.7399378073334123 -8.954081449729752e-16
  outer loop
    vertex 59.626074953086494 57.178012296859045 30.490936192283606
    vertex 58.32516317467607 58.3606673724402 36.49093619228358
    vertex 59.62607495308649 57.178012296859045 36.49093619228358
  endloop
endfacet
facet normal 0.6726752866566619 0.7399378073334123 -8.954081449729752e-16
  outer loop
    vertex 58.32516317467607 58.3606673724402 36.49093619228358
    vertex 59.626074953086494 57.178012296859045 30.490936192283606
    vertex 58.325163174676085 58.3606673724402 30.490936192283606
  endloop
endfacet
facet normal 0.7231618248822318 0.6906786336879117 -8.893800194839543e-16
  outer loop
    vertex 60.840382372920956 55.9065949880498 36.49093619228358
    vertex 59.626074953086494 57.178012296859045 30.490936192283606
    vertex 59.62607495308649 57.178012296859045 36.49093619228358
  endloop
endfacet
facet normal 0.7231618248822318 0.6906786336879117 -8.893800194839543e-16
  outer loop
    vertex 59.626074953086494 57.178012296859045 30.490936192283606
    vertex 60.840382372920956 55.9065949880498 36.49093619228358
    vertex 60.84038237292097 55.9065949880498 30.490936192283606
  endloop
endfacet
facet normal 0.7700503750553215 0.6379830874538596 -8.789269111292533e-16
  outer loop
    vertex 61.96204382158564 54.55274120067679 36.49093619228358
    vertex 60.84038237292097 55.9065949880498 30.490936192283606
    vertex 60.840382372920956 55.9065949880498 36.49093619228358
  endloop
endfacet
facet normal 0.7700503750553215 0.6379830874538596 -8.789269111292533e-16
  outer loop
    vertex 60.84038237292097 55.9065949880498 30.490936192283606
    vertex 61.96204382158564 54.55274120067679 36.49093619228358
    vertex 61.962043821585645 54.55274120067679 30.490936192283606
  endloop
endfacet
facet normal 0.8131076499122523 0.5821133477718702 1.4298103907130839e-30
  outer loop
    vertex 61.99980186862256 54.500000000000014 36.49093619228358
    vertex 61.962043821585645 54.55274120067679 30.490936192283606
    vertex 61.96204382158564 54.55274120067679 36.49093619228358
  endloop
endfacet
facet normal 0.8131076499122523 0.5821133477718702 1.4298103907130839e-30
  outer loop
    vertex 61.962043821585645 54.55274120067679 30.490936192283606
    vertex 61.99980186862256 54.500000000000014 36.49093619228358
    vertex 61.99980186862257 54.500000000000014 30.490936192283606
  endloop
endfacet
facet normal 0.8131076499122615 0.5821133477718573 0.0
  outer loop
    vertex 62.985478633242856 53.123186840292774 36.49093619228358
    vertex 61.99980186862257 54.500000000000014 30.490936192283606
    vertex 61.99980186862256 54.500000000000014 36.49093619228358
  endloop
endfacet
facet normal 0.8131076499122615 0.5821133477718573 0.0
  outer loop
    vertex 61.99980186862257 54.500000000000014 30.490936192283606
    vertex 62.985478633242856 53.123186840292774 36.49093619228358
    vertex 62.98547863324286 53.123186840292774 30.490936192283606
  endloop
endfacet
facet normal 0.8521194241507953 0.5233473865272634 -8.44975534705039e-16
  outer loop
    vertex 63.90559485461448 51.62504444980594 36.49093619228358
    vertex 62.98547863324286 53.123186840292774 30.490936192283606
    vertex 62.985478633242856 53.123186840292774 36.49093619228358
  endloop
endfacet
facet normal 0.8521194241507953 0.5233473865272634 -8.44975534705039e-16
  outer loop
    vertex 62.98547863324286 53.123186840292774 30.490936192283606
    vertex 63.90559485461448 51.62504444980594 36.49093619228358
    vertex 63.905594854614485 51.62504444980594 30.490936192283606
  endloop
endfacet
facet normal 0.8868916002774144 0.4619775853408548 -8.216461868447199e-16
  outer loop
    vertex 64.71781457926589 50.06576782204165 36.49093619228358
    vertex 63.905594854614485 51.62504444980594 30.490936192283606
    vertex 63.90559485461448 51.62504444980594 36.49093619228358
  endloop
endfacet
facet normal 0.8868916002774144 0.4619775853408548 -8.216461868447199e-16
  outer loop
    vertex 63.905594854614485 51.62504444980594 30.490936192283606
    vertex 64.71781457926589 50.06576782204165 36.49093619228358
    vertex 64.7178145792659 50.06576782204165 30.490936192283606
  endloop
endfacet
facet normal 0.9172511743116009 0.3983092808659993 -7.942288560988066e-16
  outer loop
    vertex 65.41809672432363 48.453114914464166 36.490936192283584
    vertex 64.7178145792659 50.06576782204165 30.490936192283606
    vertex 64.71781457926589 50.06576782204165 36.49093619228358
  endloop
endfacet
facet normal 0.9172511743116009 0.3983092808659993 -7.942288560988066e-16
  outer loop
    vertex 64.7178145792659 50.06576782204165 30.490936192283606
    vertex 65.41809672432363 48.453114914464166 36.490936192283584
    vertex 65.41809672432363 48.453114914464166 30.49093619228361
  endloop
endfacet
facet normal 0.9430470965423539 0.33265924562987353 -7.628599534683526e-16
  outer loop
    vertex 66.0029571363042 46.79510925057073 36.490936192283584
    vertex 65.41809672432363 48.453114914464166 30.49093619228361
    vertex 65.41809672432363 48.453114914464166 36.490936192283584
  endloop
endfacet
facet normal 0.9430470965423539 0.33265924562987353 -7.628599534683526e-16
  outer loop
    vertex 65.41809672432363 48.453114914464166 30.49093619228361
    vertex 66.0029571363042 46.79510925057073 36.490936192283584
    vertex 66.00295713630422 46.79510925057073 30.49093619228361
  endloop
endfacet
facet normal 0.964151023054392 0.2653541119771261 -2.5229578028759926e-16
  outer loop
    vertex 66.46948592602062 45.09999999999998 36.49093619228359
    vertex 66.00295713630422 46.79510925057073 30.49093619228361
    vertex 66.0029571363042 46.79510925057073 36.490936192283584
  endloop
endfacet
facet normal 0.964151023054392 0.2653541119771261 -2.5229578028759926e-16
  outer loop
    vertex 66.00295713630422 46.79510925057073 30.49093619228361
    vertex 66.46948592602062 45.09999999999998 36.49093619228359
    vertex 66.46948592602064 45.09999999999998 30.490936192283623
  endloop
endfacet
facet normal -7.36164395580628e-16 -4.689465678838606e-16 -1.0
  outer loop
    vertex 29.613808677365178 58.36066737244019 30.490936192283666
    vertex 29.469485926020635 49.50000000000005 30.490936192283595
    vertex 28.31289689895477 57.178012296859045 30.490936192283655
  endloop
endfacet
facet normal -7.36164395580628e-16 -4.689465678838606e-16 -1.0
  outer loop
    vertex 29.469485926020635 49.50000000000005 30.490936192283595
    vertex 29.613808677365178 58.36066737244019 30.490936192283666
    vertex 29.548918443180675 51.01566271738098 30.490936192283595
  endloop
endfacet
facet normal -7.36164395580628e-16 -4.689465678838606e-16 -1.0
  outer loop
    vertex 29.548918443180675 51.01566271738098 30.490936192283595
    vertex 29.613808677365178 58.36066737244019 30.490936192283666
    vertex 29.786345715380456 52.51471951685752 30.490936192283595
  endloop
endfacet
facet normal -7.36164395580628e-16 -4.689465678838606e-16 -1.0
  outer loop
    vertex 29.786345715380456 52.51471951685752 30.490936192283595
    vertex 29.613808677365178 58.36066737244019 30.490936192283666
    vertex 30.994852314179365 59.4486760839034 30.490936192283666
  endloop
endfacet
facet normal -7.36164395580628e-16 -4.689465678838606e-16 -1.0
  outer loop
    vertex 29.786345715380456 52.51471951685752 30.490936192283595
    vertex 30.994852314179365 59.4486760839034 30.490936192283666
    vertex 30.1791664397409 53.98074641843675 30.490936192283595
  endloop
endfacet
facet normal -7.36164395580628e-16 -4.689465678838606e-16 -1.0
  outer loop
    vertex 30.1791664397409 53.98074641843675 30.490936192283595
    vertex 30.994852314179365 59.4486760839034 30.490936192283666
    vertex 30.723076790202914 55.397681324599105 30.490936192283588
  endloop
endfacet
facet normal -7.36164395580628e-16 -4.689465678838606e-16 -1.0
  outer loop
    vertex 30.723076790202914 55.397681324599105 30.490936192283588
    vertex 30.994852314179365 59.4486760839034 30.490936192283666
    vertex 31.412117571146275 56.75000000000001 30.490936192283588
  endloop
endfacet
facet normal -7.36164395580628e-16 -4.689465678838606e-16 -1.0
  outer loop
    vertex 31.412117571146275 56.75000000000001 30.490936192283588
    vertex 30.994852314179365 59.4486760839034 30.490936192283666
    vertex 32.449156624644154 60.436625199783535 30.490936192283673
  endloop
endfacet
facet normal -7.36164395580628e-16 -4.689465678838606e-16 -1.0
  outer loop
    vertex 31.412117571146275 56.75000000000001 30.490936192283588
    vertex 32.449156624644154 60.436625199783535 30.490936192283673
    vertex 32.238739507583894 58.02288615824087 30.490936192283588
  endloop
endfacet
facet normal -7.36164395580628e-16 -4.689465678838606e-16 -1.0
  outer loop
    vertex 32.238739507583894 58.02288615824087 30.490936192283588
    vertex 32.449156624644154 60.436625199783535 30.490936192283673
    vertex 33.19388595659841 59.202393792203445 30.490936192283606
  endloop
endfacet
facet normal -7.36164395580628e-16 -4.689465678838606e-16 -1.0
  outer loop
    vertex 33.19388595659841 59.202393792203445 30.490936192283606
    vertex 32.449156624644154 60.436625199783535 30.490936192283673
    vertex 33.96948592602064 61.31959932079776 30.490936192283655
  endloop
endfacet
facet normal -7.36164395580628e-16 -4.689465678838606e-16 -1.0
  outer loop
    vertex 33.19388595659841 59.202393792203445 30.490936192283606
    vertex 33.96948592602064 61.31959932079776 30.490936192283655
    vertex 34.267092133817194 60.27559996942222 30.490936192283637
  endloop
endfacet
facet normal -7.36164395580628e-16 -4.689465678838606e-16 -1.0
  outer loop
    vertex 34.267092133817194 60.27559996942222 30.490936192283637
    vertex 33.96948592602064 61.31959932079776 30.490936192283655
    vertex 34.59794385534631 60.543518410871584 30.490936192283662
  endloop
endfacet
facet normal -7.36164395580628e-16 -4.689465678838606e-16 -1.0
  outer loop
    vertex 53.96948592602068 61.31959932079777 30.490936192283595
    vertex 53.67187971822413 60.27559996942223 30.490936192283588
    vertex 53.17606690690333 60.677101267483316 30.490936192283606
  endloop
endfacet
facet normal -7.36164395580628e-16 -4.689465678838606e-16 -1.0
  outer loop
    vertex 53.67187971822413 60.27559996942223 30.490936192283588
    vertex 53.96948592602068 61.31959932079777 30.490936192283595
    vertex 54.74508589544289 59.20239379220346 30.490936192283588
  endloop
endfacet
facet normal -7.36164395580628e-16 -4.689465678838606e-16 -1.0
  outer loop
    vertex 54.74508589544289 59.20239379220346 30.490936192283588
    vertex 53.96948592602068 61.31959932079777 30.490936192283595
    vertex 55.489815227397116 60.436625199783535 30.49093619228361
  endloop
endfacet
facet normal -7.36164395580628e-16 -4.689465678838606e-16 -1.0
  outer loop
    vertex 54.74508589544289 59.20239379220346 30.490936192283588
    vertex 55.489815227397116 60.436625199783535 30.49093619228361
    vertex 55.70023234445742 58.02288615824087 30.490936192283588
  endloop
endfacet
facet normal -7.36164395580628e-16 -4.689465678838606e-16 -1.0
  outer loop
    vertex 55.70023234445742 58.02288615824087 30.490936192283588
    vertex 55.489815227397116 60.436625199783535 30.49093619228361
    vertex 56.9441195378619 59.448676083903415 30.490936192283606
  endloop
endfacet
facet normal -7.36164395580628e-16 -4.689465678838606e-16 -1.0
  outer loop
    vertex 55.70023234445742 58.02288615824087 30.490936192283588
    vertex 56.9441195378619 59.448676083903415 30.490936192283606
    vertex 56.52685428089505 56.75000000000001 30.490936192283588
  endloop
endfacet
facet normal -7.36164395580628e-16 -4.689465678838606e-16 -1.0
  outer loop
    vertex 56.52685428089505 56.75000000000001 30.490936192283588
    vertex 56.9441195378619 59.448676083903415 30.490936192283606
    vertex 57.2158950618384 55.39768132459912 30.490936192283588
  endloop
endfacet
facet normal -7.36164395580628e-16 -4.689465678838606e-16 -1.0
  outer loop
    vertex 57.2158950618384 55.39768132459912 30.490936192283588
    vertex 56.9441195378619 59.448676083903415 30.490936192283606
    vertex 58.325163174676085 58.3606673724402 30.490936192283606
  endloop
endfacet
facet normal -7.36164395580628e-16 -4.689465678838606e-16 -1.0
  outer loop
    vertex 57.2158950618384 55.39768132459912 30.490936192283588
    vertex 58.325163174676085 58.3606673724402 30.490936192283606
    vertex 57.7598054123004 53.98074641843675 30.490936192283595
  endloop
endfacet
facet normal -7.36164395580628e-16 -4.689465678838606e-16 -1.0
  outer loop
    vertex 57.7598054123004 53.98074641843675 30.490936192283595
    vertex 58.325163174676085 58.3606673724402 30.490936192283606
    vertex 58.15262613666086 52.51471951685753 30.4909361922836
  endloop
endfacet
facet normal -7.36164395580628e-16 -4.689465678838606e-16 -1.0
  outer loop
    vertex 58.15262613666086 52.51471951685753 30.4909361922836
    vertex 58.325163174676085 58.3606673724402 30.490936192283606
    vertex 58.390053408860645 51.015662717381005 30.4909361922836
  endloop
endfacet
facet normal -7.36164395580628e-16 -4.689465678838606e-16 -1.0
  outer loop
    vertex 58.390053408860645 51.015662717381005 30.4909361922836
    vertex 58.325163174676085 58.3606673724402 30.490936192283606
    vertex 59.626074953086494 57.178012296859045 30.490936192283606
  endloop
endfacet
facet normal -7.36164395580628e-16 -4.689465678838606e-16 -1.0
  outer loop
    vertex 58.390053408860645 51.015662717381005 30.4909361922836
    vertex 59.626074953086494 57.178012296859045 30.490936192283606
    vertex 58.469485926020695 49.50000000000005 30.490936192283634
  endloop
endfacet
facet normal -7.36164395580628e-16 -4.689465678838606e-16 -1.0
  outer loop
    vertex 21.469485926020646 45.09999999999999 30.490936192283627
    vertex 23.94976922064093 33.991522374644234 30.490936192283634
    vertex 21.469485926020642 37.878815240268295 30.490936192283634
  endloop
endfacet
facet normal -7.36164395580628e-16 -4.689465678838606e-16 -1.0
  outer loop
    vertex 23.94976922064093 33.991522374644234 30.490936192283634
    vertex 21.469485926020646 45.09999999999999 30.490936192283627
    vertex 21.936014715737066 46.79510925057073 30.490936192283637
  endloop
endfacet
facet normal -7.36164395580628e-16 -4.689465678838606e-16 -1.0
  outer loop
    vertex 23.94976922064093 33.991522374644234 30.490936192283634
    vertex 21.936014715737066 46.79510925057073 30.490936192283637
    vertex 22.520875127717638 48.453114914464166 30.490936192283637
  endloop
endfacet
facet normal -7.36164395580628e-16 -4.689465678838606e-16 -1.0
  outer loop
    vertex 23.94976922064093 33.991522374644234 30.490936192283634
    vertex 22.520875127717638 48.453114914464166 30.490936192283637
    vertex 23.221157272775372 50.06576782204165 30.490936192283637
  endloop
endfacet
facet normal -7.36164395580628e-16 -4.689465678838606e-16 -1.0
  outer loop
    vertex 23.94976922064093 33.991522374644234 30.490936192283634
    vertex 23.221157272775372 50.06576782204165 30.490936192283637
    vertex 24.03337699742679 51.625044449805934 30.490936192283645
  endloop
endfacet
facet normal -7.36164395580628e-16 -4.689465678838606e-16 -1.0
  outer loop
    vertex 23.94976922064093 33.991522374644234 30.490936192283634
    vertex 24.03337699742679 51.625044449805934 30.490936192283645
    vertex 27.09382137496028 30.618424822597436 30.490936192283634
  endloop
endfacet
facet normal -7.36164395580628e-16 -4.689465678838606e-16 -1.0
  outer loop
    vertex 27.09382137496028 30.618424822597436 30.490936192283634
    vertex 24.03337699742679 51.625044449805934 30.490936192283645
    vertex 24.95349321879841 53.12318684029277 30.490936192283645
  endloop
endfacet
facet normal -7.36164395580628e-16 -4.689465678838606e-16 -1.0
  outer loop
    vertex 27.09382137496028 30.618424822597436 30.490936192283634
    vertex 24.95349321879841 53.12318684029277 30.490936192283645
    vertex 25.93916998341871 54.500000000000014 30.490936192283634
  endloop
endfacet
facet normal -7.36164395580628e-16 -4.689465678838606e-16 -1.0
  outer loop
    vertex 27.09382137496028 30.618424822597436 30.490936192283634
    vertex 25.93916998341871 54.500000000000014 30.490936192283634
    vertex 25.97692803045562 54.552741200676785 30.490936192283655
  endloop
endfacet
facet normal -7.36164395580628e-16 -4.689465678838606e-16 -1.0
  outer loop
    vertex 27.09382137496028 30.618424822597436 30.490936192283634
    vertex 25.97692803045562 54.552741200676785 30.490936192283655
    vertex 27.098589479120296 55.9065949880498 30.490936192283655
  endloop
endfacet
facet normal -7.36164395580628e-16 -4.689465678838606e-16 -1.0
  outer loop
    vertex 27.09382137496028 30.618424822597436 30.490936192283634
    vertex 27.098589479120296 55.9065949880498 30.490936192283655
    vertex 30.797398960162038 27.87136018646392 30.490936192283634
  endloop
endfacet
facet normal -7.36164395580628e-16 -4.689465678838606e-16 -1.0
  outer loop
    vertex 30.797398960162038 27.87136018646392 30.490936192283634
    vertex 27.098589479120296 55.9065949880498 30.490936192283655
    vertex 28.31289689895477 57.178012296859045 30.490936192283655
  endloop
endfacet
facet normal -7.36164395580628e-16 -4.689465678838606e-16 -1.0
  outer loop
    vertex 30.797398960162038 27.87136018646392 30.490936192283634
    vertex 28.31289689895477 57.178012296859045 30.490936192283655
    vertex 29.548918443180675 47.98433728261907 30.49093619228361
  endloop
endfacet
facet normal -7.36164395580628e-16 -4.689465678838606e-16 -1.0
  outer loop
    vertex 29.548918443180675 47.98433728261907 30.49093619228361
    vertex 28.31289689895477 57.178012296859045 30.490936192283655
    vertex 29.469485926020635 49.50000000000005 30.490936192283595
  endloop
endfacet
facet normal -7.36164395580628e-16 -4.689465678838606e-16 -1.0
  outer loop
    vertex 30.797398960162038 27.87136018646392 30.490936192283634
    vertex 29.548918443180675 47.98433728261907 30.49093619228361
    vertex 29.786345715380456 46.48528048314254 30.49093619228361
  endloop
endfacet
facet normal -7.36164395580628e-16 -4.689465678838606e-16 -1.0
  outer loop
    vertex 30.797398960162038 27.87136018646392 30.490936192283634
    vertex 29.786345715380456 46.48528048314254 30.49093619228361
    vertex 30.179166439740914 45.01925358156331 30.490936192283645
  endloop
endfacet
facet normal -7.36164395580628e-16 -4.689465678838606e-16 -1.0
  outer loop
    vertex 30.797398960162038 27.87136018646392 30.490936192283634
    vertex 30.179166439740914 45.01925358156331 30.490936192283645
    vertex 30.723076790202924 43.60231867540095 30.490936192283645
  endloop
endfacet
facet normal -7.36164395580628e-16 -4.689465678838606e-16 -1.0
  outer loop
    vertex 30.797398960162038 27.87136018646392 30.490936192283634
    vertex 30.723076790202924 43.60231867540095 30.490936192283645
    vertex 31.412117571146275 42.25000000000005 30.490936192283645
  endloop
endfacet
facet normal -7.36164395580628e-16 -4.689465678838606e-16 -1.0
  outer loop
    vertex 30.797398960162038 27.87136018646392 30.490936192283634
    vertex 31.412117571146275 42.25000000000005 30.490936192283645
    vertex 34.937707058280374 25.84140947342678 30.490936192283634
  endloop
endfacet
facet normal -7.36164395580628e-16 -4.689465678838606e-16 -1.0
  outer loop
    vertex 34.937707058280374 25.84140947342678 30.490936192283634
    vertex 31.412117571146275 42.25000000000005 30.490936192283645
    vertex 32.238739507583894 40.97711384175919 30.490936192283645
  endloop
endfacet
facet normal -7.36164395580628e-16 -4.689465678838606e-16 -1.0
  outer loop
    vertex 34.937707058280374 25.84140947342678 30.490936192283634
    vertex 32.238739507583894 40.97711384175919 30.490936192283645
    vertex 33.19388595659842 39.79760620779661 30.490936192283645
  endloop
endfacet
facet normal -7.36164395580628e-16 -4.689465678838606e-16 -1.0
  outer loop
    vertex 34.937707058280374 25.84140947342678 30.490936192283634
    vertex 33.19388595659842 39.79760620779661 30.490936192283645
    vertex 34.26709213381721 38.72440003057784 30.490936192283645
  endloop
endfacet
facet normal -7.36164395580628e-16 -4.689465678838606e-16 -1.0
  outer loop
    vertex 34.937707058280374 25.84140947342678 30.490936192283634
    vertex 34.26709213381721 38.72440003057784 30.490936192283645
    vertex 35.44659976777978 37.76925358156332 30.490936192283645
  endloop
endfacet
facet normal -7.36164395580628e-16 -4.689465678838606e-16 -1.0
  outer loop
    vertex 34.937707058280374 25.84140947342678 30.490936192283634
    vertex 35.44659976777978 37.76925358156332 30.490936192283645
    vertex 39.37747062064527 24.595877235786467 30.490936192283634
  endloop
endfacet
facet normal -7.36164395580628e-16 -4.689465678838606e-16 -1.0
  outer loop
    vertex 39.37747062064527 24.595877235786467 30.490936192283634
    vertex 35.44659976777978 37.76925358156332 30.490936192283645
    vertex 36.719485926020646 36.942631645125694 30.490936192283645
  endloop
endfacet
facet normal -7.36164395580628e-16 -4.689465678838606e-16 -1.0
  outer loop
    vertex 39.37747062064527 24.595877235786467 30.490936192283634
    vertex 36.719485926020646 36.942631645125694 30.490936192283645
    vertex 38.07180460142154 36.25359086418235 30.490936192283645
  endloop
endfacet
facet normal -7.36164395580628e-16 -4.689465678838606e-16 -1.0
  outer loop
    vertex 39.37747062064527 24.595877235786467 30.490936192283634
    vertex 38.07180460142154 36.25359086418235 30.490936192283645
    vertex 39.4887395075839 35.709680513720336 30.490936192283645
  endloop
endfacet
facet normal -7.36164395580628e-16 -4.689465678838606e-16 -1.0
  outer loop
    vertex 39.37747062064527 24.595877235786467 30.490936192283634
    vertex 39.4887395075839 35.709680513720336 30.490936192283645
    vertex 43.96948592602062 24.176060037588535 30.490936192283634
  endloop
endfacet
facet normal -7.36164395580628e-16 -4.689465678838606e-16 -1.0
  outer loop
    vertex 43.96948592602062 24.176060037588535 30.490936192283634
    vertex 39.4887395075839 35.709680513720336 30.490936192283645
    vertex 40.954766409163135 35.316859789359874 30.490936192283645
  endloop
endfacet
facet normal -7.36164395580628e-16 -4.689465678838606e-16 -1.0
  outer loop
    vertex 43.96948592602062 24.176060037588535 30.490936192283634
    vertex 40.954766409163135 35.316859789359874 30.490936192283645
    vertex 42.45382320863966 35.0794325171601 30.490936192283645
  endloop
endfacet
facet normal -7.36164395580628e-16 -4.689465678838606e-16 -1.0
  outer loop
    vertex 43.96948592602062 24.176060037588535 30.490936192283634
    vertex 42.45382320863966 35.0794325171601 30.490936192283645
    vertex 43.96948592602064 35.00000000000006 30.490936192283645
  endloop
endfacet
facet normal -7.36164395580628e-16 -4.689465678838606e-16 -1.0
  outer loop
    vertex 43.96948592602062 24.176060037588535 30.490936192283634
    vertex 43.96948592602064 35.00000000000006 30.490936192283645
    vertex 48.56150123139598 24.595877235786467 30.490936192283634
  endloop
endfacet
facet normal -7.36164395580628e-16 -4.689465678838606e-16 -1.0
  outer loop
    vertex 48.56150123139598 24.595877235786467 30.490936192283634
    vertex 43.96948592602064 35.00000000000006 30.490936192283645
    vertex 45.48514864340163 35.0794325171601 30.490936192283645
  endloop
endfacet
facet normal -7.36164395580628e-16 -4.689465678838606e-16 -1.0
  outer loop
    vertex 48.56150123139598 24.595877235786467 30.490936192283634
    vertex 45.48514864340163 35.0794325171601 30.490936192283645
    vertex 46.98420544287816 35.31685978935988 30.49093619228361
  endloop
endfacet
facet normal -7.36164395580628e-16 -4.689465678838606e-16 -1.0
  outer loop
    vertex 48.56150123139598 24.595877235786467 30.490936192283634
    vertex 46.98420544287816 35.31685978935988 30.49093619228361
    vertex 48.450232344457376 35.709680513720336 30.49093619228361
  endloop
endfacet
facet normal -7.36164395580628e-16 -4.689465678838606e-16 -1.0
  outer loop
    vertex 48.56150123139598 24.595877235786467 30.490936192283634
    vertex 48.450232344457376 35.709680513720336 30.49093619228361
    vertex 49.86716725061975 36.25359086418235 30.490936192283595
  endloop
endfacet
facet normal -7.36164395580628e-16 -4.689465678838606e-16 -1.0
  outer loop
    vertex 48.56150123139598 24.595877235786467 30.490936192283634
    vertex 49.86716725061975 36.25359086418235 30.490936192283595
    vertex 53.001264793760896 25.841409473426758 30.490936192283645
  endloop
endfacet
facet normal -7.36164395580628e-16 -4.689465678838606e-16 -1.0
  outer loop
    vertex 53.001264793760896 25.841409473426758 30.490936192283645
    vertex 49.86716725061975 36.25359086418235 30.490936192283595
    vertex 51.219485926020674 36.9426316451257 30.490936192283595
  endloop
endfacet
facet normal -7.36164395580628e-16 -4.689465678838606e-16 -1.0
  outer loop
    vertex 53.001264793760896 25.841409473426758 30.490936192283645
    vertex 51.219485926020674 36.9426316451257 30.490936192283595
    vertex 52.49237208426152 37.76925358156332 30.490936192283595
  endloop
endfacet
facet normal -7.36164395580628e-16 -4.689465678838606e-16 -1.0
  outer loop
    vertex 53.001264793760896 25.841409473426758 30.490936192283645
    vertex 52.49237208426152 37.76925358156332 30.490936192283595
    vertex 53.67187971822413 38.72440003057785 30.490936192283588
  endloop
endfacet
facet normal -7.36164395580628e-16 -4.689465678838606e-16 -1.0
  outer loop
    vertex 53.001264793760896 25.841409473426758 30.490936192283645
    vertex 53.67187971822413 38.72440003057785 30.490936192283588
    vertex 57.14157289187923 27.871360186463892 30.490936192283634
  endloop
endfacet
facet normal -7.36164395580628e-16 -4.689465678838606e-16 -1.0
  outer loop
    vertex 57.14157289187923 27.871360186463892 30.490936192283634
    vertex 53.67187971822413 38.72440003057785 30.490936192283588
    vertex 54.74508589544292 39.79760620779661 30.490936192283588
  endloop
endfacet
facet normal -7.36164395580628e-16 -4.689465678838606e-16 -1.0
  outer loop
    vertex 57.14157289187923 27.871360186463892 30.490936192283634
    vertex 54.74508589544292 39.79760620779661 30.490936192283588
    vertex 55.70023234445742 40.97711384175919 30.490936192283588
  endloop
endfacet
facet normal -7.36164395580628e-16 -4.689465678838606e-16 -1.0
  outer loop
    vertex 57.14157289187923 27.871360186463892 30.490936192283634
    vertex 55.70023234445742 40.97711384175919 30.490936192283588
    vertex 56.52685428089505 42.250000000000064 30.490936192283588
  endloop
endfacet
facet normal -7.36164395580628e-16 -4.689465678838606e-16 -1.0
  outer loop
    vertex 57.14157289187923 27.871360186463892 30.490936192283634
    vertex 56.52685428089505 42.250000000000064 30.490936192283588
    vertex 57.2158950618384 43.60231867540095 30.490936192283606
  endloop
endfacet
facet normal -7.36164395580628e-16 -4.689465678838606e-16 -1.0
  outer loop
    vertex 57.14157289187923 27.871360186463892 30.490936192283634
    vertex 57.2158950618384 43.60231867540095 30.490936192283606
    vertex 60.845150477081 30.618424822597404 30.490936192283627
  endloop
endfacet
facet normal -7.36164395580628e-16 -4.689465678838606e-16 -1.0
  outer loop
    vertex 60.845150477081 30.618424822597404 30.490936192283627
    vertex 57.2158950618384 43.60231867540095 30.490936192283606
    vertex 57.75980541230042 45.019253581563326 30.490936192283637
  endloop
endfacet
facet normal -7.36164395580628e-16 -4.689465678838606e-16 -1.0
  outer loop
    vertex 60.845150477081 30.618424822597404 30.490936192283627
    vertex 57.75980541230042 45.019253581563326 30.490936192283637
    vertex 58.15262613666086 46.48528048314255 30.490936192283637
  endloop
endfacet
facet normal -7.36164395580628e-16 -4.689465678838606e-16 -1.0
  outer loop
    vertex 60.845150477081 30.618424822597404 30.490936192283627
    vertex 58.15262613666086 46.48528048314255 30.490936192283637
    vertex 58.390053408860645 47.98433728261908 30.490936192283637
  endloop
endfacet
facet normal -7.36164395580628e-16 -4.689465678838606e-16 -1.0
  outer loop
    vertex 60.845150477081 30.618424822597404 30.490936192283627
    vertex 58.390053408860645 47.98433728261908 30.490936192283637
    vertex 58.469485926020695 49.50000000000005 30.490936192283634
  endloop
endfacet
facet normal -7.36164395580628e-16 -4.689465678838606e-16 -1.0
  outer loop
    vertex 60.845150477081 30.618424822597404 30.490936192283627
    vertex 58.469485926020695 49.50000000000005 30.490936192283634
    vertex 59.626074953086494 57.178012296859045 30.490936192283606
  endloop
endfacet
facet normal -7.36164395580628e-16 -4.689465678838606e-16 -1.0
  outer loop
    vertex 60.845150477081 30.618424822597404 30.490936192283627
    vertex 59.626074953086494 57.178012296859045 30.490936192283606
    vertex 60.84038237292097 55.9065949880498 30.490936192283606
  endloop
endfacet
facet normal -7.36164395580628e-16 -4.689465678838606e-16 -1.0
  outer loop
    vertex 60.845150477081 30.618424822597404 30.490936192283627
    vertex 60.84038237292097 55.9065949880498 30.490936192283606
    vertex 61.962043821585645 54.55274120067679 30.490936192283606
  endloop
endfacet
facet normal -7.36164395580628e-16 -4.689465678838606e-16 -1.0
  outer loop
    vertex 60.845150477081 30.618424822597404 30.490936192283627
    vertex 61.962043821585645 54.55274120067679 30.490936192283606
    vertex 63.98920263140035 33.991522374644184 30.490936192283627
  endloop
endfacet
facet normal -7.36164395580628e-16 -4.689465678838606e-16 -1.0
  outer loop
    vertex 63.98920263140035 33.991522374644184 30.490936192283627
    vertex 61.962043821585645 54.55274120067679 30.490936192283606
    vertex 61.99980186862257 54.500000000000014 30.490936192283606
  endloop
endfacet
facet normal -7.36164395580628e-16 -4.689465678838606e-16 -1.0
  outer loop
    vertex 63.98920263140035 33.991522374644184 30.490936192283627
    vertex 61.99980186862257 54.500000000000014 30.490936192283606
    vertex 62.98547863324286 53.123186840292774 30.490936192283606
  endloop
endfacet
facet normal -7.36164395580628e-16 -4.689465678838606e-16 -1.0
  outer loop
    vertex 63.98920263140035 33.991522374644184 30.490936192283627
    vertex 62.98547863324286 53.123186840292774 30.490936192283606
    vertex 63.905594854614485 51.62504444980594 30.490936192283606
  endloop
endfacet
facet normal -7.36164395580628e-16 -4.689465678838606e-16 -1.0
  outer loop
    vertex 63.98920263140035 33.991522374644184 30.490936192283627
    vertex 63.905594854614485 51.62504444980594 30.490936192283606
    vertex 64.7178145792659 50.06576782204165 30.490936192283606
  endloop
endfacet
facet normal -7.36164395580628e-16 -4.689465678838606e-16 -1.0
  outer loop
    vertex 63.98920263140035 33.991522374644184 30.490936192283627
    vertex 64.7178145792659 50.06576782204165 30.490936192283606
    vertex 66.46948592602064 37.87881524026825 30.490936192283637
  endloop
endfacet
facet normal -7.36164395580628e-16 -4.689465678838606e-16 -1.0
  outer loop
    vertex 66.46948592602064 37.87881524026825 30.490936192283637
    vertex 64.7178145792659 50.06576782204165 30.490936192283606
    vertex 65.41809672432363 48.453114914464166 30.49093619228361
  endloop
endfacet
facet normal -7.36164395580628e-16 -4.689465678838606e-16 -1.0
  outer loop
    vertex 66.46948592602064 37.87881524026825 30.490936192283637
    vertex 65.41809672432363 48.453114914464166 30.49093619228361
    vertex 66.00295713630422 46.79510925057073 30.49093619228361
  endloop
endfacet
facet normal -7.36164395580628e-16 -4.689465678838606e-16 -1.0
  outer loop
    vertex 66.46948592602064 37.87881524026825 30.490936192283637
    vertex 66.00295713630422 46.79510925057073 30.49093619228361
    vertex 66.46948592602064 45.09999999999998 30.490936192283623
  endloop
endfacet
endsolid Attitude indicator1
