solid Attitude indicator1
facet normal 0.0 0.0 1.0
  outer loop
    vertex 125.10947544384739 -0.059352132052083735 1.9999999999999774
    vertex 125.60947544384739 3.440647867947914 1.9999999999999774
    vertex 125.10947544384739 82.94064786794792 1.9999999999999774
  endloop
endfacet
facet normal 0.0 0.0 1.0
  outer loop
    vertex 125.60947544384739 3.440647867947914 1.9999999999999774
    vertex 125.10947544384739 -0.059352132052083735 1.9999999999999774
    vertex 125.71169796498017 2.6641907326403533 1.9999999999999774
  endloop
endfacet
facet normal 0.0 0.0 1.0
  outer loop
    vertex 125.71169796498017 2.6641907326403533 1.9999999999999774
    vertex 125.10947544384739 -0.059352132052083735 1.9999999999999774
    vertex 126.01139923249409 1.9406478679479169 1.9999999999999774
  endloop
endfacet
facet normal 0.0 0.0 1.0
  outer loop
    vertex 126.01139923249409 1.9406478679479169 1.9999999999999774
    vertex 125.10947544384739 -0.059352132052083735 1.9999999999999774
    vertex 126.48815510028773 1.3193275243882765 1.9999999999999774
  endloop
endfacet
facet normal 0.0 0.0 1.0
  outer loop
    vertex 126.48815510028773 1.3193275243882765 1.9999999999999774
    vertex 125.10947544384739 -0.059352132052083735 1.9999999999999774
    vertex 127.10947544384739 0.8425716565946036 1.9999999999999774
  endloop
endfacet
facet normal 0.0 0.0 1.0
  outer loop
    vertex 127.10947544384739 0.8425716565946036 1.9999999999999774
    vertex 125.10947544384739 -0.059352132052083735 1.9999999999999774
    vertex 127.83301830853982 0.5428703890807155 1.9999999999999774
  endloop
endfacet
facet normal 0.0 0.0 1.0
  outer loop
    vertex 127.83301830853982 0.5428703890807155 1.9999999999999774
    vertex 125.10947544384739 -0.059352132052083735 1.9999999999999774
    vertex 128.60947544384737 0.440647867947921 1.9999999999999774
  endloop
endfacet
facet normal 0.0 0.0 1.0
  outer loop
    vertex 128.60947544384737 0.440647867947921 1.9999999999999774
    vertex 125.10947544384739 -0.059352132052083735 1.9999999999999774
    vertex 208.10947544384737 -0.059352132052083735 1.9999999999999774
  endloop
endfacet
facet normal 0.0 0.0 1.0
  outer loop
    vertex 128.60947544384737 0.440647867947921 1.9999999999999774
    vertex 208.10947544384737 -0.059352132052083735 1.9999999999999774
    vertex 129.38593257915494 0.5428703890807166 1.9999999999999774
  endloop
endfacet
facet normal 0.0 0.0 1.0
  outer loop
    vertex 129.38593257915494 0.5428703890807166 1.9999999999999774
    vertex 208.10947544384737 -0.059352132052083735 1.9999999999999774
    vertex 130.10947544384737 0.8425716565946046 1.9999999999999774
  endloop
endfacet
facet normal 0.0 0.0 1.0
  outer loop
    vertex 130.10947544384737 0.8425716565946046 1.9999999999999774
    vertex 208.10947544384737 -0.059352132052083735 1.9999999999999774
    vertex 130.73079578740703 1.3193275243882772 1.9999999999999774
  endloop
endfacet
facet normal 0.0 0.0 1.0
  outer loop
    vertex 130.73079578740703 1.3193275243882772 1.9999999999999774
    vertex 208.10947544384737 -0.059352132052083735 1.9999999999999774
    vertex 131.2075516552007 1.9406478679479189 1.9999999999999774
  endloop
endfacet
facet normal 0.0 0.0 1.0
  outer loop
    vertex 131.2075516552007 1.9406478679479189 1.9999999999999774
    vertex 208.10947544384737 -0.059352132052083735 1.9999999999999774
    vertex 131.5072529227146 2.664190732640355 1.9999999999999774
  endloop
endfacet
facet normal 0.0 0.0 1.0
  outer loop
    vertex 131.5072529227146 2.664190732640355 1.9999999999999774
    vertex 208.10947544384737 -0.059352132052083735 1.9999999999999774
    vertex 131.60947544384737 3.440647867947916 1.9999999999999774
  endloop
endfacet
facet normal 0.0 0.0 1.0
  outer loop
    vertex 131.60947544384737 3.440647867947916 1.9999999999999774
    vertex 208.10947544384737 -0.059352132052083735 1.9999999999999774
    vertex 203.8330183085398 0.5428703890807159 1.9999999999999774
  endloop
endfacet
facet normal 0.0 0.0 1.0
  outer loop
    vertex 131.60947544384737 3.440647867947916 1.9999999999999774
    vertex 203.8330183085398 0.5428703890807159 1.9999999999999774
    vertex 141.60947544384737 9.940647867947916 1.9999999999999774
  endloop
endfacet
facet normal 0.0 0.0 1.0
  outer loop
    vertex 131.60947544384737 3.440647867947916 1.9999999999999774
    vertex 141.60947544384737 9.940647867947916 1.9999999999999774
    vertex 131.60947544384737 79.4406478679479 1.9999999999999774
  endloop
endfacet
facet normal 0.0 0.0 1.0
  outer loop
    vertex 141.60947544384737 9.940647867947916 1.9999999999999774
    vertex 203.8330183085398 0.5428703890807159 1.9999999999999774
    vertex 143.60947544384743 9.940647867947916 1.9999999999999774
  endloop
endfacet
facet normal 0.0 0.0 1.0
  outer loop
    vertex 143.60947544384743 9.940647867947916 1.9999999999999774
    vertex 203.8330183085398 0.5428703890807159 1.9999999999999774
    vertex 145.60947544384743 9.940647867947916 1.9999999999999774
  endloop
endfacet
facet normal 0.0 0.0 1.0
  outer loop
    vertex 143.60947544384743 9.940647867947916 1.9999999999999774
    vertex 145.60947544384743 9.940647867947916 1.9999999999999774
    vertex 143.60947544384743 67.9406478679479 1.9999999999999774
  endloop
endfacet
facet normal 0.0 0.0 1.0
  outer loop
    vertex 145.60947544384743 9.940647867947916 1.9999999999999774
    vertex 203.8330183085398 0.5428703890807159 1.9999999999999774
    vertex 147.6094754438474 9.940647867947916 1.9999999999999774
  endloop
endfacet
facet normal 0.0 0.0 1.0
  outer loop
    vertex 147.6094754438474 9.940647867947916 1.9999999999999774
    vertex 203.8330183085398 0.5428703890807159 1.9999999999999774
    vertex 149.6094754438474 9.940647867947916 1.9999999999999774
  endloop
endfacet
facet normal 0.0 0.0 1.0
  outer loop
    vertex 147.6094754438474 9.940647867947916 1.9999999999999774
    vertex 149.6094754438474 9.940647867947916 1.9999999999999774
    vertex 147.6094754438474 67.9406478679479 1.9999999999999774
  endloop
endfacet
facet normal 0.0 0.0 1.0
  outer loop
    vertex 149.6094754438474 9.940647867947916 1.9999999999999774
    vertex 203.8330183085398 0.5428703890807159 1.9999999999999774
    vertex 151.6094754438474 9.940647867947916 1.9999999999999774
  endloop
endfacet
facet normal 0.0 0.0 1.0
  outer loop
    vertex 151.6094754438474 9.940647867947916 1.9999999999999774
    vertex 203.8330183085398 0.5428703890807159 1.9999999999999774
    vertex 153.6094754438474 9.940647867947916 1.9999999999999774
  endloop
endfacet
facet normal 0.0 0.0 1.0
  outer loop
    vertex 151.6094754438474 9.940647867947916 1.9999999999999774
    vertex 153.6094754438474 9.940647867947916 1.9999999999999774
    vertex 151.6094754438474 67.9406478679479 1.9999999999999774
  endloop
endfacet
facet normal 0.0 0.0 1.0
  outer loop
    vertex 153.6094754438474 9.940647867947916 1.9999999999999774
    vertex 203.8330183085398 0.5428703890807159 1.9999999999999774
    vertex 155.6094754438474 9.940647867947916 1.9999999999999774
  endloop
endfacet
facet normal 0.0 0.0 1.0
  outer loop
    vertex 155.6094754438474 9.940647867947916 1.9999999999999774
    vertex 203.8330183085398 0.5428703890807159 1.9999999999999774
    vertex 157.6094754438474 9.940647867947916 1.9999999999999774
  endloop
endfacet
facet normal 0.0 0.0 1.0
  outer loop
    vertex 155.6094754438474 9.940647867947916 1.9999999999999774
    vertex 157.6094754438474 9.940647867947916 1.9999999999999774
    vertex 155.6094754438474 67.9406478679479 1.9999999999999774
  endloop
endfacet
facet normal 0.0 0.0 1.0
  outer loop
    vertex 157.6094754438474 9.940647867947916 1.9999999999999774
    vertex 203.8330183085398 0.5428703890807159 1.9999999999999774
    vertex 159.6094754438474 9.940647867947916 1.9999999999999774
  endloop
endfacet
facet normal 0.0 0.0 1.0
  outer loop
    vertex 159.6094754438474 9.940647867947916 1.9999999999999774
    vertex 203.8330183085398 0.5428703890807159 1.9999999999999774
    vertex 161.6094754438474 9.940647867947916 1.9999999999999774
  endloop
endfacet
facet normal 0.0 0.0 1.0
  outer loop
    vertex 159.6094754438474 9.940647867947916 1.9999999999999774
    vertex 161.6094754438474 9.940647867947916 1.9999999999999774
    vertex 159.6094754438474 67.9406478679479 1.9999999999999774
  endloop
endfacet
facet normal 0.0 0.0 1.0
  outer loop
    vertex 161.6094754438474 9.940647867947916 1.9999999999999774
    vertex 203.8330183085398 0.5428703890807159 1.9999999999999774
    vertex 163.60947544384737 9.940647867947916 1.9999999999999774
  endloop
endfacet
facet normal 0.0 0.0 1.0
  outer loop
    vertex 163.60947544384737 9.940647867947916 1.9999999999999774
    vertex 203.8330183085398 0.5428703890807159 1.9999999999999774
    vertex 165.60947544384737 9.940647867947916 1.9999999999999774
  endloop
endfacet
facet normal 0.0 0.0 1.0
  outer loop
    vertex 163.60947544384737 9.940647867947916 1.9999999999999774
    vertex 165.60947544384737 9.940647867947916 1.9999999999999774
    vertex 163.60947544384737 67.9406478679479 1.9999999999999774
  endloop
endfacet
facet normal 0.0 0.0 1.0
  outer loop
    vertex 165.60947544384737 9.940647867947916 1.9999999999999774
    vertex 203.8330183085398 0.5428703890807159 1.9999999999999774
    vertex 167.60947544384737 9.940647867947916 1.9999999999999774
  endloop
endfacet
facet normal 0.0 0.0 1.0
  outer loop
    vertex 167.60947544384737 9.940647867947916 1.9999999999999774
    vertex 203.8330183085398 0.5428703890807159 1.9999999999999774
    vertex 169.60947544384737 9.940647867947916 1.9999999999999774
  endloop
endfacet
facet normal 0.0 0.0 1.0
  outer loop
    vertex 167.60947544384737 9.940647867947916 1.9999999999999774
    vertex 169.60947544384737 9.940647867947916 1.9999999999999774
    vertex 167.60947544384737 67.9406478679479 1.9999999999999774
  endloop
endfacet
facet normal 0.0 0.0 1.0
  outer loop
    vertex 169.60947544384737 9.940647867947916 1.9999999999999774
    vertex 203.8330183085398 0.5428703890807159 1.9999999999999774
    vertex 171.60947544384737 9.940647867947916 1.9999999999999774
  endloop
endfacet
facet normal 0.0 0.0 1.0
  outer loop
    vertex 171.60947544384737 9.940647867947916 1.9999999999999774
    vertex 203.8330183085398 0.5428703890807159 1.9999999999999774
    vertex 173.60947544384737 9.940647867947916 1.9999999999999774
  endloop
endfacet
facet normal 0.0 0.0 1.0
  outer loop
    vertex 171.60947544384737 9.940647867947916 1.9999999999999774
    vertex 173.60947544384737 9.940647867947916 1.9999999999999774
    vertex 171.60947544384737 67.9406478679479 1.9999999999999774
  endloop
endfacet
facet normal 0.0 0.0 1.0
  outer loop
    vertex 173.60947544384737 9.940647867947916 1.9999999999999774
    vertex 203.8330183085398 0.5428703890807159 1.9999999999999774
    vertex 175.60947544384737 9.940647867947916 1.9999999999999774
  endloop
endfacet
facet normal 0.0 0.0 1.0
  outer loop
    vertex 175.60947544384737 9.940647867947916 1.9999999999999774
    vertex 203.8330183085398 0.5428703890807159 1.9999999999999774
    vertex 177.60947544384737 9.940647867947916 1.9999999999999774
  endloop
endfacet
facet normal 0.0 0.0 1.0
  outer loop
    vertex 175.60947544384737 9.940647867947916 1.9999999999999774
    vertex 177.60947544384737 9.940647867947916 1.9999999999999774
    vertex 175.60947544384737 67.9406478679479 1.9999999999999774
  endloop
endfacet
facet normal 0.0 0.0 1.0
  outer loop
    vertex 177.60947544384737 9.940647867947916 1.9999999999999774
    vertex 203.8330183085398 0.5428703890807159 1.9999999999999774
    vertex 179.60947544384734 9.940647867947916 1.9999999999999774
  endloop
endfacet
facet normal 0.0 0.0 1.0
  outer loop
    vertex 179.60947544384734 9.940647867947916 1.9999999999999774
    vertex 203.8330183085398 0.5428703890807159 1.9999999999999774
    vertex 203.10947544384734 0.8425716565946036 1.9999999999999774
  endloop
endfacet
facet normal 0.0 0.0 1.0
  outer loop
    vertex 179.60947544384734 9.940647867947916 1.9999999999999774
    vertex 203.10947544384734 0.8425716565946036 1.9999999999999774
    vertex 181.60947544384734 9.940647867947916 1.9999999999999774
  endloop
endfacet
facet normal 0.0 0.0 1.0
  outer loop
    vertex 179.60947544384734 9.940647867947916 1.9999999999999774
    vertex 181.60947544384734 9.940647867947916 1.9999999999999774
    vertex 179.60947544384734 67.9406478679479 1.9999999999999774
  endloop
endfacet
facet normal 0.0 0.0 1.0
  outer loop
    vertex 181.60947544384734 9.940647867947916 1.9999999999999774
    vertex 203.10947544384734 0.8425716565946036 1.9999999999999774
    vertex 183.60947544384734 9.940647867947916 1.9999999999999774
  endloop
endfacet
facet normal 0.0 0.0 1.0
  outer loop
    vertex 183.60947544384734 9.940647867947916 1.9999999999999774
    vertex 203.10947544384734 0.8425716565946036 1.9999999999999774
    vertex 185.60947544384734 9.940647867947916 1.9999999999999774
  endloop
endfacet
facet normal 0.0 0.0 1.0
  outer loop
    vertex 183.60947544384734 9.940647867947916 1.9999999999999774
    vertex 185.60947544384734 9.940647867947916 1.9999999999999774
    vertex 183.60947544384734 67.9406478679479 1.9999999999999774
  endloop
endfacet
facet normal 0.0 0.0 1.0
  outer loop
    vertex 185.60947544384734 9.940647867947916 1.9999999999999774
    vertex 203.10947544384734 0.8425716565946036 1.9999999999999774
    vertex 187.60947544384734 9.940647867947916 1.9999999999999774
  endloop
endfacet
facet normal 0.0 0.0 1.0
  outer loop
    vertex 187.60947544384734 9.940647867947916 1.9999999999999774
    vertex 203.10947544384734 0.8425716565946036 1.9999999999999774
    vertex 189.60947544384734 9.940647867947916 1.9999999999999774
  endloop
endfacet
facet normal 0.0 0.0 1.0
  outer loop
    vertex 187.60947544384734 9.940647867947916 1.9999999999999774
    vertex 189.60947544384734 9.940647867947916 1.9999999999999774
    vertex 187.60947544384734 67.9406478679479 1.9999999999999774
  endloop
endfacet
facet normal 0.0 0.0 1.0
  outer loop
    vertex 189.60947544384734 9.940647867947916 1.9999999999999774
    vertex 203.10947544384734 0.8425716565946036 1.9999999999999774
    vertex 202.4881551002877 1.3193275243882767 1.9999999999999774
  endloop
endfacet
facet normal 0.0 0.0 1.0
  outer loop
    vertex 189.60947544384734 9.940647867947916 1.9999999999999774
    vertex 202.4881551002877 1.3193275243882767 1.9999999999999774
    vertex 191.60947544384734 9.940647867947916 1.9999999999999774
  endloop
endfacet
facet normal 0.0 0.0 1.0
  outer loop
    vertex 191.60947544384734 9.940647867947916 1.9999999999999774
    vertex 202.4881551002877 1.3193275243882767 1.9999999999999774
    vertex 202.01139923249406 1.9406478679479175 1.9999999999999774
  endloop
endfacet
facet normal 0.0 0.0 1.0
  outer loop
    vertex 191.60947544384734 9.940647867947916 1.9999999999999774
    vertex 202.01139923249406 1.9406478679479175 1.9999999999999774
    vertex 201.71169796498015 2.664190732640353 1.9999999999999774
  endloop
endfacet
facet normal 0.0 0.0 1.0
  outer loop
    vertex 191.60947544384734 9.940647867947916 1.9999999999999774
    vertex 201.71169796498015 2.664190732640353 1.9999999999999774
    vertex 191.60947544384734 67.9406478679479 1.9999999999999774
  endloop
endfacet
facet normal 0.0 0.0 1.0
  outer loop
    vertex 191.60947544384734 67.9406478679479 1.9999999999999774
    vertex 201.71169796498015 2.664190732640353 1.9999999999999774
    vertex 201.60947544384737 3.440647867947916 1.9999999999999774
  endloop
endfacet
facet normal 0.0 0.0 1.0
  outer loop
    vertex 203.8330183085398 0.5428703890807159 1.9999999999999774
    vertex 208.10947544384737 -0.059352132052083735 1.9999999999999774
    vertex 204.60947544384734 0.440647867947921 1.9999999999999774
  endloop
endfacet
facet normal 0.0 0.0 1.0
  outer loop
    vertex 204.60947544384734 0.440647867947921 1.9999999999999774
    vertex 208.10947544384737 -0.059352132052083735 1.9999999999999774
    vertex 205.3859325791549 0.5428703890807163 1.9999999999999774
  endloop
endfacet
facet normal 0.0 0.0 1.0
  outer loop
    vertex 205.3859325791549 0.5428703890807163 1.9999999999999774
    vertex 208.10947544384737 -0.059352132052083735 1.9999999999999774
    vertex 206.10947544384737 0.8425716565946046 1.9999999999999774
  endloop
endfacet
facet normal 0.0 0.0 1.0
  outer loop
    vertex 206.10947544384737 0.8425716565946046 1.9999999999999774
    vertex 208.10947544384737 -0.059352132052083735 1.9999999999999774
    vertex 206.730795787407 1.3193275243882776 1.9999999999999774
  endloop
endfacet
facet normal 0.0 0.0 1.0
  outer loop
    vertex 206.730795787407 1.3193275243882776 1.9999999999999774
    vertex 208.10947544384737 -0.059352132052083735 1.9999999999999774
    vertex 207.20755165520066 1.9406478679479187 1.9999999999999774
  endloop
endfacet
facet normal 0.0 0.0 1.0
  outer loop
    vertex 207.20755165520066 1.9406478679479187 1.9999999999999774
    vertex 208.10947544384737 -0.059352132052083735 1.9999999999999774
    vertex 207.50725292271457 2.664190732640355 1.9999999999999774
  endloop
endfacet
facet normal 0.0 0.0 1.0
  outer loop
    vertex 207.50725292271457 2.664190732640355 1.9999999999999774
    vertex 208.10947544384737 -0.059352132052083735 1.9999999999999774
    vertex 207.60947544384734 3.4406478679479156 1.9999999999999774
  endloop
endfacet
facet normal 0.0 0.0 1.0
  outer loop
    vertex 207.60947544384734 3.4406478679479156 1.9999999999999774
    vertex 208.10947544384737 -0.059352132052083735 1.9999999999999774
    vertex 207.60947544384734 79.4406478679479 1.9999999999999774
  endloop
endfacet
facet normal 0.0 0.0 1.0
  outer loop
    vertex 159.6094754438474 67.9406478679479 1.9999999999999774
    vertex 158.60947544384737 80.94064786794792 1.9999999999999774
    vertex 157.6094754438474 67.9406478679479 1.9999999999999774
  endloop
endfacet
facet normal 0.0 0.0 1.0
  outer loop
    vertex 158.60947544384737 80.94064786794792 1.9999999999999774
    vertex 159.6094754438474 67.9406478679479 1.9999999999999774
    vertex 174.60947544384737 80.94064786794792 1.9999999999999774
  endloop
endfacet
facet normal 0.0 0.0 1.0
  outer loop
    vertex 174.60947544384737 80.94064786794792 1.9999999999999774
    vertex 159.6094754438474 67.9406478679479 1.9999999999999774
    vertex 161.6094754438474 67.9406478679479 1.9999999999999774
  endloop
endfacet
facet normal 0.0 0.0 1.0
  outer loop
    vertex 161.6094754438474 67.9406478679479 1.9999999999999774
    vertex 159.6094754438474 67.9406478679479 1.9999999999999774
    vertex 161.6094754438474 9.940647867947916 1.9999999999999774
  endloop
endfacet
facet normal 0.0 0.0 1.0
  outer loop
    vertex 174.60947544384737 80.94064786794792 1.9999999999999774
    vertex 161.6094754438474 67.9406478679479 1.9999999999999774
    vertex 163.60947544384737 67.9406478679479 1.9999999999999774
  endloop
endfacet
facet normal 0.0 0.0 1.0
  outer loop
    vertex 174.60947544384737 80.94064786794792 1.9999999999999774
    vertex 163.60947544384737 67.9406478679479 1.9999999999999774
    vertex 165.60947544384737 67.9406478679479 1.9999999999999774
  endloop
endfacet
facet normal 0.0 0.0 1.0
  outer loop
    vertex 165.60947544384737 67.9406478679479 1.9999999999999774
    vertex 163.60947544384737 67.9406478679479 1.9999999999999774
    vertex 165.60947544384737 9.940647867947916 1.9999999999999774
  endloop
endfacet
facet normal 0.0 0.0 1.0
  outer loop
    vertex 174.60947544384737 80.94064786794792 1.9999999999999774
    vertex 165.60947544384737 67.9406478679479 1.9999999999999774
    vertex 167.60947544384737 67.9406478679479 1.9999999999999774
  endloop
endfacet
facet normal 0.0 0.0 1.0
  outer loop
    vertex 174.60947544384737 80.94064786794792 1.9999999999999774
    vertex 167.60947544384737 67.9406478679479 1.9999999999999774
    vertex 169.60947544384737 67.9406478679479 1.9999999999999774
  endloop
endfacet
facet normal 0.0 0.0 1.0
  outer loop
    vertex 169.60947544384737 67.9406478679479 1.9999999999999774
    vertex 167.60947544384737 67.9406478679479 1.9999999999999774
    vertex 169.60947544384737 9.940647867947916 1.9999999999999774
  endloop
endfacet
facet normal 0.0 0.0 1.0
  outer loop
    vertex 174.60947544384737 80.94064786794792 1.9999999999999774
    vertex 169.60947544384737 67.9406478679479 1.9999999999999774
    vertex 171.60947544384737 67.9406478679479 1.9999999999999774
  endloop
endfacet
facet normal 0.0 0.0 1.0
  outer loop
    vertex 174.60947544384737 80.94064786794792 1.9999999999999774
    vertex 171.60947544384737 67.9406478679479 1.9999999999999774
    vertex 173.60947544384737 67.9406478679479 1.9999999999999774
  endloop
endfacet
facet normal 0.0 0.0 1.0
  outer loop
    vertex 173.60947544384737 67.9406478679479 1.9999999999999774
    vertex 171.60947544384737 67.9406478679479 1.9999999999999774
    vertex 173.60947544384737 9.940647867947916 1.9999999999999774
  endloop
endfacet
facet normal 0.0 0.0 1.0
  outer loop
    vertex 174.60947544384737 80.94064786794792 1.9999999999999774
    vertex 173.60947544384737 67.9406478679479 1.9999999999999774
    vertex 175.60947544384737 67.9406478679479 1.9999999999999774
  endloop
endfacet
facet normal 0.0 0.0 1.0
  outer loop
    vertex 174.60947544384737 80.94064786794792 1.9999999999999774
    vertex 175.60947544384737 67.9406478679479 1.9999999999999774
    vertex 174.60947544384737 82.94064786794792 1.9999999999999774
  endloop
endfacet
facet normal 0.0 0.0 1.0
  outer loop
    vertex 174.60947544384737 82.94064786794792 1.9999999999999774
    vertex 175.60947544384737 67.9406478679479 1.9999999999999774
    vertex 203.10947544384734 82.03872407930122 1.9999999999999774
  endloop
endfacet
facet normal 0.0 0.0 1.0
  outer loop
    vertex 174.60947544384737 82.94064786794792 1.9999999999999774
    vertex 203.10947544384734 82.03872407930122 1.9999999999999774
    vertex 203.8330183085398 82.33842534681511 1.9999999999999774
  endloop
endfacet
facet normal 0.0 0.0 1.0
  outer loop
    vertex 174.60947544384737 82.94064786794792 1.9999999999999774
    vertex 203.8330183085398 82.33842534681511 1.9999999999999774
    vertex 208.10947544384737 82.94064786794792 1.9999999999999774
  endloop
endfacet
facet normal 0.0 0.0 1.0
  outer loop
    vertex 203.10947544384734 82.03872407930122 1.9999999999999774
    vertex 175.60947544384737 67.9406478679479 1.9999999999999774
    vertex 177.60947544384737 67.9406478679479 1.9999999999999774
  endloop
endfacet
facet normal 0.0 0.0 1.0
  outer loop
    vertex 177.60947544384737 67.9406478679479 1.9999999999999774
    vertex 175.60947544384737 67.9406478679479 1.9999999999999774
    vertex 177.60947544384737 9.940647867947916 1.9999999999999774
  endloop
endfacet
facet normal 0.0 0.0 1.0
  outer loop
    vertex 203.10947544384734 82.03872407930122 1.9999999999999774
    vertex 177.60947544384737 67.9406478679479 1.9999999999999774
    vertex 179.60947544384734 67.9406478679479 1.9999999999999774
  endloop
endfacet
facet normal 0.0 0.0 1.0
  outer loop
    vertex 203.10947544384734 82.03872407930122 1.9999999999999774
    vertex 179.60947544384734 67.9406478679479 1.9999999999999774
    vertex 181.60947544384734 67.9406478679479 1.9999999999999774
  endloop
endfacet
facet normal 0.0 0.0 1.0
  outer loop
    vertex 181.60947544384734 67.9406478679479 1.9999999999999774
    vertex 179.60947544384734 67.9406478679479 1.9999999999999774
    vertex 181.60947544384734 9.940647867947916 1.9999999999999774
  endloop
endfacet
facet normal 0.0 0.0 1.0
  outer loop
    vertex 203.10947544384734 82.03872407930122 1.9999999999999774
    vertex 181.60947544384734 67.9406478679479 1.9999999999999774
    vertex 183.60947544384734 67.9406478679479 1.9999999999999774
  endloop
endfacet
facet normal 0.0 0.0 1.0
  outer loop
    vertex 203.10947544384734 82.03872407930122 1.9999999999999774
    vertex 183.60947544384734 67.9406478679479 1.9999999999999774
    vertex 202.4881551002877 81.56196821150755 1.9999999999999774
  endloop
endfacet
facet normal 0.0 0.0 1.0
  outer loop
    vertex 202.4881551002877 81.56196821150755 1.9999999999999774
    vertex 183.60947544384734 67.9406478679479 1.9999999999999774
    vertex 185.60947544384734 67.9406478679479 1.9999999999999774
  endloop
endfacet
facet normal 0.0 0.0 1.0
  outer loop
    vertex 185.60947544384734 67.9406478679479 1.9999999999999774
    vertex 183.60947544384734 67.9406478679479 1.9999999999999774
    vertex 185.60947544384734 9.940647867947916 1.9999999999999774
  endloop
endfacet
facet normal 0.0 0.0 1.0
  outer loop
    vertex 202.4881551002877 81.56196821150755 1.9999999999999774
    vertex 185.60947544384734 67.9406478679479 1.9999999999999774
    vertex 187.60947544384734 67.9406478679479 1.9999999999999774
  endloop
endfacet
facet normal 0.0 0.0 1.0
  outer loop
    vertex 202.4881551002877 81.56196821150755 1.9999999999999774
    vertex 187.60947544384734 67.9406478679479 1.9999999999999774
    vertex 189.60947544384734 67.9406478679479 1.9999999999999774
  endloop
endfacet
facet normal 0.0 0.0 1.0
  outer loop
    vertex 189.60947544384734 67.9406478679479 1.9999999999999774
    vertex 187.60947544384734 67.9406478679479 1.9999999999999774
    vertex 189.60947544384734 9.940647867947916 1.9999999999999774
  endloop
endfacet
facet normal 0.0 0.0 1.0
  outer loop
    vertex 202.4881551002877 81.56196821150755 1.9999999999999774
    vertex 189.60947544384734 67.9406478679479 1.9999999999999774
    vertex 191.60947544384734 67.9406478679479 1.9999999999999774
  endloop
endfacet
facet normal 0.0 0.0 1.0
  outer loop
    vertex 202.4881551002877 81.56196821150755 1.9999999999999774
    vertex 191.60947544384734 67.9406478679479 1.9999999999999774
    vertex 202.01139923249406 80.9406478679479 1.9999999999999774
  endloop
endfacet
facet normal 0.0 0.0 1.0
  outer loop
    vertex 202.01139923249406 80.9406478679479 1.9999999999999774
    vertex 191.60947544384734 67.9406478679479 1.9999999999999774
    vertex 201.71169796498015 80.21710500325547 1.9999999999999774
  endloop
endfacet
facet normal 0.0 0.0 1.0
  outer loop
    vertex 201.71169796498015 80.21710500325547 1.9999999999999774
    vertex 191.60947544384734 67.9406478679479 1.9999999999999774
    vertex 201.60947544384737 79.4406478679479 1.9999999999999774
  endloop
endfacet
facet normal 0.0 0.0 1.0
  outer loop
    vertex 201.60947544384737 79.4406478679479 1.9999999999999774
    vertex 191.60947544384734 67.9406478679479 1.9999999999999774
    vertex 201.60947544384737 3.440647867947916 1.9999999999999774
  endloop
endfacet
facet normal 0.0 0.0 1.0
  outer loop
    vertex 208.10947544384737 82.94064786794792 1.9999999999999774
    vertex 203.8330183085398 82.33842534681511 1.9999999999999774
    vertex 204.60947544384734 82.4406478679479 1.9999999999999774
  endloop
endfacet
facet normal 0.0 0.0 1.0
  outer loop
    vertex 208.10947544384737 82.94064786794792 1.9999999999999774
    vertex 204.60947544384734 82.4406478679479 1.9999999999999774
    vertex 205.3859325791549 82.33842534681511 1.9999999999999774
  endloop
endfacet
facet normal 0.0 0.0 1.0
  outer loop
    vertex 208.10947544384737 82.94064786794792 1.9999999999999774
    vertex 205.3859325791549 82.33842534681511 1.9999999999999774
    vertex 206.10947544384732 82.03872407930122 1.9999999999999774
  endloop
endfacet
facet normal 0.0 0.0 1.0
  outer loop
    vertex 208.10947544384737 82.94064786794792 1.9999999999999774
    vertex 206.10947544384732 82.03872407930122 1.9999999999999774
    vertex 206.730795787407 81.56196821150755 1.9999999999999774
  endloop
endfacet
facet normal 0.0 0.0 1.0
  outer loop
    vertex 208.10947544384737 82.94064786794792 1.9999999999999774
    vertex 206.730795787407 81.56196821150755 1.9999999999999774
    vertex 207.20755165520066 80.9406478679479 1.9999999999999774
  endloop
endfacet
facet normal 0.0 0.0 1.0
  outer loop
    vertex 208.10947544384737 82.94064786794792 1.9999999999999774
    vertex 207.20755165520066 80.9406478679479 1.9999999999999774
    vertex 207.50725292271457 80.21710500325547 1.9999999999999774
  endloop
endfacet
facet normal 0.0 0.0 1.0
  outer loop
    vertex 208.10947544384737 82.94064786794792 1.9999999999999774
    vertex 207.50725292271457 80.21710500325547 1.9999999999999774
    vertex 207.60947544384734 79.4406478679479 1.9999999999999774
  endloop
endfacet
facet normal 0.0 0.0 1.0
  outer loop
    vertex 208.10947544384737 82.94064786794792 1.9999999999999774
    vertex 207.60947544384734 79.4406478679479 1.9999999999999774
    vertex 208.10947544384737 -0.059352132052083735 1.9999999999999774
  endloop
endfacet
facet normal 0.0 0.0 1.0
  outer loop
    vertex 201.71169796498015 4.217105003255477 1.9999999999999774
    vertex 201.60947544384737 79.4406478679479 1.9999999999999774
    vertex 201.60947544384737 3.440647867947916 1.9999999999999774
  endloop
endfacet
facet normal 0.0 0.0 1.0
  outer loop
    vertex 201.60947544384737 79.4406478679479 1.9999999999999774
    vertex 201.71169796498015 4.217105003255477 1.9999999999999774
    vertex 201.71169796498015 78.66419073264034 1.9999999999999774
  endloop
endfacet
facet normal 0.0 0.0 1.0
  outer loop
    vertex 201.71169796498015 78.66419073264034 1.9999999999999774
    vertex 201.71169796498015 4.217105003255477 1.9999999999999774
    vertex 202.01139923249406 4.940647867947913 1.9999999999999774
  endloop
endfacet
facet normal 0.0 0.0 1.0
  outer loop
    vertex 201.71169796498015 78.66419073264034 1.9999999999999774
    vertex 202.01139923249406 4.940647867947913 1.9999999999999774
    vertex 202.01139923249406 77.9406478679479 1.9999999999999774
  endloop
endfacet
facet normal 0.0 0.0 1.0
  outer loop
    vertex 202.01139923249406 77.9406478679479 1.9999999999999774
    vertex 202.01139923249406 4.940647867947913 1.9999999999999774
    vertex 202.4881551002877 5.561968211507555 1.9999999999999774
  endloop
endfacet
facet normal 0.0 0.0 1.0
  outer loop
    vertex 202.01139923249406 77.9406478679479 1.9999999999999774
    vertex 202.4881551002877 5.561968211507555 1.9999999999999774
    vertex 202.4881551002877 77.31932752438827 1.9999999999999774
  endloop
endfacet
facet normal 0.0 0.0 1.0
  outer loop
    vertex 202.4881551002877 77.31932752438827 1.9999999999999774
    vertex 202.4881551002877 5.561968211507555 1.9999999999999774
    vertex 203.10947544384734 6.038724079301227 1.9999999999999774
  endloop
endfacet
facet normal 0.0 0.0 1.0
  outer loop
    vertex 202.4881551002877 77.31932752438827 1.9999999999999774
    vertex 203.10947544384734 6.038724079301227 1.9999999999999774
    vertex 203.10947544384734 76.8425716565946 1.9999999999999774
  endloop
endfacet
facet normal 0.0 0.0 1.0
  outer loop
    vertex 203.10947544384734 76.8425716565946 1.9999999999999774
    vertex 203.10947544384734 6.038724079301227 1.9999999999999774
    vertex 203.8330183085398 6.338425346815114 1.9999999999999774
  endloop
endfacet
facet normal 0.0 0.0 1.0
  outer loop
    vertex 203.10947544384734 76.8425716565946 1.9999999999999774
    vertex 203.8330183085398 6.338425346815114 1.9999999999999774
    vertex 203.8330183085398 76.5428703890807 1.9999999999999774
  endloop
endfacet
facet normal 0.0 0.0 1.0
  outer loop
    vertex 203.8330183085398 76.5428703890807 1.9999999999999774
    vertex 203.8330183085398 6.338425346815114 1.9999999999999774
    vertex 204.60947544384734 6.44064786794791 1.9999999999999774
  endloop
endfacet
facet normal 0.0 0.0 1.0
  outer loop
    vertex 203.8330183085398 76.5428703890807 1.9999999999999774
    vertex 204.60947544384734 6.44064786794791 1.9999999999999774
    vertex 204.60947544384734 76.44064786794792 1.9999999999999774
  endloop
endfacet
facet normal 0.0 0.0 1.0
  outer loop
    vertex 204.60947544384734 76.44064786794792 1.9999999999999774
    vertex 204.60947544384734 6.44064786794791 1.9999999999999774
    vertex 205.3859325791549 6.338425346815114 1.9999999999999774
  endloop
endfacet
facet normal 0.0 0.0 1.0
  outer loop
    vertex 204.60947544384734 76.44064786794792 1.9999999999999774
    vertex 205.3859325791549 6.338425346815114 1.9999999999999774
    vertex 205.3859325791549 76.54287038908072 1.9999999999999774
  endloop
endfacet
facet normal 0.0 0.0 1.0
  outer loop
    vertex 205.3859325791549 76.54287038908072 1.9999999999999774
    vertex 205.3859325791549 6.338425346815114 1.9999999999999774
    vertex 206.10947544384732 6.038724079301226 1.9999999999999774
  endloop
endfacet
facet normal 0.0 0.0 1.0
  outer loop
    vertex 205.3859325791549 76.54287038908072 1.9999999999999774
    vertex 206.10947544384732 6.038724079301226 1.9999999999999774
    vertex 206.10947544384737 76.8425716565946 1.9999999999999774
  endloop
endfacet
facet normal 0.0 0.0 1.0
  outer loop
    vertex 206.10947544384737 76.8425716565946 1.9999999999999774
    vertex 206.10947544384732 6.038724079301226 1.9999999999999774
    vertex 206.730795787407 5.561968211507553 1.9999999999999774
  endloop
endfacet
facet normal 0.0 0.0 1.0
  outer loop
    vertex 206.10947544384737 76.8425716565946 1.9999999999999774
    vertex 206.730795787407 5.561968211507553 1.9999999999999774
    vertex 206.730795787407 77.31932752438827 1.9999999999999774
  endloop
endfacet
facet normal 0.0 0.0 1.0
  outer loop
    vertex 206.730795787407 77.31932752438827 1.9999999999999774
    vertex 206.730795787407 5.561968211507553 1.9999999999999774
    vertex 207.20755165520066 4.940647867947914 1.9999999999999774
  endloop
endfacet
facet normal 0.0 0.0 1.0
  outer loop
    vertex 206.730795787407 77.31932752438827 1.9999999999999774
    vertex 207.20755165520066 4.940647867947914 1.9999999999999774
    vertex 207.20755165520066 77.9406478679479 1.9999999999999774
  endloop
endfacet
facet normal 0.0 0.0 1.0
  outer loop
    vertex 207.20755165520066 77.9406478679479 1.9999999999999774
    vertex 207.20755165520066 4.940647867947914 1.9999999999999774
    vertex 207.50725292271457 4.217105003255477 1.9999999999999774
  endloop
endfacet
facet normal 0.0 0.0 1.0
  outer loop
    vertex 207.20755165520066 77.9406478679479 1.9999999999999774
    vertex 207.50725292271457 4.217105003255477 1.9999999999999774
    vertex 207.50725292271457 78.66419073264035 1.9999999999999774
  endloop
endfacet
facet normal 0.0 0.0 1.0
  outer loop
    vertex 207.50725292271457 78.66419073264035 1.9999999999999774
    vertex 207.50725292271457 4.217105003255477 1.9999999999999774
    vertex 207.60947544384734 3.4406478679479156 1.9999999999999774
  endloop
endfacet
facet normal 0.0 0.0 1.0
  outer loop
    vertex 207.50725292271457 78.66419073264035 1.9999999999999774
    vertex 207.60947544384734 3.4406478679479156 1.9999999999999774
    vertex 207.60947544384734 79.4406478679479 1.9999999999999774
  endloop
endfacet
facet normal 0.0 0.0 1.0
  outer loop
    vertex 125.10947544384739 82.94064786794792 1.9999999999999774
    vertex 128.60947544384737 82.4406478679479 1.9999999999999774
    vertex 158.60947544384737 82.94064786794792 1.9999999999999774
  endloop
endfacet
facet normal 0.0 0.0 1.0
  outer loop
    vertex 128.60947544384737 82.4406478679479 1.9999999999999774
    vertex 125.10947544384739 82.94064786794792 1.9999999999999774
    vertex 127.83301830853982 82.3384253468151 1.9999999999999774
  endloop
endfacet
facet normal 0.0 0.0 1.0
  outer loop
    vertex 127.83301830853982 82.3384253468151 1.9999999999999774
    vertex 125.10947544384739 82.94064786794792 1.9999999999999774
    vertex 127.10947544384739 82.03872407930122 1.9999999999999774
  endloop
endfacet
facet normal 0.0 0.0 1.0
  outer loop
    vertex 127.10947544384739 82.03872407930122 1.9999999999999774
    vertex 125.10947544384739 82.94064786794792 1.9999999999999774
    vertex 126.48815510028773 81.56196821150755 1.9999999999999774
  endloop
endfacet
facet normal 0.0 0.0 1.0
  outer loop
    vertex 126.48815510028773 81.56196821150755 1.9999999999999774
    vertex 125.10947544384739 82.94064786794792 1.9999999999999774
    vertex 126.01139923249409 80.9406478679479 1.9999999999999774
  endloop
endfacet
facet normal 0.0 0.0 1.0
  outer loop
    vertex 126.01139923249409 80.9406478679479 1.9999999999999774
    vertex 125.10947544384739 82.94064786794792 1.9999999999999774
    vertex 125.71169796498017 80.21710500325547 1.9999999999999774
  endloop
endfacet
facet normal 0.0 0.0 1.0
  outer loop
    vertex 125.71169796498017 80.21710500325547 1.9999999999999774
    vertex 125.10947544384739 82.94064786794792 1.9999999999999774
    vertex 125.60947544384739 79.4406478679479 1.9999999999999774
  endloop
endfacet
facet normal 0.0 0.0 1.0
  outer loop
    vertex 125.60947544384739 79.4406478679479 1.9999999999999774
    vertex 125.10947544384739 82.94064786794792 1.9999999999999774
    vertex 125.60947544384739 3.440647867947914 1.9999999999999774
  endloop
endfacet
facet normal 0.0 0.0 1.0
  outer loop
    vertex 158.60947544384737 82.94064786794792 1.9999999999999774
    vertex 128.60947544384737 82.4406478679479 1.9999999999999774
    vertex 129.38593257915494 82.33842534681511 1.9999999999999774
  endloop
endfacet
facet normal 0.0 0.0 1.0
  outer loop
    vertex 158.60947544384737 82.94064786794792 1.9999999999999774
    vertex 129.38593257915494 82.33842534681511 1.9999999999999774
    vertex 130.10947544384737 82.03872407930122 1.9999999999999774
  endloop
endfacet
facet normal 0.0 0.0 1.0
  outer loop
    vertex 158.60947544384737 82.94064786794792 1.9999999999999774
    vertex 130.10947544384737 82.03872407930122 1.9999999999999774
    vertex 130.73079578740703 81.56196821150755 1.9999999999999774
  endloop
endfacet
facet normal 0.0 0.0 1.0
  outer loop
    vertex 158.60947544384737 82.94064786794792 1.9999999999999774
    vertex 130.73079578740703 81.56196821150755 1.9999999999999774
    vertex 131.2075516552007 80.9406478679479 1.9999999999999774
  endloop
endfacet
facet normal 0.0 0.0 1.0
  outer loop
    vertex 158.60947544384737 82.94064786794792 1.9999999999999774
    vertex 131.2075516552007 80.9406478679479 1.9999999999999774
    vertex 131.5072529227146 80.21710500325547 1.9999999999999774
  endloop
endfacet
facet normal 0.0 0.0 1.0
  outer loop
    vertex 158.60947544384737 82.94064786794792 1.9999999999999774
    vertex 131.5072529227146 80.21710500325547 1.9999999999999774
    vertex 131.60947544384737 79.4406478679479 1.9999999999999774
  endloop
endfacet
facet normal 0.0 0.0 1.0
  outer loop
    vertex 158.60947544384737 82.94064786794792 1.9999999999999774
    vertex 131.60947544384737 79.4406478679479 1.9999999999999774
    vertex 141.60947544384737 67.9406478679479 1.9999999999999751
  endloop
endfacet
facet normal 0.0 0.0 1.0
  outer loop
    vertex 141.60947544384737 67.9406478679479 1.9999999999999751
    vertex 131.60947544384737 79.4406478679479 1.9999999999999774
    vertex 141.60947544384737 9.940647867947916 1.9999999999999774
  endloop
endfacet
facet normal 0.0 0.0 1.0
  outer loop
    vertex 158.60947544384737 82.94064786794792 1.9999999999999774
    vertex 141.60947544384737 67.9406478679479 1.9999999999999751
    vertex 143.60947544384743 67.9406478679479 1.9999999999999774
  endloop
endfacet
facet normal 0.0 0.0 1.0
  outer loop
    vertex 158.60947544384737 82.94064786794792 1.9999999999999774
    vertex 143.60947544384743 67.9406478679479 1.9999999999999774
    vertex 145.60947544384743 67.9406478679479 1.9999999999999774
  endloop
endfacet
facet normal 0.0 0.0 1.0
  outer loop
    vertex 145.60947544384743 67.9406478679479 1.9999999999999774
    vertex 143.60947544384743 67.9406478679479 1.9999999999999774
    vertex 145.60947544384743 9.940647867947916 1.9999999999999774
  endloop
endfacet
facet normal 0.0 0.0 1.0
  outer loop
    vertex 158.60947544384737 82.94064786794792 1.9999999999999774
    vertex 145.60947544384743 67.9406478679479 1.9999999999999774
    vertex 147.6094754438474 67.9406478679479 1.9999999999999774
  endloop
endfacet
facet normal 0.0 0.0 1.0
  outer loop
    vertex 158.60947544384737 82.94064786794792 1.9999999999999774
    vertex 147.6094754438474 67.9406478679479 1.9999999999999774
    vertex 149.6094754438474 67.9406478679479 1.9999999999999774
  endloop
endfacet
facet normal 0.0 0.0 1.0
  outer loop
    vertex 149.6094754438474 67.9406478679479 1.9999999999999774
    vertex 147.6094754438474 67.9406478679479 1.9999999999999774
    vertex 149.6094754438474 9.940647867947916 1.9999999999999774
  endloop
endfacet
facet normal 0.0 0.0 1.0
  outer loop
    vertex 158.60947544384737 82.94064786794792 1.9999999999999774
    vertex 149.6094754438474 67.9406478679479 1.9999999999999774
    vertex 151.6094754438474 67.9406478679479 1.9999999999999774
  endloop
endfacet
facet normal 0.0 0.0 1.0
  outer loop
    vertex 158.60947544384737 82.94064786794792 1.9999999999999774
    vertex 151.6094754438474 67.9406478679479 1.9999999999999774
    vertex 153.6094754438474 67.9406478679479 1.9999999999999774
  endloop
endfacet
facet normal 0.0 0.0 1.0
  outer loop
    vertex 153.6094754438474 67.9406478679479 1.9999999999999774
    vertex 151.6094754438474 67.9406478679479 1.9999999999999774
    vertex 153.6094754438474 9.940647867947916 1.9999999999999774
  endloop
endfacet
facet normal 0.0 0.0 1.0
  outer loop
    vertex 158.60947544384737 82.94064786794792 1.9999999999999774
    vertex 153.6094754438474 67.9406478679479 1.9999999999999774
    vertex 155.6094754438474 67.9406478679479 1.9999999999999774
  endloop
endfacet
facet normal 0.0 0.0 1.0
  outer loop
    vertex 158.60947544384737 82.94064786794792 1.9999999999999774
    vertex 155.6094754438474 67.9406478679479 1.9999999999999774
    vertex 157.6094754438474 67.9406478679479 1.9999999999999774
  endloop
endfacet
facet normal 0.0 0.0 1.0
  outer loop
    vertex 157.6094754438474 67.9406478679479 1.9999999999999774
    vertex 155.6094754438474 67.9406478679479 1.9999999999999774
    vertex 157.6094754438474 9.940647867947916 1.9999999999999774
  endloop
endfacet
facet normal 0.0 0.0 1.0
  outer loop
    vertex 158.60947544384737 82.94064786794792 1.9999999999999774
    vertex 157.6094754438474 67.9406478679479 1.9999999999999774
    vertex 158.60947544384737 80.94064786794792 1.9999999999999774
  endloop
endfacet
facet normal 0.0 0.0 1.0
  outer loop
    vertex 125.71169796498017 4.217105003255474 1.9999999999999774
    vertex 125.60947544384739 79.4406478679479 1.9999999999999774
    vertex 125.60947544384739 3.440647867947914 1.9999999999999774
  endloop
endfacet
facet normal 0.0 0.0 1.0
  outer loop
    vertex 125.60947544384739 79.4406478679479 1.9999999999999774
    vertex 125.71169796498017 4.217105003255474 1.9999999999999774
    vertex 125.71169796498017 78.66419073264035 1.9999999999999774
  endloop
endfacet
facet normal 0.0 0.0 1.0
  outer loop
    vertex 125.71169796498017 78.66419073264035 1.9999999999999774
    vertex 125.71169796498017 4.217105003255474 1.9999999999999774
    vertex 126.01139923249406 4.940647867947911 1.9999999999999774
  endloop
endfacet
facet normal 0.0 0.0 1.0
  outer loop
    vertex 125.71169796498017 78.66419073264035 1.9999999999999774
    vertex 126.01139923249406 4.940647867947911 1.9999999999999774
    vertex 126.01139923249409 77.9406478679479 1.9999999999999774
  endloop
endfacet
facet normal 0.0 0.0 1.0
  outer loop
    vertex 126.01139923249409 77.9406478679479 1.9999999999999774
    vertex 126.01139923249406 4.940647867947911 1.9999999999999774
    vertex 126.48815510028773 5.561968211507553 1.9999999999999774
  endloop
endfacet
facet normal 0.0 0.0 1.0
  outer loop
    vertex 126.01139923249409 77.9406478679479 1.9999999999999774
    vertex 126.48815510028773 5.561968211507553 1.9999999999999774
    vertex 126.48815510028773 77.31932752438827 1.9999999999999774
  endloop
endfacet
facet normal 0.0 0.0 1.0
  outer loop
    vertex 126.48815510028773 77.31932752438827 1.9999999999999774
    vertex 126.48815510028773 5.561968211507553 1.9999999999999774
    vertex 127.10947544384739 6.038724079301226 1.9999999999999774
  endloop
endfacet
facet normal 0.0 0.0 1.0
  outer loop
    vertex 126.48815510028773 77.31932752438827 1.9999999999999774
    vertex 127.10947544384739 6.038724079301226 1.9999999999999774
    vertex 127.10947544384739 76.8425716565946 1.9999999999999774
  endloop
endfacet
facet normal 0.0 0.0 1.0
  outer loop
    vertex 127.10947544384739 76.8425716565946 1.9999999999999774
    vertex 127.10947544384739 6.038724079301226 1.9999999999999774
    vertex 127.83301830853982 6.338425346815114 1.9999999999999774
  endloop
endfacet
facet normal 0.0 0.0 1.0
  outer loop
    vertex 127.10947544384739 76.8425716565946 1.9999999999999774
    vertex 127.83301830853982 6.338425346815114 1.9999999999999774
    vertex 127.83301830853982 76.5428703890807 1.9999999999999774
  endloop
endfacet
facet normal 0.0 0.0 1.0
  outer loop
    vertex 127.83301830853982 76.5428703890807 1.9999999999999774
    vertex 127.83301830853982 6.338425346815114 1.9999999999999774
    vertex 128.60947544384737 6.44064786794791 1.9999999999999774
  endloop
endfacet
facet normal 0.0 0.0 1.0
  outer loop
    vertex 127.83301830853982 76.5428703890807 1.9999999999999774
    vertex 128.60947544384737 6.44064786794791 1.9999999999999774
    vertex 128.60947544384737 76.44064786794792 1.9999999999999774
  endloop
endfacet
facet normal 0.0 0.0 1.0
  outer loop
    vertex 128.60947544384737 76.44064786794792 1.9999999999999774
    vertex 128.60947544384737 6.44064786794791 1.9999999999999774
    vertex 129.38593257915494 6.338425346815116 1.9999999999999774
  endloop
endfacet
facet normal 0.0 0.0 1.0
  outer loop
    vertex 128.60947544384737 76.44064786794792 1.9999999999999774
    vertex 129.38593257915494 6.338425346815116 1.9999999999999774
    vertex 129.38593257915494 76.5428703890807 1.9999999999999774
  endloop
endfacet
facet normal 0.0 0.0 1.0
  outer loop
    vertex 129.38593257915494 76.5428703890807 1.9999999999999774
    vertex 129.38593257915494 6.338425346815116 1.9999999999999774
    vertex 130.10947544384737 6.038724079301228 1.9999999999999774
  endloop
endfacet
facet normal 0.0 0.0 1.0
  outer loop
    vertex 129.38593257915494 76.5428703890807 1.9999999999999774
    vertex 130.10947544384737 6.038724079301228 1.9999999999999774
    vertex 130.10947544384737 76.8425716565946 1.9999999999999774
  endloop
endfacet
facet normal 0.0 0.0 1.0
  outer loop
    vertex 130.10947544384737 76.8425716565946 1.9999999999999774
    vertex 130.10947544384737 6.038724079301228 1.9999999999999774
    vertex 130.73079578740703 5.561968211507555 1.9999999999999774
  endloop
endfacet
facet normal 0.0 0.0 1.0
  outer loop
    vertex 130.10947544384737 76.8425716565946 1.9999999999999774
    vertex 130.73079578740703 5.561968211507555 1.9999999999999774
    vertex 130.73079578740703 77.31932752438827 1.9999999999999774
  endloop
endfacet
facet normal 0.0 0.0 1.0
  outer loop
    vertex 130.73079578740703 77.31932752438827 1.9999999999999774
    vertex 130.73079578740703 5.561968211507555 1.9999999999999774
    vertex 131.2075516552007 4.940647867947915 1.9999999999999774
  endloop
endfacet
facet normal 0.0 0.0 1.0
  outer loop
    vertex 130.73079578740703 77.31932752438827 1.9999999999999774
    vertex 131.2075516552007 4.940647867947915 1.9999999999999774
    vertex 131.2075516552007 77.9406478679479 1.9999999999999774
  endloop
endfacet
facet normal 0.0 0.0 1.0
  outer loop
    vertex 131.2075516552007 77.9406478679479 1.9999999999999774
    vertex 131.2075516552007 4.940647867947915 1.9999999999999774
    vertex 131.5072529227146 4.2171050032554795 1.9999999999999774
  endloop
endfacet
facet normal 0.0 0.0 1.0
  outer loop
    vertex 131.2075516552007 77.9406478679479 1.9999999999999774
    vertex 131.5072529227146 4.2171050032554795 1.9999999999999774
    vertex 131.5072529227146 78.66419073264035 1.9999999999999774
  endloop
endfacet
facet normal 0.0 0.0 1.0
  outer loop
    vertex 131.5072529227146 78.66419073264035 1.9999999999999774
    vertex 131.5072529227146 4.2171050032554795 1.9999999999999774
    vertex 131.60947544384737 3.440647867947916 1.9999999999999774
  endloop
endfacet
facet normal 0.0 0.0 1.0
  outer loop
    vertex 131.5072529227146 78.66419073264035 1.9999999999999774
    vertex 131.60947544384737 3.440647867947916 1.9999999999999774
    vertex 131.60947544384737 79.4406478679479 1.9999999999999774
  endloop
endfacet
facet normal -1.0 0.0 0.0
  outer loop
    vertex 125.10947544384739 82.94064786794792 1.9999999999999774
    vertex 125.10947544384739 -0.059352132052083735 -2.255973186038318e-14
    vertex 125.10947544384739 -0.059352132052083735 1.9999999999999774
  endloop
endfacet
facet normal -1.0 0.0 0.0
  outer loop
    vertex 125.10947544384739 -0.059352132052083735 -2.255973186038318e-14
    vertex 125.10947544384739 82.94064786794792 1.9999999999999774
    vertex 125.10947544384739 82.94064786794792 -2.255973186038318e-14
  endloop
endfacet
facet normal 0.0 1.0 0.0
  outer loop
    vertex 125.10947544384739 82.94064786794792 1.9999999999999774
    vertex 158.60947544384737 82.94064786794792 -2.255973186038318e-14
    vertex 125.10947544384739 82.94064786794792 -2.255973186038318e-14
  endloop
endfacet
facet normal 0.0 1.0 0.0
  outer loop
    vertex 158.60947544384737 82.94064786794792 -2.255973186038318e-14
    vertex 125.10947544384739 82.94064786794792 1.9999999999999774
    vertex 158.60947544384737 82.94064786794792 1.9999999999999774
  endloop
endfacet
facet normal 0.0 1.0 0.0
  outer loop
    vertex 158.60947544384737 80.94064786794792 1.9999999999999774
    vertex 174.60947544384737 80.94064786794792 -2.255973186038318e-14
    vertex 158.60947544384737 80.94064786794792 -2.255973186038318e-14
  endloop
endfacet
facet normal 0.0 1.0 0.0
  outer loop
    vertex 174.60947544384737 80.94064786794792 -2.255973186038318e-14
    vertex 158.60947544384737 80.94064786794792 1.9999999999999774
    vertex 174.60947544384737 80.94064786794792 1.9999999999999774
  endloop
endfacet
facet normal -1.0 0.0 0.0
  outer loop
    vertex 159.6094754438474 67.9406478679479 1.9999999999999774
    vertex 159.6094754438474 9.940647867947916 -2.255973186038318e-14
    vertex 159.6094754438474 9.940647867947916 1.9999999999999774
  endloop
endfacet
facet normal -1.0 0.0 0.0
  outer loop
    vertex 159.6094754438474 9.940647867947916 -2.255973186038318e-14
    vertex 159.6094754438474 67.9406478679479 1.9999999999999774
    vertex 159.6094754438474 67.9406478679479 -2.255973186038318e-14
  endloop
endfacet
facet normal -0.0 -1.0 -0.0
  outer loop
    vertex 159.6094754438474 67.9406478679479 1.9999999999999774
    vertex 157.6094754438474 67.9406478679479 -2.255973186038318e-14
    vertex 159.6094754438474 67.9406478679479 -2.255973186038318e-14
  endloop
endfacet
facet normal -0.0 -1.0 -0.0
  outer loop
    vertex 157.6094754438474 67.9406478679479 -2.255973186038318e-14
    vertex 159.6094754438474 67.9406478679479 1.9999999999999774
    vertex 157.6094754438474 67.9406478679479 1.9999999999999774
  endloop
endfacet
facet normal 1.0 0.0 0.0
  outer loop
    vertex 157.6094754438474 67.9406478679479 -2.255973186038318e-14
    vertex 157.6094754438474 9.940647867947916 1.9999999999999774
    vertex 157.6094754438474 9.940647867947916 -2.255973186038318e-14
  endloop
endfacet
facet normal 1.0 0.0 0.0
  outer loop
    vertex 157.6094754438474 9.940647867947916 1.9999999999999774
    vertex 157.6094754438474 67.9406478679479 -2.255973186038318e-14
    vertex 157.6094754438474 67.9406478679479 1.9999999999999774
  endloop
endfacet
facet normal 0.0 1.0 0.0
  outer loop
    vertex 157.6094754438474 9.940647867947916 1.9999999999999774
    vertex 159.6094754438474 9.940647867947916 -2.255973186038318e-14
    vertex 157.6094754438474 9.940647867947916 -2.255973186038318e-14
  endloop
endfacet
facet normal 0.0 1.0 0.0
  outer loop
    vertex 159.6094754438474 9.940647867947916 -2.255973186038318e-14
    vertex 157.6094754438474 9.940647867947916 1.9999999999999774
    vertex 159.6094754438474 9.940647867947916 1.9999999999999774
  endloop
endfacet
facet normal -1.0 0.0 0.0
  outer loop
    vertex 155.6094754438474 67.9406478679479 1.9999999999999774
    vertex 155.6094754438474 9.940647867947916 -2.255973186038318e-14
    vertex 155.6094754438474 9.940647867947916 1.9999999999999774
  endloop
endfacet
facet normal -1.0 0.0 0.0
  outer loop
    vertex 155.6094754438474 9.940647867947916 -2.255973186038318e-14
    vertex 155.6094754438474 67.9406478679479 1.9999999999999774
    vertex 155.6094754438474 67.9406478679479 -2.255973186038318e-14
  endloop
endfacet
facet normal -1.0 0.0 0.0
  outer loop
    vertex 183.60947544384734 67.9406478679479 1.9999999999999774
    vertex 183.60947544384734 9.940647867947916 -2.255973186038318e-14
    vertex 183.60947544384734 9.940647867947916 1.9999999999999774
  endloop
endfacet
facet normal -1.0 0.0 0.0
  outer loop
    vertex 183.60947544384734 9.940647867947916 -2.255973186038318e-14
    vertex 183.60947544384734 67.9406478679479 1.9999999999999774
    vertex 183.60947544384734 67.9406478679479 -2.255973186038318e-14
  endloop
endfacet
facet normal -0.0 -1.0 -0.0
  outer loop
    vertex 183.60947544384734 67.9406478679479 1.9999999999999774
    vertex 181.60947544384734 67.9406478679479 -2.255973186038318e-14
    vertex 183.60947544384734 67.9406478679479 -2.255973186038318e-14
  endloop
endfacet
facet normal -0.0 -1.0 -0.0
  outer loop
    vertex 181.60947544384734 67.9406478679479 -2.255973186038318e-14
    vertex 183.60947544384734 67.9406478679479 1.9999999999999774
    vertex 181.60947544384734 67.9406478679479 1.9999999999999774
  endloop
endfacet
facet normal 1.0 0.0 0.0
  outer loop
    vertex 181.60947544384734 67.9406478679479 -2.255973186038318e-14
    vertex 181.60947544384734 9.940647867947916 1.9999999999999774
    vertex 181.60947544384734 9.940647867947916 -2.255973186038318e-14
  endloop
endfacet
facet normal 1.0 0.0 0.0
  outer loop
    vertex 181.60947544384734 9.940647867947916 1.9999999999999774
    vertex 181.60947544384734 67.9406478679479 -2.255973186038318e-14
    vertex 181.60947544384734 67.9406478679479 1.9999999999999774
  endloop
endfacet
facet normal 0.0 1.0 0.0
  outer loop
    vertex 181.60947544384734 9.940647867947916 1.9999999999999774
    vertex 183.60947544384734 9.940647867947916 -2.255973186038318e-14
    vertex 181.60947544384734 9.940647867947916 -2.255973186038318e-14
  endloop
endfacet
facet normal 0.0 1.0 0.0
  outer loop
    vertex 183.60947544384734 9.940647867947916 -2.255973186038318e-14
    vertex 181.60947544384734 9.940647867947916 1.9999999999999774
    vertex 183.60947544384734 9.940647867947916 1.9999999999999774
  endloop
endfacet
facet normal -1.0 0.0 -5.287437154777199e-16
  outer loop
    vertex 143.60947544384743 67.9406478679479 1.9999999999999774
    vertex 143.60947544384743 9.940647867947916 -2.255973186038318e-14
    vertex 143.60947544384743 9.940647867947916 1.9999999999999774
  endloop
endfacet
facet normal -1.0 0.0 -5.287437154777199e-16
  outer loop
    vertex 143.60947544384743 9.940647867947916 -2.255973186038318e-14
    vertex 143.60947544384743 67.9406478679479 1.9999999999999774
    vertex 143.60947544384743 67.9406478679479 -2.255973186038318e-14
  endloop
endfacet
facet normal -1.9280683907392395e-32 -1.0 1.82325419130252e-17
  outer loop
    vertex 143.60947544384743 67.9406478679479 -2.255973186038318e-14
    vertex 141.60947544384737 67.9406478679479 1.9999999999999751
    vertex 141.60947544384737 67.9406478679479 -2.4674706722294104e-14
  endloop
endfacet
facet normal -1.9280683907392395e-32 -1.0 1.82325419130252e-17
  outer loop
    vertex 141.60947544384737 67.9406478679479 1.9999999999999751
    vertex 143.60947544384743 67.9406478679479 -2.255973186038318e-14
    vertex 143.60947544384743 67.9406478679479 1.9999999999999774
  endloop
endfacet
facet normal 1.0 1.9280683907392403e-32 5.287437154777199e-16
  outer loop
    vertex 141.60947544384737 67.9406478679479 -2.4674706722294104e-14
    vertex 141.60947544384737 9.940647867947916 1.9999999999999774
    vertex 141.60947544384737 9.940647867947916 -2.255973186038318e-14
  endloop
endfacet
facet normal 1.0 1.9280683907392403e-32 5.287437154777199e-16
  outer loop
    vertex 141.60947544384737 9.940647867947916 1.9999999999999774
    vertex 141.60947544384737 67.9406478679479 -2.4674706722294104e-14
    vertex 141.60947544384737 67.9406478679479 1.9999999999999751
  endloop
endfacet
facet normal 0.0 1.0 -1.82325419130252e-17
  outer loop
    vertex 141.60947544384737 9.940647867947916 1.9999999999999774
    vertex 143.60947544384743 9.940647867947916 -2.255973186038318e-14
    vertex 141.60947544384737 9.940647867947916 -2.255973186038318e-14
  endloop
endfacet
facet normal 0.0 1.0 -1.82325419130252e-17
  outer loop
    vertex 143.60947544384743 9.940647867947916 -2.255973186038318e-14
    vertex 141.60947544384737 9.940647867947916 1.9999999999999774
    vertex 143.60947544384743 9.940647867947916 1.9999999999999774
  endloop
endfacet
facet normal 0.0 1.0 0.0
  outer loop
    vertex 161.6094754438474 9.940647867947916 1.9999999999999774
    vertex 163.60947544384737 9.940647867947916 -2.255973186038318e-14
    vertex 161.6094754438474 9.940647867947916 -2.255973186038318e-14
  endloop
endfacet
facet normal 0.0 1.0 0.0
  outer loop
    vertex 163.60947544384737 9.940647867947916 -2.255973186038318e-14
    vertex 161.6094754438474 9.940647867947916 1.9999999999999774
    vertex 163.60947544384737 9.940647867947916 1.9999999999999774
  endloop
endfacet
facet normal -1.0 0.0 0.0
  outer loop
    vertex 163.60947544384737 67.9406478679479 1.9999999999999774
    vertex 163.60947544384737 9.940647867947916 -2.255973186038318e-14
    vertex 163.60947544384737 9.940647867947916 1.9999999999999774
  endloop
endfacet
facet normal -1.0 0.0 0.0
  outer loop
    vertex 163.60947544384737 9.940647867947916 -2.255973186038318e-14
    vertex 163.60947544384737 67.9406478679479 1.9999999999999774
    vertex 163.60947544384737 67.9406478679479 -2.255973186038318e-14
  endloop
endfacet
facet normal -0.0 -1.0 -0.0
  outer loop
    vertex 163.60947544384737 67.9406478679479 1.9999999999999774
    vertex 161.6094754438474 67.9406478679479 -2.255973186038318e-14
    vertex 163.60947544384737 67.9406478679479 -2.255973186038318e-14
  endloop
endfacet
facet normal -0.0 -1.0 -0.0
  outer loop
    vertex 161.6094754438474 67.9406478679479 -2.255973186038318e-14
    vertex 163.60947544384737 67.9406478679479 1.9999999999999774
    vertex 161.6094754438474 67.9406478679479 1.9999999999999774
  endloop
endfacet
facet normal 1.0 0.0 0.0
  outer loop
    vertex 161.6094754438474 67.9406478679479 -2.255973186038318e-14
    vertex 161.6094754438474 9.940647867947916 1.9999999999999774
    vertex 161.6094754438474 9.940647867947916 -2.255973186038318e-14
  endloop
endfacet
facet normal 1.0 0.0 0.0
  outer loop
    vertex 161.6094754438474 9.940647867947916 1.9999999999999774
    vertex 161.6094754438474 67.9406478679479 -2.255973186038318e-14
    vertex 161.6094754438474 67.9406478679479 1.9999999999999774
  endloop
endfacet
facet normal -0.0 -1.0 -0.0
  outer loop
    vertex 155.6094754438474 67.9406478679479 1.9999999999999774
    vertex 153.6094754438474 67.9406478679479 -2.255973186038318e-14
    vertex 155.6094754438474 67.9406478679479 -2.255973186038318e-14
  endloop
endfacet
facet normal -0.0 -1.0 -0.0
  outer loop
    vertex 153.6094754438474 67.9406478679479 -2.255973186038318e-14
    vertex 155.6094754438474 67.9406478679479 1.9999999999999774
    vertex 153.6094754438474 67.9406478679479 1.9999999999999774
  endloop
endfacet
facet normal 1.0 0.0 0.0
  outer loop
    vertex 173.60947544384737 67.9406478679479 -2.255973186038318e-14
    vertex 173.60947544384737 9.940647867947916 1.9999999999999774
    vertex 173.60947544384737 9.940647867947916 -2.255973186038318e-14
  endloop
endfacet
facet normal 1.0 0.0 0.0
  outer loop
    vertex 173.60947544384737 9.940647867947916 1.9999999999999774
    vertex 173.60947544384737 67.9406478679479 -2.255973186038318e-14
    vertex 173.60947544384737 67.9406478679479 1.9999999999999774
  endloop
endfacet
facet normal -0.0 -1.0 -0.0
  outer loop
    vertex 179.60947544384734 67.9406478679479 1.9999999999999774
    vertex 177.60947544384737 67.9406478679479 -2.255973186038318e-14
    vertex 179.60947544384734 67.9406478679479 -2.255973186038318e-14
  endloop
endfacet
facet normal -0.0 -1.0 -0.0
  outer loop
    vertex 177.60947544384737 67.9406478679479 -2.255973186038318e-14
    vertex 179.60947544384734 67.9406478679479 1.9999999999999774
    vertex 177.60947544384737 67.9406478679479 1.9999999999999774
  endloop
endfacet
facet normal -1.0 0.0 0.0
  outer loop
    vertex 167.60947544384737 67.9406478679479 1.9999999999999774
    vertex 167.60947544384737 9.940647867947916 -2.255973186038318e-14
    vertex 167.60947544384737 9.940647867947916 1.9999999999999774
  endloop
endfacet
facet normal -1.0 0.0 0.0
  outer loop
    vertex 167.60947544384737 9.940647867947916 -2.255973186038318e-14
    vertex 167.60947544384737 67.9406478679479 1.9999999999999774
    vertex 167.60947544384737 67.9406478679479 -2.255973186038318e-14
  endloop
endfacet
facet normal -0.0 -1.0 -0.0
  outer loop
    vertex 167.60947544384737 67.9406478679479 1.9999999999999774
    vertex 165.60947544384737 67.9406478679479 -2.255973186038318e-14
    vertex 167.60947544384737 67.9406478679479 -2.255973186038318e-14
  endloop
endfacet
facet normal -0.0 -1.0 -0.0
  outer loop
    vertex 165.60947544384737 67.9406478679479 -2.255973186038318e-14
    vertex 167.60947544384737 67.9406478679479 1.9999999999999774
    vertex 165.60947544384737 67.9406478679479 1.9999999999999774
  endloop
endfacet
facet normal 1.0 0.0 0.0
  outer loop
    vertex 165.60947544384737 67.9406478679479 -2.255973186038318e-14
    vertex 165.60947544384737 9.940647867947916 1.9999999999999774
    vertex 165.60947544384737 9.940647867947916 -2.255973186038318e-14
  endloop
endfacet
facet normal 1.0 0.0 0.0
  outer loop
    vertex 165.60947544384737 9.940647867947916 1.9999999999999774
    vertex 165.60947544384737 67.9406478679479 -2.255973186038318e-14
    vertex 165.60947544384737 67.9406478679479 1.9999999999999774
  endloop
endfacet
facet normal 0.0 1.0 0.0
  outer loop
    vertex 165.60947544384737 9.940647867947916 1.9999999999999774
    vertex 167.60947544384737 9.940647867947916 -2.255973186038318e-14
    vertex 165.60947544384737 9.940647867947916 -2.255973186038318e-14
  endloop
endfacet
facet normal 0.0 1.0 0.0
  outer loop
    vertex 167.60947544384737 9.940647867947916 -2.255973186038318e-14
    vertex 165.60947544384737 9.940647867947916 1.9999999999999774
    vertex 167.60947544384737 9.940647867947916 1.9999999999999774
  endloop
endfacet
facet normal 1.0 0.0 0.0
  outer loop
    vertex 158.60947544384737 82.94064786794792 -2.255973186038318e-14
    vertex 158.60947544384737 80.94064786794792 1.9999999999999774
    vertex 158.60947544384737 80.94064786794792 -2.255973186038318e-14
  endloop
endfacet
facet normal 1.0 0.0 0.0
  outer loop
    vertex 158.60947544384737 80.94064786794792 1.9999999999999774
    vertex 158.60947544384737 82.94064786794792 -2.255973186038318e-14
    vertex 158.60947544384737 82.94064786794792 1.9999999999999774
  endloop
endfacet
facet normal -1.0 -0.0 -0.0
  outer loop
    vertex 174.60947544384737 82.94064786794792 1.9999999999999774
    vertex 174.60947544384737 80.94064786794792 -2.255973186038318e-14
    vertex 174.60947544384737 80.94064786794792 1.9999999999999774
  endloop
endfacet
facet normal -1.0 -0.0 -0.0
  outer loop
    vertex 174.60947544384737 80.94064786794792 -2.255973186038318e-14
    vertex 174.60947544384737 82.94064786794792 1.9999999999999774
    vertex 174.60947544384737 82.94064786794792 -2.255973186038318e-14
  endloop
endfacet
facet normal 1.0 0.0 0.0
  outer loop
    vertex 177.60947544384737 67.9406478679479 -2.255973186038318e-14
    vertex 177.60947544384737 9.940647867947916 1.9999999999999774
    vertex 177.60947544384737 9.940647867947916 -2.255973186038318e-14
  endloop
endfacet
facet normal 1.0 0.0 0.0
  outer loop
    vertex 177.60947544384737 9.940647867947916 1.9999999999999774
    vertex 177.60947544384737 67.9406478679479 -2.255973186038318e-14
    vertex 177.60947544384737 67.9406478679479 1.9999999999999774
  endloop
endfacet
facet normal 0.0 1.0 0.0
  outer loop
    vertex 177.60947544384737 9.940647867947916 1.9999999999999774
    vertex 179.60947544384734 9.940647867947916 -2.255973186038318e-14
    vertex 177.60947544384737 9.940647867947916 -2.255973186038318e-14
  endloop
endfacet
facet normal 0.0 1.0 0.0
  outer loop
    vertex 179.60947544384734 9.940647867947916 -2.255973186038318e-14
    vertex 177.60947544384737 9.940647867947916 1.9999999999999774
    vertex 179.60947544384734 9.940647867947916 1.9999999999999774
  endloop
endfacet
facet normal -1.0 0.0 0.0
  outer loop
    vertex 179.60947544384734 67.9406478679479 1.9999999999999774
    vertex 179.60947544384734 9.940647867947916 -2.255973186038318e-14
    vertex 179.60947544384734 9.940647867947916 1.9999999999999774
  endloop
endfacet
facet normal -1.0 0.0 0.0
  outer loop
    vertex 179.60947544384734 9.940647867947916 -2.255973186038318e-14
    vertex 179.60947544384734 67.9406478679479 1.9999999999999774
    vertex 179.60947544384734 67.9406478679479 -2.255973186038318e-14
  endloop
endfacet
facet normal -0.0 -1.0 -0.0
  outer loop
    vertex 175.60947544384737 67.9406478679479 1.9999999999999774
    vertex 173.60947544384737 67.9406478679479 -2.255973186038318e-14
    vertex 175.60947544384737 67.9406478679479 -2.255973186038318e-14
  endloop
endfacet
facet normal -0.0 -1.0 -0.0
  outer loop
    vertex 173.60947544384737 67.9406478679479 -2.255973186038318e-14
    vertex 175.60947544384737 67.9406478679479 1.9999999999999774
    vertex 173.60947544384737 67.9406478679479 1.9999999999999774
  endloop
endfacet
facet normal -1.0 0.0 0.0
  outer loop
    vertex 175.60947544384737 67.9406478679479 1.9999999999999774
    vertex 175.60947544384737 9.940647867947916 -2.255973186038318e-14
    vertex 175.60947544384737 9.940647867947916 1.9999999999999774
  endloop
endfacet
facet normal -1.0 0.0 0.0
  outer loop
    vertex 175.60947544384737 9.940647867947916 -2.255973186038318e-14
    vertex 175.60947544384737 67.9406478679479 1.9999999999999774
    vertex 175.60947544384737 67.9406478679479 -2.255973186038318e-14
  endloop
endfacet
facet normal 0.0 1.0 0.0
  outer loop
    vertex 173.60947544384737 9.940647867947916 1.9999999999999774
    vertex 175.60947544384737 9.940647867947916 -2.255973186038318e-14
    vertex 173.60947544384737 9.940647867947916 -2.255973186038318e-14
  endloop
endfacet
facet normal 0.0 1.0 0.0
  outer loop
    vertex 175.60947544384737 9.940647867947916 -2.255973186038318e-14
    vertex 173.60947544384737 9.940647867947916 1.9999999999999774
    vertex 175.60947544384737 9.940647867947916 1.9999999999999774
  endloop
endfacet
facet normal -1.0 0.0 0.0
  outer loop
    vertex 171.60947544384737 67.9406478679479 1.9999999999999774
    vertex 171.60947544384737 9.940647867947916 -2.255973186038318e-14
    vertex 171.60947544384737 9.940647867947916 1.9999999999999774
  endloop
endfacet
facet normal -1.0 0.0 0.0
  outer loop
    vertex 171.60947544384737 9.940647867947916 -2.255973186038318e-14
    vertex 171.60947544384737 67.9406478679479 1.9999999999999774
    vertex 171.60947544384737 67.9406478679479 -2.255973186038318e-14
  endloop
endfacet
facet normal -0.0 -1.0 -0.0
  outer loop
    vertex 171.60947544384737 67.9406478679479 1.9999999999999774
    vertex 169.60947544384737 67.9406478679479 -2.255973186038318e-14
    vertex 171.60947544384737 67.9406478679479 -2.255973186038318e-14
  endloop
endfacet
facet normal -0.0 -1.0 -0.0
  outer loop
    vertex 169.60947544384737 67.9406478679479 -2.255973186038318e-14
    vertex 171.60947544384737 67.9406478679479 1.9999999999999774
    vertex 169.60947544384737 67.9406478679479 1.9999999999999774
  endloop
endfacet
facet normal 1.0 0.0 0.0
  outer loop
    vertex 169.60947544384737 67.9406478679479 -2.255973186038318e-14
    vertex 169.60947544384737 9.940647867947916 1.9999999999999774
    vertex 169.60947544384737 9.940647867947916 -2.255973186038318e-14
  endloop
endfacet
facet normal 1.0 0.0 0.0
  outer loop
    vertex 169.60947544384737 9.940647867947916 1.9999999999999774
    vertex 169.60947544384737 67.9406478679479 -2.255973186038318e-14
    vertex 169.60947544384737 67.9406478679479 1.9999999999999774
  endloop
endfacet
facet normal 0.0 1.0 0.0
  outer loop
    vertex 169.60947544384737 9.940647867947916 1.9999999999999774
    vertex 171.60947544384737 9.940647867947916 -2.255973186038318e-14
    vertex 169.60947544384737 9.940647867947916 -2.255973186038318e-14
  endloop
endfacet
facet normal 0.0 1.0 0.0
  outer loop
    vertex 171.60947544384737 9.940647867947916 -2.255973186038318e-14
    vertex 169.60947544384737 9.940647867947916 1.9999999999999774
    vertex 171.60947544384737 9.940647867947916 1.9999999999999774
  endloop
endfacet
facet normal 1.0 0.0 0.0
  outer loop
    vertex 185.60947544384734 67.9406478679479 -2.255973186038318e-14
    vertex 185.60947544384734 9.940647867947916 1.9999999999999774
    vertex 185.60947544384734 9.940647867947916 -2.255973186038318e-14
  endloop
endfacet
facet normal 1.0 0.0 0.0
  outer loop
    vertex 185.60947544384734 9.940647867947916 1.9999999999999774
    vertex 185.60947544384734 67.9406478679479 -2.255973186038318e-14
    vertex 185.60947544384734 67.9406478679479 1.9999999999999774
  endloop
endfacet
facet normal 0.0 1.0 0.0
  outer loop
    vertex 185.60947544384734 9.940647867947916 1.9999999999999774
    vertex 187.60947544384734 9.940647867947916 -2.255973186038318e-14
    vertex 185.60947544384734 9.940647867947916 -2.255973186038318e-14
  endloop
endfacet
facet normal 0.0 1.0 0.0
  outer loop
    vertex 187.60947544384734 9.940647867947916 -2.255973186038318e-14
    vertex 185.60947544384734 9.940647867947916 1.9999999999999774
    vertex 187.60947544384734 9.940647867947916 1.9999999999999774
  endloop
endfacet
facet normal -1.0 0.0 0.0
  outer loop
    vertex 191.60947544384734 67.9406478679479 1.9999999999999774
    vertex 191.60947544384734 9.940647867947916 -2.255973186038318e-14
    vertex 191.60947544384734 9.940647867947916 1.9999999999999774
  endloop
endfacet
facet normal -1.0 0.0 0.0
  outer loop
    vertex 191.60947544384734 9.940647867947916 -2.255973186038318e-14
    vertex 191.60947544384734 67.9406478679479 1.9999999999999774
    vertex 191.60947544384734 67.9406478679479 -2.255973186038318e-14
  endloop
endfacet
facet normal -0.0 -1.0 -0.0
  outer loop
    vertex 191.60947544384734 67.9406478679479 1.9999999999999774
    vertex 189.60947544384734 67.9406478679479 -2.255973186038318e-14
    vertex 191.60947544384734 67.9406478679479 -2.255973186038318e-14
  endloop
endfacet
facet normal -0.0 -1.0 -0.0
  outer loop
    vertex 189.60947544384734 67.9406478679479 -2.255973186038318e-14
    vertex 191.60947544384734 67.9406478679479 1.9999999999999774
    vertex 189.60947544384734 67.9406478679479 1.9999999999999774
  endloop
endfacet
facet normal 1.0 0.0 0.0
  outer loop
    vertex 189.60947544384734 67.9406478679479 -2.255973186038318e-14
    vertex 189.60947544384734 9.940647867947916 1.9999999999999774
    vertex 189.60947544384734 9.940647867947916 -2.255973186038318e-14
  endloop
endfacet
facet normal 1.0 0.0 0.0
  outer loop
    vertex 189.60947544384734 9.940647867947916 1.9999999999999774
    vertex 189.60947544384734 67.9406478679479 -2.255973186038318e-14
    vertex 189.60947544384734 67.9406478679479 1.9999999999999774
  endloop
endfacet
facet normal 0.0 1.0 0.0
  outer loop
    vertex 189.60947544384734 9.940647867947916 1.9999999999999774
    vertex 191.60947544384734 9.940647867947916 -2.255973186038318e-14
    vertex 189.60947544384734 9.940647867947916 -2.255973186038318e-14
  endloop
endfacet
facet normal 0.0 1.0 0.0
  outer loop
    vertex 191.60947544384734 9.940647867947916 -2.255973186038318e-14
    vertex 189.60947544384734 9.940647867947916 1.9999999999999774
    vertex 191.60947544384734 9.940647867947916 1.9999999999999774
  endloop
endfacet
facet normal 1.0 0.0 0.0
  outer loop
    vertex 145.60947544384743 67.9406478679479 -2.255973186038318e-14
    vertex 145.60947544384743 9.940647867947916 1.9999999999999774
    vertex 145.60947544384743 9.940647867947916 -2.255973186038318e-14
  endloop
endfacet
facet normal 1.0 0.0 0.0
  outer loop
    vertex 145.60947544384743 9.940647867947916 1.9999999999999774
    vertex 145.60947544384743 67.9406478679479 -2.255973186038318e-14
    vertex 145.60947544384743 67.9406478679479 1.9999999999999774
  endloop
endfacet
facet normal 0.0 1.0 0.0
  outer loop
    vertex 145.60947544384743 9.940647867947916 1.9999999999999774
    vertex 147.6094754438474 9.940647867947916 -2.255973186038318e-14
    vertex 145.60947544384743 9.940647867947916 -2.255973186038318e-14
  endloop
endfacet
facet normal 0.0 1.0 0.0
  outer loop
    vertex 147.6094754438474 9.940647867947916 -2.255973186038318e-14
    vertex 145.60947544384743 9.940647867947916 1.9999999999999774
    vertex 147.6094754438474 9.940647867947916 1.9999999999999774
  endloop
endfacet
facet normal -1.0 0.0 0.0
  outer loop
    vertex 147.6094754438474 67.9406478679479 1.9999999999999774
    vertex 147.6094754438474 9.940647867947916 -2.255973186038318e-14
    vertex 147.6094754438474 9.940647867947916 1.9999999999999774
  endloop
endfacet
facet normal -1.0 0.0 0.0
  outer loop
    vertex 147.6094754438474 9.940647867947916 -2.255973186038318e-14
    vertex 147.6094754438474 67.9406478679479 1.9999999999999774
    vertex 147.6094754438474 67.9406478679479 -2.255973186038318e-14
  endloop
endfacet
facet normal -0.0 -1.0 -0.0
  outer loop
    vertex 147.6094754438474 67.9406478679479 1.9999999999999774
    vertex 145.60947544384743 67.9406478679479 -2.255973186038318e-14
    vertex 147.6094754438474 67.9406478679479 -2.255973186038318e-14
  endloop
endfacet
facet normal -0.0 -1.0 -0.0
  outer loop
    vertex 145.60947544384743 67.9406478679479 -2.255973186038318e-14
    vertex 147.6094754438474 67.9406478679479 1.9999999999999774
    vertex 145.60947544384743 67.9406478679479 1.9999999999999774
  endloop
endfacet
facet normal 1.0 0.0 0.0
  outer loop
    vertex 208.10947544384737 82.94064786794792 -2.255973186038318e-14
    vertex 208.10947544384737 -0.059352132052083735 1.9999999999999774
    vertex 208.10947544384737 -0.059352132052083735 -2.255973186038318e-14
  endloop
endfacet
facet normal 1.0 0.0 0.0
  outer loop
    vertex 208.10947544384737 -0.059352132052083735 1.9999999999999774
    vertex 208.10947544384737 82.94064786794792 -2.255973186038318e-14
    vertex 208.10947544384737 82.94064786794792 1.9999999999999774
  endloop
endfacet
facet normal -0.0 -1.0 -0.0
  outer loop
    vertex 208.10947544384737 -0.059352132052083735 1.9999999999999774
    vertex 125.10947544384739 -0.059352132052083735 -2.255973186038318e-14
    vertex 208.10947544384737 -0.059352132052083735 -2.255973186038318e-14
  endloop
endfacet
facet normal -0.0 -1.0 -0.0
  outer loop
    vertex 125.10947544384739 -0.059352132052083735 -2.255973186038318e-14
    vertex 208.10947544384737 -0.059352132052083735 1.9999999999999774
    vertex 125.10947544384739 -0.059352132052083735 1.9999999999999774
  endloop
endfacet
facet normal 0.0 1.0 0.0
  outer loop
    vertex 174.60947544384737 82.94064786794792 1.9999999999999774
    vertex 208.10947544384737 82.94064786794792 -2.255973186038318e-14
    vertex 174.60947544384737 82.94064786794792 -2.255973186038318e-14
  endloop
endfacet
facet normal 0.0 1.0 0.0
  outer loop
    vertex 208.10947544384737 82.94064786794792 -2.255973186038318e-14
    vertex 174.60947544384737 82.94064786794792 1.9999999999999774
    vertex 208.10947544384737 82.94064786794792 1.9999999999999774
  endloop
endfacet
facet normal -1.0 0.0 0.0
  outer loop
    vertex 187.60947544384734 67.9406478679479 1.9999999999999774
    vertex 187.60947544384734 9.940647867947916 -2.255973186038318e-14
    vertex 187.60947544384734 9.940647867947916 1.9999999999999774
  endloop
endfacet
facet normal -1.0 0.0 0.0
  outer loop
    vertex 187.60947544384734 9.940647867947916 -2.255973186038318e-14
    vertex 187.60947544384734 67.9406478679479 1.9999999999999774
    vertex 187.60947544384734 67.9406478679479 -2.255973186038318e-14
  endloop
endfacet
facet normal -0.0 -1.0 -0.0
  outer loop
    vertex 187.60947544384734 67.9406478679479 1.9999999999999774
    vertex 185.60947544384734 67.9406478679479 -2.255973186038318e-14
    vertex 187.60947544384734 67.9406478679479 -2.255973186038318e-14
  endloop
endfacet
facet normal -0.0 -1.0 -0.0
  outer loop
    vertex 185.60947544384734 67.9406478679479 -2.255973186038318e-14
    vertex 187.60947544384734 67.9406478679479 1.9999999999999774
    vertex 185.60947544384734 67.9406478679479 1.9999999999999774
  endloop
endfacet
facet normal 1.0 0.0 0.0
  outer loop
    vertex 153.6094754438474 67.9406478679479 -2.255973186038318e-14
    vertex 153.6094754438474 9.940647867947916 1.9999999999999774
    vertex 153.6094754438474 9.940647867947916 -2.255973186038318e-14
  endloop
endfacet
facet normal 1.0 0.0 0.0
  outer loop
    vertex 153.6094754438474 9.940647867947916 1.9999999999999774
    vertex 153.6094754438474 67.9406478679479 -2.255973186038318e-14
    vertex 153.6094754438474 67.9406478679479 1.9999999999999774
  endloop
endfacet
facet normal 0.0 1.0 0.0
  outer loop
    vertex 153.6094754438474 9.940647867947916 1.9999999999999774
    vertex 155.6094754438474 9.940647867947916 -2.255973186038318e-14
    vertex 153.6094754438474 9.940647867947916 -2.255973186038318e-14
  endloop
endfacet
facet normal 0.0 1.0 0.0
  outer loop
    vertex 155.6094754438474 9.940647867947916 -2.255973186038318e-14
    vertex 153.6094754438474 9.940647867947916 1.9999999999999774
    vertex 155.6094754438474 9.940647867947916 1.9999999999999774
  endloop
endfacet
facet normal 0.0 1.0 0.0
  outer loop
    vertex 149.6094754438474 9.940647867947916 1.9999999999999774
    vertex 151.6094754438474 9.940647867947916 -2.255973186038318e-14
    vertex 149.6094754438474 9.940647867947916 -2.255973186038318e-14
  endloop
endfacet
facet normal 0.0 1.0 0.0
  outer loop
    vertex 151.6094754438474 9.940647867947916 -2.255973186038318e-14
    vertex 149.6094754438474 9.940647867947916 1.9999999999999774
    vertex 151.6094754438474 9.940647867947916 1.9999999999999774
  endloop
endfacet
facet normal 1.0 0.0 0.0
  outer loop
    vertex 149.6094754438474 67.9406478679479 -2.255973186038318e-14
    vertex 149.6094754438474 9.940647867947916 1.9999999999999774
    vertex 149.6094754438474 9.940647867947916 -2.255973186038318e-14
  endloop
endfacet
facet normal 1.0 0.0 0.0
  outer loop
    vertex 149.6094754438474 9.940647867947916 1.9999999999999774
    vertex 149.6094754438474 67.9406478679479 -2.255973186038318e-14
    vertex 149.6094754438474 67.9406478679479 1.9999999999999774
  endloop
endfacet
facet normal -1.0 0.0 0.0
  outer loop
    vertex 151.6094754438474 67.9406478679479 1.9999999999999774
    vertex 151.6094754438474 9.940647867947916 -2.255973186038318e-14
    vertex 151.6094754438474 9.940647867947916 1.9999999999999774
  endloop
endfacet
facet normal -1.0 0.0 0.0
  outer loop
    vertex 151.6094754438474 9.940647867947916 -2.255973186038318e-14
    vertex 151.6094754438474 67.9406478679479 1.9999999999999774
    vertex 151.6094754438474 67.9406478679479 -2.255973186038318e-14
  endloop
endfacet
facet normal -0.0 -1.0 -0.0
  outer loop
    vertex 151.6094754438474 67.9406478679479 1.9999999999999774
    vertex 149.6094754438474 67.9406478679479 -2.255973186038318e-14
    vertex 151.6094754438474 67.9406478679479 -2.255973186038318e-14
  endloop
endfacet
facet normal -0.0 -1.0 -0.0
  outer loop
    vertex 149.6094754438474 67.9406478679479 -2.255973186038318e-14
    vertex 151.6094754438474 67.9406478679479 1.9999999999999774
    vertex 149.6094754438474 67.9406478679479 1.9999999999999774
  endloop
endfacet
facet normal 0.0 0.0 -1.0
  outer loop
    vertex 208.10947544384737 82.94064786794792 -2.255973186038318e-14
    vertex 174.60947544384737 80.94064786794792 -2.255973186038318e-14
    vertex 174.60947544384737 82.94064786794792 -2.255973186038318e-14
  endloop
endfacet
facet normal 0.0 0.0 -1.0
  outer loop
    vertex 174.60947544384737 80.94064786794792 -2.255973186038318e-14
    vertex 208.10947544384737 82.94064786794792 -2.255973186038318e-14
    vertex 175.60947544384737 67.9406478679479 -2.255973186038318e-14
  endloop
endfacet
facet normal 0.0 0.0 -1.0
  outer loop
    vertex 175.60947544384737 67.9406478679479 -2.255973186038318e-14
    vertex 208.10947544384737 82.94064786794792 -2.255973186038318e-14
    vertex 203.75947544384738 80.91289105438145 -2.255973186038318e-14
  endloop
endfacet
facet normal 0.0 0.0 -1.0
  outer loop
    vertex 175.60947544384737 67.9406478679479 -2.255973186038318e-14
    vertex 203.75947544384738 80.91289105438145 -2.255973186038318e-14
    vertex 177.60947544384737 67.9406478679479 -2.255973186038318e-14
  endloop
endfacet
facet normal 0.0 0.0 -1.0
  outer loop
    vertex 175.60947544384737 67.9406478679479 -2.255973186038318e-14
    vertex 177.60947544384737 67.9406478679479 -2.255973186038318e-14
    vertex 175.60947544384737 9.940647867947916 -2.255973186038318e-14
  endloop
endfacet
facet normal 0.0 0.0 -1.0
  outer loop
    vertex 177.60947544384737 67.9406478679479 -2.255973186038318e-14
    vertex 203.75947544384738 80.91289105438145 -2.255973186038318e-14
    vertex 179.60947544384734 67.9406478679479 -2.255973186038318e-14
  endloop
endfacet
facet normal 0.0 0.0 -1.0
  outer loop
    vertex 179.60947544384734 67.9406478679479 -2.255973186038318e-14
    vertex 203.75947544384738 80.91289105438145 -2.255973186038318e-14
    vertex 181.60947544384734 67.9406478679479 -2.255973186038318e-14
  endloop
endfacet
facet normal 0.0 0.0 -1.0
  outer loop
    vertex 179.60947544384734 67.9406478679479 -2.255973186038318e-14
    vertex 181.60947544384734 67.9406478679479 -2.255973186038318e-14
    vertex 179.60947544384734 9.940647867947916 -2.255973186038318e-14
  endloop
endfacet
facet normal 0.0 0.0 -1.0
  outer loop
    vertex 181.60947544384734 67.9406478679479 -2.255973186038318e-14
    vertex 203.75947544384738 80.91289105438145 -2.255973186038318e-14
    vertex 183.60947544384734 67.9406478679479 -2.255973186038318e-14
  endloop
endfacet
facet normal 0.0 0.0 -1.0
  outer loop
    vertex 183.60947544384734 67.9406478679479 -2.255973186038318e-14
    vertex 203.75947544384738 80.91289105438145 -2.255973186038318e-14
    vertex 185.60947544384734 67.9406478679479 -2.255973186038318e-14
  endloop
endfacet
facet normal 0.0 0.0 -1.0
  outer loop
    vertex 183.60947544384734 67.9406478679479 -2.255973186038318e-14
    vertex 185.60947544384734 67.9406478679479 -2.255973186038318e-14
    vertex 183.60947544384734 9.940647867947916 -2.255973186038318e-14
  endloop
endfacet
facet normal 0.0 0.0 -1.0
  outer loop
    vertex 185.60947544384734 67.9406478679479 -2.255973186038318e-14
    vertex 203.75947544384738 80.91289105438145 -2.255973186038318e-14
    vertex 203.40739391583023 80.64272939596503 -2.255973186038318e-14
  endloop
endfacet
facet normal 0.0 0.0 -1.0
  outer loop
    vertex 185.60947544384734 67.9406478679479 -2.255973186038318e-14
    vertex 203.40739391583023 80.64272939596503 -2.255973186038318e-14
    vertex 187.60947544384734 67.9406478679479 -2.255973186038318e-14
  endloop
endfacet
facet normal 0.0 0.0 -1.0
  outer loop
    vertex 187.60947544384734 67.9406478679479 -2.255973186038318e-14
    vertex 203.40739391583023 80.64272939596503 -2.255973186038318e-14
    vertex 189.60947544384734 67.9406478679479 -2.255973186038318e-14
  endloop
endfacet
facet normal 0.0 0.0 -1.0
  outer loop
    vertex 187.60947544384734 67.9406478679479 -2.255973186038318e-14
    vertex 189.60947544384734 67.9406478679479 -2.255973186038318e-14
    vertex 187.60947544384734 9.940647867947916 -2.255973186038318e-14
  endloop
endfacet
facet normal 0.0 0.0 -1.0
  outer loop
    vertex 189.60947544384734 67.9406478679479 -2.255973186038318e-14
    vertex 203.40739391583023 80.64272939596503 -2.255973186038318e-14
    vertex 191.60947544384734 67.9406478679479 -2.255973186038318e-14
  endloop
endfacet
facet normal 0.0 0.0 -1.0
  outer loop
    vertex 191.60947544384734 67.9406478679479 -2.255973186038318e-14
    vertex 203.40739391583023 80.64272939596503 -2.255973186038318e-14
    vertex 203.1372322574138 80.29064786794791 -2.255973186038318e-14
  endloop
endfacet
facet normal 0.0 0.0 -1.0
  outer loop
    vertex 191.60947544384734 67.9406478679479 -2.255973186038318e-14
    vertex 203.1372322574138 80.29064786794791 -2.255973186038318e-14
    vertex 202.96740153915593 79.88064024462219 -2.255973186038318e-14
  endloop
endfacet
facet normal 0.0 0.0 -1.0
  outer loop
    vertex 191.60947544384734 67.9406478679479 -2.255973186038318e-14
    vertex 202.96740153915593 79.88064024462219 -2.255973186038318e-14
    vertex 191.60947544384734 9.940647867947916 -2.255973186038318e-14
  endloop
endfacet
facet normal 0.0 0.0 -1.0
  outer loop
    vertex 191.60947544384734 9.940647867947916 -2.255973186038318e-14
    vertex 202.96740153915593 79.88064024462219 -2.255973186038318e-14
    vertex 202.90947544384736 79.4406478679479 -2.255973186038318e-14
  endloop
endfacet
facet normal 0.0 0.0 -1.0
  outer loop
    vertex 203.75947544384738 80.91289105438145 -2.255973186038318e-14
    vertex 208.10947544384737 82.94064786794792 -2.255973186038318e-14
    vertex 204.1694830671731 81.08272177263932 -2.255973186038318e-14
  endloop
endfacet
facet normal 0.0 0.0 -1.0
  outer loop
    vertex 204.1694830671731 81.08272177263932 -2.255973186038318e-14
    vertex 208.10947544384737 82.94064786794792 -2.255973186038318e-14
    vertex 204.60947544384734 81.1406478679479 -2.255973186038318e-14
  endloop
endfacet
facet normal 0.0 0.0 -1.0
  outer loop
    vertex 204.60947544384734 81.1406478679479 -2.255973186038318e-14
    vertex 208.10947544384737 82.94064786794792 -2.255973186038318e-14
    vertex 205.0494678205216 81.08272177263932 -2.255973186038318e-14
  endloop
endfacet
facet normal 0.0 0.0 -1.0
  outer loop
    vertex 205.0494678205216 81.08272177263932 -2.255973186038318e-14
    vertex 208.10947544384737 82.94064786794792 -2.255973186038318e-14
    vertex 205.45947544384734 80.91289105438145 -2.255973186038318e-14
  endloop
endfacet
facet normal 0.0 0.0 -1.0
  outer loop
    vertex 205.45947544384734 80.91289105438145 -2.255973186038318e-14
    vertex 208.10947544384737 82.94064786794792 -2.255973186038318e-14
    vertex 205.8115569718645 80.64272939596503 -2.255973186038318e-14
  endloop
endfacet
facet normal 0.0 0.0 -1.0
  outer loop
    vertex 205.8115569718645 80.64272939596503 -2.255973186038318e-14
    vertex 208.10947544384737 82.94064786794792 -2.255973186038318e-14
    vertex 206.0817186302809 80.29064786794791 -2.255973186038318e-14
  endloop
endfacet
facet normal 0.0 0.0 -1.0
  outer loop
    vertex 206.0817186302809 80.29064786794791 -2.255973186038318e-14
    vertex 208.10947544384737 82.94064786794792 -2.255973186038318e-14
    vertex 206.25154934853876 79.88064024462219 -2.255973186038318e-14
  endloop
endfacet
facet normal 0.0 0.0 -1.0
  outer loop
    vertex 206.25154934853876 79.88064024462219 -2.255973186038318e-14
    vertex 208.10947544384737 82.94064786794792 -2.255973186038318e-14
    vertex 206.30947544384733 79.4406478679479 -2.255973186038318e-14
  endloop
endfacet
facet normal 0.0 0.0 -1.0
  outer loop
    vertex 206.30947544384733 79.4406478679479 -2.255973186038318e-14
    vertex 208.10947544384737 82.94064786794792 -2.255973186038318e-14
    vertex 206.30947544384733 3.4406478679479147 -2.255973186038318e-14
  endloop
endfacet
facet normal 0.0 0.0 -1.0
  outer loop
    vertex 125.10947544384739 -0.059352132052083735 -2.255973186038318e-14
    vertex 128.60947544384737 1.7406478679479187 -2.255973186038318e-14
    vertex 208.10947544384737 -0.059352132052083735 -2.255973186038318e-14
  endloop
endfacet
facet normal 0.0 0.0 -1.0
  outer loop
    vertex 128.60947544384737 1.7406478679479187 -2.255973186038318e-14
    vertex 125.10947544384739 -0.059352132052083735 -2.255973186038318e-14
    vertex 128.1694830671731 1.798573963256502 -2.255973186038318e-14
  endloop
endfacet
facet normal 0.0 0.0 -1.0
  outer loop
    vertex 128.1694830671731 1.798573963256502 -2.255973186038318e-14
    vertex 125.10947544384739 -0.059352132052083735 -2.255973186038318e-14
    vertex 127.75947544384739 1.9684046815143719 -2.255973186038318e-14
  endloop
endfacet
facet normal 0.0 0.0 -1.0
  outer loop
    vertex 127.75947544384739 1.9684046815143719 -2.255973186038318e-14
    vertex 125.10947544384739 -0.059352132052083735 -2.255973186038318e-14
    vertex 127.40739391583024 2.2385663399307862 -2.255973186038318e-14
  endloop
endfacet
facet normal 0.0 0.0 -1.0
  outer loop
    vertex 127.40739391583024 2.2385663399307862 -2.255973186038318e-14
    vertex 125.10947544384739 -0.059352132052083735 -2.255973186038318e-14
    vertex 127.13723225741384 2.590647867947916 -2.255973186038318e-14
  endloop
endfacet
facet normal 0.0 0.0 -1.0
  outer loop
    vertex 127.13723225741384 2.590647867947916 -2.255973186038318e-14
    vertex 125.10947544384739 -0.059352132052083735 -2.255973186038318e-14
    vertex 126.96740153915596 3.00065549127363 -2.255973186038318e-14
  endloop
endfacet
facet normal 0.0 0.0 -1.0
  outer loop
    vertex 126.96740153915596 3.00065549127363 -2.255973186038318e-14
    vertex 125.10947544384739 -0.059352132052083735 -2.255973186038318e-14
    vertex 126.90947544384738 3.4406478679479147 -2.255973186038318e-14
  endloop
endfacet
facet normal 0.0 0.0 -1.0
  outer loop
    vertex 126.90947544384738 3.4406478679479147 -2.255973186038318e-14
    vertex 125.10947544384739 -0.059352132052083735 -2.255973186038318e-14
    vertex 126.90947544384738 79.4406478679479 -2.255973186038318e-14
  endloop
endfacet
facet normal 0.0 0.0 -1.0
  outer loop
    vertex 208.10947544384737 -0.059352132052083735 -2.255973186038318e-14
    vertex 128.60947544384737 1.7406478679479187 -2.255973186038318e-14
    vertex 129.04946782052167 1.7985739632565028 -2.255973186038318e-14
  endloop
endfacet
facet normal 0.0 0.0 -1.0
  outer loop
    vertex 208.10947544384737 -0.059352132052083735 -2.255973186038318e-14
    vertex 129.04946782052167 1.7985739632565028 -2.255973186038318e-14
    vertex 129.4594754438474 1.968404681514373 -2.255973186038318e-14
  endloop
endfacet
facet normal 0.0 0.0 -1.0
  outer loop
    vertex 208.10947544384737 -0.059352132052083735 -2.255973186038318e-14
    vertex 129.4594754438474 1.968404681514373 -2.255973186038318e-14
    vertex 129.81155697186452 2.2385663399307876 -2.255973186038318e-14
  endloop
endfacet
facet normal 0.0 0.0 -1.0
  outer loop
    vertex 208.10947544384737 -0.059352132052083735 -2.255973186038318e-14
    vertex 129.81155697186452 2.2385663399307876 -2.255973186038318e-14
    vertex 130.08171863028093 2.5906478679479177 -2.255973186038318e-14
  endloop
endfacet
facet normal 0.0 0.0 -1.0
  outer loop
    vertex 208.10947544384737 -0.059352132052083735 -2.255973186038318e-14
    vertex 130.08171863028093 2.5906478679479177 -2.255973186038318e-14
    vertex 130.25154934853882 3.0006554912736316 -2.255973186038318e-14
  endloop
endfacet
facet normal 0.0 0.0 -1.0
  outer loop
    vertex 208.10947544384737 -0.059352132052083735 -2.255973186038318e-14
    vertex 130.25154934853882 3.0006554912736316 -2.255973186038318e-14
    vertex 130.3094754438474 3.440647867947916 -2.255973186038318e-14
  endloop
endfacet
facet normal 0.0 0.0 -1.0
  outer loop
    vertex 208.10947544384737 -0.059352132052083735 -2.255973186038318e-14
    vertex 130.3094754438474 3.440647867947916 -2.255973186038318e-14
    vertex 141.60947544384737 9.940647867947916 -2.255973186038318e-14
  endloop
endfacet
facet normal 0.0 0.0 -1.0
  outer loop
    vertex 141.60947544384737 9.940647867947916 -2.255973186038318e-14
    vertex 130.3094754438474 3.440647867947916 -2.255973186038318e-14
    vertex 141.60947544384737 67.9406478679479 -2.4674706722294104e-14
  endloop
endfacet
facet normal 0.0 0.0 -1.0
  outer loop
    vertex 208.10947544384737 -0.059352132052083735 -2.255973186038318e-14
    vertex 141.60947544384737 9.940647867947916 -2.255973186038318e-14
    vertex 143.60947544384743 9.940647867947916 -2.255973186038318e-14
  endloop
endfacet
facet normal 0.0 0.0 -1.0
  outer loop
    vertex 208.10947544384737 -0.059352132052083735 -2.255973186038318e-14
    vertex 143.60947544384743 9.940647867947916 -2.255973186038318e-14
    vertex 145.60947544384743 9.940647867947916 -2.255973186038318e-14
  endloop
endfacet
facet normal 0.0 0.0 -1.0
  outer loop
    vertex 145.60947544384743 9.940647867947916 -2.255973186038318e-14
    vertex 143.60947544384743 9.940647867947916 -2.255973186038318e-14
    vertex 145.60947544384743 67.9406478679479 -2.255973186038318e-14
  endloop
endfacet
facet normal 0.0 0.0 -1.0
  outer loop
    vertex 208.10947544384737 -0.059352132052083735 -2.255973186038318e-14
    vertex 145.60947544384743 9.940647867947916 -2.255973186038318e-14
    vertex 147.6094754438474 9.940647867947916 -2.255973186038318e-14
  endloop
endfacet
facet normal 0.0 0.0 -1.0
  outer loop
    vertex 208.10947544384737 -0.059352132052083735 -2.255973186038318e-14
    vertex 147.6094754438474 9.940647867947916 -2.255973186038318e-14
    vertex 149.6094754438474 9.940647867947916 -2.255973186038318e-14
  endloop
endfacet
facet normal 0.0 0.0 -1.0
  outer loop
    vertex 149.6094754438474 9.940647867947916 -2.255973186038318e-14
    vertex 147.6094754438474 9.940647867947916 -2.255973186038318e-14
    vertex 149.6094754438474 67.9406478679479 -2.255973186038318e-14
  endloop
endfacet
facet normal 0.0 0.0 -1.0
  outer loop
    vertex 208.10947544384737 -0.059352132052083735 -2.255973186038318e-14
    vertex 149.6094754438474 9.940647867947916 -2.255973186038318e-14
    vertex 151.6094754438474 9.940647867947916 -2.255973186038318e-14
  endloop
endfacet
facet normal 0.0 0.0 -1.0
  outer loop
    vertex 208.10947544384737 -0.059352132052083735 -2.255973186038318e-14
    vertex 151.6094754438474 9.940647867947916 -2.255973186038318e-14
    vertex 153.6094754438474 9.940647867947916 -2.255973186038318e-14
  endloop
endfacet
facet normal 0.0 0.0 -1.0
  outer loop
    vertex 153.6094754438474 9.940647867947916 -2.255973186038318e-14
    vertex 151.6094754438474 9.940647867947916 -2.255973186038318e-14
    vertex 153.6094754438474 67.9406478679479 -2.255973186038318e-14
  endloop
endfacet
facet normal 0.0 0.0 -1.0
  outer loop
    vertex 208.10947544384737 -0.059352132052083735 -2.255973186038318e-14
    vertex 153.6094754438474 9.940647867947916 -2.255973186038318e-14
    vertex 155.6094754438474 9.940647867947916 -2.255973186038318e-14
  endloop
endfacet
facet normal 0.0 0.0 -1.0
  outer loop
    vertex 208.10947544384737 -0.059352132052083735 -2.255973186038318e-14
    vertex 155.6094754438474 9.940647867947916 -2.255973186038318e-14
    vertex 157.6094754438474 9.940647867947916 -2.255973186038318e-14
  endloop
endfacet
facet normal 0.0 0.0 -1.0
  outer loop
    vertex 157.6094754438474 9.940647867947916 -2.255973186038318e-14
    vertex 155.6094754438474 9.940647867947916 -2.255973186038318e-14
    vertex 157.6094754438474 67.9406478679479 -2.255973186038318e-14
  endloop
endfacet
facet normal 0.0 0.0 -1.0
  outer loop
    vertex 208.10947544384737 -0.059352132052083735 -2.255973186038318e-14
    vertex 157.6094754438474 9.940647867947916 -2.255973186038318e-14
    vertex 159.6094754438474 9.940647867947916 -2.255973186038318e-14
  endloop
endfacet
facet normal 0.0 0.0 -1.0
  outer loop
    vertex 208.10947544384737 -0.059352132052083735 -2.255973186038318e-14
    vertex 159.6094754438474 9.940647867947916 -2.255973186038318e-14
    vertex 161.6094754438474 9.940647867947916 -2.255973186038318e-14
  endloop
endfacet
facet normal 0.0 0.0 -1.0
  outer loop
    vertex 161.6094754438474 9.940647867947916 -2.255973186038318e-14
    vertex 159.6094754438474 9.940647867947916 -2.255973186038318e-14
    vertex 161.6094754438474 67.9406478679479 -2.255973186038318e-14
  endloop
endfacet
facet normal 0.0 0.0 -1.0
  outer loop
    vertex 208.10947544384737 -0.059352132052083735 -2.255973186038318e-14
    vertex 161.6094754438474 9.940647867947916 -2.255973186038318e-14
    vertex 163.60947544384737 9.940647867947916 -2.255973186038318e-14
  endloop
endfacet
facet normal 0.0 0.0 -1.0
  outer loop
    vertex 208.10947544384737 -0.059352132052083735 -2.255973186038318e-14
    vertex 163.60947544384737 9.940647867947916 -2.255973186038318e-14
    vertex 165.60947544384737 9.940647867947916 -2.255973186038318e-14
  endloop
endfacet
facet normal 0.0 0.0 -1.0
  outer loop
    vertex 165.60947544384737 9.940647867947916 -2.255973186038318e-14
    vertex 163.60947544384737 9.940647867947916 -2.255973186038318e-14
    vertex 165.60947544384737 67.9406478679479 -2.255973186038318e-14
  endloop
endfacet
facet normal 0.0 0.0 -1.0
  outer loop
    vertex 208.10947544384737 -0.059352132052083735 -2.255973186038318e-14
    vertex 165.60947544384737 9.940647867947916 -2.255973186038318e-14
    vertex 167.60947544384737 9.940647867947916 -2.255973186038318e-14
  endloop
endfacet
facet normal 0.0 0.0 -1.0
  outer loop
    vertex 208.10947544384737 -0.059352132052083735 -2.255973186038318e-14
    vertex 167.60947544384737 9.940647867947916 -2.255973186038318e-14
    vertex 169.60947544384737 9.940647867947916 -2.255973186038318e-14
  endloop
endfacet
facet normal 0.0 0.0 -1.0
  outer loop
    vertex 169.60947544384737 9.940647867947916 -2.255973186038318e-14
    vertex 167.60947544384737 9.940647867947916 -2.255973186038318e-14
    vertex 169.60947544384737 67.9406478679479 -2.255973186038318e-14
  endloop
endfacet
facet normal 0.0 0.0 -1.0
  outer loop
    vertex 208.10947544384737 -0.059352132052083735 -2.255973186038318e-14
    vertex 169.60947544384737 9.940647867947916 -2.255973186038318e-14
    vertex 171.60947544384737 9.940647867947916 -2.255973186038318e-14
  endloop
endfacet
facet normal 0.0 0.0 -1.0
  outer loop
    vertex 208.10947544384737 -0.059352132052083735 -2.255973186038318e-14
    vertex 171.60947544384737 9.940647867947916 -2.255973186038318e-14
    vertex 173.60947544384737 9.940647867947916 -2.255973186038318e-14
  endloop
endfacet
facet normal 0.0 0.0 -1.0
  outer loop
    vertex 173.60947544384737 9.940647867947916 -2.255973186038318e-14
    vertex 171.60947544384737 9.940647867947916 -2.255973186038318e-14
    vertex 173.60947544384737 67.9406478679479 -2.255973186038318e-14
  endloop
endfacet
facet normal 0.0 0.0 -1.0
  outer loop
    vertex 208.10947544384737 -0.059352132052083735 -2.255973186038318e-14
    vertex 173.60947544384737 9.940647867947916 -2.255973186038318e-14
    vertex 175.60947544384737 9.940647867947916 -2.255973186038318e-14
  endloop
endfacet
facet normal 0.0 0.0 -1.0
  outer loop
    vertex 208.10947544384737 -0.059352132052083735 -2.255973186038318e-14
    vertex 175.60947544384737 9.940647867947916 -2.255973186038318e-14
    vertex 177.60947544384737 9.940647867947916 -2.255973186038318e-14
  endloop
endfacet
facet normal 0.0 0.0 -1.0
  outer loop
    vertex 177.60947544384737 9.940647867947916 -2.255973186038318e-14
    vertex 175.60947544384737 9.940647867947916 -2.255973186038318e-14
    vertex 177.60947544384737 67.9406478679479 -2.255973186038318e-14
  endloop
endfacet
facet normal 0.0 0.0 -1.0
  outer loop
    vertex 208.10947544384737 -0.059352132052083735 -2.255973186038318e-14
    vertex 177.60947544384737 9.940647867947916 -2.255973186038318e-14
    vertex 179.60947544384734 9.940647867947916 -2.255973186038318e-14
  endloop
endfacet
facet normal 0.0 0.0 -1.0
  outer loop
    vertex 208.10947544384737 -0.059352132052083735 -2.255973186038318e-14
    vertex 179.60947544384734 9.940647867947916 -2.255973186038318e-14
    vertex 181.60947544384734 9.940647867947916 -2.255973186038318e-14
  endloop
endfacet
facet normal 0.0 0.0 -1.0
  outer loop
    vertex 181.60947544384734 9.940647867947916 -2.255973186038318e-14
    vertex 179.60947544384734 9.940647867947916 -2.255973186038318e-14
    vertex 181.60947544384734 67.9406478679479 -2.255973186038318e-14
  endloop
endfacet
facet normal 0.0 0.0 -1.0
  outer loop
    vertex 208.10947544384737 -0.059352132052083735 -2.255973186038318e-14
    vertex 181.60947544384734 9.940647867947916 -2.255973186038318e-14
    vertex 183.60947544384734 9.940647867947916 -2.255973186038318e-14
  endloop
endfacet
facet normal 0.0 0.0 -1.0
  outer loop
    vertex 208.10947544384737 -0.059352132052083735 -2.255973186038318e-14
    vertex 183.60947544384734 9.940647867947916 -2.255973186038318e-14
    vertex 185.60947544384734 9.940647867947916 -2.255973186038318e-14
  endloop
endfacet
facet normal 0.0 0.0 -1.0
  outer loop
    vertex 185.60947544384734 9.940647867947916 -2.255973186038318e-14
    vertex 183.60947544384734 9.940647867947916 -2.255973186038318e-14
    vertex 185.60947544384734 67.9406478679479 -2.255973186038318e-14
  endloop
endfacet
facet normal 0.0 0.0 -1.0
  outer loop
    vertex 208.10947544384737 -0.059352132052083735 -2.255973186038318e-14
    vertex 185.60947544384734 9.940647867947916 -2.255973186038318e-14
    vertex 203.75947544384738 1.9684046815143723 -2.255973186038318e-14
  endloop
endfacet
facet normal 0.0 0.0 -1.0
  outer loop
    vertex 203.75947544384738 1.9684046815143723 -2.255973186038318e-14
    vertex 185.60947544384734 9.940647867947916 -2.255973186038318e-14
    vertex 187.60947544384734 9.940647867947916 -2.255973186038318e-14
  endloop
endfacet
facet normal 0.0 0.0 -1.0
  outer loop
    vertex 203.75947544384738 1.9684046815143723 -2.255973186038318e-14
    vertex 187.60947544384734 9.940647867947916 -2.255973186038318e-14
    vertex 189.60947544384734 9.940647867947916 -2.255973186038318e-14
  endloop
endfacet
facet normal 0.0 0.0 -1.0
  outer loop
    vertex 189.60947544384734 9.940647867947916 -2.255973186038318e-14
    vertex 187.60947544384734 9.940647867947916 -2.255973186038318e-14
    vertex 189.60947544384734 67.9406478679479 -2.255973186038318e-14
  endloop
endfacet
facet normal 0.0 0.0 -1.0
  outer loop
    vertex 203.75947544384738 1.9684046815143723 -2.255973186038318e-14
    vertex 189.60947544384734 9.940647867947916 -2.255973186038318e-14
    vertex 191.60947544384734 9.940647867947916 -2.255973186038318e-14
  endloop
endfacet
facet normal 0.0 0.0 -1.0
  outer loop
    vertex 203.75947544384738 1.9684046815143723 -2.255973186038318e-14
    vertex 191.60947544384734 9.940647867947916 -2.255973186038318e-14
    vertex 203.40739391583023 2.238566339930787 -2.255973186038318e-14
  endloop
endfacet
facet normal 0.0 0.0 -1.0
  outer loop
    vertex 203.40739391583023 2.238566339930787 -2.255973186038318e-14
    vertex 191.60947544384734 9.940647867947916 -2.255973186038318e-14
    vertex 203.1372322574138 2.5906478679479172 -2.255973186038318e-14
  endloop
endfacet
facet normal 0.0 0.0 -1.0
  outer loop
    vertex 203.1372322574138 2.5906478679479172 -2.255973186038318e-14
    vertex 191.60947544384734 9.940647867947916 -2.255973186038318e-14
    vertex 202.96740153915593 3.0006554912736303 -2.255973186038318e-14
  endloop
endfacet
facet normal 0.0 0.0 -1.0
  outer loop
    vertex 202.96740153915593 3.0006554912736303 -2.255973186038318e-14
    vertex 191.60947544384734 9.940647867947916 -2.255973186038318e-14
    vertex 202.90947544384736 3.440647867947916 -2.255973186038318e-14
  endloop
endfacet
facet normal 0.0 0.0 -1.0
  outer loop
    vertex 202.90947544384736 3.440647867947916 -2.255973186038318e-14
    vertex 191.60947544384734 9.940647867947916 -2.255973186038318e-14
    vertex 202.90947544384736 79.4406478679479 -2.255973186038318e-14
  endloop
endfacet
facet normal 0.0 0.0 -1.0
  outer loop
    vertex 208.10947544384737 -0.059352132052083735 -2.255973186038318e-14
    vertex 203.75947544384738 1.9684046815143723 -2.255973186038318e-14
    vertex 204.1694830671731 1.7985739632565025 -2.255973186038318e-14
  endloop
endfacet
facet normal 0.0 0.0 -1.0
  outer loop
    vertex 208.10947544384737 -0.059352132052083735 -2.255973186038318e-14
    vertex 204.1694830671731 1.7985739632565025 -2.255973186038318e-14
    vertex 204.60947544384734 1.7406478679479187 -2.255973186038318e-14
  endloop
endfacet
facet normal 0.0 0.0 -1.0
  outer loop
    vertex 208.10947544384737 -0.059352132052083735 -2.255973186038318e-14
    vertex 204.60947544384734 1.7406478679479187 -2.255973186038318e-14
    vertex 205.0494678205216 1.7985739632565025 -2.255973186038318e-14
  endloop
endfacet
facet normal 0.0 0.0 -1.0
  outer loop
    vertex 208.10947544384737 -0.059352132052083735 -2.255973186038318e-14
    vertex 205.0494678205216 1.7985739632565025 -2.255973186038318e-14
    vertex 205.45947544384734 1.9684046815143725 -2.255973186038318e-14
  endloop
endfacet
facet normal 0.0 0.0 -1.0
  outer loop
    vertex 208.10947544384737 -0.059352132052083735 -2.255973186038318e-14
    vertex 205.45947544384734 1.9684046815143725 -2.255973186038318e-14
    vertex 205.8115569718645 2.238566339930787 -2.255973186038318e-14
  endloop
endfacet
facet normal 0.0 0.0 -1.0
  outer loop
    vertex 208.10947544384737 -0.059352132052083735 -2.255973186038318e-14
    vertex 205.8115569718645 2.238566339930787 -2.255973186038318e-14
    vertex 206.0817186302809 2.5906478679479172 -2.255973186038318e-14
  endloop
endfacet
facet normal 0.0 0.0 -1.0
  outer loop
    vertex 208.10947544384737 -0.059352132052083735 -2.255973186038318e-14
    vertex 206.0817186302809 2.5906478679479172 -2.255973186038318e-14
    vertex 206.25154934853876 3.0006554912736307 -2.255973186038318e-14
  endloop
endfacet
facet normal 0.0 0.0 -1.0
  outer loop
    vertex 208.10947544384737 -0.059352132052083735 -2.255973186038318e-14
    vertex 206.25154934853876 3.0006554912736307 -2.255973186038318e-14
    vertex 206.30947544384733 3.4406478679479147 -2.255973186038318e-14
  endloop
endfacet
facet normal 0.0 0.0 -1.0
  outer loop
    vertex 208.10947544384737 -0.059352132052083735 -2.255973186038318e-14
    vertex 206.30947544384733 3.4406478679479147 -2.255973186038318e-14
    vertex 208.10947544384737 82.94064786794792 -2.255973186038318e-14
  endloop
endfacet
facet normal 0.0 0.0 -1.0
  outer loop
    vertex 202.96740153915593 79.00065549127362 -2.255973186038318e-14
    vertex 202.90947544384736 3.440647867947916 -2.255973186038318e-14
    vertex 202.90947544384736 79.4406478679479 -2.255973186038318e-14
  endloop
endfacet
facet normal 0.0 0.0 -1.0
  outer loop
    vertex 202.90947544384736 3.440647867947916 -2.255973186038318e-14
    vertex 202.96740153915593 79.00065549127362 -2.255973186038318e-14
    vertex 202.96740153915593 3.880640244622201 -2.255973186038318e-14
  endloop
endfacet
facet normal 0.0 0.0 -1.0
  outer loop
    vertex 202.96740153915593 3.880640244622201 -2.255973186038318e-14
    vertex 202.96740153915593 79.00065549127362 -2.255973186038318e-14
    vertex 203.1372322574138 78.59064786794791 -2.255973186038318e-14
  endloop
endfacet
facet normal 0.0 0.0 -1.0
  outer loop
    vertex 202.96740153915593 3.880640244622201 -2.255973186038318e-14
    vertex 203.1372322574138 78.59064786794791 -2.255973186038318e-14
    vertex 203.1372322574138 4.290647867947914 -2.255973186038318e-14
  endloop
endfacet
facet normal 0.0 0.0 -1.0
  outer loop
    vertex 203.1372322574138 4.290647867947914 -2.255973186038318e-14
    vertex 203.1372322574138 78.59064786794791 -2.255973186038318e-14
    vertex 203.40739391583023 78.23856633993078 -2.255973186038318e-14
  endloop
endfacet
facet normal 0.0 0.0 -1.0
  outer loop
    vertex 203.1372322574138 4.290647867947914 -2.255973186038318e-14
    vertex 203.40739391583023 78.23856633993078 -2.255973186038318e-14
    vertex 203.40739391583023 4.642729395965045 -2.255973186038318e-14
  endloop
endfacet
facet normal 0.0 0.0 -1.0
  outer loop
    vertex 203.40739391583023 4.642729395965045 -2.255973186038318e-14
    vertex 203.40739391583023 78.23856633993078 -2.255973186038318e-14
    vertex 203.75947544384738 77.96840468151436 -2.255973186038318e-14
  endloop
endfacet
facet normal 0.0 0.0 -1.0
  outer loop
    vertex 203.40739391583023 4.642729395965045 -2.255973186038318e-14
    vertex 203.75947544384738 77.96840468151436 -2.255973186038318e-14
    vertex 203.75947544384738 4.912891054381459 -2.255973186038318e-14
  endloop
endfacet
facet normal 0.0 0.0 -1.0
  outer loop
    vertex 203.75947544384738 4.912891054381459 -2.255973186038318e-14
    vertex 203.75947544384738 77.96840468151436 -2.255973186038318e-14
    vertex 204.1694830671731 77.79857396325649 -2.255973186038318e-14
  endloop
endfacet
facet normal 0.0 0.0 -1.0
  outer loop
    vertex 203.75947544384738 4.912891054381459 -2.255973186038318e-14
    vertex 204.1694830671731 77.79857396325649 -2.255973186038318e-14
    vertex 204.1694830671731 5.08272177263933 -2.255973186038318e-14
  endloop
endfacet
facet normal 0.0 0.0 -1.0
  outer loop
    vertex 204.1694830671731 5.08272177263933 -2.255973186038318e-14
    vertex 204.1694830671731 77.79857396325649 -2.255973186038318e-14
    vertex 204.60947544384734 77.74064786794791 -2.255973186038318e-14
  endloop
endfacet
facet normal 0.0 0.0 -1.0
  outer loop
    vertex 204.1694830671731 5.08272177263933 -2.255973186038318e-14
    vertex 204.60947544384734 77.74064786794791 -2.255973186038318e-14
    vertex 204.60947544384734 5.140647867947912 -2.255973186038318e-14
  endloop
endfacet
facet normal 0.0 0.0 -1.0
  outer loop
    vertex 204.60947544384734 5.140647867947912 -2.255973186038318e-14
    vertex 204.60947544384734 77.74064786794791 -2.255973186038318e-14
    vertex 205.04946782052167 77.79857396325649 -2.255973186038318e-14
  endloop
endfacet
facet normal 0.0 0.0 -1.0
  outer loop
    vertex 204.60947544384734 5.140647867947912 -2.255973186038318e-14
    vertex 205.04946782052167 77.79857396325649 -2.255973186038318e-14
    vertex 205.0494678205216 5.082721772639328 -2.255973186038318e-14
  endloop
endfacet
facet normal 0.0 0.0 -1.0
  outer loop
    vertex 205.0494678205216 5.082721772639328 -2.255973186038318e-14
    vertex 205.04946782052167 77.79857396325649 -2.255973186038318e-14
    vertex 205.45947544384734 4.912891054381459 -2.255973186038318e-14
  endloop
endfacet
facet normal 0.0 0.0 -1.0
  outer loop
    vertex 205.45947544384734 4.912891054381459 -2.255973186038318e-14
    vertex 205.04946782052167 77.79857396325649 -2.255973186038318e-14
    vertex 205.45947544384734 77.96840468151436 -2.255973186038318e-14
  endloop
endfacet
facet normal 0.0 0.0 -1.0
  outer loop
    vertex 205.45947544384734 4.912891054381459 -2.255973186038318e-14
    vertex 205.45947544384734 77.96840468151436 -2.255973186038318e-14
    vertex 205.8115569718645 78.23856633993078 -2.255973186038318e-14
  endloop
endfacet
facet normal 0.0 0.0 -1.0
  outer loop
    vertex 205.45947544384734 4.912891054381459 -2.255973186038318e-14
    vertex 205.8115569718645 78.23856633993078 -2.255973186038318e-14
    vertex 205.8115569718645 4.642729395965044 -2.255973186038318e-14
  endloop
endfacet
facet normal 0.0 0.0 -1.0
  outer loop
    vertex 205.8115569718645 4.642729395965044 -2.255973186038318e-14
    vertex 205.8115569718645 78.23856633993078 -2.255973186038318e-14
    vertex 206.0817186302809 78.59064786794791 -2.255973186038318e-14
  endloop
endfacet
facet normal 0.0 0.0 -1.0
  outer loop
    vertex 205.8115569718645 4.642729395965044 -2.255973186038318e-14
    vertex 206.0817186302809 78.59064786794791 -2.255973186038318e-14
    vertex 206.0817186302809 4.290647867947914 -2.255973186038318e-14
  endloop
endfacet
facet normal 0.0 0.0 -1.0
  outer loop
    vertex 206.0817186302809 4.290647867947914 -2.255973186038318e-14
    vertex 206.0817186302809 78.59064786794791 -2.255973186038318e-14
    vertex 206.25154934853876 79.00065549127362 -2.255973186038318e-14
  endloop
endfacet
facet normal 0.0 0.0 -1.0
  outer loop
    vertex 206.0817186302809 4.290647867947914 -2.255973186038318e-14
    vertex 206.25154934853876 79.00065549127362 -2.255973186038318e-14
    vertex 206.25154934853876 3.8806402446221995 -2.255973186038318e-14
  endloop
endfacet
facet normal 0.0 0.0 -1.0
  outer loop
    vertex 206.25154934853876 3.8806402446221995 -2.255973186038318e-14
    vertex 206.25154934853876 79.00065549127362 -2.255973186038318e-14
    vertex 206.30947544384733 79.4406478679479 -2.255973186038318e-14
  endloop
endfacet
facet normal 0.0 0.0 -1.0
  outer loop
    vertex 206.25154934853876 3.8806402446221995 -2.255973186038318e-14
    vertex 206.30947544384733 79.4406478679479 -2.255973186038318e-14
    vertex 206.30947544384733 3.4406478679479147 -2.255973186038318e-14
  endloop
endfacet
facet normal 0.0 0.0 -1.0
  outer loop
    vertex 125.10947544384739 82.94064786794792 -2.255973186038318e-14
    vertex 126.90947544384738 79.4406478679479 -2.255973186038318e-14
    vertex 125.10947544384739 -0.059352132052083735 -2.255973186038318e-14
  endloop
endfacet
facet normal 0.0 0.0 -1.0
  outer loop
    vertex 126.90947544384738 79.4406478679479 -2.255973186038318e-14
    vertex 125.10947544384739 82.94064786794792 -2.255973186038318e-14
    vertex 126.96740153915596 79.88064024462219 -2.255973186038318e-14
  endloop
endfacet
facet normal 0.0 0.0 -1.0
  outer loop
    vertex 126.96740153915596 79.88064024462219 -2.255973186038318e-14
    vertex 125.10947544384739 82.94064786794792 -2.255973186038318e-14
    vertex 127.13723225741384 80.29064786794791 -2.255973186038318e-14
  endloop
endfacet
facet normal 0.0 0.0 -1.0
  outer loop
    vertex 127.13723225741384 80.29064786794791 -2.255973186038318e-14
    vertex 125.10947544384739 82.94064786794792 -2.255973186038318e-14
    vertex 127.40739391583024 80.64272939596503 -2.255973186038318e-14
  endloop
endfacet
facet normal 0.0 0.0 -1.0
  outer loop
    vertex 127.40739391583024 80.64272939596503 -2.255973186038318e-14
    vertex 125.10947544384739 82.94064786794792 -2.255973186038318e-14
    vertex 127.75947544384736 80.91289105438145 -2.255973186038318e-14
  endloop
endfacet
facet normal 0.0 0.0 -1.0
  outer loop
    vertex 127.75947544384736 80.91289105438145 -2.255973186038318e-14
    vertex 125.10947544384739 82.94064786794792 -2.255973186038318e-14
    vertex 128.1694830671731 81.08272177263932 -2.255973186038318e-14
  endloop
endfacet
facet normal 0.0 0.0 -1.0
  outer loop
    vertex 128.1694830671731 81.08272177263932 -2.255973186038318e-14
    vertex 125.10947544384739 82.94064786794792 -2.255973186038318e-14
    vertex 128.60947544384737 81.1406478679479 -2.255973186038318e-14
  endloop
endfacet
facet normal 0.0 0.0 -1.0
  outer loop
    vertex 128.60947544384737 81.1406478679479 -2.255973186038318e-14
    vertex 125.10947544384739 82.94064786794792 -2.255973186038318e-14
    vertex 158.60947544384737 82.94064786794792 -2.255973186038318e-14
  endloop
endfacet
facet normal 0.0 0.0 -1.0
  outer loop
    vertex 128.60947544384737 81.1406478679479 -2.255973186038318e-14
    vertex 158.60947544384737 82.94064786794792 -2.255973186038318e-14
    vertex 129.04946782052167 81.08272177263932 -2.255973186038318e-14
  endloop
endfacet
facet normal 0.0 0.0 -1.0
  outer loop
    vertex 129.04946782052167 81.08272177263932 -2.255973186038318e-14
    vertex 158.60947544384737 82.94064786794792 -2.255973186038318e-14
    vertex 129.45947544384737 80.91289105438145 -2.255973186038318e-14
  endloop
endfacet
facet normal 0.0 0.0 -1.0
  outer loop
    vertex 129.45947544384737 80.91289105438145 -2.255973186038318e-14
    vertex 158.60947544384737 82.94064786794792 -2.255973186038318e-14
    vertex 129.81155697186452 80.64272939596503 -2.255973186038318e-14
  endloop
endfacet
facet normal 0.0 0.0 -1.0
  outer loop
    vertex 129.81155697186452 80.64272939596503 -2.255973186038318e-14
    vertex 158.60947544384737 82.94064786794792 -2.255973186038318e-14
    vertex 130.08171863028093 80.29064786794791 -2.255973186038318e-14
  endloop
endfacet
facet normal 0.0 0.0 -1.0
  outer loop
    vertex 130.08171863028093 80.29064786794791 -2.255973186038318e-14
    vertex 158.60947544384737 82.94064786794792 -2.255973186038318e-14
    vertex 130.25154934853882 79.88064024462219 -2.255973186038318e-14
  endloop
endfacet
facet normal 0.0 0.0 -1.0
  outer loop
    vertex 130.25154934853882 79.88064024462219 -2.255973186038318e-14
    vertex 158.60947544384737 82.94064786794792 -2.255973186038318e-14
    vertex 130.3094754438474 79.4406478679479 -2.255973186038318e-14
  endloop
endfacet
facet normal 0.0 0.0 -1.0
  outer loop
    vertex 130.3094754438474 79.4406478679479 -2.255973186038318e-14
    vertex 158.60947544384737 82.94064786794792 -2.255973186038318e-14
    vertex 141.60947544384737 67.9406478679479 -2.4674706722294104e-14
  endloop
endfacet
facet normal 0.0 0.0 -1.0
  outer loop
    vertex 130.3094754438474 79.4406478679479 -2.255973186038318e-14
    vertex 141.60947544384737 67.9406478679479 -2.4674706722294104e-14
    vertex 130.3094754438474 3.440647867947916 -2.255973186038318e-14
  endloop
endfacet
facet normal 0.0 0.0 -1.0
  outer loop
    vertex 141.60947544384737 67.9406478679479 -2.4674706722294104e-14
    vertex 158.60947544384737 82.94064786794792 -2.255973186038318e-14
    vertex 143.60947544384743 67.9406478679479 -2.255973186038318e-14
  endloop
endfacet
facet normal 0.0 0.0 -1.0
  outer loop
    vertex 143.60947544384743 67.9406478679479 -2.255973186038318e-14
    vertex 158.60947544384737 82.94064786794792 -2.255973186038318e-14
    vertex 145.60947544384743 67.9406478679479 -2.255973186038318e-14
  endloop
endfacet
facet normal 0.0 0.0 -1.0
  outer loop
    vertex 143.60947544384743 67.9406478679479 -2.255973186038318e-14
    vertex 145.60947544384743 67.9406478679479 -2.255973186038318e-14
    vertex 143.60947544384743 9.940647867947916 -2.255973186038318e-14
  endloop
endfacet
facet normal 0.0 0.0 -1.0
  outer loop
    vertex 145.60947544384743 67.9406478679479 -2.255973186038318e-14
    vertex 158.60947544384737 82.94064786794792 -2.255973186038318e-14
    vertex 147.6094754438474 67.9406478679479 -2.255973186038318e-14
  endloop
endfacet
facet normal 0.0 0.0 -1.0
  outer loop
    vertex 147.6094754438474 67.9406478679479 -2.255973186038318e-14
    vertex 158.60947544384737 82.94064786794792 -2.255973186038318e-14
    vertex 149.6094754438474 67.9406478679479 -2.255973186038318e-14
  endloop
endfacet
facet normal 0.0 0.0 -1.0
  outer loop
    vertex 147.6094754438474 67.9406478679479 -2.255973186038318e-14
    vertex 149.6094754438474 67.9406478679479 -2.255973186038318e-14
    vertex 147.6094754438474 9.940647867947916 -2.255973186038318e-14
  endloop
endfacet
facet normal 0.0 0.0 -1.0
  outer loop
    vertex 149.6094754438474 67.9406478679479 -2.255973186038318e-14
    vertex 158.60947544384737 82.94064786794792 -2.255973186038318e-14
    vertex 151.6094754438474 67.9406478679479 -2.255973186038318e-14
  endloop
endfacet
facet normal 0.0 0.0 -1.0
  outer loop
    vertex 151.6094754438474 67.9406478679479 -2.255973186038318e-14
    vertex 158.60947544384737 82.94064786794792 -2.255973186038318e-14
    vertex 153.6094754438474 67.9406478679479 -2.255973186038318e-14
  endloop
endfacet
facet normal 0.0 0.0 -1.0
  outer loop
    vertex 151.6094754438474 67.9406478679479 -2.255973186038318e-14
    vertex 153.6094754438474 67.9406478679479 -2.255973186038318e-14
    vertex 151.6094754438474 9.940647867947916 -2.255973186038318e-14
  endloop
endfacet
facet normal 0.0 0.0 -1.0
  outer loop
    vertex 153.6094754438474 67.9406478679479 -2.255973186038318e-14
    vertex 158.60947544384737 82.94064786794792 -2.255973186038318e-14
    vertex 155.6094754438474 67.9406478679479 -2.255973186038318e-14
  endloop
endfacet
facet normal 0.0 0.0 -1.0
  outer loop
    vertex 155.6094754438474 67.9406478679479 -2.255973186038318e-14
    vertex 158.60947544384737 82.94064786794792 -2.255973186038318e-14
    vertex 157.6094754438474 67.9406478679479 -2.255973186038318e-14
  endloop
endfacet
facet normal 0.0 0.0 -1.0
  outer loop
    vertex 155.6094754438474 67.9406478679479 -2.255973186038318e-14
    vertex 157.6094754438474 67.9406478679479 -2.255973186038318e-14
    vertex 155.6094754438474 9.940647867947916 -2.255973186038318e-14
  endloop
endfacet
facet normal 0.0 0.0 -1.0
  outer loop
    vertex 157.6094754438474 67.9406478679479 -2.255973186038318e-14
    vertex 158.60947544384737 82.94064786794792 -2.255973186038318e-14
    vertex 158.60947544384737 80.94064786794792 -2.255973186038318e-14
  endloop
endfacet
facet normal 0.0 0.0 -1.0
  outer loop
    vertex 157.6094754438474 67.9406478679479 -2.255973186038318e-14
    vertex 158.60947544384737 80.94064786794792 -2.255973186038318e-14
    vertex 159.6094754438474 67.9406478679479 -2.255973186038318e-14
  endloop
endfacet
facet normal 0.0 0.0 -1.0
  outer loop
    vertex 159.6094754438474 67.9406478679479 -2.255973186038318e-14
    vertex 158.60947544384737 80.94064786794792 -2.255973186038318e-14
    vertex 174.60947544384737 80.94064786794792 -2.255973186038318e-14
  endloop
endfacet
facet normal 0.0 0.0 -1.0
  outer loop
    vertex 159.6094754438474 67.9406478679479 -2.255973186038318e-14
    vertex 174.60947544384737 80.94064786794792 -2.255973186038318e-14
    vertex 161.6094754438474 67.9406478679479 -2.255973186038318e-14
  endloop
endfacet
facet normal 0.0 0.0 -1.0
  outer loop
    vertex 159.6094754438474 67.9406478679479 -2.255973186038318e-14
    vertex 161.6094754438474 67.9406478679479 -2.255973186038318e-14
    vertex 159.6094754438474 9.940647867947916 -2.255973186038318e-14
  endloop
endfacet
facet normal 0.0 0.0 -1.0
  outer loop
    vertex 161.6094754438474 67.9406478679479 -2.255973186038318e-14
    vertex 174.60947544384737 80.94064786794792 -2.255973186038318e-14
    vertex 163.60947544384737 67.9406478679479 -2.255973186038318e-14
  endloop
endfacet
facet normal 0.0 0.0 -1.0
  outer loop
    vertex 163.60947544384737 67.9406478679479 -2.255973186038318e-14
    vertex 174.60947544384737 80.94064786794792 -2.255973186038318e-14
    vertex 165.60947544384737 67.9406478679479 -2.255973186038318e-14
  endloop
endfacet
facet normal 0.0 0.0 -1.0
  outer loop
    vertex 163.60947544384737 67.9406478679479 -2.255973186038318e-14
    vertex 165.60947544384737 67.9406478679479 -2.255973186038318e-14
    vertex 163.60947544384737 9.940647867947916 -2.255973186038318e-14
  endloop
endfacet
facet normal 0.0 0.0 -1.0
  outer loop
    vertex 165.60947544384737 67.9406478679479 -2.255973186038318e-14
    vertex 174.60947544384737 80.94064786794792 -2.255973186038318e-14
    vertex 167.60947544384737 67.9406478679479 -2.255973186038318e-14
  endloop
endfacet
facet normal 0.0 0.0 -1.0
  outer loop
    vertex 167.60947544384737 67.9406478679479 -2.255973186038318e-14
    vertex 174.60947544384737 80.94064786794792 -2.255973186038318e-14
    vertex 169.60947544384737 67.9406478679479 -2.255973186038318e-14
  endloop
endfacet
facet normal 0.0 0.0 -1.0
  outer loop
    vertex 167.60947544384737 67.9406478679479 -2.255973186038318e-14
    vertex 169.60947544384737 67.9406478679479 -2.255973186038318e-14
    vertex 167.60947544384737 9.940647867947916 -2.255973186038318e-14
  endloop
endfacet
facet normal 0.0 0.0 -1.0
  outer loop
    vertex 169.60947544384737 67.9406478679479 -2.255973186038318e-14
    vertex 174.60947544384737 80.94064786794792 -2.255973186038318e-14
    vertex 171.60947544384737 67.9406478679479 -2.255973186038318e-14
  endloop
endfacet
facet normal 0.0 0.0 -1.0
  outer loop
    vertex 171.60947544384737 67.9406478679479 -2.255973186038318e-14
    vertex 174.60947544384737 80.94064786794792 -2.255973186038318e-14
    vertex 173.60947544384737 67.9406478679479 -2.255973186038318e-14
  endloop
endfacet
facet normal 0.0 0.0 -1.0
  outer loop
    vertex 171.60947544384737 67.9406478679479 -2.255973186038318e-14
    vertex 173.60947544384737 67.9406478679479 -2.255973186038318e-14
    vertex 171.60947544384737 9.940647867947916 -2.255973186038318e-14
  endloop
endfacet
facet normal 0.0 0.0 -1.0
  outer loop
    vertex 173.60947544384737 67.9406478679479 -2.255973186038318e-14
    vertex 174.60947544384737 80.94064786794792 -2.255973186038318e-14
    vertex 175.60947544384737 67.9406478679479 -2.255973186038318e-14
  endloop
endfacet
facet normal 0.0 0.0 -1.0
  outer loop
    vertex 126.96740153915596 79.00065549127362 -2.255973186038318e-14
    vertex 126.90947544384738 3.4406478679479147 -2.255973186038318e-14
    vertex 126.90947544384738 79.4406478679479 -2.255973186038318e-14
  endloop
endfacet
facet normal 0.0 0.0 -1.0
  outer loop
    vertex 126.90947544384738 3.4406478679479147 -2.255973186038318e-14
    vertex 126.96740153915596 79.00065549127362 -2.255973186038318e-14
    vertex 126.96740153915596 3.8806402446221986 -2.255973186038318e-14
  endloop
endfacet
facet normal 0.0 0.0 -1.0
  outer loop
    vertex 126.96740153915596 3.8806402446221986 -2.255973186038318e-14
    vertex 126.96740153915596 79.00065549127362 -2.255973186038318e-14
    vertex 127.13723225741384 78.59064786794791 -2.255973186038318e-14
  endloop
endfacet
facet normal 0.0 0.0 -1.0
  outer loop
    vertex 126.96740153915596 3.8806402446221986 -2.255973186038318e-14
    vertex 127.13723225741384 78.59064786794791 -2.255973186038318e-14
    vertex 127.13723225741384 4.2906478679479125 -2.255973186038318e-14
  endloop
endfacet
facet normal 0.0 0.0 -1.0
  outer loop
    vertex 127.13723225741384 4.2906478679479125 -2.255973186038318e-14
    vertex 127.13723225741384 78.59064786794791 -2.255973186038318e-14
    vertex 127.40739391583024 78.23856633993078 -2.255973186038318e-14
  endloop
endfacet
facet normal 0.0 0.0 -1.0
  outer loop
    vertex 127.13723225741384 4.2906478679479125 -2.255973186038318e-14
    vertex 127.40739391583024 78.23856633993078 -2.255973186038318e-14
    vertex 127.40739391583024 4.642729395965042 -2.255973186038318e-14
  endloop
endfacet
facet normal 0.0 0.0 -1.0
  outer loop
    vertex 127.40739391583024 4.642729395965042 -2.255973186038318e-14
    vertex 127.40739391583024 78.23856633993078 -2.255973186038318e-14
    vertex 127.75947544384739 77.96840468151436 -2.255973186038318e-14
  endloop
endfacet
facet normal 0.0 0.0 -1.0
  outer loop
    vertex 127.40739391583024 4.642729395965042 -2.255973186038318e-14
    vertex 127.75947544384739 77.96840468151436 -2.255973186038318e-14
    vertex 127.75947544384736 4.912891054381458 -2.255973186038318e-14
  endloop
endfacet
facet normal 0.0 0.0 -1.0
  outer loop
    vertex 127.75947544384736 4.912891054381458 -2.255973186038318e-14
    vertex 127.75947544384739 77.96840468151436 -2.255973186038318e-14
    vertex 128.1694830671731 5.082721772639328 -2.255973186038318e-14
  endloop
endfacet
facet normal 0.0 0.0 -1.0
  outer loop
    vertex 128.1694830671731 5.082721772639328 -2.255973186038318e-14
    vertex 127.75947544384739 77.96840468151436 -2.255973186038318e-14
    vertex 128.1694830671731 77.79857396325649 -2.255973186038318e-14
  endloop
endfacet
facet normal 0.0 0.0 -1.0
  outer loop
    vertex 128.1694830671731 5.082721772639328 -2.255973186038318e-14
    vertex 128.1694830671731 77.79857396325649 -2.255973186038318e-14
    vertex 128.60947544384737 77.74064786794791 -2.255973186038318e-14
  endloop
endfacet
facet normal 0.0 0.0 -1.0
  outer loop
    vertex 128.1694830671731 5.082721772639328 -2.255973186038318e-14
    vertex 128.60947544384737 77.74064786794791 -2.255973186038318e-14
    vertex 128.60947544384737 5.140647867947912 -2.255973186038318e-14
  endloop
endfacet
facet normal 0.0 0.0 -1.0
  outer loop
    vertex 128.60947544384737 5.140647867947912 -2.255973186038318e-14
    vertex 128.60947544384737 77.74064786794791 -2.255973186038318e-14
    vertex 129.04946782052167 77.79857396325649 -2.255973186038318e-14
  endloop
endfacet
facet normal 0.0 0.0 -1.0
  outer loop
    vertex 128.60947544384737 5.140647867947912 -2.255973186038318e-14
    vertex 129.04946782052167 77.79857396325649 -2.255973186038318e-14
    vertex 129.04946782052167 5.08272177263933 -2.255973186038318e-14
  endloop
endfacet
facet normal 0.0 0.0 -1.0
  outer loop
    vertex 129.04946782052167 5.08272177263933 -2.255973186038318e-14
    vertex 129.04946782052167 77.79857396325649 -2.255973186038318e-14
    vertex 129.4594754438474 77.96840468151436 -2.255973186038318e-14
  endloop
endfacet
facet normal 0.0 0.0 -1.0
  outer loop
    vertex 129.04946782052167 5.08272177263933 -2.255973186038318e-14
    vertex 129.4594754438474 77.96840468151436 -2.255973186038318e-14
    vertex 129.45947544384737 4.9128910543814595 -2.255973186038318e-14
  endloop
endfacet
facet normal 0.0 0.0 -1.0
  outer loop
    vertex 129.45947544384737 4.9128910543814595 -2.255973186038318e-14
    vertex 129.4594754438474 77.96840468151436 -2.255973186038318e-14
    vertex 129.81155697186452 4.642729395965045 -2.255973186038318e-14
  endloop
endfacet
facet normal 0.0 0.0 -1.0
  outer loop
    vertex 129.81155697186452 4.642729395965045 -2.255973186038318e-14
    vertex 129.4594754438474 77.96840468151436 -2.255973186038318e-14
    vertex 129.81155697186452 78.23856633993078 -2.255973186038318e-14
  endloop
endfacet
facet normal 0.0 0.0 -1.0
  outer loop
    vertex 129.81155697186452 4.642729395965045 -2.255973186038318e-14
    vertex 129.81155697186452 78.23856633993078 -2.255973186038318e-14
    vertex 130.08171863028093 78.59064786794791 -2.255973186038318e-14
  endloop
endfacet
facet normal 0.0 0.0 -1.0
  outer loop
    vertex 129.81155697186452 4.642729395965045 -2.255973186038318e-14
    vertex 130.08171863028093 78.59064786794791 -2.255973186038318e-14
    vertex 130.08171863028093 4.290647867947915 -2.255973186038318e-14
  endloop
endfacet
facet normal 0.0 0.0 -1.0
  outer loop
    vertex 130.08171863028093 4.290647867947915 -2.255973186038318e-14
    vertex 130.08171863028093 78.59064786794791 -2.255973186038318e-14
    vertex 130.25154934853882 79.00065549127362 -2.255973186038318e-14
  endloop
endfacet
facet normal 0.0 0.0 -1.0
  outer loop
    vertex 130.08171863028093 4.290647867947915 -2.255973186038318e-14
    vertex 130.25154934853882 79.00065549127362 -2.255973186038318e-14
    vertex 130.25154934853882 3.880640244622202 -2.255973186038318e-14
  endloop
endfacet
facet normal 0.0 0.0 -1.0
  outer loop
    vertex 130.25154934853882 3.880640244622202 -2.255973186038318e-14
    vertex 130.25154934853882 79.00065549127362 -2.255973186038318e-14
    vertex 130.3094754438474 79.4406478679479 -2.255973186038318e-14
  endloop
endfacet
facet normal 0.0 0.0 -1.0
  outer loop
    vertex 130.25154934853882 3.880640244622202 -2.255973186038318e-14
    vertex 130.3094754438474 79.4406478679479 -2.255973186038318e-14
    vertex 130.3094754438474 3.440647867947916 -2.255973186038318e-14
  endloop
endfacet
facet normal 0.9914448613738136 0.13052619222002812 0.0
  outer loop
    vertex 126.90947544384738 3.4406478679479147 -2.255973186038318e-14
    vertex 126.96740153915596 3.00065549127363 0.49999999999997724
    vertex 126.96740153915596 3.00065549127363 -2.255973186038318e-14
  endloop
endfacet
facet normal 0.9914448613738136 0.13052619222002812 0.0
  outer loop
    vertex 126.96740153915596 3.00065549127363 0.49999999999997724
    vertex 126.90947544384738 3.4406478679479147 -2.255973186038318e-14
    vertex 126.90947544384738 3.4406478679479147 0.49999999999997724
  endloop
endfacet
facet normal 0.9238795325112771 0.382683432365113 0.0
  outer loop
    vertex 126.96740153915596 3.00065549127363 -2.255973186038318e-14
    vertex 127.13723225741384 2.590647867947916 0.49999999999997724
    vertex 127.13723225741384 2.590647867947916 -2.255973186038318e-14
  endloop
endfacet
facet normal 0.9238795325112771 0.382683432365113 0.0
  outer loop
    vertex 127.13723225741384 2.590647867947916 0.49999999999997724
    vertex 126.96740153915596 3.00065549127363 -2.255973186038318e-14
    vertex 126.96740153915596 3.00065549127363 0.49999999999997724
  endloop
endfacet
facet normal 0.7933533402912469 0.6087614290087053 0.0
  outer loop
    vertex 127.13723225741384 2.590647867947916 -2.255973186038318e-14
    vertex 127.40739391583024 2.2385663399307862 0.49999999999997724
    vertex 127.40739391583024 2.2385663399307862 -2.255973186038318e-14
  endloop
endfacet
facet normal 0.7933533402912469 0.6087614290087053 0.0
  outer loop
    vertex 127.40739391583024 2.2385663399307862 0.49999999999997724
    vertex 127.13723225741384 2.590647867947916 -2.255973186038318e-14
    vertex 127.13723225741384 2.590647867947916 0.49999999999997724
  endloop
endfacet
facet normal 0.6087614290086979 0.7933533402912526 0.0
  outer loop
    vertex 127.40739391583024 2.2385663399307862 0.49999999999997724
    vertex 127.75947544384739 1.9684046815143719 -2.255973186038318e-14
    vertex 127.40739391583024 2.2385663399307862 -2.255973186038318e-14
  endloop
endfacet
facet normal 0.6087614290086979 0.7933533402912526 0.0
  outer loop
    vertex 127.75947544384739 1.9684046815143719 -2.255973186038318e-14
    vertex 127.40739391583024 2.2385663399307862 0.49999999999997724
    vertex 127.75947544384739 1.9684046815143719 0.49999999999997724
  endloop
endfacet
facet normal 0.3826834323650989 0.9238795325112831 0.0
  outer loop
    vertex 127.75947544384739 1.9684046815143719 0.49999999999997724
    vertex 128.1694830671731 1.798573963256502 -2.255973186038318e-14
    vertex 127.75947544384739 1.9684046815143719 -2.255973186038318e-14
  endloop
endfacet
facet normal 0.3826834323650989 0.9238795325112831 0.0
  outer loop
    vertex 128.1694830671731 1.798573963256502 -2.255973186038318e-14
    vertex 127.75947544384739 1.9684046815143719 0.49999999999997724
    vertex 128.1694830671731 1.798573963256502 0.49999999999997724
  endloop
endfacet
facet normal 0.13052619222005066 0.9914448613738106 0.0
  outer loop
    vertex 128.1694830671731 1.798573963256502 0.49999999999997724
    vertex 128.60947544384737 1.7406478679479187 -2.255973186038318e-14
    vertex 128.1694830671731 1.798573963256502 -2.255973186038318e-14
  endloop
endfacet
facet normal 0.13052619222005066 0.9914448613738106 0.0
  outer loop
    vertex 128.60947544384737 1.7406478679479187 -2.255973186038318e-14
    vertex 128.1694830671731 1.798573963256502 0.49999999999997724
    vertex 128.60947544384737 1.7406478679479187 0.49999999999997724
  endloop
endfacet
facet normal -0.13052619222005218 0.9914448613738103 0.0
  outer loop
    vertex 128.60947544384737 1.7406478679479187 0.49999999999997724
    vertex 129.04946782052167 1.7985739632565028 -2.255973186038318e-14
    vertex 128.60947544384737 1.7406478679479187 -2.255973186038318e-14
  endloop
endfacet
facet normal -0.13052619222005218 0.9914448613738103 0.0
  outer loop
    vertex 129.04946782052167 1.7985739632565028 -2.255973186038318e-14
    vertex 128.60947544384737 1.7406478679479187 0.49999999999997724
    vertex 129.04946782052167 1.7985739632565028 0.49999999999997724
  endloop
endfacet
facet normal -0.3826834323650816 0.9238795325112903 0.0
  outer loop
    vertex 129.04946782052167 1.7985739632565028 0.49999999999997724
    vertex 129.4594754438474 1.968404681514373 -2.255973186038318e-14
    vertex 129.04946782052167 1.7985739632565028 -2.255973186038318e-14
  endloop
endfacet
facet normal -0.3826834323650816 0.9238795325112903 0.0
  outer loop
    vertex 129.4594754438474 1.968404681514373 -2.255973186038318e-14
    vertex 129.04946782052167 1.7985739632565028 0.49999999999997724
    vertex 129.4594754438474 1.968404681514373 0.49999999999997724
  endloop
endfacet
facet normal -0.6087614290087224 0.7933533402912338 0.0
  outer loop
    vertex 129.4594754438474 1.968404681514373 0.49999999999997724
    vertex 129.81155697186452 2.2385663399307876 -2.255973186038318e-14
    vertex 129.4594754438474 1.968404681514373 -2.255973186038318e-14
  endloop
endfacet
facet normal -0.6087614290087224 0.7933533402912338 0.0
  outer loop
    vertex 129.81155697186452 2.2385663399307876 -2.255973186038318e-14
    vertex 129.4594754438474 1.968404681514373 0.49999999999997724
    vertex 129.81155697186452 2.2385663399307876 0.49999999999997724
  endloop
endfacet
facet normal -0.7933533402912475 0.6087614290087046 0.0
  outer loop
    vertex 130.08171863028093 2.5906478679479177 0.49999999999997724
    vertex 129.81155697186452 2.2385663399307876 -2.255973186038318e-14
    vertex 129.81155697186452 2.2385663399307876 0.49999999999997724
  endloop
endfacet
facet normal -0.7933533402912475 0.6087614290087046 0.0
  outer loop
    vertex 129.81155697186452 2.2385663399307876 -2.255973186038318e-14
    vertex 130.08171863028093 2.5906478679479177 0.49999999999997724
    vertex 130.08171863028093 2.5906478679479177 -2.255973186038318e-14
  endloop
endfacet
facet normal -0.9238795325112771 0.382683432365113 0.0
  outer loop
    vertex 130.25154934853882 3.0006554912736316 0.49999999999997724
    vertex 130.08171863028093 2.5906478679479177 -2.255973186038318e-14
    vertex 130.08171863028093 2.5906478679479177 0.49999999999997724
  endloop
endfacet
facet normal -0.9238795325112771 0.382683432365113 0.0
  outer loop
    vertex 130.08171863028093 2.5906478679479177 -2.255973186038318e-14
    vertex 130.25154934853882 3.0006554912736316 0.49999999999997724
    vertex 130.25154934853882 3.0006554912736316 -2.255973186038318e-14
  endloop
endfacet
facet normal -0.9914448613738136 0.13052619222002823 0.0
  outer loop
    vertex 130.3094754438474 3.440647867947916 0.49999999999997724
    vertex 130.25154934853882 3.0006554912736316 -2.255973186038318e-14
    vertex 130.25154934853882 3.0006554912736316 0.49999999999997724
  endloop
endfacet
facet normal -0.9914448613738136 0.13052619222002823 0.0
  outer loop
    vertex 130.25154934853882 3.0006554912736316 -2.255973186038318e-14
    vertex 130.3094754438474 3.440647867947916 0.49999999999997724
    vertex 130.3094754438474 3.440647867947916 -2.255973186038318e-14
  endloop
endfacet
facet normal -0.9914448613738136 -0.13052619222002781 -0.0
  outer loop
    vertex 130.25154934853882 3.880640244622202 0.49999999999997724
    vertex 130.3094754438474 3.440647867947916 -2.255973186038318e-14
    vertex 130.3094754438474 3.440647867947916 0.49999999999997724
  endloop
endfacet
facet normal -0.9914448613738136 -0.13052619222002781 -0.0
  outer loop
    vertex 130.3094754438474 3.440647867947916 -2.255973186038318e-14
    vertex 130.25154934853882 3.880640244622202 0.49999999999997724
    vertex 130.25154934853882 3.880640244622202 -2.255973186038318e-14
  endloop
endfacet
facet normal -0.923879532511277 -0.3826834323651136 -0.0
  outer loop
    vertex 130.08171863028093 4.290647867947915 0.49999999999997724
    vertex 130.25154934853882 3.880640244622202 -2.255973186038318e-14
    vertex 130.25154934853882 3.880640244622202 0.49999999999997724
  endloop
endfacet
facet normal -0.923879532511277 -0.3826834323651136 -0.0
  outer loop
    vertex 130.25154934853882 3.880640244622202 -2.255973186038318e-14
    vertex 130.08171863028093 4.290647867947915 0.49999999999997724
    vertex 130.08171863028093 4.290647867947915 -2.255973186038318e-14
  endloop
endfacet
facet normal -0.7933533402912467 -0.6087614290087058 -0.0
  outer loop
    vertex 129.81155697186452 4.642729395965045 0.49999999999997724
    vertex 130.08171863028093 4.290647867947915 -2.255973186038318e-14
    vertex 130.08171863028093 4.290647867947915 0.49999999999997724
  endloop
endfacet
facet normal -0.7933533402912467 -0.6087614290087058 -0.0
  outer loop
    vertex 130.08171863028093 4.290647867947915 -2.255973186038318e-14
    vertex 129.81155697186452 4.642729395965045 0.49999999999997724
    vertex 129.81155697186452 4.642729395965045 -2.255973186038318e-14
  endloop
endfacet
facet normal -0.6087614290086989 -0.7933533402912518 -0.0
  outer loop
    vertex 129.81155697186452 4.642729395965045 0.49999999999997724
    vertex 129.45947544384737 4.9128910543814595 -2.255973186038318e-14
    vertex 129.81155697186452 4.642729395965045 -2.255973186038318e-14
  endloop
endfacet
facet normal -0.6087614290086989 -0.7933533402912518 -0.0
  outer loop
    vertex 129.45947544384737 4.9128910543814595 -2.255973186038318e-14
    vertex 129.81155697186452 4.642729395965045 0.49999999999997724
    vertex 129.45947544384737 4.9128910543814595 0.49999999999997724
  endloop
endfacet
facet normal -0.3826834323650981 -0.9238795325112832 -0.0
  outer loop
    vertex 129.45947544384737 4.9128910543814595 0.49999999999997724
    vertex 129.04946782052167 5.08272177263933 -2.255973186038318e-14
    vertex 129.45947544384737 4.9128910543814595 -2.255973186038318e-14
  endloop
endfacet
facet normal -0.3826834323650981 -0.9238795325112832 -0.0
  outer loop
    vertex 129.04946782052167 5.08272177263933 -2.255973186038318e-14
    vertex 129.45947544384737 4.9128910543814595 0.49999999999997724
    vertex 129.04946782052167 5.08272177263933 0.49999999999997724
  endloop
endfacet
facet normal -0.13052619222004985 -0.9914448613738107 -0.0
  outer loop
    vertex 129.04946782052167 5.08272177263933 0.49999999999997724
    vertex 128.60947544384737 5.140647867947912 -2.255973186038318e-14
    vertex 129.04946782052167 5.08272177263933 -2.255973186038318e-14
  endloop
endfacet
facet normal -0.13052619222004985 -0.9914448613738107 -0.0
  outer loop
    vertex 128.60947544384737 5.140647867947912 -2.255973186038318e-14
    vertex 129.04946782052167 5.08272177263933 0.49999999999997724
    vertex 128.60947544384737 5.140647867947912 0.49999999999997724
  endloop
endfacet
facet normal 0.130526192220053 -0.9914448613738103 0.0
  outer loop
    vertex 128.60947544384737 5.140647867947912 0.49999999999997724
    vertex 128.1694830671731 5.082721772639328 -2.255973186038318e-14
    vertex 128.60947544384737 5.140647867947912 -2.255973186038318e-14
  endloop
endfacet
facet normal 0.130526192220053 -0.9914448613738103 0.0
  outer loop
    vertex 128.1694830671731 5.082721772639328 -2.255973186038318e-14
    vertex 128.60947544384737 5.140647867947912 0.49999999999997724
    vertex 128.1694830671731 5.082721772639328 0.49999999999997724
  endloop
endfacet
facet normal 0.3826834323650816 -0.9238795325112903 0.0
  outer loop
    vertex 128.1694830671731 5.082721772639328 0.49999999999997724
    vertex 127.75947544384736 4.912891054381458 -2.255973186038318e-14
    vertex 128.1694830671731 5.082721772639328 -2.255973186038318e-14
  endloop
endfacet
facet normal 0.3826834323650816 -0.9238795325112903 0.0
  outer loop
    vertex 127.75947544384736 4.912891054381458 -2.255973186038318e-14
    vertex 128.1694830671731 5.082721772639328 0.49999999999997724
    vertex 127.75947544384736 4.912891054381458 0.49999999999997724
  endloop
endfacet
facet normal 0.6087614290087234 -0.7933533402912331 0.0
  outer loop
    vertex 127.75947544384736 4.912891054381458 0.49999999999997724
    vertex 127.40739391583024 4.642729395965042 -2.255973186038318e-14
    vertex 127.75947544384736 4.912891054381458 -2.255973186038318e-14
  endloop
endfacet
facet normal 0.6087614290087234 -0.7933533402912331 0.0
  outer loop
    vertex 127.40739391583024 4.642729395965042 -2.255973186038318e-14
    vertex 127.75947544384736 4.912891054381458 0.49999999999997724
    vertex 127.40739391583024 4.642729395965042 0.49999999999997724
  endloop
endfacet
facet normal 0.7933533402912473 -0.6087614290087049 0.0
  outer loop
    vertex 127.40739391583024 4.642729395965042 -2.255973186038318e-14
    vertex 127.13723225741384 4.2906478679479125 0.49999999999997724
    vertex 127.13723225741384 4.2906478679479125 -2.255973186038318e-14
  endloop
endfacet
facet normal 0.7933533402912473 -0.6087614290087049 0.0
  outer loop
    vertex 127.13723225741384 4.2906478679479125 0.49999999999997724
    vertex 127.40739391583024 4.642729395965042 -2.255973186038318e-14
    vertex 127.40739391583024 4.642729395965042 0.49999999999997724
  endloop
endfacet
facet normal 0.9238795325112771 -0.382683432365113 0.0
  outer loop
    vertex 127.13723225741384 4.2906478679479125 -2.255973186038318e-14
    vertex 126.96740153915596 3.8806402446221986 0.49999999999997724
    vertex 126.96740153915596 3.8806402446221986 -2.255973186038318e-14
  endloop
endfacet
facet normal 0.9238795325112771 -0.382683432365113 0.0
  outer loop
    vertex 126.96740153915596 3.8806402446221986 0.49999999999997724
    vertex 127.13723225741384 4.2906478679479125 -2.255973186038318e-14
    vertex 127.13723225741384 4.2906478679479125 0.49999999999997724
  endloop
endfacet
facet normal 0.9914448613738135 -0.13052619222002843 0.0
  outer loop
    vertex 126.96740153915596 3.8806402446221986 -2.255973186038318e-14
    vertex 126.90947544384738 3.4406478679479147 0.49999999999997724
    vertex 126.90947544384738 3.4406478679479147 -2.255973186038318e-14
  endloop
endfacet
facet normal 0.9914448613738135 -0.13052619222002843 0.0
  outer loop
    vertex 126.90947544384738 3.4406478679479147 0.49999999999997724
    vertex 126.96740153915596 3.8806402446221986 -2.255973186038318e-14
    vertex 126.96740153915596 3.8806402446221986 0.49999999999997724
  endloop
endfacet
facet normal -0.7933533402912462 0.6087614290087066 0.0
  outer loop
    vertex 130.08171863028093 78.59064786794791 0.49999999999997724
    vertex 129.81155697186452 78.23856633993078 -2.255973186038318e-14
    vertex 129.81155697186452 78.23856633993078 0.49999999999997724
  endloop
endfacet
facet normal -0.7933533402912462 0.6087614290087066 0.0
  outer loop
    vertex 129.81155697186452 78.23856633993078 -2.255973186038318e-14
    vertex 130.08171863028093 78.59064786794791 0.49999999999997724
    vertex 130.08171863028093 78.59064786794791 -2.255973186038318e-14
  endloop
endfacet
facet normal -0.923879532511277 0.3826834323651136 0.0
  outer loop
    vertex 130.25154934853882 79.00065549127362 0.49999999999997724
    vertex 130.08171863028093 78.59064786794791 -2.255973186038318e-14
    vertex 130.08171863028093 78.59064786794791 0.49999999999997724
  endloop
endfacet
facet normal -0.923879532511277 0.3826834323651136 0.0
  outer loop
    vertex 130.08171863028093 78.59064786794791 -2.255973186038318e-14
    vertex 130.25154934853882 79.00065549127362 0.49999999999997724
    vertex 130.25154934853882 79.00065549127362 -2.255973186038318e-14
  endloop
endfacet
facet normal -0.9914448613738136 0.130526192220028 0.0
  outer loop
    vertex 130.3094754438474 79.4406478679479 0.49999999999997724
    vertex 130.25154934853882 79.00065549127362 -2.255973186038318e-14
    vertex 130.25154934853882 79.00065549127362 0.49999999999997724
  endloop
endfacet
facet normal -0.9914448613738136 0.130526192220028 0.0
  outer loop
    vertex 130.25154934853882 79.00065549127362 -2.255973186038318e-14
    vertex 130.3094754438474 79.4406478679479 0.49999999999997724
    vertex 130.3094754438474 79.4406478679479 -2.255973186038318e-14
  endloop
endfacet
facet normal -0.9914448613738136 -0.130526192220028 -0.0
  outer loop
    vertex 130.25154934853882 79.88064024462219 0.49999999999997724
    vertex 130.3094754438474 79.4406478679479 -2.255973186038318e-14
    vertex 130.3094754438474 79.4406478679479 0.49999999999997724
  endloop
endfacet
facet normal -0.9914448613738136 -0.130526192220028 -0.0
  outer loop
    vertex 130.3094754438474 79.4406478679479 -2.255973186038318e-14
    vertex 130.25154934853882 79.88064024462219 0.49999999999997724
    vertex 130.25154934853882 79.88064024462219 -2.255973186038318e-14
  endloop
endfacet
facet normal -0.923879532511277 -0.3826834323651136 -0.0
  outer loop
    vertex 130.08171863028093 80.29064786794791 0.49999999999997724
    vertex 130.25154934853882 79.88064024462219 -2.255973186038318e-14
    vertex 130.25154934853882 79.88064024462219 0.49999999999997724
  endloop
endfacet
facet normal -0.923879532511277 -0.3826834323651136 -0.0
  outer loop
    vertex 130.25154934853882 79.88064024462219 -2.255973186038318e-14
    vertex 130.08171863028093 80.29064786794791 0.49999999999997724
    vertex 130.08171863028093 80.29064786794791 -2.255973186038318e-14
  endloop
endfacet
facet normal -0.7933533402912462 -0.6087614290087066 -0.0
  outer loop
    vertex 129.81155697186452 80.64272939596503 0.49999999999997724
    vertex 130.08171863028093 80.29064786794791 -2.255973186038318e-14
    vertex 130.08171863028093 80.29064786794791 0.49999999999997724
  endloop
endfacet
facet normal -0.7933533402912462 -0.6087614290087066 -0.0
  outer loop
    vertex 130.08171863028093 80.29064786794791 -2.255973186038318e-14
    vertex 129.81155697186452 80.64272939596503 0.49999999999997724
    vertex 129.81155697186452 80.64272939596503 -2.255973186038318e-14
  endloop
endfacet
facet normal -0.6087614290086979 -0.7933533402912526 -0.0
  outer loop
    vertex 129.81155697186452 80.64272939596503 0.49999999999997724
    vertex 129.45947544384737 80.91289105438145 -2.255973186038318e-14
    vertex 129.81155697186452 80.64272939596503 -2.255973186038318e-14
  endloop
endfacet
facet normal -0.6087614290086979 -0.7933533402912526 -0.0
  outer loop
    vertex 129.45947544384737 80.91289105438145 -2.255973186038318e-14
    vertex 129.81155697186452 80.64272939596503 0.49999999999997724
    vertex 129.45947544384737 80.91289105438145 0.49999999999997724
  endloop
endfacet
facet normal -0.3826834323651009 -0.9238795325112822 -0.0
  outer loop
    vertex 129.45947544384737 80.91289105438145 0.49999999999997724
    vertex 129.04946782052167 81.08272177263932 -2.255973186038318e-14
    vertex 129.45947544384737 80.91289105438145 -2.255973186038318e-14
  endloop
endfacet
facet normal -0.3826834323651009 -0.9238795325112822 -0.0
  outer loop
    vertex 129.04946782052167 81.08272177263932 -2.255973186038318e-14
    vertex 129.45947544384737 80.91289105438145 0.49999999999997724
    vertex 129.04946782052167 81.08272177263932 0.49999999999997724
  endloop
endfacet
facet normal -0.130526192220053 -0.9914448613738103 -0.0
  outer loop
    vertex 129.04946782052167 81.08272177263932 0.49999999999997724
    vertex 128.60947544384737 81.1406478679479 -2.255973186038318e-14
    vertex 129.04946782052167 81.08272177263932 -2.255973186038318e-14
  endloop
endfacet
facet normal -0.130526192220053 -0.9914448613738103 -0.0
  outer loop
    vertex 128.60947544384737 81.1406478679479 -2.255973186038318e-14
    vertex 129.04946782052167 81.08272177263932 0.49999999999997724
    vertex 128.60947544384737 81.1406478679479 0.49999999999997724
  endloop
endfacet
facet normal 0.130526192220053 -0.9914448613738103 0.0
  outer loop
    vertex 128.60947544384737 81.1406478679479 0.49999999999997724
    vertex 128.1694830671731 81.08272177263932 -2.255973186038318e-14
    vertex 128.60947544384737 81.1406478679479 -2.255973186038318e-14
  endloop
endfacet
facet normal 0.130526192220053 -0.9914448613738103 0.0
  outer loop
    vertex 128.1694830671731 81.08272177263932 -2.255973186038318e-14
    vertex 128.60947544384737 81.1406478679479 0.49999999999997724
    vertex 128.1694830671731 81.08272177263932 0.49999999999997724
  endloop
endfacet
facet normal 0.3826834323650829 -0.9238795325112896 0.0
  outer loop
    vertex 128.1694830671731 81.08272177263932 0.49999999999997724
    vertex 127.75947544384736 80.91289105438145 -2.255973186038318e-14
    vertex 128.1694830671731 81.08272177263932 -2.255973186038318e-14
  endloop
endfacet
facet normal 0.3826834323650829 -0.9238795325112896 0.0
  outer loop
    vertex 127.75947544384736 80.91289105438145 -2.255973186038318e-14
    vertex 128.1694830671731 81.08272177263932 0.49999999999997724
    vertex 127.75947544384736 80.91289105438145 0.49999999999997724
  endloop
endfacet
facet normal 0.6087614290087224 -0.7933533402912338 0.0
  outer loop
    vertex 127.75947544384736 80.91289105438145 0.49999999999997724
    vertex 127.40739391583024 80.64272939596503 -2.255973186038318e-14
    vertex 127.75947544384736 80.91289105438145 -2.255973186038318e-14
  endloop
endfacet
facet normal 0.6087614290087224 -0.7933533402912338 0.0
  outer loop
    vertex 127.40739391583024 80.64272939596503 -2.255973186038318e-14
    vertex 127.75947544384736 80.91289105438145 0.49999999999997724
    vertex 127.40739391583024 80.64272939596503 0.49999999999997724
  endloop
endfacet
facet normal 0.7933533402912462 -0.6087614290087066 0.0
  outer loop
    vertex 127.40739391583024 80.64272939596503 -2.255973186038318e-14
    vertex 127.13723225741384 80.29064786794791 0.49999999999997724
    vertex 127.13723225741384 80.29064786794791 -2.255973186038318e-14
  endloop
endfacet
facet normal 0.7933533402912462 -0.6087614290087066 0.0
  outer loop
    vertex 127.13723225741384 80.29064786794791 0.49999999999997724
    vertex 127.40739391583024 80.64272939596503 -2.255973186038318e-14
    vertex 127.40739391583024 80.64272939596503 0.49999999999997724
  endloop
endfacet
facet normal 0.923879532511277 -0.3826834323651136 0.0
  outer loop
    vertex 127.13723225741384 80.29064786794791 -2.255973186038318e-14
    vertex 126.96740153915596 79.88064024462219 0.49999999999997724
    vertex 126.96740153915596 79.88064024462219 -2.255973186038318e-14
  endloop
endfacet
facet normal 0.923879532511277 -0.3826834323651136 0.0
  outer loop
    vertex 126.96740153915596 79.88064024462219 0.49999999999997724
    vertex 127.13723225741384 80.29064786794791 -2.255973186038318e-14
    vertex 127.13723225741384 80.29064786794791 0.49999999999997724
  endloop
endfacet
facet normal 0.9914448613738136 -0.130526192220028 0.0
  outer loop
    vertex 126.96740153915596 79.88064024462219 -2.255973186038318e-14
    vertex 126.90947544384738 79.4406478679479 0.49999999999997724
    vertex 126.90947544384738 79.4406478679479 -2.255973186038318e-14
  endloop
endfacet
facet normal 0.9914448613738136 -0.130526192220028 0.0
  outer loop
    vertex 126.90947544384738 79.4406478679479 0.49999999999997724
    vertex 126.96740153915596 79.88064024462219 -2.255973186038318e-14
    vertex 126.96740153915596 79.88064024462219 0.49999999999997724
  endloop
endfacet
facet normal 0.9914448613738136 0.130526192220028 0.0
  outer loop
    vertex 126.90947544384738 79.4406478679479 -2.255973186038318e-14
    vertex 126.96740153915596 79.00065549127362 0.49999999999997724
    vertex 126.96740153915596 79.00065549127362 -2.255973186038318e-14
  endloop
endfacet
facet normal 0.9914448613738136 0.130526192220028 0.0
  outer loop
    vertex 126.96740153915596 79.00065549127362 0.49999999999997724
    vertex 126.90947544384738 79.4406478679479 -2.255973186038318e-14
    vertex 126.90947544384738 79.4406478679479 0.49999999999997724
  endloop
endfacet
facet normal 0.923879532511277 0.3826834323651136 0.0
  outer loop
    vertex 126.96740153915596 79.00065549127362 -2.255973186038318e-14
    vertex 127.13723225741384 78.59064786794791 0.49999999999997724
    vertex 127.13723225741384 78.59064786794791 -2.255973186038318e-14
  endloop
endfacet
facet normal 0.923879532511277 0.3826834323651136 0.0
  outer loop
    vertex 127.13723225741384 78.59064786794791 0.49999999999997724
    vertex 126.96740153915596 79.00065549127362 -2.255973186038318e-14
    vertex 126.96740153915596 79.00065549127362 0.49999999999997724
  endloop
endfacet
facet normal 0.7933533402912462 0.6087614290087066 0.0
  outer loop
    vertex 127.13723225741384 78.59064786794791 -2.255973186038318e-14
    vertex 127.40739391583024 78.23856633993078 0.49999999999997724
    vertex 127.40739391583024 78.23856633993078 -2.255973186038318e-14
  endloop
endfacet
facet normal 0.7933533402912462 0.6087614290087066 0.0
  outer loop
    vertex 127.40739391583024 78.23856633993078 0.49999999999997724
    vertex 127.13723225741384 78.59064786794791 -2.255973186038318e-14
    vertex 127.13723225741384 78.59064786794791 0.49999999999997724
  endloop
endfacet
facet normal 0.6087614290086979 0.7933533402912526 0.0
  outer loop
    vertex 127.40739391583024 78.23856633993078 0.49999999999997724
    vertex 127.75947544384739 77.96840468151436 -2.255973186038318e-14
    vertex 127.40739391583024 78.23856633993078 -2.255973186038318e-14
  endloop
endfacet
facet normal 0.6087614290086979 0.7933533402912526 0.0
  outer loop
    vertex 127.75947544384739 77.96840468151436 -2.255973186038318e-14
    vertex 127.40739391583024 78.23856633993078 0.49999999999997724
    vertex 127.75947544384739 77.96840468151436 0.49999999999997724
  endloop
endfacet
facet normal 0.3826834323651009 0.9238795325112822 0.0
  outer loop
    vertex 127.75947544384739 77.96840468151436 0.49999999999997724
    vertex 128.1694830671731 77.79857396325649 -2.255973186038318e-14
    vertex 127.75947544384739 77.96840468151436 -2.255973186038318e-14
  endloop
endfacet
facet normal 0.3826834323651009 0.9238795325112822 0.0
  outer loop
    vertex 128.1694830671731 77.79857396325649 -2.255973186038318e-14
    vertex 127.75947544384739 77.96840468151436 0.49999999999997724
    vertex 128.1694830671731 77.79857396325649 0.49999999999997724
  endloop
endfacet
facet normal 0.130526192220053 0.9914448613738103 0.0
  outer loop
    vertex 128.1694830671731 77.79857396325649 0.49999999999997724
    vertex 128.60947544384737 77.74064786794791 -2.255973186038318e-14
    vertex 128.1694830671731 77.79857396325649 -2.255973186038318e-14
  endloop
endfacet
facet normal 0.130526192220053 0.9914448613738103 0.0
  outer loop
    vertex 128.60947544384737 77.74064786794791 -2.255973186038318e-14
    vertex 128.1694830671731 77.79857396325649 0.49999999999997724
    vertex 128.60947544384737 77.74064786794791 0.49999999999997724
  endloop
endfacet
facet normal -0.130526192220053 0.9914448613738103 0.0
  outer loop
    vertex 128.60947544384737 77.74064786794791 0.49999999999997724
    vertex 129.04946782052167 77.79857396325649 -2.255973186038318e-14
    vertex 128.60947544384737 77.74064786794791 -2.255973186038318e-14
  endloop
endfacet
facet normal -0.130526192220053 0.9914448613738103 0.0
  outer loop
    vertex 129.04946782052167 77.79857396325649 -2.255973186038318e-14
    vertex 128.60947544384737 77.74064786794791 0.49999999999997724
    vertex 129.04946782052167 77.79857396325649 0.49999999999997724
  endloop
endfacet
facet normal -0.3826834323650829 0.9238795325112896 0.0
  outer loop
    vertex 129.04946782052167 77.79857396325649 0.49999999999997724
    vertex 129.4594754438474 77.96840468151436 -2.255973186038318e-14
    vertex 129.04946782052167 77.79857396325649 -2.255973186038318e-14
  endloop
endfacet
facet normal -0.3826834323650829 0.9238795325112896 0.0
  outer loop
    vertex 129.4594754438474 77.96840468151436 -2.255973186038318e-14
    vertex 129.04946782052167 77.79857396325649 0.49999999999997724
    vertex 129.4594754438474 77.96840468151436 0.49999999999997724
  endloop
endfacet
facet normal -0.6087614290087224 0.7933533402912338 0.0
  outer loop
    vertex 129.4594754438474 77.96840468151436 0.49999999999997724
    vertex 129.81155697186452 78.23856633993078 -2.255973186038318e-14
    vertex 129.4594754438474 77.96840468151436 -2.255973186038318e-14
  endloop
endfacet
facet normal -0.6087614290087224 0.7933533402912338 0.0
  outer loop
    vertex 129.81155697186452 78.23856633993078 -2.255973186038318e-14
    vertex 129.4594754438474 77.96840468151436 0.49999999999997724
    vertex 129.81155697186452 78.23856633993078 0.49999999999997724
  endloop
endfacet
facet normal 0.7933533402912462 -0.6087614290087066 0.0
  outer loop
    vertex 203.40739391583023 80.64272939596503 -2.255973186038318e-14
    vertex 203.1372322574138 80.29064786794791 0.4999999999999774
    vertex 203.1372322574138 80.29064786794791 -2.255973186038318e-14
  endloop
endfacet
facet normal 0.7933533402912462 -0.6087614290087066 0.0
  outer loop
    vertex 203.1372322574138 80.29064786794791 0.4999999999999774
    vertex 203.40739391583023 80.64272939596503 -2.255973186038318e-14
    vertex 203.40739391583023 80.64272939596503 0.4999999999999774
  endloop
endfacet
facet normal 0.923879532511277 -0.3826834323651136 0.0
  outer loop
    vertex 203.1372322574138 80.29064786794791 -2.255973186038318e-14
    vertex 202.96740153915593 79.88064024462219 0.4999999999999774
    vertex 202.96740153915593 79.88064024462219 -2.255973186038318e-14
  endloop
endfacet
facet normal 0.923879532511277 -0.3826834323651136 0.0
  outer loop
    vertex 202.96740153915593 79.88064024462219 0.4999999999999774
    vertex 203.1372322574138 80.29064786794791 -2.255973186038318e-14
    vertex 203.1372322574138 80.29064786794791 0.4999999999999774
  endloop
endfacet
facet normal 0.9914448613738136 -0.130526192220028 0.0
  outer loop
    vertex 202.96740153915593 79.88064024462219 -2.255973186038318e-14
    vertex 202.90947544384736 79.4406478679479 0.4999999999999774
    vertex 202.90947544384736 79.4406478679479 -2.255973186038318e-14
  endloop
endfacet
facet normal 0.9914448613738136 -0.130526192220028 0.0
  outer loop
    vertex 202.90947544384736 79.4406478679479 0.4999999999999774
    vertex 202.96740153915593 79.88064024462219 -2.255973186038318e-14
    vertex 202.96740153915593 79.88064024462219 0.4999999999999774
  endloop
endfacet
facet normal 0.9914448613738136 0.130526192220028 0.0
  outer loop
    vertex 202.90947544384736 79.4406478679479 -2.255973186038318e-14
    vertex 202.96740153915593 79.00065549127362 0.4999999999999774
    vertex 202.96740153915593 79.00065549127362 -2.255973186038318e-14
  endloop
endfacet
facet normal 0.9914448613738136 0.130526192220028 0.0
  outer loop
    vertex 202.96740153915593 79.00065549127362 0.4999999999999774
    vertex 202.90947544384736 79.4406478679479 -2.255973186038318e-14
    vertex 202.90947544384736 79.4406478679479 0.4999999999999774
  endloop
endfacet
facet normal 0.923879532511277 0.3826834323651136 0.0
  outer loop
    vertex 202.96740153915593 79.00065549127362 -2.255973186038318e-14
    vertex 203.1372322574138 78.59064786794791 0.4999999999999774
    vertex 203.1372322574138 78.59064786794791 -2.255973186038318e-14
  endloop
endfacet
facet normal 0.923879532511277 0.3826834323651136 0.0
  outer loop
    vertex 203.1372322574138 78.59064786794791 0.4999999999999774
    vertex 202.96740153915593 79.00065549127362 -2.255973186038318e-14
    vertex 202.96740153915593 79.00065549127362 0.4999999999999774
  endloop
endfacet
facet normal 0.7933533402912462 0.6087614290087066 0.0
  outer loop
    vertex 203.1372322574138 78.59064786794791 -2.255973186038318e-14
    vertex 203.40739391583023 78.23856633993078 0.4999999999999774
    vertex 203.40739391583023 78.23856633993078 -2.255973186038318e-14
  endloop
endfacet
facet normal 0.7933533402912462 0.6087614290087066 0.0
  outer loop
    vertex 203.40739391583023 78.23856633993078 0.4999999999999774
    vertex 203.1372322574138 78.59064786794791 -2.255973186038318e-14
    vertex 203.1372322574138 78.59064786794791 0.4999999999999774
  endloop
endfacet
facet normal 0.6087614290086979 0.7933533402912526 0.0
  outer loop
    vertex 203.40739391583023 78.23856633993078 0.4999999999999774
    vertex 203.75947544384738 77.96840468151436 -2.255973186038318e-14
    vertex 203.40739391583023 78.23856633993078 -2.255973186038318e-14
  endloop
endfacet
facet normal 0.6087614290086979 0.7933533402912526 0.0
  outer loop
    vertex 203.75947544384738 77.96840468151436 -2.255973186038318e-14
    vertex 203.40739391583023 78.23856633993078 0.4999999999999774
    vertex 203.75947544384738 77.96840468151436 0.4999999999999774
  endloop
endfacet
facet normal 0.3826834323650829 0.9238795325112896 0.0
  outer loop
    vertex 203.75947544384738 77.96840468151436 0.4999999999999774
    vertex 204.1694830671731 77.79857396325649 -2.255973186038318e-14
    vertex 203.75947544384738 77.96840468151436 -2.255973186038318e-14
  endloop
endfacet
facet normal 0.3826834323650829 0.9238795325112896 0.0
  outer loop
    vertex 204.1694830671731 77.79857396325649 -2.255973186038318e-14
    vertex 203.75947544384738 77.96840468151436 0.4999999999999774
    vertex 204.1694830671731 77.79857396325649 0.4999999999999774
  endloop
endfacet
facet normal 0.13052619222005957 0.9914448613738095 0.0
  outer loop
    vertex 204.1694830671731 77.79857396325649 0.4999999999999774
    vertex 204.60947544384734 77.74064786794791 -2.255973186038318e-14
    vertex 204.1694830671731 77.79857396325649 -2.255973186038318e-14
  endloop
endfacet
facet normal 0.13052619222005957 0.9914448613738095 0.0
  outer loop
    vertex 204.60947544384734 77.74064786794791 -2.255973186038318e-14
    vertex 204.1694830671731 77.79857396325649 0.4999999999999774
    vertex 204.60947544384734 77.74064786794791 0.4999999999999774
  endloop
endfacet
facet normal -0.13052619222004638 0.991444861373811 0.0
  outer loop
    vertex 204.60947544384734 77.74064786794791 0.4999999999999774
    vertex 205.04946782052167 77.79857396325649 -2.255973186038318e-14
    vertex 204.60947544384734 77.74064786794791 -2.255973186038318e-14
  endloop
endfacet
facet normal -0.13052619222004638 0.991444861373811 0.0
  outer loop
    vertex 205.04946782052167 77.79857396325649 -2.255973186038318e-14
    vertex 204.60947544384734 77.74064786794791 0.4999999999999774
    vertex 205.04946782052167 77.79857396325649 0.4999999999999774
  endloop
endfacet
facet normal -0.38268343236511887 0.9238795325112749 0.0
  outer loop
    vertex 205.04946782052167 77.79857396325649 0.4999999999999774
    vertex 205.45947544384734 77.96840468151436 -2.255973186038318e-14
    vertex 205.04946782052167 77.79857396325649 -2.255973186038318e-14
  endloop
endfacet
facet normal -0.38268343236511887 0.9238795325112749 0.0
  outer loop
    vertex 205.45947544384734 77.96840468151436 -2.255973186038318e-14
    vertex 205.04946782052167 77.79857396325649 0.4999999999999774
    vertex 205.45947544384734 77.96840468151436 0.4999999999999774
  endloop
endfacet
facet normal -0.6087614290086979 0.7933533402912526 0.0
  outer loop
    vertex 205.45947544384734 77.96840468151436 0.4999999999999774
    vertex 205.8115569718645 78.23856633993078 -2.255973186038318e-14
    vertex 205.45947544384734 77.96840468151436 -2.255973186038318e-14
  endloop
endfacet
facet normal -0.6087614290086979 0.7933533402912526 0.0
  outer loop
    vertex 205.8115569718645 78.23856633993078 -2.255973186038318e-14
    vertex 205.45947544384734 77.96840468151436 0.4999999999999774
    vertex 205.8115569718645 78.23856633993078 0.4999999999999774
  endloop
endfacet
facet normal -0.7933533402912462 0.6087614290087066 0.0
  outer loop
    vertex 206.0817186302809 78.59064786794791 0.4999999999999774
    vertex 205.8115569718645 78.23856633993078 -2.255973186038318e-14
    vertex 205.8115569718645 78.23856633993078 0.4999999999999774
  endloop
endfacet
facet normal -0.7933533402912462 0.6087614290087066 0.0
  outer loop
    vertex 205.8115569718645 78.23856633993078 -2.255973186038318e-14
    vertex 206.0817186302809 78.59064786794791 0.4999999999999774
    vertex 206.0817186302809 78.59064786794791 -2.255973186038318e-14
  endloop
endfacet
facet normal -0.923879532511295 0.38268343236507024 0.0
  outer loop
    vertex 206.25154934853876 79.00065549127362 0.4999999999999774
    vertex 206.0817186302809 78.59064786794791 -2.255973186038318e-14
    vertex 206.0817186302809 78.59064786794791 0.4999999999999774
  endloop
endfacet
facet normal -0.923879532511295 0.38268343236507024 0.0
  outer loop
    vertex 206.0817186302809 78.59064786794791 -2.255973186038318e-14
    vertex 206.25154934853876 79.00065549127362 0.4999999999999774
    vertex 206.25154934853876 79.00065549127362 -2.255973186038318e-14
  endloop
endfacet
facet normal -0.9914448613738136 0.130526192220028 0.0
  outer loop
    vertex 206.30947544384733 79.4406478679479 0.4999999999999774
    vertex 206.25154934853876 79.00065549127362 -2.255973186038318e-14
    vertex 206.25154934853876 79.00065549127362 0.4999999999999774
  endloop
endfacet
facet normal -0.9914448613738136 0.130526192220028 0.0
  outer loop
    vertex 206.25154934853876 79.00065549127362 -2.255973186038318e-14
    vertex 206.30947544384733 79.4406478679479 0.4999999999999774
    vertex 206.30947544384733 79.4406478679479 -2.255973186038318e-14
  endloop
endfacet
facet normal -0.9914448613738136 -0.130526192220028 -0.0
  outer loop
    vertex 206.25154934853876 79.88064024462219 0.4999999999999774
    vertex 206.30947544384733 79.4406478679479 -2.255973186038318e-14
    vertex 206.30947544384733 79.4406478679479 0.4999999999999774
  endloop
endfacet
facet normal -0.9914448613738136 -0.130526192220028 -0.0
  outer loop
    vertex 206.30947544384733 79.4406478679479 -2.255973186038318e-14
    vertex 206.25154934853876 79.88064024462219 0.4999999999999774
    vertex 206.25154934853876 79.88064024462219 -2.255973186038318e-14
  endloop
endfacet
facet normal -0.923879532511295 -0.38268343236507024 -0.0
  outer loop
    vertex 206.0817186302809 80.29064786794791 0.4999999999999774
    vertex 206.25154934853876 79.88064024462219 -2.255973186038318e-14
    vertex 206.25154934853876 79.88064024462219 0.4999999999999774
  endloop
endfacet
facet normal -0.923879532511295 -0.38268343236507024 -0.0
  outer loop
    vertex 206.25154934853876 79.88064024462219 -2.255973186038318e-14
    vertex 206.0817186302809 80.29064786794791 0.4999999999999774
    vertex 206.0817186302809 80.29064786794791 -2.255973186038318e-14
  endloop
endfacet
facet normal -0.7933533402912462 -0.6087614290087066 -0.0
  outer loop
    vertex 205.8115569718645 80.64272939596503 0.4999999999999774
    vertex 206.0817186302809 80.29064786794791 -2.255973186038318e-14
    vertex 206.0817186302809 80.29064786794791 0.4999999999999774
  endloop
endfacet
facet normal -0.7933533402912462 -0.6087614290087066 -0.0
  outer loop
    vertex 206.0817186302809 80.29064786794791 -2.255973186038318e-14
    vertex 205.8115569718645 80.64272939596503 0.4999999999999774
    vertex 205.8115569718645 80.64272939596503 -2.255973186038318e-14
  endloop
endfacet
facet normal -0.6087614290086979 -0.7933533402912526 -0.0
  outer loop
    vertex 205.8115569718645 80.64272939596503 0.4999999999999774
    vertex 205.45947544384734 80.91289105438145 -2.255973186038318e-14
    vertex 205.8115569718645 80.64272939596503 -2.255973186038318e-14
  endloop
endfacet
facet normal -0.6087614290086979 -0.7933533402912526 -0.0
  outer loop
    vertex 205.45947544384734 80.91289105438145 -2.255973186038318e-14
    vertex 205.8115569718645 80.64272939596503 0.4999999999999774
    vertex 205.45947544384734 80.91289105438145 0.4999999999999774
  endloop
endfacet
facet normal -0.3826834323650829 -0.9238795325112896 -0.0
  outer loop
    vertex 205.45947544384734 80.91289105438145 0.4999999999999774
    vertex 205.0494678205216 81.08272177263932 -2.255973186038318e-14
    vertex 205.45947544384734 80.91289105438145 -2.255973186038318e-14
  endloop
endfacet
facet normal -0.3826834323650829 -0.9238795325112896 -0.0
  outer loop
    vertex 205.0494678205216 81.08272177263932 -2.255973186038318e-14
    vertex 205.45947544384734 80.91289105438145 0.4999999999999774
    vertex 205.0494678205216 81.08272177263932 0.4999999999999774
  endloop
endfacet
facet normal -0.13052619222005957 -0.9914448613738095 -0.0
  outer loop
    vertex 205.0494678205216 81.08272177263932 0.4999999999999774
    vertex 204.60947544384734 81.1406478679479 -2.255973186038318e-14
    vertex 205.0494678205216 81.08272177263932 -2.255973186038318e-14
  endloop
endfacet
facet normal -0.13052619222005957 -0.9914448613738095 -0.0
  outer loop
    vertex 204.60947544384734 81.1406478679479 -2.255973186038318e-14
    vertex 205.0494678205216 81.08272177263932 0.4999999999999774
    vertex 204.60947544384734 81.1406478679479 0.4999999999999774
  endloop
endfacet
facet normal 0.13052619222005957 -0.9914448613738095 0.0
  outer loop
    vertex 204.60947544384734 81.1406478679479 0.4999999999999774
    vertex 204.1694830671731 81.08272177263932 -2.255973186038318e-14
    vertex 204.60947544384734 81.1406478679479 -2.255973186038318e-14
  endloop
endfacet
facet normal 0.13052619222005957 -0.9914448613738095 0.0
  outer loop
    vertex 204.1694830671731 81.08272177263932 -2.255973186038318e-14
    vertex 204.60947544384734 81.1406478679479 0.4999999999999774
    vertex 204.1694830671731 81.08272177263932 0.4999999999999774
  endloop
endfacet
facet normal 0.3826834323650829 -0.9238795325112896 0.0
  outer loop
    vertex 204.1694830671731 81.08272177263932 0.4999999999999774
    vertex 203.75947544384738 80.91289105438145 -2.255973186038318e-14
    vertex 204.1694830671731 81.08272177263932 -2.255973186038318e-14
  endloop
endfacet
facet normal 0.3826834323650829 -0.9238795325112896 0.0
  outer loop
    vertex 203.75947544384738 80.91289105438145 -2.255973186038318e-14
    vertex 204.1694830671731 81.08272177263932 0.4999999999999774
    vertex 203.75947544384738 80.91289105438145 0.4999999999999774
  endloop
endfacet
facet normal 0.6087614290086979 -0.7933533402912526 0.0
  outer loop
    vertex 203.75947544384738 80.91289105438145 0.4999999999999774
    vertex 203.40739391583023 80.64272939596503 -2.255973186038318e-14
    vertex 203.75947544384738 80.91289105438145 -2.255973186038318e-14
  endloop
endfacet
facet normal 0.6087614290086979 -0.7933533402912526 0.0
  outer loop
    vertex 203.40739391583023 80.64272939596503 -2.255973186038318e-14
    vertex 203.75947544384738 80.91289105438145 0.4999999999999774
    vertex 203.40739391583023 80.64272939596503 0.4999999999999774
  endloop
endfacet
facet normal 0.923879532511277 -0.3826834323651136 0.0
  outer loop
    vertex 203.1372322574138 4.290647867947914 -2.255973186038318e-14
    vertex 202.96740153915593 3.880640244622201 0.49999999999997724
    vertex 202.96740153915593 3.880640244622201 -2.255973186038318e-14
  endloop
endfacet
facet normal 0.923879532511277 -0.3826834323651136 0.0
  outer loop
    vertex 202.96740153915593 3.880640244622201 0.49999999999997724
    vertex 203.1372322574138 4.290647867947914 -2.255973186038318e-14
    vertex 203.1372322574138 4.290647867947914 0.49999999999997724
  endloop
endfacet
facet normal 0.9914448613738136 -0.13052619222002823 0.0
  outer loop
    vertex 202.96740153915593 3.880640244622201 -2.255973186038318e-14
    vertex 202.90947544384736 3.440647867947916 0.49999999999997724
    vertex 202.90947544384736 3.440647867947916 -2.255973186038318e-14
  endloop
endfacet
facet normal 0.9914448613738136 -0.13052619222002823 0.0
  outer loop
    vertex 202.90947544384736 3.440647867947916 0.49999999999997724
    vertex 202.96740153915593 3.880640244622201 -2.255973186038318e-14
    vertex 202.96740153915593 3.880640244622201 0.49999999999997724
  endloop
endfacet
facet normal 0.9914448613738136 0.13052619222002781 0.0
  outer loop
    vertex 202.90947544384736 3.440647867947916 -2.255973186038318e-14
    vertex 202.96740153915593 3.0006554912736303 0.49999999999997724
    vertex 202.96740153915593 3.0006554912736303 -2.255973186038318e-14
  endloop
endfacet
facet normal 0.9914448613738136 0.13052619222002781 0.0
  outer loop
    vertex 202.96740153915593 3.0006554912736303 0.49999999999997724
    vertex 202.90947544384736 3.440647867947916 -2.255973186038318e-14
    vertex 202.90947544384736 3.440647867947916 0.49999999999997724
  endloop
endfacet
facet normal 0.923879532511277 0.3826834323651136 0.0
  outer loop
    vertex 202.96740153915593 3.0006554912736303 -2.255973186038318e-14
    vertex 203.1372322574138 2.5906478679479172 0.49999999999997724
    vertex 203.1372322574138 2.5906478679479172 -2.255973186038318e-14
  endloop
endfacet
facet normal 0.923879532511277 0.3826834323651136 0.0
  outer loop
    vertex 203.1372322574138 2.5906478679479172 0.49999999999997724
    vertex 202.96740153915593 3.0006554912736303 -2.255973186038318e-14
    vertex 202.96740153915593 3.0006554912736303 0.49999999999997724
  endloop
endfacet
facet normal 0.7933533402912473 0.6087614290087049 0.0
  outer loop
    vertex 203.1372322574138 2.5906478679479172 -2.255973186038318e-14
    vertex 203.40739391583023 2.238566339930787 0.49999999999997724
    vertex 203.40739391583023 2.238566339930787 -2.255973186038318e-14
  endloop
endfacet
facet normal 0.7933533402912473 0.6087614290087049 0.0
  outer loop
    vertex 203.40739391583023 2.238566339930787 0.49999999999997724
    vertex 203.1372322574138 2.5906478679479172 -2.255973186038318e-14
    vertex 203.1372322574138 2.5906478679479172 0.49999999999997724
  endloop
endfacet
facet normal 0.6087614290086985 0.7933533402912524 0.0
  outer loop
    vertex 203.40739391583023 2.238566339930787 0.49999999999997724
    vertex 203.75947544384738 1.9684046815143723 -2.255973186038318e-14
    vertex 203.40739391583023 2.238566339930787 -2.255973186038318e-14
  endloop
endfacet
facet normal 0.6087614290086985 0.7933533402912524 0.0
  outer loop
    vertex 203.75947544384738 1.9684046815143723 -2.255973186038318e-14
    vertex 203.40739391583023 2.238566339930787 0.49999999999997724
    vertex 203.75947544384738 1.9684046815143723 0.49999999999997724
  endloop
endfacet
facet normal 0.38268343236508084 0.9238795325112904 0.0
  outer loop
    vertex 203.75947544384738 1.9684046815143723 0.49999999999997724
    vertex 204.1694830671731 1.7985739632565025 -2.255973186038318e-14
    vertex 203.75947544384738 1.9684046815143723 -2.255973186038318e-14
  endloop
endfacet
facet normal 0.38268343236508084 0.9238795325112904 0.0
  outer loop
    vertex 204.1694830671731 1.7985739632565025 -2.255973186038318e-14
    vertex 203.75947544384738 1.9684046815143723 0.49999999999997724
    vertex 204.1694830671731 1.7985739632565025 0.49999999999997724
  endloop
endfacet
facet normal 0.13052619222005798 0.9914448613738096 0.0
  outer loop
    vertex 204.1694830671731 1.7985739632565025 0.49999999999997724
    vertex 204.60947544384734 1.7406478679479187 -2.255973186038318e-14
    vertex 204.1694830671731 1.7985739632565025 -2.255973186038318e-14
  endloop
endfacet
facet normal 0.13052619222005798 0.9914448613738096 0.0
  outer loop
    vertex 204.60947544384734 1.7406478679479187 -2.255973186038318e-14
    vertex 204.1694830671731 1.7985739632565025 0.49999999999997724
    vertex 204.60947544384734 1.7406478679479187 0.49999999999997724
  endloop
endfacet
facet normal -0.13052619222005798 0.9914448613738096 0.0
  outer loop
    vertex 204.60947544384734 1.7406478679479187 0.49999999999997724
    vertex 205.0494678205216 1.7985739632565025 -2.255973186038318e-14
    vertex 204.60947544384734 1.7406478679479187 -2.255973186038318e-14
  endloop
endfacet
facet normal -0.13052619222005798 0.9914448613738096 0.0
  outer loop
    vertex 205.0494678205216 1.7985739632565025 -2.255973186038318e-14
    vertex 204.60947544384734 1.7406478679479187 0.49999999999997724
    vertex 205.0494678205216 1.7985739632565025 0.49999999999997724
  endloop
endfacet
facet normal -0.3826834323650816 0.9238795325112903 0.0
  outer loop
    vertex 205.0494678205216 1.7985739632565025 0.49999999999997724
    vertex 205.45947544384734 1.9684046815143725 -2.255973186038318e-14
    vertex 205.0494678205216 1.7985739632565025 -2.255973186038318e-14
  endloop
endfacet
facet normal -0.3826834323650816 0.9238795325112903 0.0
  outer loop
    vertex 205.45947544384734 1.9684046815143725 -2.255973186038318e-14
    vertex 205.0494678205216 1.7985739632565025 0.49999999999997724
    vertex 205.45947544384734 1.9684046815143725 0.49999999999997724
  endloop
endfacet
facet normal -0.6087614290086979 0.7933533402912526 0.0
  outer loop
    vertex 205.45947544384734 1.9684046815143725 0.49999999999997724
    vertex 205.8115569718645 2.238566339930787 -2.255973186038318e-14
    vertex 205.45947544384734 1.9684046815143725 -2.255973186038318e-14
  endloop
endfacet
facet normal -0.6087614290086979 0.7933533402912526 0.0
  outer loop
    vertex 205.8115569718645 2.238566339930787 -2.255973186038318e-14
    vertex 205.45947544384734 1.9684046815143725 0.49999999999997724
    vertex 205.8115569718645 2.238566339930787 0.49999999999997724
  endloop
endfacet
facet normal -0.7933533402912473 0.6087614290087049 0.0
  outer loop
    vertex 206.0817186302809 2.5906478679479172 0.49999999999997724
    vertex 205.8115569718645 2.238566339930787 -2.255973186038318e-14
    vertex 205.8115569718645 2.238566339930787 0.49999999999997724
  endloop
endfacet
facet normal -0.7933533402912473 0.6087614290087049 0.0
  outer loop
    vertex 205.8115569718645 2.238566339930787 -2.255973186038318e-14
    vertex 206.0817186302809 2.5906478679479172 0.49999999999997724
    vertex 206.0817186302809 2.5906478679479172 -2.255973186038318e-14
  endloop
endfacet
facet normal -0.9238795325112951 0.38268343236506963 0.0
  outer loop
    vertex 206.25154934853876 3.0006554912736307 0.49999999999997724
    vertex 206.0817186302809 2.5906478679479172 -2.255973186038318e-14
    vertex 206.0817186302809 2.5906478679479172 0.49999999999997724
  endloop
endfacet
facet normal -0.9238795325112951 0.38268343236506963 0.0
  outer loop
    vertex 206.0817186302809 2.5906478679479172 -2.255973186038318e-14
    vertex 206.25154934853876 3.0006554912736307 0.49999999999997724
    vertex 206.25154934853876 3.0006554912736307 -2.255973186038318e-14
  endloop
endfacet
facet normal -0.9914448613738135 0.13052619222002843 0.0
  outer loop
    vertex 206.30947544384733 3.4406478679479147 0.49999999999997724
    vertex 206.25154934853876 3.0006554912736307 -2.255973186038318e-14
    vertex 206.25154934853876 3.0006554912736307 0.49999999999997724
  endloop
endfacet
facet normal -0.9914448613738135 0.13052619222002843 0.0
  outer loop
    vertex 206.25154934853876 3.0006554912736307 -2.255973186038318e-14
    vertex 206.30947544384733 3.4406478679479147 0.49999999999997724
    vertex 206.30947544384733 3.4406478679479147 -2.255973186038318e-14
  endloop
endfacet
facet normal -0.9914448613738136 -0.13052619222002823 -0.0
  outer loop
    vertex 206.25154934853876 3.8806402446221995 0.49999999999997724
    vertex 206.30947544384733 3.4406478679479147 -2.255973186038318e-14
    vertex 206.30947544384733 3.4406478679479147 0.49999999999997724
  endloop
endfacet
facet normal -0.9914448613738136 -0.13052619222002823 -0.0
  outer loop
    vertex 206.30947544384733 3.4406478679479147 -2.255973186038318e-14
    vertex 206.25154934853876 3.8806402446221995 0.49999999999997724
    vertex 206.25154934853876 3.8806402446221995 -2.255973186038318e-14
  endloop
endfacet
facet normal -0.9238795325112954 -0.3826834323650691 -0.0
  outer loop
    vertex 206.0817186302809 4.290647867947914 0.49999999999997724
    vertex 206.25154934853876 3.8806402446221995 -2.255973186038318e-14
    vertex 206.25154934853876 3.8806402446221995 0.49999999999997724
  endloop
endfacet
facet normal -0.9238795325112954 -0.3826834323650691 -0.0
  outer loop
    vertex 206.25154934853876 3.8806402446221995 -2.255973186038318e-14
    vertex 206.0817186302809 4.290647867947914 0.49999999999997724
    vertex 206.0817186302809 4.290647867947914 -2.255973186038318e-14
  endloop
endfacet
facet normal -0.7933533402912473 -0.6087614290087049 -0.0
  outer loop
    vertex 205.8115569718645 4.642729395965044 0.49999999999997724
    vertex 206.0817186302809 4.290647867947914 -2.255973186038318e-14
    vertex 206.0817186302809 4.290647867947914 0.49999999999997724
  endloop
endfacet
facet normal -0.7933533402912473 -0.6087614290087049 -0.0
  outer loop
    vertex 206.0817186302809 4.290647867947914 -2.255973186038318e-14
    vertex 205.8115569718645 4.642729395965044 0.49999999999997724
    vertex 205.8115569718645 4.642729395965044 -2.255973186038318e-14
  endloop
endfacet
facet normal -0.6087614290086979 -0.7933533402912526 -0.0
  outer loop
    vertex 205.8115569718645 4.642729395965044 0.49999999999997724
    vertex 205.45947544384734 4.912891054381459 -2.255973186038318e-14
    vertex 205.8115569718645 4.642729395965044 -2.255973186038318e-14
  endloop
endfacet
facet normal -0.6087614290086979 -0.7933533402912526 -0.0
  outer loop
    vertex 205.45947544384734 4.912891054381459 -2.255973186038318e-14
    vertex 205.8115569718645 4.642729395965044 0.49999999999997724
    vertex 205.45947544384734 4.912891054381459 0.49999999999997724
  endloop
endfacet
facet normal -0.38268343236508023 -0.9238795325112907 -0.0
  outer loop
    vertex 205.45947544384734 4.912891054381459 0.49999999999997724
    vertex 205.0494678205216 5.082721772639328 -2.255973186038318e-14
    vertex 205.45947544384734 4.912891054381459 -2.255973186038318e-14
  endloop
endfacet
facet normal -0.38268343236508023 -0.9238795325112907 -0.0
  outer loop
    vertex 205.0494678205216 5.082721772639328 -2.255973186038318e-14
    vertex 205.45947544384734 4.912891054381459 0.49999999999997724
    vertex 205.0494678205216 5.082721772639328 0.49999999999997724
  endloop
endfacet
facet normal -0.13052619222005957 -0.9914448613738095 -0.0
  outer loop
    vertex 205.0494678205216 5.082721772639328 0.49999999999997724
    vertex 204.60947544384734 5.140647867947912 -2.255973186038318e-14
    vertex 205.0494678205216 5.082721772639328 -2.255973186038318e-14
  endloop
endfacet
facet normal -0.13052619222005957 -0.9914448613738095 -0.0
  outer loop
    vertex 204.60947544384734 5.140647867947912 -2.255973186038318e-14
    vertex 205.0494678205216 5.082721772639328 0.49999999999997724
    vertex 204.60947544384734 5.140647867947912 0.49999999999997724
  endloop
endfacet
facet normal 0.13052619222005643 -0.9914448613738098 0.0
  outer loop
    vertex 204.60947544384734 5.140647867947912 0.49999999999997724
    vertex 204.1694830671731 5.08272177263933 -2.255973186038318e-14
    vertex 204.60947544384734 5.140647867947912 -2.255973186038318e-14
  endloop
endfacet
facet normal 0.13052619222005643 -0.9914448613738098 0.0
  outer loop
    vertex 204.1694830671731 5.08272177263933 -2.255973186038318e-14
    vertex 204.60947544384734 5.140647867947912 0.49999999999997724
    vertex 204.1694830671731 5.08272177263933 0.49999999999997724
  endloop
endfacet
facet normal 0.3826834323650829 -0.9238795325112896 0.0
  outer loop
    vertex 204.1694830671731 5.08272177263933 0.49999999999997724
    vertex 203.75947544384738 4.912891054381459 -2.255973186038318e-14
    vertex 204.1694830671731 5.08272177263933 -2.255973186038318e-14
  endloop
endfacet
facet normal 0.3826834323650829 -0.9238795325112896 0.0
  outer loop
    vertex 203.75947544384738 4.912891054381459 -2.255973186038318e-14
    vertex 204.1694830671731 5.08272177263933 0.49999999999997724
    vertex 203.75947544384738 4.912891054381459 0.49999999999997724
  endloop
endfacet
facet normal 0.6087614290086969 -0.7933533402912534 0.0
  outer loop
    vertex 203.75947544384738 4.912891054381459 0.49999999999997724
    vertex 203.40739391583023 4.642729395965045 -2.255973186038318e-14
    vertex 203.75947544384738 4.912891054381459 -2.255973186038318e-14
  endloop
endfacet
facet normal 0.6087614290086969 -0.7933533402912534 0.0
  outer loop
    vertex 203.40739391583023 4.642729395965045 -2.255973186038318e-14
    vertex 203.75947544384738 4.912891054381459 0.49999999999997724
    vertex 203.40739391583023 4.642729395965045 0.49999999999997724
  endloop
endfacet
facet normal 0.7933533402912478 -0.6087614290087041 0.0
  outer loop
    vertex 203.40739391583023 4.642729395965045 -2.255973186038318e-14
    vertex 203.1372322574138 4.290647867947914 0.49999999999997724
    vertex 203.1372322574138 4.290647867947914 -2.255973186038318e-14
  endloop
endfacet
facet normal 0.7933533402912478 -0.6087614290087041 0.0
  outer loop
    vertex 203.1372322574138 4.290647867947914 0.49999999999997724
    vertex 203.40739391583023 4.642729395965045 -2.255973186038318e-14
    vertex 203.40739391583023 4.642729395965045 0.49999999999997724
  endloop
endfacet
facet normal 0.7519767386866343 0.09899961577570947 0.651713173528413
  outer loop
    vertex 202.96740153915593 79.00065549127362 0.4999999999999774
    vertex 201.60947544384737 79.4406478679479 1.9999999999999774
    vertex 201.71169796498015 78.66419073264034 1.9999999999999774
  endloop
endfacet
facet normal 0.7519767386866343 0.09899961577570947 0.651713173528413
  outer loop
    vertex 201.60947544384737 79.4406478679479 1.9999999999999774
    vertex 202.96740153915593 79.00065549127362 0.4999999999999774
    vertex 202.90947544384736 79.4406478679479 0.4999999999999774
  endloop
endfacet
facet normal 0.7007307666454504 0.29025218711666134 0.6517131735284121
  outer loop
    vertex 203.1372322574138 78.59064786794791 0.4999999999999774
    vertex 201.71169796498015 78.66419073264034 1.9999999999999774
    vertex 202.01139923249406 77.9406478679479 1.9999999999999774
  endloop
endfacet
facet normal 0.7007307666454504 0.29025218711666134 0.6517131735284121
  outer loop
    vertex 201.71169796498015 78.66419073264034 1.9999999999999774
    vertex 203.1372322574138 78.59064786794791 0.4999999999999774
    vertex 202.96740153915593 79.00065549127362 0.4999999999999774
  endloop
endfacet
facet normal 0.6017311508697468 0.46172455156997877 0.6517131735284105
  outer loop
    vertex 202.4881551002877 77.31932752438827 1.9999999999999774
    vertex 203.1372322574138 78.59064786794791 0.4999999999999774
    vertex 202.01139923249406 77.9406478679479 1.9999999999999774
  endloop
endfacet
facet normal 0.6017311508697468 0.46172455156997877 0.6517131735284105
  outer loop
    vertex 203.1372322574138 78.59064786794791 0.4999999999999774
    vertex 202.4881551002877 77.31932752438827 1.9999999999999774
    vertex 203.40739391583023 78.23856633993078 0.4999999999999774
  endloop
endfacet
facet normal 0.46172455156998093 0.6017311508697434 0.6517131735284122
  outer loop
    vertex 203.10947544384734 76.8425716565946 1.9999999999999774
    vertex 203.40739391583023 78.23856633993078 0.4999999999999774
    vertex 202.4881551002877 77.31932752438827 1.9999999999999774
  endloop
endfacet
facet normal 0.46172455156998093 0.6017311508697434 0.6517131735284122
  outer loop
    vertex 203.40739391583023 78.23856633993078 0.4999999999999774
    vertex 203.10947544384734 76.8425716565946 1.9999999999999774
    vertex 203.75947544384738 77.96840468151436 0.4999999999999774
  endloop
endfacet
facet normal 0.2902521871166451 0.7007307666454589 0.6517131735284103
  outer loop
    vertex 203.10947544384734 76.8425716565946 1.9999999999999774
    vertex 204.1694830671731 77.79857396325649 0.4999999999999774
    vertex 203.75947544384738 77.96840468151436 0.4999999999999774
  endloop
endfacet
facet normal 0.2902521871166451 0.7007307666454589 0.6517131735284103
  outer loop
    vertex 204.1694830671731 77.79857396325649 0.4999999999999774
    vertex 203.10947544384734 76.8425716565946 1.9999999999999774
    vertex 203.8330183085398 76.5428703890807 1.9999999999999774
  endloop
endfacet
facet normal 0.09899961577571252 0.7519767386866366 0.65171317352841
  outer loop
    vertex 203.8330183085398 76.5428703890807 1.9999999999999774
    vertex 204.60947544384734 77.74064786794791 0.4999999999999774
    vertex 204.1694830671731 77.79857396325649 0.4999999999999774
  endloop
endfacet
facet normal 0.09899961577571252 0.7519767386866366 0.65171317352841
  outer loop
    vertex 204.60947544384734 77.74064786794791 0.4999999999999774
    vertex 203.8330183085398 76.5428703890807 1.9999999999999774
    vertex 204.60947544384734 76.44064786794792 1.9999999999999774
  endloop
endfacet
facet normal -0.09899961577572297 0.7519767386866373 0.6517131735284075
  outer loop
    vertex 204.60947544384734 76.44064786794792 1.9999999999999774
    vertex 205.04946782052167 77.79857396325649 0.4999999999999774
    vertex 204.60947544384734 77.74064786794791 0.4999999999999774
  endloop
endfacet
facet normal -0.09899961577572297 0.7519767386866373 0.6517131735284075
  outer loop
    vertex 205.04946782052167 77.79857396325649 0.4999999999999774
    vertex 204.60947544384734 76.44064786794792 1.9999999999999774
    vertex 205.3859325791549 76.54287038908072 1.9999999999999774
  endloop
endfacet
facet normal -0.29025218711662587 0.7007307666454712 0.6517131735284055
  outer loop
    vertex 205.3859325791549 76.54287038908072 1.9999999999999774
    vertex 205.45947544384734 77.96840468151436 0.4999999999999774
    vertex 205.04946782052167 77.79857396325649 0.4999999999999774
  endloop
endfacet
facet normal -0.29025218711662587 0.7007307666454712 0.6517131735284055
  outer loop
    vertex 205.45947544384734 77.96840468151436 0.4999999999999774
    vertex 205.3859325791549 76.54287038908072 1.9999999999999774
    vertex 206.10947544384737 76.8425716565946 1.9999999999999774
  endloop
endfacet
facet normal -0.46172455157000775 0.6017311508697364 0.6517131735283995
  outer loop
    vertex 206.10947544384737 76.8425716565946 1.9999999999999774
    vertex 205.8115569718645 78.23856633993078 0.4999999999999774
    vertex 205.45947544384734 77.96840468151436 0.4999999999999774
  endloop
endfacet
facet normal -0.46172455157000775 0.6017311508697364 0.6517131735283995
  outer loop
    vertex 205.8115569718645 78.23856633993078 0.4999999999999774
    vertex 206.10947544384737 76.8425716565946 1.9999999999999774
    vertex 206.730795787407 77.31932752438827 1.9999999999999774
  endloop
endfacet
facet normal -0.6017311508697463 0.4617245515699955 0.6517131735283992
  outer loop
    vertex 206.730795787407 77.31932752438827 1.9999999999999774
    vertex 206.0817186302809 78.59064786794791 0.4999999999999774
    vertex 205.8115569718645 78.23856633993078 0.4999999999999774
  endloop
endfacet
facet normal -0.6017311508697463 0.4617245515699955 0.6517131735283992
  outer loop
    vertex 206.0817186302809 78.59064786794791 0.4999999999999774
    vertex 206.730795787407 77.31932752438827 1.9999999999999774
    vertex 207.20755165520066 77.9406478679479 1.9999999999999774
  endloop
endfacet
facet normal -0.700730766645464 0.2902521871166723 0.6517131735283925
  outer loop
    vertex 207.50725292271457 78.66419073264035 1.9999999999999774
    vertex 206.0817186302809 78.59064786794791 0.4999999999999774
    vertex 207.20755165520066 77.9406478679479 1.9999999999999774
  endloop
endfacet
facet normal -0.700730766645464 0.2902521871166723 0.6517131735283925
  outer loop
    vertex 206.0817186302809 78.59064786794791 0.4999999999999774
    vertex 207.50725292271457 78.66419073264035 1.9999999999999774
    vertex 206.25154934853876 79.00065549127362 0.4999999999999774
  endloop
endfacet
facet normal -0.7519767386866509 0.09899961577571247 0.6517131735283932
  outer loop
    vertex 207.60947544384734 79.4406478679479 1.9999999999999774
    vertex 206.25154934853876 79.00065549127362 0.4999999999999774
    vertex 207.50725292271457 78.66419073264035 1.9999999999999774
  endloop
endfacet
facet normal -0.7519767386866509 0.09899961577571247 0.6517131735283932
  outer loop
    vertex 206.25154934853876 79.00065549127362 0.4999999999999774
    vertex 207.60947544384734 79.4406478679479 1.9999999999999774
    vertex 206.30947544384733 79.4406478679479 0.4999999999999774
  endloop
endfacet
facet normal -0.7519767386866513 -0.09899961577571262 0.6517131735283928
  outer loop
    vertex 207.50725292271457 80.21710500325547 1.9999999999999774
    vertex 206.30947544384733 79.4406478679479 0.4999999999999774
    vertex 207.60947544384734 79.4406478679479 1.9999999999999774
  endloop
endfacet
facet normal -0.7519767386866513 -0.09899961577571262 0.6517131735283928
  outer loop
    vertex 206.30947544384733 79.4406478679479 0.4999999999999774
    vertex 207.50725292271457 80.21710500325547 1.9999999999999774
    vertex 206.25154934853876 79.88064024462219 0.4999999999999774
  endloop
endfacet
facet normal -0.700730766645464 -0.2902521871166723 0.6517131735283925
  outer loop
    vertex 207.50725292271457 80.21710500325547 1.9999999999999774
    vertex 206.0817186302809 80.29064786794791 0.4999999999999774
    vertex 206.25154934853876 79.88064024462219 0.4999999999999774
  endloop
endfacet
facet normal -0.700730766645464 -0.2902521871166723 0.6517131735283925
  outer loop
    vertex 206.0817186302809 80.29064786794791 0.4999999999999774
    vertex 207.50725292271457 80.21710500325547 1.9999999999999774
    vertex 207.20755165520066 80.9406478679479 1.9999999999999774
  endloop
endfacet
facet normal -0.601731150869758 -0.4617245515699875 0.6517131735283941
  outer loop
    vertex 206.0817186302809 80.29064786794791 0.4999999999999774
    vertex 206.730795787407 81.56196821150755 1.9999999999999774
    vertex 205.8115569718645 80.64272939596503 0.4999999999999774
  endloop
endfacet
facet normal -0.601731150869758 -0.4617245515699875 0.6517131735283941
  outer loop
    vertex 206.730795787407 81.56196821150755 1.9999999999999774
    vertex 206.0817186302809 80.29064786794791 0.4999999999999774
    vertex 207.20755165520066 80.9406478679479 1.9999999999999774
  endloop
endfacet
facet normal -0.4617245515699767 -0.6017311508697615 0.6517131735283983
  outer loop
    vertex 205.8115569718645 80.64272939596503 0.4999999999999774
    vertex 206.10947544384732 82.03872407930122 1.9999999999999774
    vertex 205.45947544384734 80.91289105438145 0.4999999999999774
  endloop
endfacet
facet normal -0.4617245515699767 -0.6017311508697615 0.6517131735283983
  outer loop
    vertex 206.10947544384732 82.03872407930122 1.9999999999999774
    vertex 205.8115569718645 80.64272939596503 0.4999999999999774
    vertex 206.730795787407 81.56196821150755 1.9999999999999774
  endloop
endfacet
facet normal -0.2902521871166606 -0.7007307666454652 0.6517131735283964
  outer loop
    vertex 206.10947544384732 82.03872407930122 1.9999999999999774
    vertex 205.0494678205216 81.08272177263932 0.4999999999999774
    vertex 205.45947544384734 80.91289105438145 0.4999999999999774
  endloop
endfacet
facet normal -0.2902521871166606 -0.7007307666454652 0.6517131735283964
  outer loop
    vertex 205.0494678205216 81.08272177263932 0.4999999999999774
    vertex 206.10947544384732 82.03872407930122 1.9999999999999774
    vertex 205.3859325791549 82.33842534681511 1.9999999999999774
  endloop
endfacet
facet normal -0.0989996157757101 -0.7519767386866462 0.6517131735283993
  outer loop
    vertex 205.3859325791549 82.33842534681511 1.9999999999999774
    vertex 204.60947544384734 81.1406478679479 0.4999999999999774
    vertex 205.0494678205216 81.08272177263932 0.4999999999999774
  endloop
endfacet
facet normal -0.0989996157757101 -0.7519767386866462 0.6517131735283993
  outer loop
    vertex 204.60947544384734 81.1406478679479 0.4999999999999774
    vertex 205.3859325791549 82.33842534681511 1.9999999999999774
    vertex 204.60947544384734 82.4406478679479 1.9999999999999774
  endloop
endfacet
facet normal 0.09899961577571008 -0.7519767386866459 0.6517131735283993
  outer loop
    vertex 204.60947544384734 82.4406478679479 1.9999999999999774
    vertex 204.1694830671731 81.08272177263932 0.4999999999999774
    vertex 204.60947544384734 81.1406478679479 0.4999999999999774
  endloop
endfacet
facet normal 0.09899961577571008 -0.7519767386866459 0.6517131735283993
  outer loop
    vertex 204.1694830671731 81.08272177263932 0.4999999999999774
    vertex 204.60947544384734 82.4406478679479 1.9999999999999774
    vertex 203.8330183085398 82.33842534681511 1.9999999999999774
  endloop
endfacet
facet normal 0.2902521871166562 -0.7007307666454687 0.6517131735283946
  outer loop
    vertex 203.8330183085398 82.33842534681511 1.9999999999999774
    vertex 203.75947544384738 80.91289105438145 0.4999999999999774
    vertex 204.1694830671731 81.08272177263932 0.4999999999999774
  endloop
endfacet
facet normal 0.2902521871166562 -0.7007307666454687 0.6517131735283946
  outer loop
    vertex 203.75947544384738 80.91289105438145 0.4999999999999774
    vertex 203.8330183085398 82.33842534681511 1.9999999999999774
    vertex 203.10947544384734 82.03872407930122 1.9999999999999774
  endloop
endfacet
facet normal 0.4617245515700019 -0.6017311508697428 0.6517131735283976
  outer loop
    vertex 203.40739391583023 80.64272939596503 0.4999999999999774
    vertex 203.10947544384734 82.03872407930122 1.9999999999999774
    vertex 202.4881551002877 81.56196821150755 1.9999999999999774
  endloop
endfacet
facet normal 0.4617245515700019 -0.6017311508697428 0.6517131735283976
  outer loop
    vertex 203.10947544384734 82.03872407930122 1.9999999999999774
    vertex 203.40739391583023 80.64272939596503 0.4999999999999774
    vertex 203.75947544384738 80.91289105438145 0.4999999999999774
  endloop
endfacet
facet normal 0.6017311508697573 -0.4617245515699814 0.6517131735283991
  outer loop
    vertex 203.1372322574138 80.29064786794791 0.4999999999999774
    vertex 202.4881551002877 81.56196821150755 1.9999999999999774
    vertex 202.01139923249406 80.9406478679479 1.9999999999999774
  endloop
endfacet
facet normal 0.6017311508697573 -0.4617245515699814 0.6517131735283991
  outer loop
    vertex 202.4881551002877 81.56196821150755 1.9999999999999774
    vertex 203.1372322574138 80.29064786794791 0.4999999999999774
    vertex 203.40739391583023 80.64272939596503 0.4999999999999774
  endloop
endfacet
facet normal 0.7007307666454645 -0.29025218711665857 0.651713173528398
  outer loop
    vertex 203.1372322574138 80.29064786794791 0.4999999999999774
    vertex 201.71169796498015 80.21710500325547 1.9999999999999774
    vertex 202.96740153915593 79.88064024462219 0.4999999999999774
  endloop
endfacet
facet normal 0.7007307666454645 -0.29025218711665857 0.651713173528398
  outer loop
    vertex 201.71169796498015 80.21710500325547 1.9999999999999774
    vertex 203.1372322574138 80.29064786794791 0.4999999999999774
    vertex 202.01139923249406 80.9406478679479 1.9999999999999774
  endloop
endfacet
facet normal 0.7519767386866456 -0.09899961577571187 0.6517131735283997
  outer loop
    vertex 202.96740153915593 79.88064024462219 0.4999999999999774
    vertex 201.60947544384737 79.4406478679479 1.9999999999999774
    vertex 202.90947544384736 79.4406478679479 0.4999999999999774
  endloop
endfacet
facet normal 0.7519767386866456 -0.09899961577571187 0.6517131735283997
  outer loop
    vertex 201.60947544384737 79.4406478679479 1.9999999999999774
    vertex 202.96740153915593 79.88064024462219 0.4999999999999774
    vertex 201.71169796498015 80.21710500325547 1.9999999999999774
  endloop
endfacet
facet normal 0.7519767386866342 -0.09899961577571059 0.6517131735284128
  outer loop
    vertex 202.96740153915593 3.880640244622201 0.49999999999997724
    vertex 201.60947544384737 3.440647867947916 1.9999999999999774
    vertex 202.90947544384736 3.440647867947916 0.49999999999997724
  endloop
endfacet
facet normal 0.7519767386866342 -0.09899961577571059 0.6517131735284128
  outer loop
    vertex 201.60947544384737 3.440647867947916 1.9999999999999774
    vertex 202.96740153915593 3.880640244622201 0.49999999999997724
    vertex 201.71169796498015 4.217105003255477 1.9999999999999774
  endloop
endfacet
facet normal 0.7007307666454523 -0.29025218711665685 0.6517131735284118
  outer loop
    vertex 203.1372322574138 4.290647867947914 0.49999999999997724
    vertex 201.71169796498015 4.217105003255477 1.9999999999999774
    vertex 202.96740153915593 3.880640244622201 0.49999999999997724
  endloop
endfacet
facet normal 0.7007307666454523 -0.29025218711665685 0.6517131735284118
  outer loop
    vertex 201.71169796498015 4.217105003255477 1.9999999999999774
    vertex 203.1372322574138 4.290647867947914 0.49999999999997724
    vertex 202.01139923249406 4.940647867947913 1.9999999999999774
  endloop
endfacet
facet normal 0.601731150869749 -0.46172455156997644 0.65171317352841
  outer loop
    vertex 203.1372322574138 4.290647867947914 0.49999999999997724
    vertex 202.4881551002877 5.561968211507555 1.9999999999999774
    vertex 202.01139923249406 4.940647867947913 1.9999999999999774
  endloop
endfacet
facet normal 0.601731150869749 -0.46172455156997644 0.65171317352841
  outer loop
    vertex 202.4881551002877 5.561968211507555 1.9999999999999774
    vertex 203.1372322574138 4.290647867947914 0.49999999999997724
    vertex 203.40739391583023 4.642729395965045 0.49999999999997724
  endloop
endfacet
facet normal 0.46172455156997644 -0.6017311508697453 0.6517131735284135
  outer loop
    vertex 203.40739391583023 4.642729395965045 0.49999999999997724
    vertex 203.10947544384734 6.038724079301227 1.9999999999999774
    vertex 202.4881551002877 5.561968211507555 1.9999999999999774
  endloop
endfacet
facet normal 0.46172455156997644 -0.6017311508697453 0.6517131735284135
  outer loop
    vertex 203.10947544384734 6.038724079301227 1.9999999999999774
    vertex 203.40739391583023 4.642729395965045 0.49999999999997724
    vertex 203.75947544384738 4.912891054381459 0.49999999999997724
  endloop
endfacet
facet normal 0.2902521871166412 -0.7007307666454553 0.6517131735284157
  outer loop
    vertex 203.8330183085398 6.338425346815114 1.9999999999999774
    vertex 203.75947544384738 4.912891054381459 0.49999999999997724
    vertex 204.1694830671731 5.08272177263933 0.49999999999997724
  endloop
endfacet
facet normal 0.2902521871166412 -0.7007307666454553 0.6517131735284157
  outer loop
    vertex 203.75947544384738 4.912891054381459 0.49999999999997724
    vertex 203.8330183085398 6.338425346815114 1.9999999999999774
    vertex 203.10947544384734 6.038724079301227 1.9999999999999774
  endloop
endfacet
facet normal 0.09899961577572187 -0.7519767386866314 0.6517131735284144
  outer loop
    vertex 204.60947544384734 6.44064786794791 1.9999999999999774
    vertex 204.1694830671731 5.08272177263933 0.49999999999997724
    vertex 204.60947544384734 5.140647867947912 0.49999999999997724
  endloop
endfacet
facet normal 0.09899961577572187 -0.7519767386866314 0.6517131735284144
  outer loop
    vertex 204.1694830671731 5.08272177263933 0.49999999999997724
    vertex 204.60947544384734 6.44064786794791 1.9999999999999774
    vertex 203.8330183085398 6.338425346815114 1.9999999999999774
  endloop
endfacet
facet normal -0.09899961577572157 -0.7519767386866325 0.6517131735284132
  outer loop
    vertex 205.3859325791549 6.338425346815114 1.9999999999999774
    vertex 204.60947544384734 5.140647867947912 0.49999999999997724
    vertex 205.0494678205216 5.082721772639328 0.49999999999997724
  endloop
endfacet
facet normal -0.09899961577572157 -0.7519767386866325 0.6517131735284132
  outer loop
    vertex 204.60947544384734 5.140647867947912 0.49999999999997724
    vertex 205.3859325791549 6.338425346815114 1.9999999999999774
    vertex 204.60947544384734 6.44064786794791 1.9999999999999774
  endloop
endfacet
facet normal -0.29025218711664935 -0.700730766645457 0.6517131735284103
  outer loop
    vertex 206.10947544384732 6.038724079301226 1.9999999999999774
    vertex 205.0494678205216 5.082721772639328 0.49999999999997724
    vertex 205.45947544384734 4.912891054381459 0.49999999999997724
  endloop
endfacet
facet normal -0.29025218711664935 -0.700730766645457 0.6517131735284103
  outer loop
    vertex 205.0494678205216 5.082721772639328 0.49999999999997724
    vertex 206.10947544384732 6.038724079301226 1.9999999999999774
    vertex 205.3859325791549 6.338425346815114 1.9999999999999774
  endloop
endfacet
facet normal -0.4617245515699762 -0.60173115086975 0.6517131735284094
  outer loop
    vertex 205.8115569718645 4.642729395965044 0.49999999999997724
    vertex 206.10947544384732 6.038724079301226 1.9999999999999774
    vertex 205.45947544384734 4.912891054381459 0.49999999999997724
  endloop
endfacet
facet normal -0.4617245515699762 -0.60173115086975 0.6517131735284094
  outer loop
    vertex 206.10947544384732 6.038724079301226 1.9999999999999774
    vertex 205.8115569718645 4.642729395965044 0.49999999999997724
    vertex 206.730795787407 5.561968211507553 1.9999999999999774
  endloop
endfacet
facet normal -0.601731150869744 -0.4617245515699794 0.6517131735284127
  outer loop
    vertex 206.0817186302809 4.290647867947914 0.49999999999997724
    vertex 206.730795787407 5.561968211507553 1.9999999999999774
    vertex 205.8115569718645 4.642729395965044 0.49999999999997724
  endloop
endfacet
facet normal -0.601731150869744 -0.4617245515699794 0.6517131735284127
  outer loop
    vertex 206.730795787407 5.561968211507553 1.9999999999999774
    vertex 206.0817186302809 4.290647867947914 0.49999999999997724
    vertex 207.20755165520066 4.940647867947914 1.9999999999999774
  endloop
endfacet
facet normal -0.7007307666454505 -0.2902521871166699 0.651713173528408
  outer loop
    vertex 207.50725292271457 4.217105003255477 1.9999999999999774
    vertex 206.0817186302809 4.290647867947914 0.49999999999997724
    vertex 206.25154934853876 3.8806402446221995 0.49999999999997724
  endloop
endfacet
facet normal -0.7007307666454505 -0.2902521871166699 0.651713173528408
  outer loop
    vertex 206.0817186302809 4.290647867947914 0.49999999999997724
    vertex 207.50725292271457 4.217105003255477 1.9999999999999774
    vertex 207.20755165520066 4.940647867947914 1.9999999999999774
  endloop
endfacet
facet normal -0.7519767386866398 -0.09899961577571088 0.6517131735284064
  outer loop
    vertex 207.60947544384734 3.4406478679479156 1.9999999999999774
    vertex 206.25154934853876 3.8806402446221995 0.49999999999997724
    vertex 206.30947544384733 3.4406478679479147 0.49999999999997724
  endloop
endfacet
facet normal -0.7519767386866398 -0.09899961577571088 0.6517131735284064
  outer loop
    vertex 206.25154934853876 3.8806402446221995 0.49999999999997724
    vertex 207.60947544384734 3.4406478679479156 1.9999999999999774
    vertex 207.50725292271457 4.217105003255477 1.9999999999999774
  endloop
endfacet
facet normal -0.7519767386866396 0.0989996157757109 0.6517131735284065
  outer loop
    vertex 207.60947544384734 3.4406478679479156 1.9999999999999774
    vertex 206.25154934853876 3.0006554912736307 0.49999999999997724
    vertex 207.50725292271457 2.664190732640355 1.9999999999999774
  endloop
endfacet
facet normal -0.7519767386866396 0.0989996157757109 0.6517131735284065
  outer loop
    vertex 206.25154934853876 3.0006554912736307 0.49999999999997724
    vertex 207.60947544384734 3.4406478679479156 1.9999999999999774
    vertex 206.30947544384733 3.4406478679479147 0.49999999999997724
  endloop
endfacet
facet normal -0.7007307666454506 0.29025218711667 0.651713173528408
  outer loop
    vertex 207.50725292271457 2.664190732640355 1.9999999999999774
    vertex 206.0817186302809 2.5906478679479172 0.49999999999997724
    vertex 207.20755165520066 1.9406478679479187 1.9999999999999774
  endloop
endfacet
facet normal -0.7007307666454506 0.29025218711667 0.651713173528408
  outer loop
    vertex 206.0817186302809 2.5906478679479172 0.49999999999997724
    vertex 207.50725292271457 2.664190732640355 1.9999999999999774
    vertex 206.25154934853876 3.0006554912736307 0.49999999999997724
  endloop
endfacet
facet normal -0.6017311508697561 0.46172455156997666 0.6517131735284034
  outer loop
    vertex 206.730795787407 1.3193275243882776 1.9999999999999774
    vertex 206.0817186302809 2.5906478679479172 0.49999999999997724
    vertex 205.8115569718645 2.238566339930787 0.49999999999997724
  endloop
endfacet
facet normal -0.6017311508697561 0.46172455156997666 0.6517131735284034
  outer loop
    vertex 206.0817186302809 2.5906478679479172 0.49999999999997724
    vertex 206.730795787407 1.3193275243882776 1.9999999999999774
    vertex 207.20755165520066 1.9406478679479187 1.9999999999999774
  endloop
endfacet
facet normal -0.46172455157000003 0.6017311508697366 0.651713173528405
  outer loop
    vertex 206.10947544384737 0.8425716565946046 1.9999999999999774
    vertex 205.8115569718645 2.238566339930787 0.49999999999997724
    vertex 205.45947544384734 1.9684046815143725 0.49999999999997724
  endloop
endfacet
facet normal -0.46172455157000003 0.6017311508697366 0.651713173528405
  outer loop
    vertex 205.8115569718645 2.238566339930787 0.49999999999997724
    vertex 206.10947544384737 0.8425716565946046 1.9999999999999774
    vertex 206.730795787407 1.3193275243882776 1.9999999999999774
  endloop
endfacet
facet normal -0.29025218711664263 0.7007307666454666 0.6517131735284029
  outer loop
    vertex 205.3859325791549 0.5428703890807163 1.9999999999999774
    vertex 205.45947544384734 1.9684046815143725 0.49999999999997724
    vertex 205.0494678205216 1.7985739632565025 0.49999999999997724
  endloop
endfacet
facet normal -0.29025218711664263 0.7007307666454666 0.6517131735284029
  outer loop
    vertex 205.45947544384734 1.9684046815143725 0.49999999999997724
    vertex 205.3859325791549 0.5428703890807163 1.9999999999999774
    vertex 206.10947544384737 0.8425716565946046 1.9999999999999774
  endloop
endfacet
facet normal -0.09899961577572082 0.7519767386866416 0.6517131735284027
  outer loop
    vertex 204.60947544384734 0.440647867947921 1.9999999999999774
    vertex 205.0494678205216 1.7985739632565025 0.49999999999997724
    vertex 204.60947544384734 1.7406478679479187 0.49999999999997724
  endloop
endfacet
facet normal -0.09899961577572082 0.7519767386866416 0.6517131735284027
  outer loop
    vertex 205.0494678205216 1.7985739632565025 0.49999999999997724
    vertex 204.60947544384734 0.440647867947921 1.9999999999999774
    vertex 205.3859325791549 0.5428703890807163 1.9999999999999774
  endloop
endfacet
facet normal 0.09899961577572292 0.7519767386866381 0.6517131735284065
  outer loop
    vertex 203.8330183085398 0.5428703890807159 1.9999999999999774
    vertex 204.60947544384734 1.7406478679479187 0.49999999999997724
    vertex 204.1694830671731 1.7985739632565025 0.49999999999997724
  endloop
endfacet
facet normal 0.09899961577572292 0.7519767386866381 0.6517131735284065
  outer loop
    vertex 204.60947544384734 1.7406478679479187 0.49999999999997724
    vertex 203.8330183085398 0.5428703890807159 1.9999999999999774
    vertex 204.60947544384734 0.440647867947921 1.9999999999999774
  endloop
endfacet
facet normal 0.29025218711664347 0.7007307666454594 0.6517131735284102
  outer loop
    vertex 203.10947544384734 0.8425716565946036 1.9999999999999774
    vertex 204.1694830671731 1.7985739632565025 0.49999999999997724
    vertex 203.75947544384738 1.9684046815143723 0.49999999999997724
  endloop
endfacet
facet normal 0.29025218711664347 0.7007307666454594 0.6517131735284102
  outer loop
    vertex 204.1694830671731 1.7985739632565025 0.49999999999997724
    vertex 203.10947544384734 0.8425716565946036 1.9999999999999774
    vertex 203.8330183085398 0.5428703890807159 1.9999999999999774
  endloop
endfacet
facet normal 0.46172455156999254 0.6017311508697359 0.6517131735284107
  outer loop
    vertex 203.10947544384734 0.8425716565946036 1.9999999999999774
    vertex 203.40739391583023 2.238566339930787 0.49999999999997724
    vertex 202.4881551002877 1.3193275243882767 1.9999999999999774
  endloop
endfacet
facet normal 0.46172455156999254 0.6017311508697359 0.6517131735284107
  outer loop
    vertex 203.40739391583023 2.238566339930787 0.49999999999997724
    vertex 203.10947544384734 0.8425716565946036 1.9999999999999774
    vertex 203.75947544384738 1.9684046815143723 0.49999999999997724
  endloop
endfacet
facet normal 0.6017311508697455 0.461724551569976 0.6517131735284138
  outer loop
    vertex 202.4881551002877 1.3193275243882767 1.9999999999999774
    vertex 203.1372322574138 2.5906478679479172 0.49999999999997724
    vertex 202.01139923249406 1.9406478679479175 1.9999999999999774
  endloop
endfacet
facet normal 0.6017311508697455 0.461724551569976 0.6517131735284138
  outer loop
    vertex 203.1372322574138 2.5906478679479172 0.49999999999997724
    vertex 202.4881551002877 1.3193275243882767 1.9999999999999774
    vertex 203.40739391583023 2.238566339930787 0.49999999999997724
  endloop
endfacet
facet normal 0.700730766645452 0.2902521871166574 0.651713173528412
  outer loop
    vertex 203.1372322574138 2.5906478679479172 0.49999999999997724
    vertex 201.71169796498015 2.664190732640353 1.9999999999999774
    vertex 202.01139923249406 1.9406478679479175 1.9999999999999774
  endloop
endfacet
facet normal 0.700730766645452 0.2902521871166574 0.651713173528412
  outer loop
    vertex 201.71169796498015 2.664190732640353 1.9999999999999774
    vertex 203.1372322574138 2.5906478679479172 0.49999999999997724
    vertex 202.96740153915593 3.0006554912736303 0.49999999999997724
  endloop
endfacet
facet normal 0.7519767386866343 0.09899961577571031 0.6517131735284128
  outer loop
    vertex 202.96740153915593 3.0006554912736303 0.49999999999997724
    vertex 201.60947544384737 3.440647867947916 1.9999999999999774
    vertex 201.71169796498015 2.664190732640353 1.9999999999999774
  endloop
endfacet
facet normal 0.7519767386866343 0.09899961577571031 0.6517131735284128
  outer loop
    vertex 201.60947544384737 3.440647867947916 1.9999999999999774
    vertex 202.96740153915593 3.0006554912736303 0.49999999999997724
    vertex 202.90947544384736 3.440647867947916 0.49999999999997724
  endloop
endfacet
facet normal 0.751976738686634 0.09899961577571063 0.6517131735284131
  outer loop
    vertex 126.96740153915596 3.00065549127363 0.49999999999997724
    vertex 125.60947544384739 3.440647867947914 1.9999999999999774
    vertex 125.71169796498017 2.6641907326403533 1.9999999999999774
  endloop
endfacet
facet normal 0.751976738686634 0.09899961577571063 0.6517131735284131
  outer loop
    vertex 125.60947544384739 3.440647867947914 1.9999999999999774
    vertex 126.96740153915596 3.00065549127363 0.49999999999997724
    vertex 126.90947544384738 3.4406478679479147 0.49999999999997724
  endloop
endfacet
facet normal 0.7007307666454523 0.29025218711665696 0.6517131735284118
  outer loop
    vertex 127.13723225741384 2.590647867947916 0.49999999999997724
    vertex 125.71169796498017 2.6641907326403533 1.9999999999999774
    vertex 126.01139923249409 1.9406478679479169 1.9999999999999774
  endloop
endfacet
facet normal 0.7007307666454523 0.29025218711665696 0.6517131735284118
  outer loop
    vertex 125.71169796498017 2.6641907326403533 1.9999999999999774
    vertex 127.13723225741384 2.590647867947916 0.49999999999997724
    vertex 126.96740153915596 3.00065549127363 0.49999999999997724
  endloop
endfacet
facet normal 0.6017311508697473 0.46172455156997705 0.6517131735284114
  outer loop
    vertex 126.48815510028773 1.3193275243882765 1.9999999999999774
    vertex 127.13723225741384 2.590647867947916 0.49999999999997724
    vertex 126.01139923249409 1.9406478679479169 1.9999999999999774
  endloop
endfacet
facet normal 0.6017311508697473 0.46172455156997705 0.6517131735284114
  outer loop
    vertex 127.13723225741384 2.590647867947916 0.49999999999997724
    vertex 126.48815510028773 1.3193275243882765 1.9999999999999774
    vertex 127.40739391583024 2.2385663399307862 0.49999999999997724
  endloop
endfacet
facet normal 0.4617245515699858 0.6017311508697418 0.6517131735284102
  outer loop
    vertex 127.10947544384739 0.8425716565946036 1.9999999999999774
    vertex 127.40739391583024 2.2385663399307862 0.49999999999997724
    vertex 126.48815510028773 1.3193275243882765 1.9999999999999774
  endloop
endfacet
facet normal 0.4617245515699858 0.6017311508697418 0.6517131735284102
  outer loop
    vertex 127.40739391583024 2.2385663399307862 0.49999999999997724
    vertex 127.10947544384739 0.8425716565946036 1.9999999999999774
    vertex 127.75947544384739 1.9684046815143719 0.49999999999997724
  endloop
endfacet
facet normal 0.29025218711664447 0.7007307666454602 0.6517131735284091
  outer loop
    vertex 127.10947544384739 0.8425716565946036 1.9999999999999774
    vertex 128.1694830671731 1.798573963256502 0.49999999999997724
    vertex 127.75947544384739 1.9684046815143719 0.49999999999997724
  endloop
endfacet
facet normal 0.29025218711664447 0.7007307666454602 0.6517131735284091
  outer loop
    vertex 128.1694830671731 1.798573963256502 0.49999999999997724
    vertex 127.10947544384739 0.8425716565946036 1.9999999999999774
    vertex 127.83301830853982 0.5428703890807155 1.9999999999999774
  endloop
endfacet
facet normal 0.0989996157757199 0.7519767386866352 0.6517131735284104
  outer loop
    vertex 127.83301830853982 0.5428703890807155 1.9999999999999774
    vertex 128.60947544384737 1.7406478679479187 0.49999999999997724
    vertex 128.1694830671731 1.798573963256502 0.49999999999997724
  endloop
endfacet
facet normal 0.0989996157757199 0.7519767386866352 0.6517131735284104
  outer loop
    vertex 128.60947544384737 1.7406478679479187 0.49999999999997724
    vertex 127.83301830853982 0.5428703890807155 1.9999999999999774
    vertex 128.60947544384737 0.440647867947921 1.9999999999999774
  endloop
endfacet
facet normal -0.09899961577572126 0.7519767386866352 0.6517131735284101
  outer loop
    vertex 128.60947544384737 0.440647867947921 1.9999999999999774
    vertex 129.04946782052167 1.7985739632565028 0.49999999999997724
    vertex 128.60947544384737 1.7406478679479187 0.49999999999997724
  endloop
endfacet
facet normal -0.09899961577572126 0.7519767386866352 0.6517131735284101
  outer loop
    vertex 129.04946782052167 1.7985739632565028 0.49999999999997724
    vertex 128.60947544384737 0.440647867947921 1.9999999999999774
    vertex 129.38593257915494 0.5428703890807166 1.9999999999999774
  endloop
endfacet
facet normal -0.2902521871166393 0.7007307666454612 0.6517131735284103
  outer loop
    vertex 129.38593257915494 0.5428703890807166 1.9999999999999774
    vertex 129.4594754438474 1.968404681514373 0.49999999999997724
    vertex 129.04946782052167 1.7985739632565028 0.49999999999997724
  endloop
endfacet
facet normal -0.2902521871166393 0.7007307666454612 0.6517131735284103
  outer loop
    vertex 129.4594754438474 1.968404681514373 0.49999999999997724
    vertex 129.38593257915494 0.5428703890807166 1.9999999999999774
    vertex 130.10947544384737 0.8425716565946046 1.9999999999999774
  endloop
endfacet
facet normal -0.4617245515699866 0.6017311508697429 0.6517131735284086
  outer loop
    vertex 130.10947544384737 0.8425716565946046 1.9999999999999774
    vertex 129.81155697186452 2.2385663399307876 0.49999999999997724
    vertex 129.4594754438474 1.968404681514373 0.49999999999997724
  endloop
endfacet
facet normal -0.4617245515699866 0.6017311508697429 0.6517131735284086
  outer loop
    vertex 129.81155697186452 2.2385663399307876 0.49999999999997724
    vertex 130.10947544384737 0.8425716565946046 1.9999999999999774
    vertex 130.73079578740703 1.3193275243882772 1.9999999999999774
  endloop
endfacet
facet normal -0.6017311508697496 0.4617245515699771 0.6517131735284091
  outer loop
    vertex 130.73079578740703 1.3193275243882772 1.9999999999999774
    vertex 130.08171863028093 2.5906478679479177 0.49999999999997724
    vertex 129.81155697186452 2.2385663399307876 0.49999999999997724
  endloop
endfacet
facet normal -0.6017311508697496 0.4617245515699771 0.6517131735284091
  outer loop
    vertex 130.08171863028093 2.5906478679479177 0.49999999999997724
    vertex 130.73079578740703 1.3193275243882772 1.9999999999999774
    vertex 131.2075516552007 1.9406478679479189 1.9999999999999774
  endloop
endfacet
facet normal -0.7007307666454526 0.2902521871166569 0.6517131735284114
  outer loop
    vertex 131.5072529227146 2.664190732640355 1.9999999999999774
    vertex 130.08171863028093 2.5906478679479177 0.49999999999997724
    vertex 131.2075516552007 1.9406478679479189 1.9999999999999774
  endloop
endfacet
facet normal -0.7007307666454526 0.2902521871166569 0.6517131735284114
  outer loop
    vertex 130.08171863028093 2.5906478679479177 0.49999999999997724
    vertex 131.5072529227146 2.664190732640355 1.9999999999999774
    vertex 130.25154934853882 3.0006554912736316 0.49999999999997724
  endloop
endfacet
facet normal -0.7519767386866342 0.09899961577571072 0.651713173528413
  outer loop
    vertex 131.60947544384737 3.440647867947916 1.9999999999999774
    vertex 130.25154934853882 3.0006554912736316 0.49999999999997724
    vertex 131.5072529227146 2.664190732640355 1.9999999999999774
  endloop
endfacet
facet normal -0.7519767386866342 0.09899961577571072 0.651713173528413
  outer loop
    vertex 130.25154934853882 3.0006554912736316 0.49999999999997724
    vertex 131.60947544384737 3.440647867947916 1.9999999999999774
    vertex 130.3094754438474 3.440647867947916 0.49999999999997724
  endloop
endfacet
facet normal -0.7519767386866343 -0.09899961577571022 0.651713173528413
  outer loop
    vertex 131.5072529227146 4.2171050032554795 1.9999999999999774
    vertex 130.3094754438474 3.440647867947916 0.49999999999997724
    vertex 131.60947544384737 3.440647867947916 1.9999999999999774
  endloop
endfacet
facet normal -0.7519767386866343 -0.09899961577571022 0.651713173528413
  outer loop
    vertex 130.3094754438474 3.440647867947916 0.49999999999997724
    vertex 131.5072529227146 4.2171050032554795 1.9999999999999774
    vertex 130.25154934853882 3.880640244622202 0.49999999999997724
  endloop
endfacet
facet normal -0.700730766645452 -0.2902521871166573 0.6517131735284122
  outer loop
    vertex 131.5072529227146 4.2171050032554795 1.9999999999999774
    vertex 130.08171863028093 4.290647867947915 0.49999999999997724
    vertex 130.25154934853882 3.880640244622202 0.49999999999997724
  endloop
endfacet
facet normal -0.700730766645452 -0.2902521871166573 0.6517131735284122
  outer loop
    vertex 130.08171863028093 4.290647867947915 0.49999999999997724
    vertex 131.5072529227146 4.2171050032554795 1.9999999999999774
    vertex 131.2075516552007 4.940647867947915 1.9999999999999774
  endloop
endfacet
facet normal -0.6017311508697468 -0.46172455156997705 0.6517131735284118
  outer loop
    vertex 130.08171863028093 4.290647867947915 0.49999999999997724
    vertex 130.73079578740703 5.561968211507555 1.9999999999999774
    vertex 129.81155697186452 4.642729395965045 0.49999999999997724
  endloop
endfacet
facet normal -0.6017311508697468 -0.46172455156997705 0.6517131735284118
  outer loop
    vertex 130.73079578740703 5.561968211507555 1.9999999999999774
    vertex 130.08171863028093 4.290647867947915 0.49999999999997724
    vertex 131.2075516552007 4.940647867947915 1.9999999999999774
  endloop
endfacet
facet normal -0.46172455156998554 -0.6017311508697412 0.6517131735284108
  outer loop
    vertex 129.81155697186452 4.642729395965045 0.49999999999997724
    vertex 130.10947544384737 6.038724079301228 1.9999999999999774
    vertex 129.45947544384737 4.9128910543814595 0.49999999999997724
  endloop
endfacet
facet normal -0.46172455156998554 -0.6017311508697412 0.6517131735284108
  outer loop
    vertex 130.10947544384737 6.038724079301228 1.9999999999999774
    vertex 129.81155697186452 4.642729395965045 0.49999999999997724
    vertex 130.73079578740703 5.561968211507555 1.9999999999999774
  endloop
endfacet
facet normal -0.2902521871166435 -0.7007307666454599 0.6517131735284099
  outer loop
    vertex 130.10947544384737 6.038724079301228 1.9999999999999774
    vertex 129.04946782052167 5.08272177263933 0.49999999999997724
    vertex 129.45947544384737 4.9128910543814595 0.49999999999997724
  endloop
endfacet
facet normal -0.2902521871166435 -0.7007307666454599 0.6517131735284099
  outer loop
    vertex 129.04946782052167 5.08272177263933 0.49999999999997724
    vertex 130.10947544384737 6.038724079301228 1.9999999999999774
    vertex 129.38593257915494 6.338425346815116 1.9999999999999774
  endloop
endfacet
facet normal -0.09899961577572078 -0.751976738686634 0.6517131735284116
  outer loop
    vertex 129.38593257915494 6.338425346815116 1.9999999999999774
    vertex 128.60947544384737 5.140647867947912 0.49999999999997724
    vertex 129.04946782052167 5.08272177263933 0.49999999999997724
  endloop
endfacet
facet normal -0.09899961577572078 -0.751976738686634 0.6517131735284116
  outer loop
    vertex 128.60947544384737 5.140647867947912 0.49999999999997724
    vertex 129.38593257915494 6.338425346815116 1.9999999999999774
    vertex 128.60947544384737 6.44064786794791 1.9999999999999774
  endloop
endfacet
facet normal 0.09899961577572136 -0.7519767386866344 0.6517131735284111
  outer loop
    vertex 128.60947544384737 6.44064786794791 1.9999999999999774
    vertex 128.1694830671731 5.082721772639328 0.49999999999997724
    vertex 128.60947544384737 5.140647867947912 0.49999999999997724
  endloop
endfacet
facet normal 0.09899961577572136 -0.7519767386866344 0.6517131735284111
  outer loop
    vertex 128.1694830671731 5.082721772639328 0.49999999999997724
    vertex 128.60947544384737 6.44064786794791 1.9999999999999774
    vertex 127.83301830853982 6.338425346815114 1.9999999999999774
  endloop
endfacet
facet normal 0.2902521871166386 -0.7007307666454609 0.6517131735284108
  outer loop
    vertex 127.83301830853982 6.338425346815114 1.9999999999999774
    vertex 127.75947544384736 4.912891054381458 0.49999999999997724
    vertex 128.1694830671731 5.082721772639328 0.49999999999997724
  endloop
endfacet
facet normal 0.2902521871166386 -0.7007307666454609 0.6517131735284108
  outer loop
    vertex 127.75947544384736 4.912891054381458 0.49999999999997724
    vertex 127.83301830853982 6.338425346815114 1.9999999999999774
    vertex 127.10947544384739 6.038724079301226 1.9999999999999774
  endloop
endfacet
facet normal 0.4617245515699912 -0.6017311508697398 0.6517131735284081
  outer loop
    vertex 127.40739391583024 4.642729395965042 0.49999999999997724
    vertex 127.10947544384739 6.038724079301226 1.9999999999999774
    vertex 126.48815510028773 5.561968211507553 1.9999999999999774
  endloop
endfacet
facet normal 0.4617245515699912 -0.6017311508697398 0.6517131735284081
  outer loop
    vertex 127.10947544384739 6.038724079301226 1.9999999999999774
    vertex 127.40739391583024 4.642729395965042 0.49999999999997724
    vertex 127.75947544384736 4.912891054381458 0.49999999999997724
  endloop
endfacet
facet normal 0.6017311508697368 -0.4617245515699979 0.6517131735284062
  outer loop
    vertex 127.13723225741384 4.2906478679479125 0.49999999999997724
    vertex 126.48815510028773 5.561968211507553 1.9999999999999774
    vertex 126.01139923249406 4.940647867947911 1.9999999999999774
  endloop
endfacet
facet normal 0.6017311508697368 -0.4617245515699979 0.6517131735284062
  outer loop
    vertex 126.48815510028773 5.561968211507553 1.9999999999999774
    vertex 127.13723225741384 4.2906478679479125 0.49999999999997724
    vertex 127.40739391583024 4.642729395965042 0.49999999999997724
  endloop
endfacet
facet normal 0.7007307666454605 -0.29025218711664963 0.6517131735284063
  outer loop
    vertex 127.13723225741384 4.2906478679479125 0.49999999999997724
    vertex 125.71169796498017 4.217105003255474 1.9999999999999774
    vertex 126.96740153915596 3.8806402446221986 0.49999999999997724
  endloop
endfacet
facet normal 0.7007307666454605 -0.29025218711664963 0.6517131735284063
  outer loop
    vertex 125.71169796498017 4.217105003255474 1.9999999999999774
    vertex 127.13723225741384 4.2906478679479125 0.49999999999997724
    vertex 126.01139923249406 4.940647867947911 1.9999999999999774
  endloop
endfacet
facet normal 0.7519767386866402 -0.09899961577570968 0.6517131735284061
  outer loop
    vertex 126.90947544384738 3.4406478679479147 0.49999999999997724
    vertex 125.71169796498017 4.217105003255474 1.9999999999999774
    vertex 125.60947544384739 3.440647867947914 1.9999999999999774
  endloop
endfacet
facet normal 0.7519767386866402 -0.09899961577570968 0.6517131735284061
  outer loop
    vertex 125.71169796498017 4.217105003255474 1.9999999999999774
    vertex 126.90947544384738 3.4406478679479147 0.49999999999997724
    vertex 126.96740153915596 3.8806402446221986 0.49999999999997724
  endloop
endfacet
facet normal 0.751976738686634 0.09899961577571023 0.6517131735284132
  outer loop
    vertex 126.96740153915596 79.00065549127362 0.49999999999997724
    vertex 125.60947544384739 79.4406478679479 1.9999999999999774
    vertex 125.71169796498017 78.66419073264035 1.9999999999999774
  endloop
endfacet
facet normal 0.751976738686634 0.09899961577571023 0.6517131735284132
  outer loop
    vertex 125.60947544384739 79.4406478679479 1.9999999999999774
    vertex 126.96740153915596 79.00065549127362 0.49999999999997724
    vertex 126.90947544384738 79.4406478679479 0.49999999999997724
  endloop
endfacet
facet normal 0.700730766645455 0.2902521871166545 0.6517131735284101
  outer loop
    vertex 127.13723225741384 78.59064786794791 0.49999999999997724
    vertex 125.71169796498017 78.66419073264035 1.9999999999999774
    vertex 126.01139923249409 77.9406478679479 1.9999999999999774
  endloop
endfacet
facet normal 0.700730766645455 0.2902521871166545 0.6517131735284101
  outer loop
    vertex 125.71169796498017 78.66419073264035 1.9999999999999774
    vertex 127.13723225741384 78.59064786794791 0.49999999999997724
    vertex 126.96740153915596 79.00065549127362 0.49999999999997724
  endloop
endfacet
facet normal 0.6017311508697419 0.46172455156998893 0.6517131735284077
  outer loop
    vertex 126.48815510028773 77.31932752438827 1.9999999999999774
    vertex 127.13723225741384 78.59064786794791 0.49999999999997724
    vertex 126.01139923249409 77.9406478679479 1.9999999999999774
  endloop
endfacet
facet normal 0.6017311508697419 0.46172455156998893 0.6517131735284077
  outer loop
    vertex 127.13723225741384 78.59064786794791 0.49999999999997724
    vertex 126.48815510028773 77.31932752438827 1.9999999999999774
    vertex 127.40739391583024 78.23856633993078 0.49999999999997724
  endloop
endfacet
facet normal 0.46172455156998876 0.6017311508697396 0.6517131735284101
  outer loop
    vertex 127.10947544384739 76.8425716565946 1.9999999999999774
    vertex 127.40739391583024 78.23856633993078 0.49999999999997724
    vertex 126.48815510028773 77.31932752438827 1.9999999999999774
  endloop
endfacet
facet normal 0.46172455156998876 0.6017311508697396 0.6517131735284101
  outer loop
    vertex 127.40739391583024 78.23856633993078 0.49999999999997724
    vertex 127.10947544384739 76.8425716565946 1.9999999999999774
    vertex 127.75947544384739 77.96840468151436 0.49999999999997724
  endloop
endfacet
facet normal 0.2902521871166452 0.7007307666454587 0.6517131735284103
  outer loop
    vertex 127.10947544384739 76.8425716565946 1.9999999999999774
    vertex 128.1694830671731 77.79857396325649 0.49999999999997724
    vertex 127.75947544384739 77.96840468151436 0.49999999999997724
  endloop
endfacet
facet normal 0.2902521871166452 0.7007307666454587 0.6517131735284103
  outer loop
    vertex 128.1694830671731 77.79857396325649 0.49999999999997724
    vertex 127.10947544384739 76.8425716565946 1.9999999999999774
    vertex 127.83301830853982 76.5428703890807 1.9999999999999774
  endloop
endfacet
facet normal 0.09899961577571055 0.7519767386866364 0.6517131735284103
  outer loop
    vertex 127.83301830853982 76.5428703890807 1.9999999999999774
    vertex 128.60947544384737 77.74064786794791 0.49999999999997724
    vertex 128.1694830671731 77.79857396325649 0.49999999999997724
  endloop
endfacet
facet normal 0.09899961577571055 0.7519767386866364 0.6517131735284103
  outer loop
    vertex 128.60947544384737 77.74064786794791 0.49999999999997724
    vertex 127.83301830853982 76.5428703890807 1.9999999999999774
    vertex 128.60947544384737 76.44064786794792 1.9999999999999774
  endloop
endfacet
facet normal -0.09899961577571077 0.7519767386866372 0.6517131735284095
  outer loop
    vertex 128.60947544384737 76.44064786794792 1.9999999999999774
    vertex 129.04946782052167 77.79857396325649 0.49999999999997724
    vertex 128.60947544384737 77.74064786794791 0.49999999999997724
  endloop
endfacet
facet normal -0.09899961577571077 0.7519767386866372 0.6517131735284095
  outer loop
    vertex 129.04946782052167 77.79857396325649 0.49999999999997724
    vertex 128.60947544384737 76.44064786794792 1.9999999999999774
    vertex 129.38593257915494 76.5428703890807 1.9999999999999774
  endloop
endfacet
facet normal -0.2902521871166458 0.7007307666454603 0.6517131735284083
  outer loop
    vertex 129.38593257915494 76.5428703890807 1.9999999999999774
    vertex 129.4594754438474 77.96840468151436 0.49999999999997724
    vertex 129.04946782052167 77.79857396325649 0.49999999999997724
  endloop
endfacet
facet normal -0.2902521871166458 0.7007307666454603 0.6517131735284083
  outer loop
    vertex 129.4594754438474 77.96840468151436 0.49999999999997724
    vertex 129.38593257915494 76.5428703890807 1.9999999999999774
    vertex 130.10947544384737 76.8425716565946 1.9999999999999774
  endloop
endfacet
facet normal -0.4617245515699837 0.6017311508697469 0.6517131735284069
  outer loop
    vertex 130.10947544384737 76.8425716565946 1.9999999999999774
    vertex 129.81155697186452 78.23856633993078 0.49999999999997724
    vertex 129.4594754438474 77.96840468151436 0.49999999999997724
  endloop
endfacet
facet normal -0.4617245515699837 0.6017311508697469 0.6517131735284069
  outer loop
    vertex 129.81155697186452 78.23856633993078 0.49999999999997724
    vertex 130.10947544384737 76.8425716565946 1.9999999999999774
    vertex 130.73079578740703 77.31932752438827 1.9999999999999774
  endloop
endfacet
facet normal -0.6017311508697458 0.46172455156998654 0.651713173528406
  outer loop
    vertex 130.73079578740703 77.31932752438827 1.9999999999999774
    vertex 130.08171863028093 78.59064786794791 0.49999999999997724
    vertex 129.81155697186452 78.23856633993078 0.49999999999997724
  endloop
endfacet
facet normal -0.6017311508697458 0.46172455156998654 0.651713173528406
  outer loop
    vertex 130.08171863028093 78.59064786794791 0.49999999999997724
    vertex 130.73079578740703 77.31932752438827 1.9999999999999774
    vertex 131.2075516552007 77.9406478679479 1.9999999999999774
  endloop
endfacet
facet normal -0.7007307666454559 0.29025218711665507 0.651713173528409
  outer loop
    vertex 131.5072529227146 78.66419073264035 1.9999999999999774
    vertex 130.08171863028093 78.59064786794791 0.49999999999997724
    vertex 131.2075516552007 77.9406478679479 1.9999999999999774
  endloop
endfacet
facet normal -0.7007307666454559 0.29025218711665507 0.651713173528409
  outer loop
    vertex 130.08171863028093 78.59064786794791 0.49999999999997724
    vertex 131.5072529227146 78.66419073264035 1.9999999999999774
    vertex 130.25154934853882 79.00065549127362 0.49999999999997724
  endloop
endfacet
facet normal -0.7519767386866343 0.0989996157757104 0.6517131735284126
  outer loop
    vertex 131.60947544384737 79.4406478679479 1.9999999999999774
    vertex 130.25154934853882 79.00065549127362 0.49999999999997724
    vertex 131.5072529227146 78.66419073264035 1.9999999999999774
  endloop
endfacet
facet normal -0.7519767386866343 0.0989996157757104 0.6517131735284126
  outer loop
    vertex 130.25154934853882 79.00065549127362 0.49999999999997724
    vertex 131.60947544384737 79.4406478679479 1.9999999999999774
    vertex 130.3094754438474 79.4406478679479 0.49999999999997724
  endloop
endfacet
facet normal -0.7519767386866344 -0.09899961577570937 0.651713173528413
  outer loop
    vertex 131.5072529227146 80.21710500325547 1.9999999999999774
    vertex 130.3094754438474 79.4406478679479 0.49999999999997724
    vertex 131.60947544384737 79.4406478679479 1.9999999999999774
  endloop
endfacet
facet normal -0.7519767386866344 -0.09899961577570937 0.651713173528413
  outer loop
    vertex 130.3094754438474 79.4406478679479 0.49999999999997724
    vertex 131.5072529227146 80.21710500325547 1.9999999999999774
    vertex 130.25154934853882 79.88064024462219 0.49999999999997724
  endloop
endfacet
facet normal -0.7007307666454514 -0.29025218711666173 0.6517131735284107
  outer loop
    vertex 131.5072529227146 80.21710500325547 1.9999999999999774
    vertex 130.08171863028093 80.29064786794791 0.49999999999997724
    vertex 130.25154934853882 79.88064024462219 0.49999999999997724
  endloop
endfacet
facet normal -0.7007307666454514 -0.29025218711666173 0.6517131735284107
  outer loop
    vertex 130.08171863028093 80.29064786794791 0.49999999999997724
    vertex 131.5072529227146 80.21710500325547 1.9999999999999774
    vertex 131.2075516552007 80.9406478679479 1.9999999999999774
  endloop
endfacet
facet normal -0.6017311508697385 -0.46172455156998626 0.651713173528413
  outer loop
    vertex 130.08171863028093 80.29064786794791 0.49999999999997724
    vertex 130.73079578740703 81.56196821150755 1.9999999999999774
    vertex 129.81155697186452 80.64272939596503 0.49999999999997724
  endloop
endfacet
facet normal -0.6017311508697385 -0.46172455156998626 0.651713173528413
  outer loop
    vertex 130.73079578740703 81.56196821150755 1.9999999999999774
    vertex 130.08171863028093 80.29064786794791 0.49999999999997724
    vertex 131.2075516552007 80.9406478679479 1.9999999999999774
  endloop
endfacet
facet normal -0.4617245515699867 -0.6017311508697369 0.6517131735284141
  outer loop
    vertex 129.81155697186452 80.64272939596503 0.49999999999997724
    vertex 130.10947544384737 82.03872407930122 1.9999999999999774
    vertex 129.45947544384737 80.91289105438145 0.49999999999997724
  endloop
endfacet
facet normal -0.4617245515699867 -0.6017311508697369 0.6517131735284141
  outer loop
    vertex 130.10947544384737 82.03872407930122 1.9999999999999774
    vertex 129.81155697186452 80.64272939596503 0.49999999999997724
    vertex 130.73079578740703 81.56196821150755 1.9999999999999774
  endloop
endfacet
facet normal -0.2902521871166452 -0.7007307666454587 0.6517131735284103
  outer loop
    vertex 130.10947544384737 82.03872407930122 1.9999999999999774
    vertex 129.04946782052167 81.08272177263932 0.49999999999997724
    vertex 129.45947544384737 80.91289105438145 0.49999999999997724
  endloop
endfacet
facet normal -0.2902521871166452 -0.7007307666454587 0.6517131735284103
  outer loop
    vertex 129.04946782052167 81.08272177263932 0.49999999999997724
    vertex 130.10947544384737 82.03872407930122 1.9999999999999774
    vertex 129.38593257915494 82.33842534681511 1.9999999999999774
  endloop
endfacet
facet normal -0.09899961577571259 -0.751976738686638 0.6517131735284081
  outer loop
    vertex 129.38593257915494 82.33842534681511 1.9999999999999774
    vertex 128.60947544384737 81.1406478679479 0.49999999999997724
    vertex 129.04946782052167 81.08272177263932 0.49999999999997724
  endloop
endfacet
facet normal -0.09899961577571259 -0.751976738686638 0.6517131735284081
  outer loop
    vertex 128.60947544384737 81.1406478679479 0.49999999999997724
    vertex 129.38593257915494 82.33842534681511 1.9999999999999774
    vertex 128.60947544384737 82.4406478679479 1.9999999999999774
  endloop
endfacet
facet normal 0.09899961577572404 -0.7519767386866325 0.6517131735284127
  outer loop
    vertex 128.60947544384737 82.4406478679479 1.9999999999999774
    vertex 128.1694830671731 81.08272177263932 0.49999999999997724
    vertex 128.60947544384737 81.1406478679479 0.49999999999997724
  endloop
endfacet
facet normal 0.09899961577572404 -0.7519767386866325 0.6517131735284127
  outer loop
    vertex 128.1694830671731 81.08272177263932 0.49999999999997724
    vertex 128.60947544384737 82.4406478679479 1.9999999999999774
    vertex 127.83301830853982 82.3384253468151 1.9999999999999774
  endloop
endfacet
facet normal 0.2902521871166386 -0.7007307666454596 0.6517131735284123
  outer loop
    vertex 127.83301830853982 82.3384253468151 1.9999999999999774
    vertex 127.75947544384736 80.91289105438145 0.49999999999997724
    vertex 128.1694830671731 81.08272177263932 0.49999999999997724
  endloop
endfacet
facet normal 0.2902521871166386 -0.7007307666454596 0.6517131735284123
  outer loop
    vertex 127.75947544384736 80.91289105438145 0.49999999999997724
    vertex 127.83301830853982 82.3384253468151 1.9999999999999774
    vertex 127.10947544384739 82.03872407930122 1.9999999999999774
  endloop
endfacet
facet normal 0.46172455156998876 -0.6017311508697396 0.6517131735284101
  outer loop
    vertex 127.40739391583024 80.64272939596503 0.49999999999997724
    vertex 127.10947544384739 82.03872407930122 1.9999999999999774
    vertex 126.48815510028773 81.56196821150755 1.9999999999999774
  endloop
endfacet
facet normal 0.46172455156998876 -0.6017311508697396 0.6517131735284101
  outer loop
    vertex 127.10947544384739 82.03872407930122 1.9999999999999774
    vertex 127.40739391583024 80.64272939596503 0.49999999999997724
    vertex 127.75947544384736 80.91289105438145 0.49999999999997724
  endloop
endfacet
facet normal 0.6017311508697399 -0.4617245515699873 0.651713173528411
  outer loop
    vertex 127.13723225741384 80.29064786794791 0.49999999999997724
    vertex 126.48815510028773 81.56196821150755 1.9999999999999774
    vertex 126.01139923249409 80.9406478679479 1.9999999999999774
  endloop
endfacet
facet normal 0.6017311508697399 -0.4617245515699873 0.651713173528411
  outer loop
    vertex 126.48815510028773 81.56196821150755 1.9999999999999774
    vertex 127.13723225741384 80.29064786794791 0.49999999999997724
    vertex 127.40739391583024 80.64272939596503 0.49999999999997724
  endloop
endfacet
facet normal 0.7007307666454539 -0.2902521871166543 0.6517131735284114
  outer loop
    vertex 127.13723225741384 80.29064786794791 0.49999999999997724
    vertex 125.71169796498017 80.21710500325547 1.9999999999999774
    vertex 126.96740153915596 79.88064024462219 0.49999999999997724
  endloop
endfacet
facet normal 0.7007307666454539 -0.2902521871166543 0.6517131735284114
  outer loop
    vertex 125.71169796498017 80.21710500325547 1.9999999999999774
    vertex 127.13723225741384 80.29064786794791 0.49999999999997724
    vertex 126.01139923249409 80.9406478679479 1.9999999999999774
  endloop
endfacet
facet normal 0.7519767386866343 -0.0989996157757104 0.6517131735284126
  outer loop
    vertex 126.96740153915596 79.88064024462219 0.49999999999997724
    vertex 125.60947544384739 79.4406478679479 1.9999999999999774
    vertex 126.90947544384738 79.4406478679479 0.49999999999997724
  endloop
endfacet
facet normal 0.7519767386866343 -0.0989996157757104 0.6517131735284126
  outer loop
    vertex 125.60947544384739 79.4406478679479 1.9999999999999774
    vertex 126.96740153915596 79.88064024462219 0.49999999999997724
    vertex 125.71169796498017 80.21710500325547 1.9999999999999774
  endloop
endfacet
endsolid Attitude indicator1
