solid Attitude indicator1
facet normal 0.14608302856241046 6.092204487444617e-16 -0.9892723329629884
  outer loop
    vertex 5.906387298457282 -5.000000000000004 81.10733344588255
    vertex 5.595740217275443 -4.600000000000006 81.06146107593848
    vertex 5.906387298457281 -4.600000000000006 81.10733344588255
  endloop
endfacet
facet normal 0.14608302856241046 6.092204487444617e-16 -0.9892723329629884
  outer loop
    vertex 5.595740217275443 -4.600000000000006 81.06146107593848
    vertex 5.906387298457282 -5.000000000000004 81.10733344588255
    vertex 5.595740217275446 -5.000000000000004 81.06146107593848
  endloop
endfacet
facet normal -0.01499723303530639 -0.9981799998601127 0.058410366207976856
  outer loop
    vertex 5.595740217275446 -5.000000000000004 81.06146107593848
    vertex 5.252484158063306 -4.992110341118166 81.10815498949952
    vertex 5.291589861644565 -5.000000000000004 80.98336853762214
  endloop
endfacet
facet normal -0.01499723303530639 -0.9981799998601127 0.058410366207976856
  outer loop
    vertex 5.252484158063306 -4.992110341118166 81.10815498949952
    vertex 5.595740217275446 -5.000000000000004 81.06146107593848
    vertex 5.5698924748814695 -4.992110341118166 81.1896515936762
  endloop
endfacet
facet normal -0.04754344489607864 -0.9815558465853598 0.18516949230775298
  outer loop
    vertex 5.5698924748814695 -4.992110341118166 81.1896515936762
    vertex 5.214028005637193 -4.967097829163194 81.23086872112026
    vertex 5.252484158063306 -4.992110341118166 81.10815498949952
  endloop
endfacet
facet normal -0.04754344489607864 -0.9815558465853598 0.18516949230775298
  outer loop
    vertex 5.214028005637193 -4.967097829163194 81.23086872112026
    vertex 5.5698924748814695 -4.992110341118166 81.1896515936762
    vertex 5.544474067070236 -4.967097829163194 81.31571284915165
  endloop
endfacet
facet normal -0.0792580360782839 -0.9478548683898366 0.30868966971166867
  outer loop
    vertex 5.544474067070236 -4.967097829163194 81.31571284915165
    vertex 5.176888908399492 -4.9253966197008126 81.34937972452396
    vertex 5.214028005637193 -4.967097829163194 81.23086872112026
  endloop
endfacet
facet normal -0.0792580360782839 -0.9478548683898366 0.30868966971166867
  outer loop
    vertex 5.176888908399492 -4.9253966197008126 81.34937972452396
    vertex 5.544474067070236 -4.967097829163194 81.31571284915165
    vertex 5.519926194759225 -4.9253966197008126 81.4374567296401
  endloop
endfacet
facet normal -0.10958723203837886 -0.8976749812868242 0.4268140889730166
  outer loop
    vertex 5.519926194759225 -4.9253966197008126 81.4374567296401
    vertex 5.141711509551205 -4.867730542957193 81.46163094075465
    vertex 5.176888908399492 -4.9253966197008126 81.34937972452396
  endloop
endfacet
facet normal -0.10958723203837886 -0.8976749812868242 0.4268140889730166
  outer loop
    vertex 5.141711509551205 -4.867730542957193 81.46163094075465
    vertex 5.519926194759225 -4.9253966197008126 81.4374567296401
    vertex 5.49667494851502 -4.867730542957193 81.55277006140662
  endloop
endfacet
facet normal -0.1380028033028909 -0.8319042231740257 0.5374854321242243
  outer loop
    vertex 5.49667494851502 -4.867730542957193 81.55277006140662
    vertex 5.109106402043772 -4.795100539910064 81.56567396533491
    vertex 5.141711509551205 -4.867730542957193 81.46163094075465
  endloop
endfacet
facet normal -0.1380028033028909 -0.8319042231740257 0.5374854321242243
  outer loop
    vertex 5.109106402043772 -4.795100539910064 81.56567396533491
    vertex 5.49667494851502 -4.867730542957193 81.55277006140662
    vertex 5.475123912671137 -4.795100539910064 81.65965128919444
  endloop
endfacet
facet normal -0.16401150941198775 -0.751702697352556 0.6387826544085969
  outer loop
    vertex 5.475123912671137 -4.795100539910064 81.65965128919444
    vertex 5.0796395301902235 -4.708767288420097 81.65970286776572
    vertex 5.109106402043772 -4.795100539910064 81.56567396533491
  endloop
endfacet
facet normal -0.16401150941198775 -0.751702697352556 0.6387826544085969
  outer loop
    vertex 5.0796395301902235 -4.708767288420097 81.65970286776572
    vertex 5.475123912671137 -4.795100539910064 81.65965128919444
    vertex 5.455647160098606 -4.708767288420097 81.75624521829148
  endloop
endfacet
facet normal -0.18716366024645606 -0.6584795754774386 0.728954328447401
  outer loop
    vertex 5.0796395301902235 -4.708767288420097 81.65970286776572
    vertex 5.438582759222817 -4.610229320970108 81.84087521613846
    vertex 5.05382236626662 -4.610229320970108 81.74208553802939
  endloop
endfacet
facet normal -0.18716366024645606 -0.6584795754774386 0.728954328447401
  outer loop
    vertex 5.438582759222817 -4.610229320970108 81.84087521613846
    vertex 5.0796395301902235 -4.708767288420097 81.65970286776572
    vertex 5.455647160098606 -4.708767288420097 81.75624521829148
  endloop
endfacet
facet normal -0.20706064724887652 -0.5538660033848937 0.8064479764097131
  outer loop
    vertex 5.05382236626662 -4.610229320970108 81.74208553802939
    vertex 5.424226905988795 -4.5011970138342 81.91207231453825
    vertex 5.032103032613845 -4.5011970138342 81.81139201599721
  endloop
endfacet
facet normal -0.20706064724887652 -0.5538660033848937 0.8064479764097131
  outer loop
    vertex 5.424226905988795 -4.5011970138342 81.91207231453825
    vertex 5.05382236626662 -4.610229320970108 81.74208553802939
    vertex 5.438582759222817 -4.610229320970108 81.84087521613846
  endloop
endfacet
facet normal -0.22336135742591579 -0.43968478620592866 0.8699350509020194
  outer loop
    vertex 5.032103032613845 -4.5011970138342 81.81139201599721
    vertex 5.412828782629552 -4.3835628991607605 81.96860070732356
    vertex 5.014858523338132 -4.3835628991607605 81.86641931201329
  endloop
endfacet
facet normal -0.22336135742591579 -0.43968478620592866 0.8699350509020194
  outer loop
    vertex 5.412828782629552 -4.3835628991607605 81.96860070732356
    vertex 5.032103032613845 -4.5011970138342 81.81139201599721
    vertex 5.424226905988795 -4.5011970138342 81.91207231453825
  endloop
endfacet
facet normal -0.23578743764674376 -0.31791768451028407 0.918331438056872
  outer loop
    vertex 5.014858523338132 -4.3835628991607605 81.86641931201329
    vertex 5.404586232476625 -4.259368815278397 82.00947920090638
    vertex 5.0023881606224645 -4.259368815278397 81.9062122878302
  endloop
endfacet
facet normal -0.23578743764674376 -0.31791768451028407 0.918331438056872
  outer loop
    vertex 5.404586232476625 -4.259368815278397 82.00947920090638
    vertex 5.014858523338132 -4.3835628991607605 81.86641931201329
    vertex 5.412828782629552 -4.3835628991607605 81.96860070732356
  endloop
endfacet
facet normal -0.2441274193991409 -0.19067104846833385 0.9508135223972692
  outer loop
    vertex 5.0023881606224645 -4.259368815278397 81.9062122878302
    vertex 5.399642325887403 -4.130770465414538 82.03399824538073
    vertex 4.994908399231135 -4.130770465414538 81.93008023545512
  endloop
endfacet
facet normal -0.2441274193991409 -0.19067104846833385 0.9508135223972692
  outer loop
    vertex 5.399642325887403 -4.130770465414538 82.03399824538073
    vertex 5.0023881606224645 -4.259368815278397 81.9062122878302
    vertex 5.404586232476625 -4.259368815278397 82.00947920090638
  endloop
endfacet
facet normal -0.2482397408967426 -0.060140377148238125 0.966829957167229
  outer loop
    vertex 4.994908399231135 -4.130770465414538 81.93008023545512
    vertex 5.398082876896321 -4.000000000000007 82.04173225056019
    vertex 4.992549069388479 -4.000000000000007 81.93760886613842
  endloop
endfacet
facet normal -0.2482397408967426 -0.060140377148238125 0.966829957167229
  outer loop
    vertex 5.398082876896321 -4.000000000000007 82.04173225056019
    vertex 4.994908399231135 -4.130770465414538 81.93008023545512
    vertex 5.399642325887403 -4.130770465414538 82.03399824538073
  endloop
endfacet
facet normal 0.24868988716485488 5.964795015562116e-16 -0.9685831611286312
  outer loop
    vertex 5.595740217275446 -5.000000000000004 81.06146107593848
    vertex 5.474398592905293 -4.600000000000006 81.03030584210408
    vertex 5.595740217275443 -4.600000000000006 81.06146107593848
  endloop
endfacet
facet normal 0.24868988716485488 5.964795015562116e-16 -0.9685831611286312
  outer loop
    vertex 5.474398592905293 -4.600000000000006 81.03030584210408
    vertex 5.291589861644563 -4.000000000000007 80.98336853762213
    vertex 5.474398592905293 -4.000000000000007 81.03030584210408
  endloop
endfacet
facet normal 0.24868988716485488 5.964795015562116e-16 -0.9685831611286312
  outer loop
    vertex 5.291589861644563 -4.000000000000007 80.98336853762213
    vertex 5.474398592905293 -4.600000000000006 81.03030584210408
    vertex 5.291589861644565 -5.000000000000004 80.98336853762214
  endloop
endfacet
facet normal 0.24868988716485488 5.964795015562116e-16 -0.9685831611286312
  outer loop
    vertex 5.291589861644565 -5.000000000000004 80.98336853762214
    vertex 5.474398592905293 -4.600000000000006 81.03030584210408
    vertex 5.595740217275446 -5.000000000000004 81.06146107593848
  endloop
endfacet
facet normal -0.021020622442173315 -0.9981799998601127 0.0565227503878647
  outer loop
    vertex 5.291589861644565 -5.000000000000004 80.98336853762214
    vertex 4.945333352011773 -4.992110341118166 80.99392662866228
    vertex 4.997268566508482 -5.000000000000004 80.87391142912524
  endloop
endfacet
facet normal -0.021020622442173315 -0.9981799998601127 0.0565227503878647
  outer loop
    vertex 4.945333352011773 -4.992110341118166 80.99392662866228
    vertex 5.291589861644565 -5.000000000000004 80.98336853762214
    vertex 5.252484158063306 -4.992110341118166 81.10815498949952
  endloop
endfacet
facet normal -0.06663847940536571 -0.9815558465853601 0.17918547122084943
  outer loop
    vertex 5.252484158063306 -4.992110341118166 81.10815498949952
    vertex 4.894260788624227 -4.967097829163194 81.11194835910517
    vertex 4.945333352011773 -4.992110341118166 80.99392662866228
  endloop
endfacet
facet normal -0.06663847940536571 -0.9815558465853601 0.17918547122084943
  outer loop
    vertex 4.894260788624227 -4.967097829163194 81.11194835910517
    vertex 5.252484158063306 -4.992110341118166 81.10815498949952
    vertex 5.214028005637193 -4.967097829163194 81.23086872112026
  endloop
endfacet
facet normal -0.11109070906530219 -0.9478548683898361 0.29871391468938086
  outer loop
    vertex 5.214028005637193 -4.967097829163194 81.23086872112026
    vertex 4.844937370181027 -4.9253966197008126 81.22592805407079
    vertex 4.894260788624227 -4.967097829163194 81.11194835910517
  endloop
endfacet
facet normal -0.11109070906530219 -0.9478548683898361 0.29871391468938086
  outer loop
    vertex 4.844937370181027 -4.9253966197008126 81.22592805407079
    vertex 5.214028005637193 -4.967097829163194 81.23086872112026
    vertex 5.176888908399492 -4.9253966197008126 81.34937972452396
  endloop
endfacet
facet normal -0.15360112253630417 -0.8976749812868243 0.41302097177659935
  outer loop
    vertex 5.176888908399492 -4.9253966197008126 81.34937972452396
    vertex 4.798219229671783 -4.867730542957192 81.33388730695059
    vertex 4.844937370181027 -4.9253966197008126 81.22592805407079
  endloop
endfacet
facet normal -0.15360112253630417 -0.8976749812868243 0.41302097177659935
  outer loop
    vertex 4.798219229671783 -4.867730542957192 81.33388730695059
    vertex 5.176888908399492 -4.9253966197008126 81.34937972452396
    vertex 5.141711509551205 -4.867730542957193 81.46163094075465
  endloop
endfacet
facet normal -0.19342933575562268 -0.8319042231740239 0.5201158097331425
  outer loop
    vertex 5.141711509551205 -4.867730542957193 81.46163094075465
    vertex 4.754917278881714 -4.795100539910063 81.43395221117355
    vertex 4.798219229671783 -4.867730542957192 81.33388730695059
  endloop
endfacet
facet normal -0.19342933575562268 -0.8319042231740239 0.5201158097331425
  outer loop
    vertex 4.754917278881714 -4.795100539910063 81.43395221117355
    vertex 5.141711509551205 -4.867730542957193 81.46163094075465
    vertex 5.109106402043772 -4.795100539910064 81.56567396533491
  endloop
endfacet
facet normal -0.22988400642998238 -0.7517026973525583 0.6181394651537693
  outer loop
    vertex 5.109106402043772 -4.795100539910064 81.56567396533491
    vertex 4.715783132961512 -4.708767288420097 81.52438588660628
    vertex 4.754917278881714 -4.795100539910063 81.43395221117355
  endloop
endfacet
facet normal -0.22988400642998238 -0.7517026973525583 0.6181394651537693
  outer loop
    vertex 4.715783132961512 -4.708767288420097 81.52438588660628
    vertex 5.109106402043772 -4.795100539910064 81.56567396533491
    vertex 5.0796395301902235 -4.708767288420097 81.65970286776572
  endloop
endfacet
facet normal -0.2623348338772792 -0.6584795754774376 0.7053971105793061
  outer loop
    vertex 4.715783132961512 -4.708767288420097 81.52438588660628
    vertex 5.05382236626662 -4.610229320970108 81.74208553802939
    vertex 4.68149606424063 -4.610229320970108 81.60361862751154
  endloop
endfacet
facet normal -0.2623348338772792 -0.6584795754774376 0.7053971105793061
  outer loop
    vertex 5.05382236626662 -4.610229320970108 81.74208553802939
    vertex 4.715783132961512 -4.708767288420097 81.52438588660628
    vertex 5.0796395301902235 -4.708767288420097 81.65970286776572
  endloop
endfacet
facet normal -0.2902231150375486 -0.553866003384897 0.780386438754764
  outer loop
    vertex 4.68149606424063 -4.610229320970108 81.60361862751154
    vertex 5.032103032613845 -4.5011970138342 81.81139201599721
    vertex 4.652651211733664 -4.5011970138342 81.67027514877148
  endloop
endfacet
facet normal -0.2902231150375486 -0.553866003384897 0.780386438754764
  outer loop
    vertex 5.032103032613845 -4.5011970138342 81.81139201599721
    vertex 4.68149606424063 -4.610229320970108 81.60361862751154
    vertex 5.05382236626662 -4.610229320970108 81.74208553802939
  endloop
endfacet
facet normal -0.31307073455270795 -0.43968478620592477 0.8418218362252659
  outer loop
    vertex 4.652651211733664 -4.5011970138342 81.67027514877148
    vertex 5.014858523338132 -4.3835628991607605 81.86641931201329
    vertex 4.6297492509937515 -4.3835628991607605 81.72319845744799
  endloop
endfacet
facet normal -0.31307073455270795 -0.43968478620592477 0.8418218362252659
  outer loop
    vertex 5.014858523338132 -4.3835628991607605 81.86641931201329
    vertex 4.652651211733664 -4.5011970138342 81.67027514877148
    vertex 5.032103032613845 -4.5011970138342 81.81139201599721
  endloop
endfacet
facet normal -0.33048754338292546 -0.31791768451028607 0.8886542238375605
  outer loop
    vertex 4.6297492509937515 -4.3835628991607605 81.72319845744799
    vertex 5.0023881606224645 -4.259368815278397 81.9062122878302
    vertex 4.613187703618848 -4.259368815278397 81.7614699353287
  endloop
endfacet
facet normal -0.33048754338292546 -0.31791768451028607 0.8886542238375605
  outer loop
    vertex 5.0023881606224645 -4.259368815278397 81.9062122878302
    vertex 4.6297492509937515 -4.3835628991607605 81.72319845744799
    vertex 5.014858523338132 -4.3835628991607605 81.86641931201329
  endloop
endfacet
facet normal -0.34217714020248946 -0.19067104846833335 0.9200866024450265
  outer loop
    vertex 4.613187703618848 -4.259368815278397 81.7614699353287
    vertex 4.994908399231135 -4.130770465414538 81.93008023545512
    vertex 4.603254037256454 -4.130770465414538 81.78442528387535
  endloop
endfacet
facet normal -0.34217714020248946 -0.19067104846833335 0.9200866024450265
  outer loop
    vertex 4.994908399231135 -4.130770465414538 81.93008023545512
    vertex 4.613187703618848 -4.259368815278397 81.7614699353287
    vertex 5.0023881606224645 -4.259368815278397 81.9062122878302
  endloop
endfacet
facet normal -0.3479411072861791 -0.06014037714823793 0.9355854428628821
  outer loop
    vertex 4.603254037256454 -4.130770465414538 81.78442528387535
    vertex 4.992549069388479 -4.000000000000007 81.93760886613842
    vertex 4.600120675873703 -4.000000000000007 81.79166605480923
  endloop
endfacet
facet normal -0.3479411072861791 -0.06014037714823793 0.9355854428628821
  outer loop
    vertex 4.992549069388479 -4.000000000000007 81.93760886613842
    vertex 4.603254037256454 -4.130770465414538 81.78442528387535
    vertex 4.994908399231135 -4.130770465414538 81.93008023545512
  endloop
endfacet
facet normal 0.34857204732181474 5.772034001275513e-16 -0.9372819894918917
  outer loop
    vertex 5.291589861644565 -5.000000000000004 80.98336853762214
    vertex 4.997268566508482 -4.000000000000007 80.87391142912524
    vertex 5.291589861644563 -4.000000000000007 80.98336853762213
  endloop
endfacet
facet normal 0.34857204732181474 5.772034001275513e-16 -0.9372819894918917
  outer loop
    vertex 4.997268566508482 -4.000000000000007 80.87391142912524
    vertex 5.291589861644565 -5.000000000000004 80.98336853762214
    vertex 4.997268566508482 -5.000000000000004 80.87391142912524
  endloop
endfacet
facet normal -0.9177546256839811 2.4457432810818297e-16 -0.39714789063478045
  outer loop
    vertex 5.474398592905293 -4.600000000000006 81.03030584210408
    vertex 7.820780509604332 -4.0000000000000036 75.60813715267733
    vertex 7.820780509604332 -4.600000000000002 75.60813715267733
  endloop
endfacet
facet normal -0.9177546256839811 2.4457432810818297e-16 -0.39714789063478045
  outer loop
    vertex 7.820780509604332 -4.0000000000000036 75.60813715267733
    vertex 5.474398592905293 -4.600000000000006 81.03030584210408
    vertex 5.474398592905293 -4.000000000000007 81.03030584210408
  endloop
endfacet
facet normal -0.968583161128631 1.5314990585352916e-16 -0.24868988716485518
  outer loop
    vertex 8.097192895445374 -3.000000000000007 78.71872913658548
    vertex 8.149254587656264 -1.3056169004414613e-14 78.51596223283157
    vertex 8.149254587656264 -3.000000000000007 78.51596223283157
  endloop
endfacet
facet normal -0.968583161128631 1.5314990585352916e-16 -0.24868988716485518
  outer loop
    vertex 8.149254587656264 -1.3056169004414613e-14 78.51596223283157
    vertex 8.097192895445374 -3.000000000000007 78.71872913658548
    vertex 8.097192895445374 -1.3181038304787644e-14 78.71872913658548
  endloop
endfacet
facet normal -0.9372819894918917 2.1466002031325077e-16 -0.34857204732181496
  outer loop
    vertex 8.024221489780784 -3.0000000000000075 78.91494333334288
    vertex 8.097192895445374 -1.3181038304787644e-14 78.71872913658548
    vertex 8.097192895445374 -3.000000000000007 78.71872913658548
  endloop
endfacet
facet normal -0.9372819894918917 2.1466002031325077e-16 -0.34857204732181496
  outer loop
    vertex 8.097192895445374 -1.3181038304787644e-14 78.71872913658548
    vertex 8.024221489780784 -3.0000000000000075 78.91494333334288
    vertex 8.024221489780784 -1.3301872272357062e-14 78.91494333334288
  endloop
endfacet
facet normal -0.8957117602394126 2.7381827466992413e-16 -0.44463517918492795
  outer loop
    vertex 7.9311398606532 -3.0000000000000075 79.1024550593036
    vertex 8.024221489780784 -1.3301872272357062e-14 78.91494333334288
    vertex 8.024221489780784 -3.0000000000000075 78.91494333334288
  endloop
endfacet
facet normal -0.8957117602394126 2.7381827466992413e-16 -0.44463517918492795
  outer loop
    vertex 8.024221489780784 -1.3301872272357062e-14 78.91494333334288
    vertex 7.9311398606532 -3.0000000000000075 79.1024550593036
    vertex 7.9311398606532 -1.3417347024888032e-14 79.1024550593036
  endloop
endfacet
facet normal -0.8443279255020157 3.2997651870915473e-16 -0.5358267949789958
  outer loop
    vertex 7.81896782986993 -3.0000000000000075 79.27920989675867
    vertex 7.9311398606532 -1.3417347024888032e-14 79.1024550593036
    vertex 7.9311398606532 -3.0000000000000075 79.1024550593036
  endloop
endfacet
facet normal -0.8443279255020157 3.2997651870915473e-16 -0.5358267949789958
  outer loop
    vertex 7.9311398606532 -1.3417347024888032e-14 79.1024550593036
    vertex 7.81896782986993 -3.0000000000000075 79.27920989675867
    vertex 7.81896782986993 -1.3526197396827187e-14 79.27920989675867
  endloop
endfacet
facet normal -0.7836934573258396 3.825194709573835e-16 -0.6211477802783106
  outer loop
    vertex 7.68893437767374 -3.0000000000000075 79.44327128272062
    vertex 7.81896782986993 -1.3526197396827187e-14 79.27920989675867
    vertex 7.81896782986993 -3.0000000000000075 79.27920989675867
  endloop
endfacet
facet normal -0.7836934573258396 3.825194709573835e-16 -0.6211477802783106
  outer loop
    vertex 7.81896782986993 -1.3526197396827187e-14 79.27920989675867
    vertex 7.68893437767374 -3.0000000000000075 79.44327128272062
    vertex 7.68893437767374 -1.3627230800721152e-14 79.44327128272062
  endloop
endfacet
facet normal -0.7144726796328045 4.3087145983445623e-16 -0.6996633405133643
  outer loop
    vertex 7.542464177778142 -3.000000000000008 79.59284172631278
    vertex 7.68893437767374 -1.3627230800721152e-14 79.44327128272062
    vertex 7.68893437767374 -3.0000000000000075 79.44327128272062
  endloop
endfacet
facet normal -0.7144726796328045 4.3087145983445623e-16 -0.6996633405133643
  outer loop
    vertex 7.68893437767374 -1.3627230800721152e-14 79.44327128272062
    vertex 7.542464177778142 -3.000000000000008 79.59284172631278
    vertex 7.542464177778142 -1.3719340293454267e-14 79.59284172631278
  endloop
endfacet
facet normal -0.6374239897486907 4.745027308319339e-16 -0.7705132427757883
  outer loop
    vertex 7.381161988344054 -3.000000000000008 79.72628250245555
    vertex 7.542464177778142 -1.3719340293454267e-14 79.59284172631278
    vertex 7.542464177778142 -3.000000000000008 79.59284172631278
  endloop
endfacet
facet normal -0.6374239897486907 4.745027308319339e-16 -0.7705132427757883
  outer loop
    vertex 7.542464177778142 -1.3719340293454267e-14 79.59284172631278
    vertex 7.381161988344054 -3.000000000000008 79.72628250245555
    vertex 7.381161988344054 -1.3801516704149e-14 79.72628250245555
  endloop
endfacet
facet normal -0.5533915492433451 5.129352506143369e-16 -0.832921240710099
  outer loop
    vertex 7.206795069913564 -3.000000000000008 79.8421316060812
    vertex 7.381161988344054 -1.3801516704149e-14 79.72628250245555
    vertex 7.381161988344054 -3.000000000000008 79.72628250245555
  endloop
endfacet
facet normal -0.5533915492433451 5.129352506143369e-16 -0.832921240710099
  outer loop
    vertex 7.381161988344054 -1.3801516704149e-14 79.72628250245555
    vertex 7.206795069913564 -3.000000000000008 79.8421316060812
    vertex 7.206795069913564 -1.3872859690853255e-14 79.8421316060812
  endloop
endfacet
facet normal -0.4632960351198627 5.457479444524074e-16 -0.8862035792312141
  outer loop
    vertex 7.021273822933625 -3.000000000000008 79.93911977016745
    vertex 7.206795069913564 -1.3872859690853255e-14 79.8421316060812
    vertex 7.206795069913564 -3.000000000000008 79.8421316060812
  endloop
endfacet
facet normal -0.4632960351198627 5.457479444524074e-16 -0.8862035792312141
  outer loop
    vertex 7.206795069913564 -1.3872859690853255e-14 79.8421316060812
    vertex 7.021273822933625 -3.000000000000008 79.93911977016745
    vertex 7.021273822933625 -1.3932587604875223e-14 79.93911977016745
  endloop
endfacet
facet normal -0.3681245526846772 5.725813096059582e-16 -0.9297764858882518
  outer loop
    vertex 7.021273822933625 -3.000000000000008 79.93911977016745
    vertex 6.826630857008962 -1.3980046054690012e-14 80.01618437209248
    vertex 7.021273822933625 -1.3932587604875223e-14 79.93911977016745
  endloop
endfacet
facet normal -0.3681245526846772 5.725813096059582e-16 -0.9297764858882518
  outer loop
    vertex 6.826630857008962 -1.3980046054690012e-14 80.01618437209248
    vertex 7.021273822933625 -3.000000000000008 79.93911977016745
    vertex 6.826630857008962 -3.0000000000000084 80.01618437209248
  endloop
endfacet
facet normal -0.2689198206152684 5.931413541111228e-16 -0.9631625667976574
  outer loop
    vertex 6.826630857008962 -3.0000000000000084 80.01618437209248
    vertex 6.624998721205907 -1.401471507559013e-14 80.0724810759508
    vertex 6.826630857008962 -1.3980046054690012e-14 80.01618437209248
  endloop
endfacet
facet normal -0.2689198206152684 5.931413541111228e-16 -0.9631625667976574
  outer loop
    vertex 6.624998721205907 -1.401471507559013e-14 80.0724810759508
    vertex 6.826630857008962 -3.0000000000000084 80.01618437209248
    vertex 6.624998721205907 -3.0000000000000084 80.0724810759508
  endloop
endfacet
facet normal -0.1667687467161028 6.072028178178388e-16 -0.9859960370705048
  outer loop
    vertex 6.624998721205907 -3.0000000000000084 80.0724810759508
    vertex 6.418586539398556 -1.4036214826527637e-14 80.1073930832741
    vertex 6.624998721205907 -1.401471507559013e-14 80.0724810759508
  endloop
endfacet
facet normal -0.1667687467161028 6.072028178178388e-16 -0.9859960370705048
  outer loop
    vertex 6.418586539398556 -1.4036214826527637e-14 80.1073930832741
    vertex 6.624998721205907 -3.0000000000000084 80.0724810759508
    vertex 6.418586539398556 -3.0000000000000084 80.1073930832741
  endloop
endfacet
facet normal -0.06279051952931498 6.146116403871837e-16 -0.9980267284282714
  outer loop
    vertex 6.418586539398556 -3.0000000000000084 80.1073930832741
    vertex 6.209655806645315 -1.4044309751732147e-14 80.12053789080433
    vertex 6.418586539398556 -1.4036214826527637e-14 80.1073930832741
  endloop
endfacet
facet normal -0.06279051952931498 6.146116403871837e-16 -0.9980267284282714
  outer loop
    vertex 6.209655806645315 -1.4044309751732147e-14 80.12053789080433
    vertex 6.418586539398556 -3.0000000000000084 80.1073930832741
    vertex 6.209655806645315 -3.0000000000000084 80.12053789080433
  endloop
endfacet
facet normal 0.04187565372920056 6.152866492086923e-16 -0.9991228300988583
  outer loop
    vertex 6.209655806645315 -3.0000000000000084 80.12053789080433
    vertex 6.000495611775795 -1.4038911161509147e-14 80.11177148127948
    vertex 6.209655806645315 -1.4044309751732147e-14 80.12053789080433
  endloop
endfacet
facet normal 0.04187565372920056 6.152866492086923e-16 -0.9991228300988583
  outer loop
    vertex 6.000495611775795 -1.4038911161509147e-14 80.11177148127948
    vertex 6.209655806645315 -3.0000000000000084 80.12053789080433
    vertex 6.000495611775795 -3.0000000000000084 80.11177148127946
  endloop
endfacet
facet normal 0.14608302856241004 6.092204487444617e-16 -0.9892723329629886
  outer loop
    vertex 6.000495611775795 -3.0000000000000084 80.11177148127946
    vertex 5.793397557654572 -1.4020078203942855e-14 80.08118990131676
    vertex 6.000495611775795 -1.4038911161509147e-14 80.11177148127948
  endloop
endfacet
facet normal 0.14608302856241004 6.092204487444617e-16 -0.9892723329629886
  outer loop
    vertex 5.793397557654572 -1.4020078203942855e-14 80.08118990131676
    vertex 6.000495611775795 -3.0000000000000084 80.11177148127946
    vertex 5.793397557654572 -3.0000000000000084 80.08118990131676
  endloop
endfacet
facet normal 0.24868988716485496 5.964795015562115e-16 -0.9685831611286311
  outer loop
    vertex 5.793397557654572 -3.0000000000000084 80.08118990131676
    vertex 5.590630653900651 -1.3988017216857411e-14 80.02912820910586
    vertex 5.793397557654572 -1.4020078203942855e-14 80.08118990131676
  endloop
endfacet
facet normal 0.24868988716485496 5.964795015562115e-16 -0.9685831611286311
  outer loop
    vertex 5.590630653900651 -1.3988017216857411e-14 80.02912820910586
    vertex 5.793397557654572 -3.0000000000000084 80.08118990131676
    vertex 5.590630653900651 -3.0000000000000084 80.02912820910586
  endloop
endfacet
facet normal 0.34857204732181446 5.772034001275514e-16 -0.9372819894918918
  outer loop
    vertex 5.590630653900651 -3.0000000000000084 80.02912820910586
    vertex 5.3944164571432625 -1.3943079467136516e-14 79.95615680344127
    vertex 5.590630653900651 -1.3988017216857411e-14 80.02912820910586
  endloop
endfacet
facet normal 0.34857204732181446 5.772034001275514e-16 -0.9372819894918918
  outer loop
    vertex 5.3944164571432625 -1.3943079467136516e-14 79.95615680344127
    vertex 5.590630653900651 -3.0000000000000084 80.02912820910586
    vertex 5.3944164571432625 -3.000000000000008 79.95615680344126
  endloop
endfacet
facet normal 0.4446351791849269 5.516033374595168e-16 -0.8957117602394132
  outer loop
    vertex 5.3944164571432625 -3.000000000000008 79.95615680344126
    vertex 5.206904731182542 -1.3885757302169943e-14 79.86307517431369
    vertex 5.3944164571432625 -1.3943079467136516e-14 79.95615680344127
  endloop
endfacet
facet normal 0.4446351791849269 5.516033374595168e-16 -0.8957117602394132
  outer loop
    vertex 5.206904731182542 -1.3885757302169943e-14 79.86307517431369
    vertex 5.3944164571432625 -3.000000000000008 79.95615680344126
    vertex 5.206904731182542 -3.000000000000008 79.86307517431369
  endloop
endfacet
facet normal 0.5358267949789974 5.199597931958563e-16 -0.8443279255020146
  outer loop
    vertex 5.206904731182542 -3.000000000000008 79.86307517431369
    vertex 5.030149893727466 -1.3816678755592497e-14 79.75090314353042
    vertex 5.206904731182542 -1.3885757302169943e-14 79.86307517431369
  endloop
endfacet
facet normal 0.5358267949789974 5.199597931958563e-16 -0.8443279255020146
  outer loop
    vertex 5.030149893727466 -1.3816678755592497e-14 79.75090314353042
    vertex 5.206904731182542 -3.000000000000008 79.86307517431369
    vertex 5.030149893727466 -3.000000000000008 79.75090314353042
  endloop
endfacet
facet normal 0.62114778027831 4.826194606293608e-16 -0.7836934573258402
  outer loop
    vertex 5.030149893727466 -3.000000000000008 79.75090314353042
    vertex 4.86608850776552 -1.3736600666416098e-14 79.62086969133424
    vertex 5.030149893727466 -1.3816678755592497e-14 79.75090314353042
  endloop
endfacet
facet normal 0.62114778027831 4.826194606293608e-16 -0.7836934573258402
  outer loop
    vertex 4.86608850776552 -1.3736600666416098e-14 79.62086969133424
    vertex 5.030149893727466 -3.000000000000008 79.75090314353042
    vertex 4.86608850776552 -3.000000000000008 79.62086969133424
  endloop
endfacet
facet normal 0.6996633405133659 4.39991448257594e-16 -0.7144726796328028
  outer loop
    vertex 4.86608850776552 -3.000000000000008 79.62086969133424
    vertex 4.716518064173355 -1.3646400386943178e-14 79.47439949143863
    vertex 4.86608850776552 -1.3736600666416098e-14 79.62086969133424
  endloop
endfacet
facet normal 0.6996633405133659 4.39991448257594e-16 -0.7144726796328028
  outer loop
    vertex 4.716518064173355 -1.3646400386943178e-14 79.47439949143863
    vertex 4.86608850776552 -3.000000000000008 79.62086969133424
    vertex 4.716518064173355 -3.000000000000008 79.47439949143863
  endloop
endfacet
facet normal 0.7705132427757895 3.925427975045877e-16 -0.6374239897486893
  outer loop
    vertex 4.716518064173355 -3.000000000000008 79.47439949143863
    vertex 4.583077288030595 -1.354706617031127e-14 79.31309730200455
    vertex 4.716518064173355 -1.3646400386943178e-14 79.47439949143863
  endloop
endfacet
facet normal 0.7705132427757895 3.925427975045877e-16 -0.6374239897486893
  outer loop
    vertex 4.583077288030595 -1.354706617031127e-14 79.31309730200455
    vertex 4.716518064173355 -3.000000000000008 79.47439949143863
    vertex 4.583077288030595 -3.0000000000000075 79.31309730200455
  endloop
endfacet
facet normal 0.8329212407100997 3.407933657172598e-16 -0.5533915492433437
  outer loop
    vertex 4.583077288030595 -3.0000000000000075 79.31309730200455
    vertex 4.467228184404937 -1.3439686342984807e-14 79.13873038357406
    vertex 4.583077288030595 -1.354706617031127e-14 79.31309730200455
  endloop
endfacet
facet normal 0.8329212407100997 3.407933657172598e-16 -0.5533915492433437
  outer loop
    vertex 4.467228184404937 -1.3439686342984807e-14 79.13873038357406
    vertex 4.583077288030595 -3.0000000000000075 79.31309730200455
    vertex 4.467228184404937 -3.0000000000000075 79.13873038357406
  endloop
endfacet
facet normal 0.8862035792312148 2.853101304995369e-16 -0.4632960351198615
  outer loop
    vertex 4.467228184404937 -3.0000000000000075 79.13873038357406
    vertex 4.370240020318687 -1.3325437380822658e-14 78.95320913659411
    vertex 4.467228184404937 -1.3439686342984807e-14 79.13873038357406
  endloop
endfacet
facet normal 0.8862035792312148 2.853101304995369e-16 -0.4632960351198615
  outer loop
    vertex 4.370240020318687 -1.3325437380822658e-14 78.95320913659411
    vertex 4.467228184404937 -3.0000000000000075 79.13873038357406
    vertex 4.370240020318687 -3.0000000000000075 78.95320913659411
  endloop
endfacet
facet normal 0.9297764858882513 2.2670097778707835e-16 -0.36812455268467814
  outer loop
    vertex 4.370240020318687 -3.0000000000000075 78.95320913659411
    vertex 4.293175418393653 -1.3205571019362399e-14 78.75856617066945
    vertex 4.370240020318687 -1.3325437380822658e-14 78.95320913659411
  endloop
endfacet
facet normal 0.9297764858882513 2.2670097778707835e-16 -0.36812455268467814
  outer loop
    vertex 4.293175418393653 -1.3205571019362399e-14 78.75856617066945
    vertex 4.370240020318687 -3.0000000000000075 78.95320913659411
    vertex 4.293175418393653 -3.000000000000007 78.75856617066945
  endloop
endfacet
facet normal 0.9631625667976584 1.6560804172175408e-16 -0.2689198206152649
  outer loop
    vertex 4.293175418393653 -1.3205571019362399e-14 78.75856617066945
    vertex 4.236878714535329 -3.000000000000007 78.5569340348664
    vertex 4.236878714535329 -1.3081400539543836e-14 78.5569340348664
  endloop
endfacet
facet normal 0.9631625667976584 1.6560804172175408e-16 -0.2689198206152649
  outer loop
    vertex 4.236878714535329 -3.000000000000007 78.5569340348664
    vertex 4.293175418393653 -1.3205571019362399e-14 78.75856617066945
    vertex 4.293175418393653 -3.000000000000007 78.75856617066945
  endloop
endfacet
facet normal 0.9859960370705051 1.0270066929561627e-16 -0.16676874671610162
  outer loop
    vertex 4.236878714535329 -1.3081400539543836e-14 78.5569340348664
    vertex 4.201966707212032 -3.000000000000007 78.35052185305905
    vertex 4.201966707212032 -1.2954286379128213e-14 78.35052185305905
  endloop
endfacet
facet normal 0.9859960370705051 1.0270066929561627e-16 -0.16676874671610162
  outer loop
    vertex 4.201966707212032 -3.000000000000007 78.35052185305905
    vertex 4.236878714535329 -1.3081400539543836e-14 78.5569340348664
    vertex 4.236878714535329 -3.000000000000007 78.5569340348664
  endloop
endfacet
facet normal 0.9980267284282716 3.866808684517881e-17 -0.0627905195293127
  outer loop
    vertex 4.201966707212032 -1.2954286379128213e-14 78.35052185305905
    vertex 4.188821899681799 -3.0000000000000067 78.1415911203058
    vertex 4.188821899681799 -1.2825621227457382e-14 78.14159112030582
  endloop
endfacet
facet normal 0.9980267284282716 3.866808684517881e-17 -0.0627905195293127
  outer loop
    vertex 4.188821899681799 -3.0000000000000067 78.1415911203058
    vertex 4.201966707212032 -1.2954286379128213e-14 78.35052185305905
    vertex 4.201966707212032 -3.000000000000007 78.35052185305905
  endloop
endfacet
facet normal 0.9991228300988584 -2.57881512565517e-17 0.04187565372920029
  outer loop
    vertex 4.188821899681799 -1.2825621227457382e-14 78.14159112030582
    vertex 4.1975883092066635 -3.0000000000000067 77.93243092543628
    vertex 4.1975883092066635 -1.2696814766857968e-14 77.93243092543628
  endloop
endfacet
facet normal 0.9991228300988584 -2.57881512565517e-17 0.04187565372920029
  outer loop
    vertex 4.1975883092066635 -3.0000000000000067 77.93243092543628
    vertex 4.188821899681799 -1.2825621227457382e-14 78.14159112030582
    vertex 4.188821899681799 -3.0000000000000067 78.1415911203058
  endloop
endfacet
facet normal 0.9892723329629886 -8.996184897659672e-17 0.1460830285624104
  outer loop
    vertex 4.1975883092066635 -1.2696814766857968e-14 77.93243092543628
    vertex 4.22816988916938 -3.0000000000000067 77.72533287131506
    vertex 4.22816988916938 -1.256927822786678e-14 77.72533287131506
  endloop
endfacet
facet normal 0.9892723329629886 -8.996184897659672e-17 0.1460830285624104
  outer loop
    vertex 4.22816988916938 -3.0000000000000067 77.72533287131506
    vertex 4.1975883092066635 -1.2696814766857968e-14 77.93243092543628
    vertex 4.1975883092066635 -3.0000000000000067 77.93243092543628
  endloop
endfacet
facet normal 0.968583161128631 -1.5314990585352955e-16 0.24868988716485582
  outer loop
    vertex 4.22816988916938 -1.256927822786678e-14 77.72533287131506
    vertex 4.28023158138027 -3.0000000000000067 77.52256596756114
    vertex 4.28023158138027 -1.2444408927493746e-14 77.52256596756114
  endloop
endfacet
facet normal 0.968583161128631 -1.5314990585352955e-16 0.24868988716485582
  outer loop
    vertex 4.28023158138027 -3.0000000000000067 77.52256596756114
    vertex 4.22816988916938 -1.256927822786678e-14 77.72533287131506
    vertex 4.22816988916938 -3.0000000000000067 77.72533287131506
  endloop
endfacet
facet normal 0.9372819894918917 -2.1466002031325054e-16 0.3485720473218146
  outer loop
    vertex 4.28023158138027 -1.2444408927493746e-14 77.52256596756114
    vertex 4.3532029870448605 -3.0000000000000067 77.32635177080375
    vertex 4.3532029870448605 -1.232357495992433e-14 77.32635177080375
  endloop
endfacet
facet normal 0.9372819894918917 -2.1466002031325054e-16 0.3485720473218146
  outer loop
    vertex 4.3532029870448605 -3.0000000000000067 77.32635177080375
    vertex 4.28023158138027 -1.2444408927493746e-14 77.52256596756114
    vertex 4.28023158138027 -3.0000000000000067 77.52256596756114
  endloop
endfacet
facet normal 0.8957117602394131 -2.7381827466992343e-16 0.44463517918492684
  outer loop
    vertex 4.3532029870448605 -1.232357495992433e-14 77.32635177080375
    vertex 4.446284616172444 -3.000000000000006 77.13884004484304
    vertex 4.446284616172444 -1.2208100207393358e-14 77.13884004484304
  endloop
endfacet
facet normal 0.8957117602394131 -2.7381827466992343e-16 0.44463517918492684
  outer loop
    vertex 4.446284616172444 -3.000000000000006 77.13884004484304
    vertex 4.3532029870448605 -1.232357495992433e-14 77.32635177080375
    vertex 4.3532029870448605 -3.0000000000000067 77.32635177080375
  endloop
endfacet
facet normal 0.8443279255020151 -3.299765187091552e-16 0.5358267949789965
  outer loop
    vertex 4.446284616172444 -1.2208100207393358e-14 77.13884004484304
    vertex 4.5584566469557135 -3.000000000000006 76.96208520738796
    vertex 4.5584566469557135 -1.2099249835454206e-14 76.96208520738796
  endloop
endfacet
facet normal 0.8443279255020151 -3.299765187091552e-16 0.5358267949789965
  outer loop
    vertex 4.5584566469557135 -3.000000000000006 76.96208520738796
    vertex 4.446284616172444 -1.2208100207393358e-14 77.13884004484304
    vertex 4.446284616172444 -3.000000000000006 77.13884004484304
  endloop
endfacet
facet normal 0.7836934573258407 -3.8251947095738274e-16 0.6211477802783093
  outer loop
    vertex 4.5584566469557135 -1.2099249835454206e-14 76.96208520738796
    vertex 4.6884900991519025 -3.000000000000006 76.79802382142601
    vertex 4.6884900991519025 -1.199821643156024e-14 76.79802382142601
  endloop
endfacet
facet normal 0.7836934573258407 -3.8251947095738274e-16 0.6211477802783093
  outer loop
    vertex 4.6884900991519025 -3.000000000000006 76.79802382142601
    vertex 4.5584566469557135 -1.2099249835454206e-14 76.96208520738796
    vertex 4.5584566469557135 -3.000000000000006 76.96208520738796
  endloop
endfacet
facet normal 0.714472679632804 -4.308714598344565e-16 0.6996633405133648
  outer loop
    vertex 4.6884900991519025 -1.199821643156024e-14 76.79802382142601
    vertex 4.8349602990475 -3.000000000000006 76.64845337783385
    vertex 4.8349602990475 -1.1906106938827125e-14 76.64845337783385
  endloop
endfacet
facet normal 0.714472679632804 -4.308714598344565e-16 0.6996633405133648
  outer loop
    vertex 4.8349602990475 -3.000000000000006 76.64845337783385
    vertex 4.6884900991519025 -1.199821643156024e-14 76.79802382142601
    vertex 4.6884900991519025 -3.000000000000006 76.79802382142601
  endloop
endfacet
facet normal 0.6374239897486912 -4.745027308319338e-16 0.7705132427757879
  outer loop
    vertex 4.8349602990475 -1.1906106938827125e-14 76.64845337783385
    vertex 4.996262488481589 -3.0000000000000058 76.51501260169108
    vertex 4.996262488481589 -1.1823930528132393e-14 76.5150126016911
  endloop
endfacet
facet normal 0.6374239897486912 -4.745027308319338e-16 0.7705132427757879
  outer loop
    vertex 4.996262488481589 -3.0000000000000058 76.51501260169108
    vertex 4.8349602990475 -1.1906106938827125e-14 76.64845337783385
    vertex 4.8349602990475 -3.000000000000006 76.64845337783385
  endloop
endfacet
facet normal 0.5533915492433444 -5.129352506143372e-16 0.8329212407100992
  outer loop
    vertex 4.996262488481589 -1.1823930528132393e-14 76.5150126016911
    vertex 5.170629406912078 -3.0000000000000058 76.39916349806542
    vertex 5.170629406912078 -1.1752587541428136e-14 76.39916349806543
  endloop
endfacet
facet normal 0.5533915492433444 -5.129352506143372e-16 0.8329212407100992
  outer loop
    vertex 5.170629406912078 -3.0000000000000058 76.39916349806542
    vertex 4.996262488481589 -1.1823930528132393e-14 76.5150126016911
    vertex 4.996262488481589 -3.0000000000000058 76.51501260169108
  endloop
endfacet
facet normal 0.46329603511986306 -5.457479444524074e-16 0.8862035792312141
  outer loop
    vertex 5.170629406912078 -1.1752587541428136e-14 76.39916349806543
    vertex 5.356150653892018 -3.0000000000000058 76.30217533397918
    vertex 5.356150653892018 -1.1692859627406167e-14 76.30217533397919
  endloop
endfacet
facet normal 0.46329603511986306 -5.457479444524074e-16 0.8862035792312141
  outer loop
    vertex 5.356150653892018 -3.0000000000000058 76.30217533397918
    vertex 5.170629406912078 -1.1752587541428136e-14 76.39916349806543
    vertex 5.170629406912078 -3.0000000000000058 76.39916349806542
  endloop
endfacet
facet normal 0.368124552684679 -5.725813096059578e-16 0.929776485888251
  outer loop
    vertex 5.356150653892018 -1.1692859627406167e-14 76.30217533397919
    vertex 5.55079361981668 -3.0000000000000058 76.22511073205415
    vertex 5.55079361981668 -1.164540117759138e-14 76.22511073205415
  endloop
endfacet
facet normal 0.368124552684679 -5.725813096059578e-16 0.929776485888251
  outer loop
    vertex 5.55079361981668 -3.0000000000000058 76.22511073205415
    vertex 5.356150653892018 -1.1692859627406167e-14 76.30217533397919
    vertex 5.356150653892018 -3.0000000000000058 76.30217533397918
  endloop
endfacet
facet normal 0.26891982061526765 -5.931413541111229e-16 0.9631625667976577
  outer loop
    vertex 5.55079361981668 -3.0000000000000058 76.22511073205415
    vertex 5.752425755619735 -1.1610732156691261e-14 76.16881402819583
    vertex 5.55079361981668 -1.164540117759138e-14 76.22511073205415
  endloop
endfacet
facet normal 0.26891982061526765 -5.931413541111229e-16 0.9631625667976577
  outer loop
    vertex 5.752425755619735 -1.1610732156691261e-14 76.16881402819583
    vertex 5.55079361981668 -3.0000000000000058 76.22511073205415
    vertex 5.752425755619735 -3.0000000000000058 76.16881402819583
  endloop
endfacet
facet normal 0.16676874671610253 -6.072028178178389e-16 0.9859960370705048
  outer loop
    vertex 5.752425755619735 -3.0000000000000058 76.16881402819583
    vertex 5.958837937427086 -1.1589232405753756e-14 76.13390202087253
    vertex 5.752425755619735 -1.1610732156691261e-14 76.16881402819583
  endloop
endfacet
facet normal 0.16676874671610253 -6.072028178178389e-16 0.9859960370705048
  outer loop
    vertex 5.958837937427086 -1.1589232405753756e-14 76.13390202087253
    vertex 5.752425755619735 -3.0000000000000058 76.16881402819583
    vertex 5.958837937427086 -3.0000000000000058 76.13390202087253
  endloop
endfacet
facet normal 0.0627905195293147 -6.146116403871839e-16 0.9980267284282716
  outer loop
    vertex 5.958837937427086 -3.0000000000000058 76.13390202087253
    vertex 6.167768670180327 -1.1581137480549246e-14 76.12075721334229
    vertex 5.958837937427086 -1.1589232405753756e-14 76.13390202087253
  endloop
endfacet
facet normal 0.0627905195293147 -6.146116403871839e-16 0.9980267284282716
  outer loop
    vertex 6.167768670180327 -1.1581137480549246e-14 76.12075721334229
    vertex 5.958837937427086 -3.0000000000000058 76.13390202087253
    vertex 6.167768670180327 -3.0000000000000058 76.12075721334229
  endloop
endfacet
facet normal -0.041875653729198124 -6.152866492086924e-16 0.9991228300988584
  outer loop
    vertex 6.167768670180327 -3.0000000000000058 76.12075721334229
    vertex 6.376928865049848 -1.1586536070772243e-14 76.12952362286717
    vertex 6.167768670180327 -1.1581137480549246e-14 76.12075721334229
  endloop
endfacet
facet normal -0.041875653729198124 -6.152866492086924e-16 0.9991228300988584
  outer loop
    vertex 6.376928865049848 -1.1586536070772243e-14 76.12952362286717
    vertex 6.167768670180327 -3.0000000000000058 76.12075721334229
    vertex 6.376928865049848 -3.0000000000000058 76.12952362286717
  endloop
endfacet
facet normal -0.1460830285624095 -6.092204487444619e-16 0.9892723329629888
  outer loop
    vertex 6.376928865049848 -3.0000000000000058 76.12952362286717
    vertex 6.584026919171071 -1.1605369028338536e-14 76.16010520282988
    vertex 6.376928865049848 -1.1586536070772243e-14 76.12952362286717
  endloop
endfacet
facet normal -0.1460830285624095 -6.092204487444619e-16 0.9892723329629888
  outer loop
    vertex 6.584026919171071 -1.1605369028338536e-14 76.16010520282988
    vertex 6.376928865049848 -3.0000000000000058 76.12952362286717
    vertex 6.584026919171071 -3.0000000000000058 76.16010520282988
  endloop
endfacet
facet normal -0.24868988716485463 -5.964795015562115e-16 0.9685831611286311
  outer loop
    vertex 6.584026919171071 -3.0000000000000058 76.16010520282988
    vertex 6.786793822924992 -1.1637430015423982e-14 76.21216689504077
    vertex 6.584026919171071 -1.1605369028338536e-14 76.16010520282988
  endloop
endfacet
facet normal -0.24868988716485463 -5.964795015562115e-16 0.9685831611286311
  outer loop
    vertex 6.786793822924992 -1.1637430015423982e-14 76.21216689504077
    vertex 6.584026919171071 -3.0000000000000058 76.16010520282988
    vertex 6.786793822924992 -3.0000000000000058 76.21216689504077
  endloop
endfacet
facet normal -0.3485720473218146 -5.772034001275512e-16 0.9372819894918917
  outer loop
    vertex 6.786793822924992 -3.0000000000000058 76.21216689504077
    vertex 6.98300801968238 -1.1682367765144878e-14 76.28513830070536
    vertex 6.786793822924992 -1.1637430015423982e-14 76.21216689504077
  endloop
endfacet
facet normal -0.3485720473218146 -5.772034001275512e-16 0.9372819894918917
  outer loop
    vertex 6.98300801968238 -1.1682367765144878e-14 76.28513830070536
    vertex 6.786793822924992 -3.0000000000000058 76.21216689504077
    vertex 6.98300801968238 -3.0000000000000058 76.28513830070536
  endloop
endfacet
facet normal -0.44463517918492707 -5.516033374595168e-16 0.8957117602394131
  outer loop
    vertex 6.98300801968238 -3.0000000000000058 76.28513830070536
    vertex 7.1705197456431 -1.173968993011145e-14 76.37821992983294
    vertex 6.98300801968238 -1.1682367765144878e-14 76.28513830070536
  endloop
endfacet
facet normal -0.44463517918492707 -5.516033374595168e-16 0.8957117602394131
  outer loop
    vertex 7.1705197456431 -1.173968993011145e-14 76.37821992983294
    vertex 6.98300801968238 -3.0000000000000058 76.28513830070536
    vertex 7.1705197456431 -3.0000000000000058 76.37821992983294
  endloop
endfacet
facet normal -0.5358267949789967 -5.199597931958566e-16 0.8443279255020152
  outer loop
    vertex 7.1705197456431 -3.0000000000000058 76.37821992983294
    vertex 7.347274583098176 -1.1808768476688897e-14 76.49039196061622
    vertex 7.1705197456431 -1.173968993011145e-14 76.37821992983294
  endloop
endfacet
facet normal -0.5358267949789967 -5.199597931958566e-16 0.8443279255020152
  outer loop
    vertex 7.347274583098176 -1.1808768476688897e-14 76.49039196061622
    vertex 7.1705197456431 -3.0000000000000058 76.37821992983294
    vertex 7.347274583098176 -3.0000000000000058 76.49039196061621
  endloop
endfacet
facet normal -0.6211477802783102 -4.826194606293606e-16 0.7836934573258398
  outer loop
    vertex 7.347274583098176 -3.0000000000000058 76.49039196061621
    vertex 7.511335969060124 -1.1888846565865294e-14 76.62042541281241
    vertex 7.347274583098176 -1.1808768476688897e-14 76.49039196061622
  endloop
endfacet
facet normal -0.6211477802783102 -4.826194606293606e-16 0.7836934573258398
  outer loop
    vertex 7.511335969060124 -1.1888846565865294e-14 76.62042541281241
    vertex 7.347274583098176 -3.0000000000000058 76.49039196061621
    vertex 7.511335969060124 -3.000000000000006 76.6204254128124
  endloop
endfacet
facet normal -0.6996633405133657 -4.399914482575942e-16 0.7144726796328033
  outer loop
    vertex 7.511335969060124 -3.000000000000006 76.6204254128124
    vertex 7.660906412652287 -1.1979046845338212e-14 76.766895612708
    vertex 7.511335969060124 -1.1888846565865294e-14 76.62042541281241
  endloop
endfacet
facet normal -0.6996633405133657 -4.399914482575942e-16 0.7144726796328033
  outer loop
    vertex 7.660906412652287 -1.1979046845338212e-14 76.766895612708
    vertex 7.511335969060124 -3.000000000000006 76.6204254128124
    vertex 7.660906412652287 -3.000000000000006 76.766895612708
  endloop
endfacet
facet normal -0.7705132427757893 -3.92542797504588e-16 0.6374239897486897
  outer loop
    vertex 7.660906412652287 -3.000000000000006 76.766895612708
    vertex 7.794347188795046 -1.207838106197012e-14 76.92819780214208
    vertex 7.660906412652287 -1.1979046845338212e-14 76.766895612708
  endloop
endfacet
facet normal -0.7705132427757893 -3.92542797504588e-16 0.6374239897486897
  outer loop
    vertex 7.794347188795046 -1.207838106197012e-14 76.92819780214208
    vertex 7.660906412652287 -3.000000000000006 76.766895612708
    vertex 7.794347188795046 -3.000000000000006 76.92819780214208
  endloop
endfacet
facet normal -0.8329212407100997 -3.407933657172598e-16 0.5533915492433437
  outer loop
    vertex 7.794347188795046 -3.000000000000006 76.92819780214208
    vertex 7.910196292420706 -1.2185760889296583e-14 77.10256472057257
    vertex 7.794347188795046 -1.207838106197012e-14 76.92819780214208
  endloop
endfacet
facet normal -0.8329212407100997 -3.407933657172598e-16 0.5533915492433437
  outer loop
    vertex 7.910196292420706 -1.2185760889296583e-14 77.10256472057257
    vertex 7.794347188795046 -3.000000000000006 76.92819780214208
    vertex 7.910196292420706 -3.000000000000006 77.10256472057257
  endloop
endfacet
facet normal -0.886203579231215 -2.853101304995367e-16 0.463296035119861
  outer loop
    vertex 7.910196292420706 -3.000000000000006 77.10256472057257
    vertex 8.007184456506955 -1.2300009851458733e-14 77.28808596755252
    vertex 7.910196292420706 -1.2185760889296583e-14 77.10256472057257
  endloop
endfacet
facet normal -0.886203579231215 -2.853101304995367e-16 0.463296035119861
  outer loop
    vertex 8.007184456506955 -1.2300009851458733e-14 77.28808596755252
    vertex 7.910196292420706 -3.000000000000006 77.10256472057257
    vertex 8.007184456506955 -3.0000000000000067 77.2880859675525
  endloop
endfacet
facet normal -0.9297764858882513 -2.2670097778707835e-16 0.36812455268467814
  outer loop
    vertex 8.007184456506955 -3.0000000000000067 77.2880859675525
    vertex 8.08424905843199 -1.2419876212918991e-14 77.48272893347718
    vertex 8.007184456506955 -1.2300009851458733e-14 77.28808596755252
  endloop
endfacet
facet normal -0.9297764858882513 -2.2670097778707835e-16 0.36812455268467814
  outer loop
    vertex 8.08424905843199 -1.2419876212918991e-14 77.48272893347718
    vertex 8.007184456506955 -3.0000000000000067 77.2880859675525
    vertex 8.08424905843199 -3.0000000000000067 77.48272893347718
  endloop
endfacet
facet normal -0.9631625667976579 -1.6560804172175517e-16 0.2689198206152667
  outer loop
    vertex 8.140545762290314 -3.0000000000000067 77.68436106928023
    vertex 8.08424905843199 -1.2419876212918991e-14 77.48272893347718
    vertex 8.08424905843199 -3.0000000000000067 77.48272893347718
  endloop
endfacet
facet normal -0.9631625667976579 -1.6560804172175517e-16 0.2689198206152667
  outer loop
    vertex 8.08424905843199 -1.2419876212918991e-14 77.48272893347718
    vertex 8.140545762290314 -3.0000000000000067 77.68436106928023
    vertex 8.140545762290314 -1.2544046692737554e-14 77.68436106928023
  endloop
endfacet
facet normal -0.9859960370705054 -1.0270066929561556e-16 0.1667687467161005
  outer loop
    vertex 8.175457769613612 -3.0000000000000067 77.89077325108758
    vertex 8.140545762290314 -1.2544046692737554e-14 77.68436106928023
    vertex 8.140545762290314 -3.0000000000000067 77.68436106928023
  endloop
endfacet
facet normal -0.9859960370705054 -1.0270066929561556e-16 0.1667687467161005
  outer loop
    vertex 8.140545762290314 -1.2544046692737554e-14 77.68436106928023
    vertex 8.175457769613612 -3.0000000000000067 77.89077325108758
    vertex 8.175457769613612 -1.267116085315318e-14 77.89077325108758
  endloop
endfacet
facet normal -0.9980267284282716 -3.866808684517921e-17 0.06279051952931325
  outer loop
    vertex 8.188602577143843 -3.0000000000000067 78.09970398384083
    vertex 8.175457769613612 -1.267116085315318e-14 77.89077325108758
    vertex 8.175457769613612 -3.0000000000000067 77.89077325108758
  endloop
endfacet
facet normal -0.9980267284282716 -3.866808684517921e-17 0.06279051952931325
  outer loop
    vertex 8.175457769613612 -1.267116085315318e-14 77.89077325108758
    vertex 8.188602577143843 -3.0000000000000067 78.09970398384083
    vertex 8.188602577143843 -1.279982600482401e-14 78.09970398384083
  endloop
endfacet
facet normal -0.9991228300988584 2.578815125655078e-17 -0.04187565372919877
  outer loop
    vertex 8.17983616761898 -3.000000000000007 78.30886417871034
    vertex 8.188602577143843 -1.279982600482401e-14 78.09970398384083
    vertex 8.188602577143843 -3.0000000000000067 78.09970398384083
  endloop
endfacet
facet normal -0.9991228300988584 2.578815125655078e-17 -0.04187565372919877
  outer loop
    vertex 8.188602577143843 -1.279982600482401e-14 78.09970398384083
    vertex 8.17983616761898 -3.000000000000007 78.30886417871034
    vertex 8.17983616761898 -1.2928632465423425e-14 78.30886417871034
  endloop
endfacet
facet normal -0.9892723329629886 8.996184897659676e-17 -0.14608302856241046
  outer loop
    vertex 8.149254587656264 -3.000000000000007 78.51596223283157
    vertex 8.17983616761898 -1.2928632465423425e-14 78.30886417871034
    vertex 8.17983616761898 -3.000000000000007 78.30886417871034
  endloop
endfacet
facet normal -0.9892723329629886 8.996184897659676e-17 -0.14608302856241046
  outer loop
    vertex 8.17983616761898 -1.2928632465423425e-14 78.30886417871034
    vertex 8.149254587656264 -3.000000000000007 78.51596223283157
    vertex 8.149254587656264 -1.3056169004414613e-14 78.51596223283157
  endloop
endfacet
facet normal 4.188897629042246e-32 0.9999999999999999 6.158268339717677e-16
  outer loop
    vertex 4.28023158138027 -3.0000000000000067 77.52256596756114
    vertex 4.446284616172444 -3.000000000000006 77.13884004484304
    vertex 4.3532029870448605 -3.0000000000000067 77.32635177080375
  endloop
endfacet
facet normal 4.188897629042246e-32 0.9999999999999999 6.158268339717677e-16
  outer loop
    vertex 4.446284616172444 -3.000000000000006 77.13884004484304
    vertex 4.28023158138027 -3.0000000000000067 77.52256596756114
    vertex 4.5584566469557135 -3.000000000000006 76.96208520738796
  endloop
endfacet
facet normal 4.188897629042246e-32 0.9999999999999999 6.158268339717677e-16
  outer loop
    vertex 4.5584566469557135 -3.000000000000006 76.96208520738796
    vertex 4.28023158138027 -3.0000000000000067 77.52256596756114
    vertex 4.22816988916938 -3.0000000000000067 77.72533287131506
  endloop
endfacet
facet normal 4.188897629042246e-32 0.9999999999999999 6.158268339717677e-16
  outer loop
    vertex 4.5584566469557135 -3.000000000000006 76.96208520738796
    vertex 4.22816988916938 -3.0000000000000067 77.72533287131506
    vertex 4.1975883092066635 -3.0000000000000067 77.93243092543628
  endloop
endfacet
facet normal 4.188897629042246e-32 0.9999999999999999 6.158268339717677e-16
  outer loop
    vertex 4.5584566469557135 -3.000000000000006 76.96208520738796
    vertex 4.1975883092066635 -3.0000000000000067 77.93243092543628
    vertex 4.6884900991519025 -3.000000000000006 76.79802382142601
  endloop
endfacet
facet normal 4.188897629042246e-32 0.9999999999999999 6.158268339717677e-16
  outer loop
    vertex 4.6884900991519025 -3.000000000000006 76.79802382142601
    vertex 4.1975883092066635 -3.0000000000000067 77.93243092543628
    vertex 4.8349602990475 -3.000000000000006 76.64845337783385
  endloop
endfacet
facet normal 4.188897629042246e-32 0.9999999999999999 6.158268339717677e-16
  outer loop
    vertex 4.8349602990475 -3.000000000000006 76.64845337783385
    vertex 4.1975883092066635 -3.0000000000000067 77.93243092543628
    vertex 4.188821899681799 -3.0000000000000067 78.1415911203058
  endloop
endfacet
facet normal 4.188897629042246e-32 0.9999999999999999 6.158268339717677e-16
  outer loop
    vertex 4.8349602990475 -3.000000000000006 76.64845337783385
    vertex 4.188821899681799 -3.0000000000000067 78.1415911203058
    vertex 4.996262488481589 -3.0000000000000058 76.51501260169108
  endloop
endfacet
facet normal 4.188897629042246e-32 0.9999999999999999 6.158268339717677e-16
  outer loop
    vertex 4.996262488481589 -3.0000000000000058 76.51501260169108
    vertex 4.188821899681799 -3.0000000000000067 78.1415911203058
    vertex 4.201966707212032 -3.000000000000007 78.35052185305905
  endloop
endfacet
facet normal 4.188897629042246e-32 0.9999999999999999 6.158268339717677e-16
  outer loop
    vertex 4.996262488481589 -3.0000000000000058 76.51501260169108
    vertex 4.201966707212032 -3.000000000000007 78.35052185305905
    vertex 5.170629406912078 -3.0000000000000058 76.39916349806542
  endloop
endfacet
facet normal 4.188897629042246e-32 0.9999999999999999 6.158268339717677e-16
  outer loop
    vertex 5.170629406912078 -3.0000000000000058 76.39916349806542
    vertex 4.201966707212032 -3.000000000000007 78.35052185305905
    vertex 4.236878714535329 -3.000000000000007 78.5569340348664
  endloop
endfacet
facet normal 4.188897629042246e-32 0.9999999999999999 6.158268339717677e-16
  outer loop
    vertex 5.170629406912078 -3.0000000000000058 76.39916349806542
    vertex 4.236878714535329 -3.000000000000007 78.5569340348664
    vertex 5.356150653892018 -3.0000000000000058 76.30217533397918
  endloop
endfacet
facet normal 4.188897629042246e-32 0.9999999999999999 6.158268339717677e-16
  outer loop
    vertex 5.356150653892018 -3.0000000000000058 76.30217533397918
    vertex 4.236878714535329 -3.000000000000007 78.5569340348664
    vertex 4.293175418393653 -3.000000000000007 78.75856617066945
  endloop
endfacet
facet normal 4.188897629042246e-32 0.9999999999999999 6.158268339717677e-16
  outer loop
    vertex 5.356150653892018 -3.0000000000000058 76.30217533397918
    vertex 4.293175418393653 -3.000000000000007 78.75856617066945
    vertex 5.55079361981668 -3.0000000000000058 76.22511073205415
  endloop
endfacet
facet normal 4.188897629042246e-32 0.9999999999999999 6.158268339717677e-16
  outer loop
    vertex 5.55079361981668 -3.0000000000000058 76.22511073205415
    vertex 4.293175418393653 -3.000000000000007 78.75856617066945
    vertex 4.370240020318687 -3.0000000000000075 78.95320913659411
  endloop
endfacet
facet normal 4.188897629042246e-32 0.9999999999999999 6.158268339717677e-16
  outer loop
    vertex 5.55079361981668 -3.0000000000000058 76.22511073205415
    vertex 4.370240020318687 -3.0000000000000075 78.95320913659411
    vertex 5.752425755619735 -3.0000000000000058 76.16881402819583
  endloop
endfacet
facet normal 4.188897629042246e-32 0.9999999999999999 6.158268339717677e-16
  outer loop
    vertex 5.752425755619735 -3.0000000000000058 76.16881402819583
    vertex 4.370240020318687 -3.0000000000000075 78.95320913659411
    vertex 4.467228184404937 -3.0000000000000075 79.13873038357406
  endloop
endfacet
facet normal 4.188897629042246e-32 0.9999999999999999 6.158268339717677e-16
  outer loop
    vertex 5.752425755619735 -3.0000000000000058 76.16881402819583
    vertex 4.467228184404937 -3.0000000000000075 79.13873038357406
    vertex 5.958837937427086 -3.0000000000000058 76.13390202087253
  endloop
endfacet
facet normal 4.188897629042246e-32 0.9999999999999999 6.158268339717677e-16
  outer loop
    vertex 5.958837937427086 -3.0000000000000058 76.13390202087253
    vertex 4.467228184404937 -3.0000000000000075 79.13873038357406
    vertex 4.583077288030595 -3.0000000000000075 79.31309730200455
  endloop
endfacet
facet normal 4.188897629042246e-32 0.9999999999999999 6.158268339717677e-16
  outer loop
    vertex 5.958837937427086 -3.0000000000000058 76.13390202087253
    vertex 4.583077288030595 -3.0000000000000075 79.31309730200455
    vertex 6.167768670180327 -3.0000000000000058 76.12075721334229
  endloop
endfacet
facet normal 4.188897629042246e-32 0.9999999999999999 6.158268339717677e-16
  outer loop
    vertex 6.167768670180327 -3.0000000000000058 76.12075721334229
    vertex 4.583077288030595 -3.0000000000000075 79.31309730200455
    vertex 4.716518064173355 -3.000000000000008 79.47439949143863
  endloop
endfacet
facet normal 4.188897629042246e-32 0.9999999999999999 6.158268339717677e-16
  outer loop
    vertex 6.167768670180327 -3.0000000000000058 76.12075721334229
    vertex 4.716518064173355 -3.000000000000008 79.47439949143863
    vertex 6.376928865049848 -3.0000000000000058 76.12952362286717
  endloop
endfacet
facet normal 4.188897629042246e-32 0.9999999999999999 6.158268339717677e-16
  outer loop
    vertex 6.376928865049848 -3.0000000000000058 76.12952362286717
    vertex 4.716518064173355 -3.000000000000008 79.47439949143863
    vertex 4.86608850776552 -3.000000000000008 79.62086969133424
  endloop
endfacet
facet normal 4.188897629042246e-32 0.9999999999999999 6.158268339717677e-16
  outer loop
    vertex 6.376928865049848 -3.0000000000000058 76.12952362286717
    vertex 4.86608850776552 -3.000000000000008 79.62086969133424
    vertex 6.584026919171071 -3.0000000000000058 76.16010520282988
  endloop
endfacet
facet normal 4.188897629042246e-32 0.9999999999999999 6.158268339717677e-16
  outer loop
    vertex 6.584026919171071 -3.0000000000000058 76.16010520282988
    vertex 4.86608850776552 -3.000000000000008 79.62086969133424
    vertex 5.030149893727466 -3.000000000000008 79.75090314353042
  endloop
endfacet
facet normal 4.188897629042246e-32 0.9999999999999999 6.158268339717677e-16
  outer loop
    vertex 6.584026919171071 -3.0000000000000058 76.16010520282988
    vertex 5.030149893727466 -3.000000000000008 79.75090314353042
    vertex 6.786793822924992 -3.0000000000000058 76.21216689504077
  endloop
endfacet
facet normal 4.188897629042246e-32 0.9999999999999999 6.158268339717677e-16
  outer loop
    vertex 6.786793822924992 -3.0000000000000058 76.21216689504077
    vertex 5.030149893727466 -3.000000000000008 79.75090314353042
    vertex 5.206904731182542 -3.000000000000008 79.86307517431369
  endloop
endfacet
facet normal 4.188897629042246e-32 0.9999999999999999 6.158268339717677e-16
  outer loop
    vertex 6.786793822924992 -3.0000000000000058 76.21216689504077
    vertex 5.206904731182542 -3.000000000000008 79.86307517431369
    vertex 6.98300801968238 -3.0000000000000058 76.28513830070536
  endloop
endfacet
facet normal 4.188897629042246e-32 0.9999999999999999 6.158268339717677e-16
  outer loop
    vertex 6.98300801968238 -3.0000000000000058 76.28513830070536
    vertex 5.206904731182542 -3.000000000000008 79.86307517431369
    vertex 5.3944164571432625 -3.000000000000008 79.95615680344126
  endloop
endfacet
facet normal 4.188897629042246e-32 0.9999999999999999 6.158268339717677e-16
  outer loop
    vertex 6.98300801968238 -3.0000000000000058 76.28513830070536
    vertex 5.3944164571432625 -3.000000000000008 79.95615680344126
    vertex 7.1705197456431 -3.0000000000000058 76.37821992983294
  endloop
endfacet
facet normal 4.188897629042246e-32 0.9999999999999999 6.158268339717677e-16
  outer loop
    vertex 7.1705197456431 -3.0000000000000058 76.37821992983294
    vertex 5.3944164571432625 -3.000000000000008 79.95615680344126
    vertex 5.590630653900651 -3.0000000000000084 80.02912820910586
  endloop
endfacet
facet normal 4.188897629042246e-32 0.9999999999999999 6.158268339717677e-16
  outer loop
    vertex 7.1705197456431 -3.0000000000000058 76.37821992983294
    vertex 5.590630653900651 -3.0000000000000084 80.02912820910586
    vertex 7.347274583098176 -3.0000000000000058 76.49039196061621
  endloop
endfacet
facet normal 4.188897629042246e-32 0.9999999999999999 6.158268339717677e-16
  outer loop
    vertex 7.347274583098176 -3.0000000000000058 76.49039196061621
    vertex 5.590630653900651 -3.0000000000000084 80.02912820910586
    vertex 5.793397557654572 -3.0000000000000084 80.08118990131676
  endloop
endfacet
facet normal 4.188897629042246e-32 0.9999999999999999 6.158268339717677e-16
  outer loop
    vertex 7.347274583098176 -3.0000000000000058 76.49039196061621
    vertex 5.793397557654572 -3.0000000000000084 80.08118990131676
    vertex 7.511335969060124 -3.000000000000006 76.6204254128124
  endloop
endfacet
facet normal 4.188897629042246e-32 0.9999999999999999 6.158268339717677e-16
  outer loop
    vertex 7.511335969060124 -3.000000000000006 76.6204254128124
    vertex 5.793397557654572 -3.0000000000000084 80.08118990131676
    vertex 6.000495611775795 -3.0000000000000084 80.11177148127946
  endloop
endfacet
facet normal 4.188897629042246e-32 0.9999999999999999 6.158268339717677e-16
  outer loop
    vertex 7.511335969060124 -3.000000000000006 76.6204254128124
    vertex 6.000495611775795 -3.0000000000000084 80.11177148127946
    vertex 7.660906412652287 -3.000000000000006 76.766895612708
  endloop
endfacet
facet normal 4.188897629042246e-32 0.9999999999999999 6.158268339717677e-16
  outer loop
    vertex 7.660906412652287 -3.000000000000006 76.766895612708
    vertex 6.000495611775795 -3.0000000000000084 80.11177148127946
    vertex 6.209655806645315 -3.0000000000000084 80.12053789080433
  endloop
endfacet
facet normal 4.188897629042246e-32 0.9999999999999999 6.158268339717677e-16
  outer loop
    vertex 7.660906412652287 -3.000000000000006 76.766895612708
    vertex 6.209655806645315 -3.0000000000000084 80.12053789080433
    vertex 7.794347188795046 -3.000000000000006 76.92819780214208
  endloop
endfacet
facet normal 4.188897629042246e-32 0.9999999999999999 6.158268339717677e-16
  outer loop
    vertex 7.794347188795046 -3.000000000000006 76.92819780214208
    vertex 6.209655806645315 -3.0000000000000084 80.12053789080433
    vertex 6.418586539398556 -3.0000000000000084 80.1073930832741
  endloop
endfacet
facet normal 4.188897629042246e-32 0.9999999999999999 6.158268339717677e-16
  outer loop
    vertex 7.794347188795046 -3.000000000000006 76.92819780214208
    vertex 6.418586539398556 -3.0000000000000084 80.1073930832741
    vertex 7.910196292420706 -3.000000000000006 77.10256472057257
  endloop
endfacet
facet normal 4.188897629042246e-32 0.9999999999999999 6.158268339717677e-16
  outer loop
    vertex 7.910196292420706 -3.000000000000006 77.10256472057257
    vertex 6.418586539398556 -3.0000000000000084 80.1073930832741
    vertex 6.624998721205907 -3.0000000000000084 80.0724810759508
  endloop
endfacet
facet normal 4.188897629042246e-32 0.9999999999999999 6.158268339717677e-16
  outer loop
    vertex 7.910196292420706 -3.000000000000006 77.10256472057257
    vertex 6.624998721205907 -3.0000000000000084 80.0724810759508
    vertex 6.826630857008962 -3.0000000000000084 80.01618437209248
  endloop
endfacet
facet normal 4.188897629042246e-32 0.9999999999999999 6.158268339717677e-16
  outer loop
    vertex 7.910196292420706 -3.000000000000006 77.10256472057257
    vertex 6.826630857008962 -3.0000000000000084 80.01618437209248
    vertex 8.007184456506955 -3.0000000000000067 77.2880859675525
  endloop
endfacet
facet normal 4.188897629042246e-32 0.9999999999999999 6.158268339717677e-16
  outer loop
    vertex 8.007184456506955 -3.0000000000000067 77.2880859675525
    vertex 6.826630857008962 -3.0000000000000084 80.01618437209248
    vertex 8.08424905843199 -3.0000000000000067 77.48272893347718
  endloop
endfacet
facet normal 4.188897629042246e-32 0.9999999999999999 6.158268339717677e-16
  outer loop
    vertex 8.08424905843199 -3.0000000000000067 77.48272893347718
    vertex 6.826630857008962 -3.0000000000000084 80.01618437209248
    vertex 7.021273822933625 -3.000000000000008 79.93911977016745
  endloop
endfacet
facet normal 4.188897629042246e-32 0.9999999999999999 6.158268339717677e-16
  outer loop
    vertex 8.08424905843199 -3.0000000000000067 77.48272893347718
    vertex 7.021273822933625 -3.000000000000008 79.93911977016745
    vertex 8.140545762290314 -3.0000000000000067 77.68436106928023
  endloop
endfacet
facet normal 4.188897629042246e-32 0.9999999999999999 6.158268339717677e-16
  outer loop
    vertex 8.140545762290314 -3.0000000000000067 77.68436106928023
    vertex 7.021273822933625 -3.000000000000008 79.93911977016745
    vertex 7.206795069913564 -3.000000000000008 79.8421316060812
  endloop
endfacet
facet normal 4.188897629042246e-32 0.9999999999999999 6.158268339717677e-16
  outer loop
    vertex 8.140545762290314 -3.0000000000000067 77.68436106928023
    vertex 7.206795069913564 -3.000000000000008 79.8421316060812
    vertex 7.381161988344054 -3.000000000000008 79.72628250245555
  endloop
endfacet
facet normal 4.188897629042246e-32 0.9999999999999999 6.158268339717677e-16
  outer loop
    vertex 8.140545762290314 -3.0000000000000067 77.68436106928023
    vertex 7.381161988344054 -3.000000000000008 79.72628250245555
    vertex 8.175457769613612 -3.0000000000000067 77.89077325108758
  endloop
endfacet
facet normal 4.188897629042246e-32 0.9999999999999999 6.158268339717677e-16
  outer loop
    vertex 8.175457769613612 -3.0000000000000067 77.89077325108758
    vertex 7.381161988344054 -3.000000000000008 79.72628250245555
    vertex 8.188602577143843 -3.0000000000000067 78.09970398384083
  endloop
endfacet
facet normal 4.188897629042246e-32 0.9999999999999999 6.158268339717677e-16
  outer loop
    vertex 8.188602577143843 -3.0000000000000067 78.09970398384083
    vertex 7.381161988344054 -3.000000000000008 79.72628250245555
    vertex 7.542464177778142 -3.000000000000008 79.59284172631278
  endloop
endfacet
facet normal 4.188897629042246e-32 0.9999999999999999 6.158268339717677e-16
  outer loop
    vertex 8.188602577143843 -3.0000000000000067 78.09970398384083
    vertex 7.542464177778142 -3.000000000000008 79.59284172631278
    vertex 8.17983616761898 -3.000000000000007 78.30886417871034
  endloop
endfacet
facet normal 4.188897629042246e-32 0.9999999999999999 6.158268339717677e-16
  outer loop
    vertex 8.17983616761898 -3.000000000000007 78.30886417871034
    vertex 7.542464177778142 -3.000000000000008 79.59284172631278
    vertex 7.68893437767374 -3.0000000000000075 79.44327128272062
  endloop
endfacet
facet normal 4.188897629042246e-32 0.9999999999999999 6.158268339717677e-16
  outer loop
    vertex 8.17983616761898 -3.000000000000007 78.30886417871034
    vertex 7.68893437767374 -3.0000000000000075 79.44327128272062
    vertex 7.81896782986993 -3.0000000000000075 79.27920989675867
  endloop
endfacet
facet normal 4.188897629042246e-32 0.9999999999999999 6.158268339717677e-16
  outer loop
    vertex 8.17983616761898 -3.000000000000007 78.30886417871034
    vertex 7.81896782986993 -3.0000000000000075 79.27920989675867
    vertex 8.149254587656264 -3.000000000000007 78.51596223283157
  endloop
endfacet
facet normal 4.188897629042246e-32 0.9999999999999999 6.158268339717677e-16
  outer loop
    vertex 8.149254587656264 -3.000000000000007 78.51596223283157
    vertex 7.81896782986993 -3.0000000000000075 79.27920989675867
    vertex 7.9311398606532 -3.0000000000000075 79.1024550593036
  endloop
endfacet
facet normal 4.188897629042246e-32 0.9999999999999999 6.158268339717677e-16
  outer loop
    vertex 8.149254587656264 -3.000000000000007 78.51596223283157
    vertex 7.9311398606532 -3.0000000000000075 79.1024550593036
    vertex 8.097192895445374 -3.000000000000007 78.71872913658548
  endloop
endfacet
facet normal 4.188897629042246e-32 0.9999999999999999 6.158268339717677e-16
  outer loop
    vertex 8.097192895445374 -3.000000000000007 78.71872913658548
    vertex 7.9311398606532 -3.0000000000000075 79.1024550593036
    vertex 8.024221489780784 -3.0000000000000075 78.91494333334288
  endloop
endfacet
facet normal -0.9614191744950129 -0.06014037714823506 0.2684330567381676
  outer loop
    vertex 2.405116167828441 -4.130770465414537 79.39396830911804
    vertex 2.2850451906578364 -4.000000000000005 78.99322051765948
    vertex 2.292744841006601 -4.130770465414536 78.99149944189747
  endloop
endfacet
facet normal -0.9614191744950129 -0.06014037714823506 0.2684330567381676
  outer loop
    vertex 2.2850451906578364 -4.000000000000005 78.99322051765948
    vertex 2.405116167828441 -4.130770465414537 79.39396830911804
    vertex 2.3976385983744835 -4.000000000000006 79.39648478926559
  endloop
endfacet
facet normal 0.9631625667976585 1.656080417217538e-16 -0.2689198206152645
  outer loop
    vertex 3.345407008384068 -4.600000000000004 79.07752547996752
    vertex 3.260961952596582 -5.000000000000003 78.77507727626293
    vertex 3.2609619525965825 -4.600000000000004 78.77507727626293
  endloop
endfacet
facet normal 0.9631625667976585 1.656080417217538e-16 -0.2689198206152645
  outer loop
    vertex 3.260961952596582 -5.000000000000003 78.77507727626293
    vertex 3.345407008384068 -4.600000000000004 79.07752547996752
    vertex 3.3454070083840675 -5.000000000000003 79.07752547996752
  endloop
endfacet
facet normal -0.05946044894874498 -0.9981799998601126 0.01005698215564863
  outer loop
    vertex 3.2085939416116345 -5.000000000000003 78.46545900355191
    vertex 3.1333408634320103 -4.992110341118164 78.80360396946739
    vertex 3.078690122723952 -4.992110341118164 78.48048938821528
  endloop
endfacet
facet normal -0.05946044894874498 -0.9981799998601126 0.01005698215564863
  outer loop
    vertex 3.1333408634320103 -4.992110341118164 78.80360396946739
    vertex 3.2085939416116345 -5.000000000000003 78.46545900355191
    vertex 3.260961952596582 -5.000000000000003 78.77507727626293
  endloop
endfacet
facet normal -0.18849840976902435 -0.9815558465853599 0.031882119575811156
  outer loop
    vertex 3.078690122723952 -4.992110341118164 78.48048938821528
    vertex 3.0078395782422063 -4.967097829163193 78.83165683034495
    vertex 2.9509440242680416 -4.967097829163193 78.49527011610672
  endloop
endfacet
facet normal -0.18849840976902435 -0.9815558465853599 0.031882119575811156
  outer loop
    vertex 3.0078395782422063 -4.967097829163193 78.83165683034495
    vertex 3.078690122723952 -4.992110341118164 78.48048938821528
    vertex 3.1333408634320103 -4.992110341118164 78.80360396946739
  endloop
endfacet
facet normal -0.3142391931175539 -0.9478548683898357 0.053149581169711975
  outer loop
    vertex 2.9509440242680416 -4.967097829163193 78.49527011610672
    vertex 2.88663649004778 -4.925396619700811 78.85874893036532
    vertex 2.82757300369061 -4.925396619700811 78.50954463021624
  endloop
endfacet
facet normal -0.3142391931175539 -0.9478548683898357 0.053149581169711975
  outer loop
    vertex 2.88663649004778 -4.925396619700811 78.85874893036532
    vertex 2.9509440242680416 -4.967097829163193 78.49527011610672
    vertex 3.0078395782422063 -4.967097829163193 78.83165683034495
  endloop
endfacet
facet normal -0.4344872151224233 -0.8976749812868243 0.07348801172205345
  outer loop
    vertex 2.82757300369061 -4.925396619700811 78.50954463021624
    vertex 2.7718353857621483 -4.86773054295719 78.884410017439
    vertex 2.710718477868504 -4.86773054295719 78.52306516015756
  endloop
endfacet
facet normal -0.4344872151224233 -0.8976749812868243 0.07348801172205345
  outer loop
    vertex 2.7718353857621483 -4.86773054295719 78.884410017439
    vertex 2.82757300369061 -4.925396619700811 78.50954463021624
    vertex 2.88663649004778 -4.925396619700811 78.85874893036532
  endloop
endfacet
facet normal -0.5471481720166304 -0.8319042231740212 0.0925431862650524
  outer loop
    vertex 2.710718477868504 -4.86773054295719 78.52306516015756
    vertex 2.6654289296353615 -4.795100539910062 78.90819467833457
    vertex 2.6024087533891147 -4.795100539910062 78.53559702285142
  endloop
endfacet
facet normal -0.5471481720166304 -0.8319042231740212 0.0925431862650524
  outer loop
    vertex 2.6654289296353615 -4.795100539910062 78.90819467833457
    vertex 2.710718477868504 -4.86773054295719 78.52306516015756
    vertex 2.7718353857621483 -4.86773054295719 78.884410017439
  endloop
endfacet
facet normal -0.6502664831198828 -0.7517026973525571 0.10998434308477391
  outer loop
    vertex 2.6024087533891147 -4.795100539910062 78.53559702285142
    vertex 2.569264075513543 -4.708767288420094 78.92969006995473
    vertex 2.5045238201466784 -4.708767288420094 78.54692269604547
  endloop
endfacet
facet normal -0.6502664831198828 -0.7517026973525571 0.10998434308477391
  outer loop
    vertex 2.569264075513543 -4.708767288420094 78.92969006995473
    vertex 2.6024087533891147 -4.795100539910062 78.53559702285142
    vertex 2.6654289296353615 -4.795100539910062 78.90819467833457
  endloop
endfacet
facet normal -0.7420592344564573 -0.6584795754774405 0.12550992485435697
  outer loop
    vertex 2.5045238201466784 -4.708767288420094 78.54692269604547
    vertex 2.4850100082718107 -4.610229320970105 78.94852308527506
    vertex 2.418762719350814 -4.610229320970105 78.55684559396451
  endloop
endfacet
facet normal -0.7420592344564573 -0.6584795754774405 0.12550992485435697
  outer loop
    vertex 2.4850100082718107 -4.610229320970105 78.94852308527506
    vertex 2.5045238201466784 -4.708767288420094 78.54692269604547
    vertex 2.569264075513543 -4.708767288420094 78.92969006995473
  endloop
endfacet
facet normal -0.8209460382492731 -0.5538660033848911 0.1388526289894099
  outer loop
    vertex 2.4850100082718107 -4.610229320970105 78.94852308527506
    vertex 2.3466140523583228 -4.501197013834198 78.56519347955503
    vertex 2.418762719350814 -4.610229320970105 78.55684559396451
  endloop
endfacet
facet normal -0.8209460382492731 -0.5538660033848911 0.1388526289894099
  outer loop
    vertex 2.3466140523583228 -4.501197013834198 78.56519347955503
    vertex 2.4850100082718107 -4.610229320970105 78.94852308527506
    vertex 2.414129170878456 -4.501197013834198 78.96436682956241
  endloop
endfacet
facet normal -0.8855744629078967 -0.4396847862059267 0.14978370880853112
  outer loop
    vertex 2.414129170878456 -4.501197013834198 78.96436682956241
    vertex 2.2893301422221866 -4.383562899160759 78.57182145409605
    vertex 2.3466140523583228 -4.501197013834198 78.56519347955503
  endloop
endfacet
facet normal -0.8855744629078967 -0.4396847862059267 0.14978370880853112
  outer loop
    vertex 2.2893301422221866 -4.383562899160759 78.57182145409605
    vertex 2.414129170878456 -4.501197013834198 78.96436682956241
    vertex 2.3578518799891084 -4.383562899160759 78.97694629446187
  endloop
endfacet
facet normal -0.9348409047151324 -0.3179176845102886 0.15811650371485308
  outer loop
    vertex 2.3578518799891084 -4.383562899160759 78.97694629446187
    vertex 2.247905296449659 -4.259368815278395 78.57661447228377
    vertex 2.2893301422221866 -4.383562899160759 78.57182145409605
  endloop
endfacet
facet normal -0.9348409047151324 -0.3179176845102886 0.15811650371485308
  outer loop
    vertex 2.247905296449659 -4.259368815278395 78.57661447228377
    vertex 2.3578518799891084 -4.383562899160759 78.97694629446187
    vertex 2.317154970681651 -4.259368815278395 78.98604313146416
  endloop
endfacet
facet normal -0.9679069415003513 -0.1906710484683348 0.16370920521284588
  outer loop
    vertex 2.317154970681651 -4.259368815278395 78.98604313146416
    vertex 2.2230585482743352 -4.130770465414536 78.57948933913454
    vertex 2.247905296449659 -4.259368815278395 78.57661447228377
  endloop
endfacet
facet normal -0.9679069415003513 -0.1906710484683348 0.16370920521284588
  outer loop
    vertex 2.2230585482743352 -4.130770465414536 78.57948933913454
    vertex 2.317154970681651 -4.259368815278395 78.98604313146416
    vertex 2.292744841006601 -4.130770465414536 78.99149944189747
  endloop
endfacet
facet normal -0.9842113145732605 -0.060140377148234225 0.16646688350072186
  outer loop
    vertex 2.292744841006601 -4.130770465414536 78.99149944189747
    vertex 2.21522117601124 -4.000000000000005 78.58039615404478
    vertex 2.2230585482743352 -4.130770465414536 78.57948933913454
  endloop
endfacet
facet normal -0.9842113145732605 -0.060140377148234225 0.16646688350072186
  outer loop
    vertex 2.21522117601124 -4.000000000000005 78.58039615404478
    vertex 2.292744841006601 -4.130770465414536 78.99149944189747
    vertex 2.2850451906578364 -4.000000000000005 78.99322051765948
  endloop
endfacet
facet normal 0.985996037070505 1.0270066929561642e-16 -0.1667687467161018
  outer loop
    vertex 3.2609619525965825 -4.600000000000004 78.77507727626293
    vertex 3.2085939416116345 -5.000000000000003 78.46545900355191
    vertex 3.208593941611636 -4.600000000000004 78.46545900355191
  endloop
endfacet
facet normal 0.985996037070505 1.0270066929561642e-16 -0.1667687467161018
  outer loop
    vertex 3.2085939416116345 -5.000000000000003 78.46545900355191
    vertex 3.2609619525965825 -4.600000000000004 78.77507727626293
    vertex 3.260961952596582 -5.000000000000003 78.77507727626293
  endloop
endfacet
facet normal -0.060185959277794514 -0.9981799998601126 0.0037865796013035243
  outer loop
    vertex 3.1888767303162866 -5.000000000000003 78.15206290442204
    vertex 3.078690122723952 -4.992110341118164 78.48048938821528
    vertex 3.0581134351293473 -4.992110341118164 78.15343230450465
  endloop
endfacet
facet normal -0.060185959277794514 -0.9981799998601126 0.0037865796013035243
  outer loop
    vertex 3.078690122723952 -4.992110341118164 78.48048938821528
    vertex 3.1888767303162866 -5.000000000000003 78.15206290442204
    vertex 3.2085939416116345 -5.000000000000003 78.46545900355191
  endloop
endfacet
facet normal -0.1907983847223707 -0.9815558465853599 0.012004016887341176
  outer loop
    vertex 3.0581134351293473 -4.992110341118164 78.15343230450465
    vertex 2.9509440242680416 -4.967097829163193 78.49527011610672
    vertex 2.929522136394605 -4.967097829163193 78.15477895866213
  endloop
endfacet
facet normal -0.1907983847223707 -0.9815558465853599 0.012004016887341176
  outer loop
    vertex 2.9509440242680416 -4.967097829163193 78.49527011610672
    vertex 3.0581134351293473 -4.992110341118164 78.15343230450465
    vertex 3.078690122723952 -4.992110341118164 78.48048938821528
  endloop
endfacet
facet normal -0.3180734019812562 -0.9478548683898357 0.020011482247886535
  outer loop
    vertex 2.929522136394605 -4.967097829163193 78.15477895866213
    vertex 2.82757300369061 -4.925396619700811 78.50954463021624
    vertex 2.8053348621526597 -4.925396619700811 78.15607949229707
  endloop
endfacet
facet normal -0.3180734019812562 -0.9478548683898357 0.020011482247886535
  outer loop
    vertex 2.82757300369061 -4.925396619700811 78.50954463021624
    vertex 2.929522136394605 -4.967097829163193 78.15477895866213
    vertex 2.9509440242680416 -4.967097829163193 78.49527011610672
  endloop
endfacet
facet normal -0.43978863763073717 -0.8976749812868241 0.027669155798473056
  outer loop
    vertex 2.8053348621526597 -4.925396619700811 78.15607949229707
    vertex 2.710718477868504 -4.86773054295719 78.52306516015756
    vertex 2.6877071974323683 -4.86773054295719 78.15731133135063
  endloop
endfacet
facet normal -0.43978863763073717 -0.8976749812868241 0.027669155798473056
  outer loop
    vertex 2.710718477868504 -4.86773054295719 78.52306516015756
    vertex 2.8053348621526597 -4.925396619700811 78.15607949229707
    vertex 2.82757300369061 -4.925396619700811 78.50954463021624
  endloop
endfacet
facet normal -0.5538242341274429 -0.8319042231740216 0.03484366740713417
  outer loop
    vertex 2.6877071974323683 -4.86773054295719 78.15731133135063
    vertex 2.6024087533891147 -4.795100539910062 78.53559702285142
    vertex 2.5786808686070395 -4.795100539910062 78.15845309413265
  endloop
endfacet
facet normal -0.5538242341274429 -0.8319042231740216 0.03484366740713417
  outer loop
    vertex 2.6024087533891147 -4.795100539910062 78.53559702285142
    vertex 2.6877071974323683 -4.86773054295719 78.15731133135063
    vertex 2.710718477868504 -4.86773054295719 78.52306516015756
  endloop
endfacet
facet normal -0.6582007496530009 -0.7517026973525571 0.04141048115052013
  outer loop
    vertex 2.5786808686070395 -4.795100539910062 78.15845309413265
    vertex 2.5045238201466784 -4.708767288420094 78.54692269604547
    vertex 2.480148304056328 -4.708767288420094 78.15948496245504
  endloop
endfacet
facet normal -0.6582007496530009 -0.7517026973525571 0.04141048115052013
  outer loop
    vertex 2.5045238201466784 -4.708767288420094 78.54692269604547
    vertex 2.5786808686070395 -4.795100539910062 78.15845309413265
    vertex 2.6024087533891147 -4.795100539910062 78.53559702285142
  endloop
endfacet
facet normal -0.7511135158970323 -0.6584795754774384 0.04725605692238009
  outer loop
    vertex 2.5045238201466784 -4.708767288420094 78.54692269604547
    vertex 2.3938197862733164 -4.610229320970105 78.1603890256267
    vertex 2.480148304056328 -4.708767288420094 78.15948496245504
  endloop
endfacet
facet normal -0.7511135158970323 -0.6584795754774384 0.04725605692238009
  outer loop
    vertex 2.3938197862733164 -4.610229320970105 78.1603890256267
    vertex 2.5045238201466784 -4.708767288420094 78.54692269604547
    vertex 2.418762719350814 -4.610229320970105 78.55684559396451
  endloop
endfacet
facet normal -0.8309628618836787 -0.5538660033848913 0.05227975195555128
  outer loop
    vertex 2.418762719350814 -4.610229320970105 78.55684559396451
    vertex 2.3211937655753383 -4.501197013834198 78.16114959133897
    vertex 2.3938197862733164 -4.610229320970105 78.1603890256267
  endloop
endfacet
facet normal -0.8309628618836787 -0.5538660033848913 0.05227975195555128
  outer loop
    vertex 2.3211937655753383 -4.501197013834198 78.16114959133897
    vertex 2.418762719350814 -4.610229320970105 78.55684559396451
    vertex 2.3466140523583228 -4.501197013834198 78.56519347955503
  endloop
endfacet
facet normal -0.8963798542451864 -0.4396847862059287 0.05639544026270947
  outer loop
    vertex 2.3466140523583228 -4.501197013834198 78.56519347955503
    vertex 2.263530850699292 -4.383562899160759 78.16175345804547
    vertex 2.3211937655753383 -4.501197013834198 78.16114959133897
  endloop
endfacet
facet normal -0.8963798542451864 -0.4396847862059287 0.05639544026270947
  outer loop
    vertex 2.263530850699292 -4.383562899160759 78.16175345804547
    vertex 2.3466140523583228 -4.501197013834198 78.56519347955503
    vertex 2.2893301422221866 -4.383562899160759 78.57182145409605
  endloop
endfacet
facet normal -0.9462474235756527 -0.317917684510289 0.059532841793884725
  outer loop
    vertex 2.2893301422221866 -4.383562899160759 78.57182145409605
    vertex 2.2218319277406837 -4.259368815278395 78.16219014410834
    vertex 2.263530850699292 -4.383562899160759 78.16175345804547
  endloop
endfacet
facet normal -0.9462474235756527 -0.317917684510289 0.059532841793884725
  outer loop
    vertex 2.2218319277406837 -4.259368815278395 78.16219014410834
    vertex 2.2893301422221866 -4.383562899160759 78.57182145409605
    vertex 2.247905296449659 -4.259368815278395 78.57661447228377
  endloop
endfacet
facet normal -0.9797169176447058 -0.19067104846833263 0.061638563876387734
  outer loop
    vertex 2.247905296449659 -4.259368815278395 78.57661447228377
    vertex 2.196820787237613 -4.130770465414536 78.16245206973373
    vertex 2.2218319277406837 -4.259368815278395 78.16219014410834
  endloop
endfacet
facet normal -0.9797169176447058 -0.19067104846833263 0.061638563876387734
  outer loop
    vertex 2.196820787237613 -4.130770465414536 78.16245206973373
    vertex 2.247905296449659 -4.259368815278395 78.57661447228377
    vertex 2.2230585482743352 -4.130770465414536 78.57948933913454
  endloop
endfacet
facet normal -0.9962202295295847 -0.060140377148234524 0.06267686425220759
  outer loop
    vertex 2.2230585482743352 -4.130770465414536 78.57948933913454
    vertex 2.188931560950777 -4.000000000000005 78.1625346885383
    vertex 2.196820787237613 -4.130770465414536 78.16245206973373
  endloop
endfacet
facet normal -0.9962202295295847 -0.060140377148234524 0.06267686425220759
  outer loop
    vertex 2.188931560950777 -4.000000000000005 78.1625346885383
    vertex 2.2230585482743352 -4.130770465414536 78.57948933913454
    vertex 2.21522117601124 -4.000000000000005 78.58039615404478
  endloop
endfacet
facet normal 0.9980267284282716 3.8668086845178834e-17 -0.06279051952931268
  outer loop
    vertex 3.208593941611636 -4.600000000000004 78.46545900355191
    vertex 3.1888767303162866 -5.000000000000003 78.15206290442204
    vertex 3.1888767303162884 -4.600000000000004 78.15206290442204
  endloop
endfacet
facet normal 0.9980267284282716 3.8668086845178834e-17 -0.06279051952931268
  outer loop
    vertex 3.1888767303162866 -5.000000000000003 78.15206290442204
    vertex 3.208593941611636 -4.600000000000004 78.46545900355191
    vertex 3.2085939416116345 -5.000000000000003 78.46545900355191
  endloop
endfacet
facet normal -0.06025205964227476 -0.9981799998601126 -0.0025253095115461677
  outer loop
    vertex 3.2020263446035826 -5.000000000000002 77.83832261211776
    vertex 3.0581134351293473 -4.992110341118164 78.15343230450465
    vertex 3.0718362431434336 -4.992110341118164 77.82601602418573
  endloop
endfacet
facet normal -0.06025205964227476 -0.9981799998601126 -0.0025253095115461677
  outer loop
    vertex 3.0581134351293473 -4.992110341118164 78.15343230450465
    vertex 3.2020263446035826 -5.000000000000002 77.83832261211776
    vertex 3.1888767303162866 -5.000000000000003 78.15206290442204
  endloop
endfacet
facet normal -0.19100793264556984 -0.9815558465853599 -0.008005604322148724
  outer loop
    vertex 3.0718362431434336 -4.992110341118164 77.82601602418573
    vertex 2.929522136394605 -4.967097829163193 78.15477895866213
    vertex 2.943808617308256 -4.967097829163192 77.8139138503845
  endloop
endfacet
facet normal -0.19100793264556984 -0.9815558465853599 -0.008005604322148724
  outer loop
    vertex 2.929522136394605 -4.967097829163193 78.15477895866213
    vertex 3.0718362431434336 -4.992110341118164 77.82601602418573
    vertex 3.0581134351293473 -4.992110341118164 78.15343230450465
  endloop
endfacet
facet normal -0.3184227320917143 -0.9478548683898355 -0.013345866661119041
  outer loop
    vertex 2.943808617308256 -4.967097829163192 77.8139138503845
    vertex 2.8053348621526597 -4.925396619700811 78.15607949229707
    vertex 2.82016571116625 -4.925396619700811 77.80222615462618
  endloop
endfacet
facet normal -0.3184227320917143 -0.9478548683898355 -0.013345866661119041
  outer loop
    vertex 2.8053348621526597 -4.925396619700811 78.15607949229707
    vertex 2.943808617308256 -4.967097829163192 77.8139138503845
    vertex 2.929522136394605 -4.967097829163193 78.15477895866213
  endloop
endfacet
facet normal -0.44027164379347933 -0.8976749812868239 -0.01845284918617861
  outer loop
    vertex 2.82016571116625 -4.925396619700811 77.80222615462618
    vertex 2.6877071974323683 -4.86773054295719 78.15731133135063
    vertex 2.7030536608576194 -4.86773054295719 77.79115580650556
  endloop
endfacet
facet normal -0.44027164379347933 -0.8976749812868239 -0.01845284918617861
  outer loop
    vertex 2.6877071974323683 -4.86773054295719 78.15731133135063
    vertex 2.82016571116625 -4.925396619700811 77.80222615462618
    vertex 2.8053348621526597 -4.925396619700811 78.15607949229707
  endloop
endfacet
facet normal -0.5544324820339842 -0.8319042231740215 -0.023237605962401448
  outer loop
    vertex 2.7030536608576194 -4.86773054295719 77.79115580650556
    vertex 2.5786808686070395 -4.795100539910062 78.15845309413265
    vertex 2.594505242960188 -4.795100539910061 77.78089495998377
  endloop
endfacet
facet normal -0.5544324820339842 -0.8319042231740215 -0.023237605962401448
  outer loop
    vertex 2.5786808686070395 -4.795100539910062 78.15845309413265
    vertex 2.7030536608576194 -4.86773054295719 77.79115580650556
    vertex 2.6877071974323683 -4.86773054295719 78.15731133135063
  endloop
endfacet
facet normal -0.6589236310355582 -0.7517026973525578 -0.027617082680918066
  outer loop
    vertex 2.594505242960188 -4.795100539910061 77.78089495998377
    vertex 2.480148304056328 -4.708767288420094 78.15948496245504
    vertex 2.4964045904976833 -4.708767288420093 77.77162171806921
  endloop
endfacet
facet normal -0.6589236310355582 -0.7517026973525578 -0.027617082680918066
  outer loop
    vertex 2.480148304056328 -4.708767288420094 78.15948496245504
    vertex 2.594505242960188 -4.795100539910061 77.78089495998377
    vertex 2.5786808686070395 -4.795100539910062 78.15845309413265
  endloop
endfacet
facet normal -0.7519384404768288 -0.6584795754774392 -0.03151555825820454
  outer loop
    vertex 2.480148304056328 -4.708767288420094 78.15948496245504
    vertex 2.4104544890337585 -4.610229320970105 77.7634970413882
    vertex 2.4964045904976833 -4.708767288420093 77.77162171806921
  endloop
endfacet
facet normal -0.7519384404768288 -0.6584795754774392 -0.03151555825820454
  outer loop
    vertex 2.4104544890337585 -4.610229320970105 77.7634970413882
    vertex 2.480148304056328 -4.708767288420094 78.15948496245504
    vertex 2.3938197862733164 -4.610229320970105 78.1603890256267
  endloop
endfacet
facet normal -0.8318754825131299 -0.5538660033848897 -0.03486591298097389
  outer loop
    vertex 2.3938197862733164 -4.610229320970105 78.1603890256267
    vertex 2.338146820511032 -4.501197013834197 77.7566619543051
    vertex 2.4104544890337585 -4.610229320970105 77.7634970413882
  endloop
endfacet
facet normal -0.8318754825131299 -0.5538660033848897 -0.03486591298097389
  outer loop
    vertex 2.338146820511032 -4.501197013834197 77.7566619543051
    vertex 2.3938197862733164 -4.610229320970105 78.1603890256267
    vertex 2.3211937655753383 -4.501197013834198 78.16114959133897
  endloop
endfacet
facet normal -0.8973643203198228 -0.4396847862059296 -0.037610708528134085
  outer loop
    vertex 2.3211937655753383 -4.501197013834198 78.16114959133897
    vertex 2.2807366678571994 -4.383562899160758 77.75123509708708
    vertex 2.338146820511032 -4.501197013834197 77.7566619543051
  endloop
endfacet
facet normal -0.8973643203198228 -0.4396847862059296 -0.037610708528134085
  outer loop
    vertex 2.2807366678571994 -4.383562899160758 77.75123509708708
    vertex 2.3211937655753383 -4.501197013834198 78.16114959133897
    vertex 2.263530850699292 -4.383562899160759 78.16175345804547
  endloop
endfacet
facet normal -0.9472866576484748 -0.31791768451028857 -0.039703074399826295
  outer loop
    vertex 2.263530850699292 -4.383562899160759 78.16175345804547
    vertex 2.239220529838506 -4.259368815278394 77.74731066660122
    vertex 2.2807366678571994 -4.383562899160758 77.75123509708708
  endloop
endfacet
facet normal -0.9472866576484748 -0.31791768451028857 -0.039703074399826295
  outer loop
    vertex 2.239220529838506 -4.259368815278394 77.74731066660122
    vertex 2.263530850699292 -4.383562899160759 78.16175345804547
    vertex 2.2218319277406837 -4.259368815278395 78.16219014410834
  endloop
endfacet
facet normal -0.9807929102203992 -0.19067104846833274 -0.041107402464600776
  outer loop
    vertex 2.2218319277406837 -4.259368815278395 78.16219014410834
    vertex 2.214319024296956 -4.130770465414535 77.74495678128928
    vertex 2.239220529838506 -4.259368815278394 77.74731066660122
  endloop
endfacet
facet normal -0.9807929102203992 -0.19067104846833274 -0.041107402464600776
  outer loop
    vertex 2.214319024296956 -4.130770465414535 77.74495678128928
    vertex 2.2218319277406837 -4.259368815278395 78.16219014410834
    vertex 2.196820787237613 -4.130770465414536 78.16245206973373
  endloop
endfacet
facet normal -0.9973143471786975 -0.060140377148234975 -0.04179985583703104
  outer loop
    vertex 2.196820787237613 -4.130770465414536 78.16245206973373
    vertex 2.2064643800005053 -4.000000000000004 77.74421429879925
    vertex 2.214319024296956 -4.130770465414535 77.74495678128928
  endloop
endfacet
facet normal -0.9973143471786975 -0.060140377148234975 -0.04179985583703104
  outer loop
    vertex 2.2064643800005053 -4.000000000000004 77.74421429879925
    vertex 2.196820787237613 -4.130770465414536 78.16245206973373
    vertex 2.188931560950777 -4.000000000000005 78.1625346885383
  endloop
endfacet
facet normal 0.9991228300988584 -2.578815125655065e-17 0.041875653729198554
  outer loop
    vertex 3.1888767303162884 -4.600000000000004 78.15206290442204
    vertex 3.2020263446035826 -5.000000000000002 77.83832261211776
    vertex 3.202026344603584 -4.600000000000003 77.83832261211776
  endloop
endfacet
facet normal 0.9991228300988584 -2.578815125655065e-17 0.041875653729198554
  outer loop
    vertex 3.2020263446035826 -5.000000000000002 77.83832261211776
    vertex 3.1888767303162884 -4.600000000000004 78.15206290442204
    vertex 3.1888767303162866 -5.000000000000003 78.15206290442204
  endloop
endfacet
facet normal -0.05965802583276046 -0.9981799998601126 -0.008809530804932403
  outer loop
    vertex 3.2478987145476568 -5.000000000000002 77.52767553093594
    vertex 3.0718362431434336 -4.992110341118164 77.82601602418573
    vertex 3.119708196809926 -4.992110341118164 77.50182778854196
  endloop
endfacet
facet normal -0.05965802583276046 -0.9981799998601126 -0.008809530804932403
  outer loop
    vertex 3.0718362431434336 -4.992110341118164 77.82601602418573
    vertex 3.2478987145476568 -5.000000000000002 77.52767553093594
    vertex 3.2020263446035826 -5.000000000000002 77.83832261211776
  endloop
endfacet
facet normal -0.18912475768772455 -0.9815558465853599 -0.02792751445540433
  outer loop
    vertex 3.119708196809926 -4.992110341118164 77.50182778854196
    vertex 2.943808617308256 -4.967097829163192 77.8139138503845
    vertex 2.9936469413344646 -4.967097829163192 77.47640938073071
  endloop
endfacet
facet normal -0.18912475768772455 -0.9815558465853599 -0.02792751445540433
  outer loop
    vertex 2.943808617308256 -4.967097829163192 77.8139138503845
    vertex 3.119708196809926 -4.992110341118164 77.50182778854196
    vertex 3.0718362431434336 -4.992110341118164 77.82601602418573
  endloop
endfacet
facet normal -0.31528335611513464 -0.947854868389835 -0.04655699546218241
  outer loop
    vertex 2.9936469413344646 -4.967097829163192 77.47640938073071
    vertex 2.82016571116625 -4.925396619700811 77.80222615462618
    vertex 2.8719030608460314 -4.925396619700811 77.45186150841971
  endloop
endfacet
facet normal -0.31528335611513464 -0.947854868389835 -0.04655699546218241
  outer loop
    vertex 2.82016571116625 -4.925396619700811 77.80222615462618
    vertex 2.9936469413344646 -4.967097829163192 77.47640938073071
    vertex 2.943808617308256 -4.967097829163192 77.8139138503845
  endloop
endfacet
facet normal -0.43593094169405533 -0.8976749812868241 -0.06437268089363862
  outer loop
    vertex 2.8719030608460314 -4.925396619700811 77.45186150841971
    vertex 2.7030536608576194 -4.86773054295719 77.79115580650556
    vertex 2.756589729079515 -4.86773054295719 77.42861026217551
  endloop
endfacet
facet normal -0.43593094169405533 -0.8976749812868241 -0.06437268089363862
  outer loop
    vertex 2.7030536608576194 -4.86773054295719 77.79115580650556
    vertex 2.8719030608460314 -4.925396619700811 77.45186150841971
    vertex 2.82016571116625 -4.925396619700811 77.80222615462618
  endloop
endfacet
facet normal -0.5489662516449068 -0.8319042231740202 -0.0810642832582311
  outer loop
    vertex 2.756589729079515 -4.86773054295719 77.42861026217551
    vertex 2.594505242960188 -4.795100539910061 77.78089495998377
    vertex 2.649708501291682 -4.795100539910061 77.40705922633163
  endloop
endfacet
facet normal -0.5489662516449068 -0.8319042231740202 -0.0810642832582311
  outer loop
    vertex 2.594505242960188 -4.795100539910061 77.78089495998377
    vertex 2.756589729079515 -4.86773054295719 77.42861026217551
    vertex 2.7030536608576194 -4.86773054295719 77.79115580650556
  endloop
endfacet
facet normal -0.6524272072278553 -0.7517026973525588 -0.0963420679752562
  outer loop
    vertex 2.649708501291682 -4.795100539910061 77.40705922633163
    vertex 2.4964045904976833 -4.708767288420093 77.77162171806921
    vertex 2.553114572194645 -4.708767288420093 77.3875824737591
  endloop
endfacet
facet normal -0.6524272072278553 -0.7517026973525588 -0.0963420679752562
  outer loop
    vertex 2.4964045904976833 -4.708767288420093 77.77162171806921
    vertex 2.649708501291682 -4.795100539910061 77.40705922633163
    vertex 2.594505242960188 -4.795100539910061 77.78089495998377
  endloop
endfacet
facet normal -0.744524970149528 -0.6584795754774381 -0.10994188238745635
  outer loop
    vertex 2.4964045904976833 -4.708767288420093 77.77162171806921
    vertex 2.4684845743476616 -4.610229320970105 77.3705180728833
    vertex 2.553114572194645 -4.708767288420093 77.3875824737591
  endloop
endfacet
facet normal -0.744524970149528 -0.6584795754774381 -0.10994188238745635
  outer loop
    vertex 2.4684845743476616 -4.610229320970105 77.3705180728833
    vertex 2.4964045904976833 -4.708767288420093 77.77162171806921
    vertex 2.4104544890337585 -4.610229320970105 77.7634970413882
  endloop
endfacet
facet normal -0.8236739012750284 -0.5538660033848926 -0.1216295796787168
  outer loop
    vertex 2.4104544890337585 -4.610229320970105 77.7634970413882
    vertex 2.397287475947873 -4.501197013834197 77.35616221964929
    vertex 2.4684845743476616 -4.610229320970105 77.3705180728833
  endloop
endfacet
facet normal -0.8236739012750284 -0.5538660033848926 -0.1216295796787168
  outer loop
    vertex 2.397287475947873 -4.501197013834197 77.35616221964929
    vertex 2.4104544890337585 -4.610229320970105 77.7634970413882
    vertex 2.338146820511032 -4.501197013834197 77.7566619543051
  endloop
endfacet
facet normal -0.8885170751154807 -0.4396847862059272 -0.13120478652579468
  outer loop
    vertex 2.338146820511032 -4.501197013834197 77.7566619543051
    vertex 2.3407590831625766 -4.383562899160758 77.34476409629004
    vertex 2.397287475947873 -4.501197013834197 77.35616221964929
  endloop
endfacet
facet normal -0.8885170751154807 -0.4396847862059272 -0.13120478652579468
  outer loop
    vertex 2.3407590831625766 -4.383562899160758 77.34476409629004
    vertex 2.338146820511032 -4.501197013834197 77.7566619543051
    vertex 2.2807366678571994 -4.383562899160758 77.75123509708708
  endloop
endfacet
facet normal -0.9379472208676233 -0.3179176845102872 -0.13850399540200717
  outer loop
    vertex 2.2807366678571994 -4.383562899160758 77.75123509708708
    vertex 2.2998805895797414 -4.259368815278394 77.3365215461371
    vertex 2.3407590831625766 -4.383562899160758 77.34476409629004
  endloop
endfacet
facet normal -0.9379472208676233 -0.3179176845102872 -0.13850399540200717
  outer loop
    vertex 2.2998805895797414 -4.259368815278394 77.3365215461371
    vertex 2.2807366678571994 -4.383562899160758 77.75123509708708
    vertex 2.239220529838506 -4.259368815278394 77.74731066660122
  endloop
endfacet
facet normal -0.9711231304276068 -0.19067104846833202 -0.14340298750190728
  outer loop
    vertex 2.239220529838506 -4.259368815278394 77.74731066660122
    vertex 2.275361545105401 -4.130770465414535 77.33157763954789
    vertex 2.2998805895797414 -4.259368815278394 77.3365215461371
  endloop
endfacet
facet normal -0.9711231304276068 -0.19067104846833202 -0.14340298750190728
  outer loop
    vertex 2.275361545105401 -4.130770465414535 77.33157763954789
    vertex 2.239220529838506 -4.259368815278394 77.74731066660122
    vertex 2.214319024296956 -4.130770465414535 77.74495678128928
  endloop
endfacet
facet normal -0.9874816801386761 -0.0601403771482372 -0.14581860795853538
  outer loop
    vertex 2.214319024296956 -4.130770465414535 77.74495678128928
    vertex 2.267627539925937 -4.000000000000004 77.33001819055681
    vertex 2.275361545105401 -4.130770465414535 77.33157763954789
  endloop
endfacet
facet normal -0.9874816801386761 -0.0601403771482372 -0.14581860795853538
  outer loop
    vertex 2.267627539925937 -4.000000000000004 77.33001819055681
    vertex 2.214319024296956 -4.130770465414535 77.74495678128928
    vertex 2.2064643800005053 -4.000000000000004 77.74421429879925
  endloop
endfacet
facet normal 0.9892723329629884 -8.9961848976597e-17 0.14608302856241082
  outer loop
    vertex 3.202026344603584 -4.600000000000003 77.83832261211776
    vertex 3.2478987145476568 -5.000000000000002 77.52767553093594
    vertex 3.247898714547659 -4.600000000000003 77.52767553093594
  endloop
endfacet
facet normal 0.9892723329629884 -8.9961848976597e-17 0.14608302856241082
  outer loop
    vertex 3.2478987145476568 -5.000000000000002 77.52767553093594
    vertex 3.202026344603584 -4.600000000000003 77.83832261211776
    vertex 3.2020263446035826 -5.000000000000002 77.83832261211776
  endloop
endfacet
facet normal -0.058410366207977696 -0.9981799998601126 -0.014997233035307067
  outer loop
    vertex 3.3259912528639917 -5.000000000000002 77.22352517530504
    vertex 3.119708196809926 -4.992110341118164 77.50182778854196
    vertex 3.2012048009866034 -4.992110341118164 77.18441947172379
  endloop
endfacet
facet normal -0.058410366207977696 -0.9981799998601126 -0.014997233035307067
  outer loop
    vertex 3.119708196809926 -4.992110341118164 77.50182778854196
    vertex 3.3259912528639917 -5.000000000000002 77.22352517530504
    vertex 3.2478987145476568 -5.000000000000002 77.52767553093594
  endloop
endfacet
facet normal -0.18516949230775193 -0.98155584658536 -0.047543444896078875
  outer loop
    vertex 3.2012048009866034 -4.992110341118164 77.18441947172379
    vertex 2.9936469413344646 -4.967097829163192 77.47640938073071
    vertex 3.0784910693658625 -4.967097829163192 77.14596331929769
  endloop
endfacet
facet normal -0.18516949230775193 -0.98155584658536 -0.047543444896078875
  outer loop
    vertex 2.9936469413344646 -4.967097829163192 77.47640938073071
    vertex 3.2012048009866034 -4.992110341118164 77.18441947172379
    vertex 3.119708196809926 -4.992110341118164 77.50182778854196
  endloop
endfacet
facet normal 0.2689198206152684 -5.931413541111228e-16 0.9631625667976574
  outer loop
    vertex 7.061285203998994 -4.000000000000007 82.02431459982829
    vertex 7.464549475605104 -1.514736849323933e-14 81.91172119211164
    vertex 7.061285203998994 -1.5216706535039564e-14 82.0243145998283
  endloop
endfacet
facet normal 0.2689198206152684 -5.931413541111228e-16 0.9631625667976574
  outer loop
    vertex 7.464549475605104 -1.514736849323933e-14 81.91172119211164
    vertex 7.061285203998994 -4.000000000000007 82.02431459982829
    vertex 7.464549475605104 -4.000000000000007 81.91172119211164
  endloop
endfacet
facet normal 0.3681245526846772 -5.725813096059582e-16 0.9297764858882518
  outer loop
    vertex 7.464549475605104 -4.000000000000007 81.91172119211164
    vertex 7.853835407454429 -1.5052451593609753e-14 81.75759198826158
    vertex 7.464549475605104 -1.514736849323933e-14 81.91172119211164
  endloop
endfacet
facet normal 0.3681245526846772 -5.725813096059582e-16 0.9297764858882518
  outer loop
    vertex 7.853835407454429 -1.5052451593609753e-14 81.75759198826158
    vertex 7.464549475605104 -4.000000000000007 81.91172119211164
    vertex 7.853835407454429 -4.000000000000007 81.75759198826158
  endloop
endfacet
facet normal 0.4632960351198627 -5.457479444524074e-16 0.8862035792312141
  outer loop
    vertex 7.853835407454429 -1.5052451593609753e-14 81.75759198826158
    vertex 8.224877901414308 -4.000000000000007 81.56361566008908
    vertex 8.224877901414308 -1.4932995765565814e-14 81.56361566008908
  endloop
endfacet
facet normal 0.4632960351198627 -5.457479444524074e-16 0.8862035792312141
  outer loop
    vertex 8.224877901414308 -4.000000000000007 81.56361566008908
    vertex 7.853835407454429 -1.5052451593609753e-14 81.75759198826158
    vertex 7.853835407454429 -4.000000000000007 81.75759198826158
  endloop
endfacet
facet normal 0.5533915492433451 -5.129352506143369e-16 0.832921240710099
  outer loop
    vertex 8.224877901414308 -1.4932995765565814e-14 81.56361566008908
    vertex 8.573611738275284 -4.000000000000007 81.33191745283776
    vertex 8.573611738275284 -1.4790309792157303e-14 81.33191745283776
  endloop
endfacet
facet normal 0.5533915492433451 -5.129352506143369e-16 0.832921240710099
  outer loop
    vertex 8.573611738275284 -4.000000000000007 81.33191745283776
    vertex 8.224877901414308 -1.4932995765565814e-14 81.56361566008908
    vertex 8.224877901414308 -4.000000000000007 81.56361566008908
  endloop
endfacet
facet normal 0.6374239897486907 -4.745027308319339e-16 0.7705132427757883
  outer loop
    vertex 8.573611738275284 -1.4790309792157303e-14 81.33191745283776
    vertex 8.896216117143464 -4.000000000000007 81.06503590055225
    vertex 8.896216117143464 -1.462595697076784e-14 81.06503590055225
  endloop
endfacet
facet normal 0.6374239897486907 -4.745027308319339e-16 0.7705132427757883
  outer loop
    vertex 8.896216117143464 -4.000000000000007 81.06503590055225
    vertex 8.573611738275284 -1.4790309792157303e-14 81.33191745283776
    vertex 8.573611738275284 -4.000000000000007 81.33191745283776
  endloop
endfacet
facet normal -0.8443279255020157 3.299765187091548e-16 -0.5358267949789959
  outer loop
    vertex 8.634095625598484 -5.0000000000000036 79.85849106910135
    vertex 8.802353671773389 -4.600000000000005 79.59335881291874
    vertex 8.802353671773389 -5.0000000000000036 79.59335881291874
  endloop
endfacet
facet normal -0.8443279255020157 3.299765187091548e-16 -0.5358267949789959
  outer loop
    vertex 8.802353671773389 -4.600000000000005 79.59335881291874
    vertex 8.634095625598484 -5.0000000000000036 79.85849106910135
    vertex 8.634095625598482 -4.600000000000005 79.85849106910135
  endloop
endfacet
facet normal 0.04726060050833229 -0.9981799998601126 0.03745829038887166
  outer loop
    vertex 8.634095625598484 -5.0000000000000036 79.85849106910135
    vertex 8.537137820992367 -4.992110341118165 80.1910632084568
    vertex 8.4390454473042 -5.0000000000000036 80.10458314804427
  endloop
endfacet
facet normal 0.04726060050833229 -0.9981799998601126 0.03745829038887166
  outer loop
    vertex 8.537137820992367 -4.992110341118165 80.1910632084568
    vertex 8.634095625598484 -5.0000000000000036 79.85849106910135
    vertex 8.740690266818229 -4.992110341118165 79.93424393761447
  endloop
endfacet
facet normal 0.14982308741444508 -0.9815558465853595 0.1187483158267997
  outer loop
    vertex 8.740690266818229 -4.992110341118165 79.93424393761447
    vertex 8.633600866761459 -4.967097829163193 80.2761068230828
    vertex 8.537137820992367 -4.992110341118165 80.1910632084568
  endloop
endfacet
facet normal 0.14982308741444508 -0.9815558465853595 0.1187483158267997
  outer loop
    vertex 8.633600866761459 -4.967097829163193 80.2761068230828
    vertex 8.740690266818229 -4.992110341118165 79.93424393761447
    vertex 8.845514356277084 -4.967097829163193 80.00873854048494
  endloop
endfacet
facet normal 0.2497648980550313 -0.9478548683898351 0.19796121885169338
  outer loop
    vertex 8.845514356277084 -4.967097829163193 80.00873854048494
    vertex 8.726760223864233 -4.9253966197008126 80.3582378443572
    vertex 8.633600866761459 -4.967097829163193 80.2761068230828
  endloop
endfacet
facet normal 0.2497648980550313 -0.9478548683898351 0.19796121885169338
  outer loop
    vertex 8.726760223864233 -4.9253966197008126 80.3582378443572
    vertex 8.845514356277084 -4.967097829163193 80.00873854048494
    vertex 8.946748406114644 -4.925396619700812 80.08068183499435
  endloop
endfacet
facet normal 0.34534092935590005 -0.8976749812868278 0.27371384781062263
  outer loop
    vertex 8.946748406114644 -4.925396619700812 80.08068183499435
    vertex 8.814998875446959 -4.867730542957192 80.4360306801576
    vertex 8.726760223864233 -4.9253966197008126 80.3582378443572
  endloop
endfacet
facet normal 0.34534092935590005 -0.8976749812868278 0.27371384781062263
  outer loop
    vertex 8.814998875446959 -4.867730542957192 80.4360306801576
    vertex 8.946748406114644 -4.925396619700812 80.08068183499435
    vertex 9.042635242710883 -4.867730542957191 80.14882506284987
  endloop
endfacet
facet normal 0.43488657811569387 -0.831904223174021 0.344686854463658
  outer loop
    vertex 9.042635242710883 -4.867730542957191 80.14882506284987
    vertex 8.896785215976951 -4.795100539910063 80.50813503857019
    vertex 8.814998875446959 -4.867730542957192 80.4360306801576
  endloop
endfacet
facet normal 0.43488657811569387 -0.831904223174021 0.344686854463658
  outer loop
    vertex 8.896785215976951 -4.795100539910063 80.50813503857019
    vertex 9.042635242710883 -4.867730542957191 80.14882506284987
    vertex 9.131510506889775 -4.795100539910062 80.2119854255508
  endloop
endfacet
facet normal 0.5168475015918291 -0.7517026973525582 0.40964828193362735
  outer loop
    vertex 9.131510506889775 -4.795100539910062 80.2119854255508
    vertex 8.970699636140075 -4.708767288420096 80.57329936562974
    vertex 8.896785215976951 -4.795100539910063 80.50813503857019
  endloop
endfacet
facet normal 0.5168475015918291 -0.7517026973525582 0.40964828193362735
  outer loop
    vertex 8.970699636140075 -4.708767288420096 80.57329936562974
    vertex 9.131510506889775 -4.795100539910062 80.2119854255508
    vertex 9.211831543092856 -4.708767288420095 80.26906661485548
  endloop
endfacet
facet normal 0.589806596707613 -0.6584795754774386 0.46747494816218255
  outer loop
    vertex 9.282204176077952 -4.610229320970107 80.31907784199075
    vertex 8.970699636140075 -4.708767288420096 80.57329936562974
    vertex 9.211831543092856 -4.708767288420095 80.26906661485548
  endloop
endfacet
facet normal 0.589806596707613 -0.6584795754774386 0.46747494816218255
  outer loop
    vertex 8.970699636140075 -4.708767288420096 80.57329936562974
    vertex 9.282204176077952 -4.610229320970107 80.31907784199075
    vertex 9.035459163759889 -4.610229320970107 80.63039256921203
  endloop
endfacet
facet normal 0.6525077330990524 -0.5538660033848896 0.5171712564909088
  outer loop
    vertex 9.341406910365517 -4.5011970138342 80.36115103530314
    vertex 9.035459163759889 -4.610229320970107 80.63039256921203
    vertex 9.282204176077952 -4.610229320970107 80.31907784199075
  endloop
endfacet
facet normal 0.6525077330990524 -0.5538660033848896 0.5171712564909088
  outer loop
    vertex 9.035459163759889 -4.610229320970107 80.63039256921203
    vertex 9.341406910365517 -4.5011970138342 80.36115103530314
    vertex 9.089939733032834 -4.5011970138342 80.67842365200559
  endloop
endfacet
facet normal 0.7038759654833538 -0.43968478620592727 0.5578852157871944
  outer loop
    vertex 9.38841213238986 -4.3835628991607605 80.39455590784358
    vertex 9.089939733032834 -4.5011970138342 80.67842365200559
    vertex 9.341406910365517 -4.5011970138342 80.36115103530314
  endloop
endfacet
facet normal 0.7038759654833538 -0.43968478620592727 0.5578852157871944
  outer loop
    vertex 9.089939733032834 -4.5011970138342 80.67842365200559
    vertex 9.38841213238986 -4.3835628991607605 80.39455590784358
    vertex 9.133195695540383 -4.3835628991607605 80.71655891278282
  endloop
endfacet
facet normal 0.7430341229793711 -0.3179176845102879 0.5889215889775937
  outer loop
    vertex 9.422403947338145 -4.259368815278397 80.41871263334906
    vertex 9.133195695540383 -4.3835628991607605 80.71655891278282
    vertex 9.38841213238986 -4.3835628991607605 80.39455590784358
  endloop
endfacet
facet normal 0.7430341229793711 -0.3179176845102879 0.5889215889775937
  outer loop
    vertex 9.133195695540383 -4.3835628991607605 80.71655891278282
    vertex 9.422403947338145 -4.259368815278397 80.41871263334906
    vertex 9.164476234375096 -4.259368815278397 80.74413641739862
  endloop
endfacet
facet normal 0.7693158074020225 -0.1906710484683322 0.6097521953690376
  outer loop
    vertex 9.442792341073634 -4.130770465414537 80.43320191059757
    vertex 9.164476234375096 -4.259368815278397 80.74413641739862
    vertex 9.422403947338145 -4.259368815278397 80.41871263334906
  endloop
endfacet
facet normal 0.7693158074020225 -0.1906710484683322 0.6097521953690376
  outer loop
    vertex 9.164476234375096 -4.259368815278397 80.74413641739862
    vertex 9.442792341073634 -4.130770465414537 80.43320191059757
    vertex 9.183238396471785 -4.130770465414537 80.760677488336
  endloop
endfacet
facet normal 0.7822749167925651 -0.06014037714823354 0.6200234589059139
  outer loop
    vertex 9.449223421327037 -4.000000000000007 80.43777224144402
    vertex 9.183238396471785 -4.130770465414537 80.760677488336
    vertex 9.442792341073634 -4.130770465414537 80.43320191059757
  endloop
endfacet
facet normal 0.7822749167925651 -0.06014037714823354 0.6200234589059139
  outer loop
    vertex 9.183238396471785 -4.130770465414537 80.760677488336
    vertex 9.449223421327037 -4.000000000000007 80.43777224144402
    vertex 9.189156516934657 -4.000000000000007 80.76589501336792
  endloop
endfacet
facet normal -0.7836934573258397 3.8251947095738334e-16 -0.6211477802783104
  outer loop
    vertex 8.4390454473042 -5.0000000000000036 80.10458314804427
    vertex 8.634095625598482 -4.600000000000005 79.85849106910135
    vertex 8.634095625598484 -5.0000000000000036 79.85849106910135
  endloop
endfacet
facet normal -0.7836934573258397 3.8251947095738334e-16 -0.6211477802783104
  outer loop
    vertex 8.634095625598482 -4.600000000000005 79.85849106910135
    vertex 8.4390454473042 -5.0000000000000036 80.10458314804427
    vertex 8.4390454473042 -4.600000000000005 80.10458314804427
  endloop
endfacet
facet normal 0.04308624446280716 -0.9981799998601127 0.04219316789903822
  outer loop
    vertex 8.4390454473042 -5.0000000000000036 80.10458314804427
    vertex 8.307855533044117 -4.992110341118166 80.42519857210544
    vertex 8.219340147460803 -5.000000000000004 80.32893881343252
  endloop
endfacet
facet normal 0.04308624446280716 -0.9981799998601127 0.04219316789903822
  outer loop
    vertex 8.307855533044117 -4.992110341118166 80.42519857210544
    vertex 8.4390454473042 -5.0000000000000036 80.10458314804427
    vertex 8.537137820992367 -4.992110341118165 80.1910632084568
  endloop
endfacet
facet normal 0.13658976189634328 -0.9815558465853595 0.13375857721730616
  outer loop
    vertex 8.537137820992367 -4.992110341118165 80.1910632084568
    vertex 8.394900665807807 -4.967097829163194 80.51985944284863
    vertex 8.307855533044117 -4.992110341118166 80.42519857210544
  endloop
endfacet
facet normal 0.13658976189634328 -0.9815558465853595 0.13375857721730616
  outer loop
    vertex 8.394900665807807 -4.967097829163194 80.51985944284863
    vertex 8.537137820992367 -4.992110341118165 80.1910632084568
    vertex 8.633600866761459 -4.967097829163193 80.2761068230828
  endloop
endfacet
facet normal 0.22770407781699434 -0.9478548683898352 0.2229843075536935
  outer loop
    vertex 8.633600866761459 -4.967097829163193 80.2761068230828
    vertex 8.478964656764532 -4.9253966197008126 80.61127834623194
    vertex 8.394900665807807 -4.967097829163194 80.51985944284863
  endloop
endfacet
facet normal 0.22770407781699434 -0.9478548683898352 0.2229843075536935
  outer loop
    vertex 8.478964656764532 -4.9253966197008126 80.61127834623194
    vertex 8.633600866761459 -4.967097829163193 80.2761068230828
    vertex 8.726760223864233 -4.9253966197008126 80.3582378443572
  endloop
endfacet
facet normal 0.3148382277245504 -0.8976749812868278 0.3083123713621585
  outer loop
    vertex 8.726760223864233 -4.9253966197008126 80.3582378443572
    vertex 8.558588362201876 -4.867730542957192 80.69786847538897
    vertex 8.478964656764532 -4.9253966197008126 80.61127834623194
  endloop
endfacet
facet normal 0.3148382277245504 -0.8976749812868278 0.3083123713621585
  outer loop
    vertex 8.558588362201876 -4.867730542957192 80.69786847538897
    vertex 8.726760223864233 -4.9253966197008126 80.3582378443572
    vertex 8.814998875446959 -4.867730542957192 80.4360306801576
  endloop
endfacet
facet normal 0.3964746367321951 -0.8319042231740216 0.38825664951588623
  outer loop
    vertex 8.814998875446959 -4.867730542957192 80.4360306801576
    vertex 8.632389710821231 -4.795100539910063 80.77812683907365
    vertex 8.558588362201876 -4.867730542957192 80.69786847538897
  endloop
endfacet
facet normal 0.3964746367321951 -0.8319042231740216 0.38825664951588623
  outer loop
    vertex 8.632389710821231 -4.795100539910063 80.77812683907365
    vertex 8.814998875446959 -4.867730542957192 80.4360306801576
    vertex 8.896785215976951 -4.795100539910063 80.50813503857019
  endloop
endfacet
facet normal 0.47119625150870753 -0.7517026973525573 0.46142946086810754
  outer loop
    vertex 8.896785215976951 -4.795100539910063 80.50813503857019
    vertex 8.699087693089504 -4.708767288420096 80.8506603498843
    vertex 8.632389710821231 -4.795100539910063 80.77812683907365
  endloop
endfacet
facet normal 0.47119625150870753 -0.7517026973525573 0.46142946086810754
  outer loop
    vertex 8.699087693089504 -4.708767288420096 80.8506603498843
    vertex 8.896785215976951 -4.795100539910063 80.50813503857019
    vertex 8.970699636140075 -4.708767288420096 80.57329936562974
  endloop
endfacet
facet normal 0.5377111365108489 -0.6584795754774377 0.5265656486624101
  outer loop
    vertex 9.035459163759889 -4.610229320970107 80.63039256921203
    vertex 8.699087693089504 -4.708767288420096 80.8506603498843
    vertex 8.970699636140075 -4.708767288420096 80.57329936562974
  endloop
endfacet
facet normal 0.5377111365108489 -0.6584795754774377 0.5265656486624101
  outer loop
    vertex 8.699087693089504 -4.708767288420096 80.8506603498843
    vertex 9.035459163759889 -4.610229320970107 80.63039256921203
    vertex 8.757524596407631 -4.610229320970107 80.91421000482764
  endloop
endfacet
facet normal 0.5948741107769302 -0.5538660033848892 0.5825437688464334
  outer loop
    vertex 9.089939733032834 -4.5011970138342 80.67842365200559
    vertex 8.757524596407631 -4.610229320970107 80.91421000482764
    vertex 9.035459163759889 -4.610229320970107 80.63039256921203
  endloop
endfacet
facet normal 0.5948741107769302 -0.5538660033848892 0.5825437688464334
  outer loop
    vertex 8.757524596407631 -4.610229320970107 80.91421000482764
    vertex 9.089939733032834 -4.5011970138342 80.67842365200559
    vertex 8.80668610014821 -4.5011970138342 80.96767273850811
  endloop
endfacet
facet normal 0.6417051750107005 -0.4396847862059303 0.6284041352056265
  outer loop
    vertex 9.133195695540383 -4.3835628991607605 80.71655891278282
    vertex 8.80668610014821 -4.5011970138342 80.96767273850811
    vertex 9.089939733032834 -4.5011970138342 80.67842365200559
  endloop
endfacet
facet normal 0.6417051750107005 -0.4396847862059303 0.6284041352056265
  outer loop
    vertex 8.80668610014821 -4.5011970138342 80.96767273850811
    vertex 9.133195695540383 -4.3835628991607605 80.71655891278282
    vertex 8.845718881761846 -4.3835628991607605 81.01012056962472
  endloop
endfacet
facet normal 0.6774046356277761 -0.3179176845102883 0.663363629923752
  outer loop
    vertex 9.164476234375096 -4.259368815278397 80.74413641739862
    vertex 8.845718881761846 -4.3835628991607605 81.01012056962472
    vertex 9.133195695540383 -4.3835628991607605 80.71655891278282
  endloop
endfacet
facet normal 0.6774046356277761 -0.3179176845102883 0.663363629923752
  outer loop
    vertex 8.845718881761846 -4.3835628991607605 81.01012056962472
    vertex 9.164476234375096 -4.259368815278397 80.74413641739862
    vertex 8.873945428353634 -4.259368815278397 81.04081670843935
  endloop
endfacet
facet normal 0.7013649549582306 -0.19067104846833272 0.6868273081586271
  outer loop
    vertex 9.183238396471785 -4.130770465414537 80.760677488336
    vertex 8.873945428353634 -4.259368815278397 81.04081670843935
    vertex 9.164476234375096 -4.259368815278397 80.74413641739862
  endloop
endfacet
facet normal 0.7013649549582306 -0.19067104846833272 0.6868273081586271
  outer loop
    vertex 8.873945428353634 -4.259368815278397 81.04081670843935
    vertex 9.183238396471785 -4.130770465414537 80.760677488336
    vertex 8.890875796637356 -4.130770465414537 81.05922834563096
  endloop
endfacet
facet normal 0.713179433598271 -0.06014037714823137 0.6983969004290598
  outer loop
    vertex 9.189156516934657 -4.000000000000007 80.76589501336792
    vertex 8.890875796637356 -4.130770465414537 81.05922834563096
    vertex 9.183238396471785 -4.130770465414537 80.760677488336
  endloop
endfacet
facet normal 0.713179433598271 -0.06014037714823137 0.6983969004290598
  outer loop
    vertex 8.890875796637356 -4.130770465414537 81.05922834563096
    vertex 9.189156516934657 -4.000000000000007 80.76589501336792
    vertex 8.896216117143464 -4.000000000000007 81.06503590055225
  endloop
endfacet
facet normal -4.188897629042246e-32 -0.9999999999999999 -6.158268339717677e-16
  outer loop
    vertex 7.926555755440854 -4.600000000000002 75.67526416488765
    vertex 5.474398592905293 -4.600000000000006 81.03030584210408
    vertex 7.820780509604332 -4.600000000000002 75.60813715267733
  endloop
endfacet
facet normal -4.188897629042246e-32 -0.9999999999999999 -6.158268339717677e-16
  outer loop
    vertex 5.474398592905293 -4.600000000000006 81.03030584210408
    vertex 7.926555755440854 -4.600000000000002 75.67526416488765
    vertex 5.595740217275443 -4.600000000000006 81.06146107593848
  endloop
endfacet
facet normal -4.188897629042246e-32 -0.9999999999999999 -6.158268339717677e-16
  outer loop
    vertex 5.595740217275443 -4.600000000000006 81.06146107593848
    vertex 7.926555755440854 -4.600000000000002 75.67526416488765
    vertex 5.906387298457281 -4.600000000000006 81.10733344588255
  endloop
endfacet
facet normal -4.188897629042246e-32 -0.9999999999999999 -6.158268339717677e-16
  outer loop
    vertex 5.906387298457281 -4.600000000000006 81.10733344588255
    vertex 7.926555755440854 -4.600000000000002 75.67526416488765
    vertex 8.172647834383774 -4.600000000000003 75.87031434318193
  endloop
endfacet
facet normal -4.188897629042246e-32 -0.9999999999999999 -6.158268339717677e-16
  outer loop
    vertex 5.906387298457281 -4.600000000000006 81.10733344588255
    vertex 8.172647834383774 -4.600000000000003 75.87031434318193
    vertex 6.220127590761559 -4.600000000000006 81.12048306016985
  endloop
endfacet
facet normal -4.188897629042246e-32 -0.9999999999999999 -6.158268339717677e-16
  outer loop
    vertex 6.220127590761559 -4.600000000000006 81.12048306016985
    vertex 8.172647834383774 -4.600000000000003 75.87031434318193
    vertex 8.397003499772023 -4.600000000000003 76.09001964302534
  endloop
endfacet
facet normal -4.188897629042246e-32 -0.9999999999999999 -6.158268339717677e-16
  outer loop
    vertex 6.220127590761559 -4.600000000000006 81.12048306016985
    vertex 8.397003499772023 -4.600000000000003 76.09001964302534
    vertex 6.533523689891421 -4.600000000000006 81.10076584887449
  endloop
endfacet
facet normal -4.188897629042246e-32 -0.9999999999999999 -6.158268339717677e-16
  outer loop
    vertex 6.533523689891421 -4.600000000000006 81.10076584887449
    vertex 8.397003499772023 -4.600000000000003 76.09001964302534
    vertex 8.597164663986161 -4.600000000000003 76.33197292717647
  endloop
endfacet
facet normal -4.188897629042246e-32 -0.9999999999999999 -6.158268339717677e-16
  outer loop
    vertex 6.533523689891421 -4.600000000000006 81.10076584887449
    vertex 8.597164663986161 -4.600000000000003 76.33197292717647
    vertex 6.8431419626024494 -4.600000000000006 81.04839783788954
  endloop
endfacet
facet normal -4.188897629042246e-32 -0.9999999999999999 -6.158268339717677e-16
  outer loop
    vertex 6.8431419626024494 -4.600000000000006 81.04839783788954
    vertex 8.597164663986161 -4.600000000000003 76.33197292717647
    vertex 8.770938319424648 -4.600000000000003 76.5935233048222
  endloop
endfacet
facet normal -4.188897629042246e-32 -0.9999999999999999 -6.158268339717677e-16
  outer loop
    vertex 6.8431419626024494 -4.600000000000006 81.04839783788954
    vertex 8.770938319424648 -4.600000000000003 76.5935233048222
    vertex 8.916420565554024 -4.600000000000003 76.87180517529212
  endloop
endfacet
facet normal -4.188897629042246e-32 -0.9999999999999999 -6.158268339717677e-16
  outer loop
    vertex 6.8431419626024494 -4.600000000000006 81.04839783788954
    vertex 8.916420565554024 -4.600000000000003 76.87180517529212
    vertex 7.145590166307031 -4.600000000000006 80.96395278210207
  endloop
endfacet
facet normal -4.188897629042246e-32 -0.9999999999999999 -6.158268339717677e-16
  outer loop
    vertex 7.145590166307031 -4.600000000000006 80.96395278210207
    vertex 8.916420565554024 -4.600000000000003 76.87180517529212
    vertex 7.437554615194024 -4.600000000000006 80.84835587921451
  endloop
endfacet
facet normal -4.188897629042246e-32 -0.9999999999999999 -6.158268339717677e-16
  outer loop
    vertex 7.437554615194024 -4.600000000000006 80.84835587921451
    vertex 8.916420565554024 -4.600000000000003 76.87180517529212
    vertex 9.032017468441575 -4.600000000000003 77.16376962417911
  endloop
endfacet
facet normal -4.188897629042246e-32 -0.9999999999999999 -6.158268339717677e-16
  outer loop
    vertex 7.437554615194024 -4.600000000000006 80.84835587921451
    vertex 9.032017468441575 -4.600000000000003 77.16376962417911
    vertex 7.715836485663935 -4.600000000000006 80.70287363308513
  endloop
endfacet
facet normal -4.188897629042246e-32 -0.9999999999999999 -6.158268339717677e-16
  outer loop
    vertex 7.715836485663935 -4.600000000000006 80.70287363308513
    vertex 9.032017468441575 -4.600000000000003 77.16376962417911
    vertex 9.116462524229059 -4.600000000000003 77.4662178278837
  endloop
endfacet
facet normal -4.188897629042246e-32 -0.9999999999999999 -6.158268339717677e-16
  outer loop
    vertex 7.715836485663935 -4.600000000000006 80.70287363308513
    vertex 9.116462524229059 -4.600000000000003 77.4662178278837
    vertex 9.168830535214008 -4.600000000000003 77.77583610059472
  endloop
endfacet
facet normal -4.188897629042246e-32 -0.9999999999999999 -6.158268339717677e-16
  outer loop
    vertex 7.715836485663935 -4.600000000000006 80.70287363308513
    vertex 9.168830535214008 -4.600000000000003 77.77583610059472
    vertex 7.977386863309669 -4.600000000000006 80.52909997764665
  endloop
endfacet
facet normal -4.188897629042246e-32 -0.9999999999999999 -6.158268339717677e-16
  outer loop
    vertex 7.977386863309669 -4.600000000000006 80.52909997764665
    vertex 9.168830535214008 -4.600000000000003 77.77583610059472
    vertex 9.188547746509355 -4.600000000000004 78.08923219972458
  endloop
endfacet
facet normal -4.188897629042246e-32 -0.9999999999999999 -6.158268339717677e-16
  outer loop
    vertex 7.977386863309669 -4.600000000000006 80.52909997764665
    vertex 9.188547746509355 -4.600000000000004 78.08923219972458
    vertex 8.219340147460802 -4.600000000000006 80.32893881343252
  endloop
endfacet
facet normal -4.188897629042246e-32 -0.9999999999999999 -6.158268339717677e-16
  outer loop
    vertex 8.219340147460802 -4.600000000000006 80.32893881343252
    vertex 9.188547746509355 -4.600000000000004 78.08923219972458
    vertex 8.4390454473042 -4.600000000000005 80.10458314804427
  endloop
endfacet
facet normal -4.188897629042246e-32 -0.9999999999999999 -6.158268339717677e-16
  outer loop
    vertex 8.4390454473042 -4.600000000000005 80.10458314804427
    vertex 9.188547746509355 -4.600000000000004 78.08923219972458
    vertex 9.175398132222059 -4.600000000000004 78.40297249202885
  endloop
endfacet
facet normal -4.188897629042246e-32 -0.9999999999999999 -6.158268339717677e-16
  outer loop
    vertex 8.4390454473042 -4.600000000000005 80.10458314804427
    vertex 9.175398132222059 -4.600000000000004 78.40297249202885
    vertex 9.129525762277986 -4.600000000000004 78.71361957321069
  endloop
endfacet
facet normal -4.188897629042246e-32 -0.9999999999999999 -6.158268339717677e-16
  outer loop
    vertex 8.4390454473042 -4.600000000000005 80.10458314804427
    vertex 9.129525762277986 -4.600000000000004 78.71361957321069
    vertex 8.634095625598482 -4.600000000000005 79.85849106910135
  endloop
endfacet
facet normal -4.188897629042246e-32 -0.9999999999999999 -6.158268339717677e-16
  outer loop
    vertex 8.634095625598482 -4.600000000000005 79.85849106910135
    vertex 9.129525762277986 -4.600000000000004 78.71361957321069
    vertex 8.802353671773389 -4.600000000000005 79.59335881291874
  endloop
endfacet
facet normal -4.188897629042246e-32 -0.9999999999999999 -6.158268339717677e-16
  outer loop
    vertex 8.802353671773389 -4.600000000000005 79.59335881291874
    vertex 9.129525762277986 -4.600000000000004 78.71361957321069
    vertex 9.051433223961652 -4.600000000000004 79.01776992884157
  endloop
endfacet
facet normal -4.188897629042246e-32 -0.9999999999999999 -6.158268339717677e-16
  outer loop
    vertex 8.802353671773389 -4.600000000000005 79.59335881291874
    vertex 9.051433223961652 -4.600000000000004 79.01776992884157
    vertex 8.941976115464763 -4.600000000000005 79.31209122397766
  endloop
endfacet
facet normal -0.7144726796328046 4.30871459834456e-16 -0.6996633405133641
  outer loop
    vertex 8.219340147460803 -5.000000000000004 80.32893881343252
    vertex 8.4390454473042 -4.600000000000005 80.10458314804427
    vertex 8.4390454473042 -5.0000000000000036 80.10458314804427
  endloop
endfacet
facet normal -0.7144726796328046 4.30871459834456e-16 -0.6996633405133641
  outer loop
    vertex 8.4390454473042 -4.600000000000005 80.10458314804427
    vertex 8.219340147460803 -5.000000000000004 80.32893881343252
    vertex 8.219340147460802 -4.600000000000006 80.32893881343252
  endloop
endfacet
facet normal 0.03843982650657118 -0.9981799998601127 0.04646576823221499
  outer loop
    vertex 8.219340147460803 -5.000000000000004 80.32893881343252
    vertex 8.055355467700645 -4.992110341118166 80.63408479252031
    vertex 7.977386863309669 -5.000000000000004 80.52909997764665
  endloop
endfacet
facet normal 0.03843982650657118 -0.9981799998601127 0.04646576823221499
  outer loop
    vertex 8.055355467700645 -4.992110341118166 80.63408479252031
    vertex 8.219340147460803 -5.000000000000004 80.32893881343252
    vertex 8.307855533044117 -4.992110341118166 80.42519857210544
  endloop
endfacet
facet normal -0.27371384781062774 -0.8976749812868242 0.3453409293559054
  outer loop
    vertex 3.9511219461289233 -4.9253966197008126 80.65869553752471
    vertex 4.160534727636269 -4.867730542957192 80.97457055637138
    vertex 3.873329110328537 -4.867730542957192 80.74693418910745
  endloop
endfacet
facet normal -0.27371384781062774 -0.8976749812868242 0.3453409293559054
  outer loop
    vertex 4.160534727636269 -4.867730542957192 80.97457055637138
    vertex 3.9511219461289233 -4.9253966197008126 80.65869553752471
    vertex 4.228677955491791 -4.9253966197008126 80.87868371977513
  endloop
endfacet
facet normal -0.34468685446365704 -0.8319042231740229 0.43488657811569115
  outer loop
    vertex 3.873329110328537 -4.867730542957192 80.74693418910745
    vertex 4.097374364935353 -4.795100539910063 81.06344582055026
    vertex 3.8012247519159468 -4.795100539910063 80.82872052963744
  endloop
endfacet
facet normal -0.34468685446365704 -0.8319042231740229 0.43488657811569115
  outer loop
    vertex 4.097374364935353 -4.795100539910063 81.06344582055026
    vertex 3.873329110328537 -4.867730542957192 80.74693418910745
    vertex 4.160534727636269 -4.867730542957192 80.97457055637138
  endloop
endfacet
facet normal -0.40964828193362657 -0.7517026973525597 0.5168475015918274
  outer loop
    vertex 3.8012247519159468 -4.795100539910063 80.82872052963744
    vertex 4.040293175630659 -4.708767288420096 81.14376685675334
    vertex 3.7360604248563942 -4.708767288420096 80.90263494980056
  endloop
endfacet
facet normal -0.40964828193362657 -0.7517026973525597 0.5168475015918274
  outer loop
    vertex 4.040293175630659 -4.708767288420096 81.14376685675334
    vertex 3.8012247519159468 -4.795100539910063 80.82872052963744
    vertex 4.097374364935353 -4.795100539910063 81.06344582055026
  endloop
endfacet
facet normal -0.46747494816218244 -0.6584795754774388 0.5898065967076132
  outer loop
    vertex 3.7360604248563942 -4.708767288420096 80.90263494980056
    vertex 3.990281948495395 -4.610229320970107 81.21413948973843
    vertex 3.678967221274107 -4.610229320970107 80.96739447742037
  endloop
endfacet
facet normal -0.46747494816218244 -0.6584795754774388 0.5898065967076132
  outer loop
    vertex 3.990281948495395 -4.610229320970107 81.21413948973843
    vertex 3.7360604248563942 -4.708767288420096 80.90263494980056
    vertex 4.040293175630659 -4.708767288420096 81.14376685675334
  endloop
endfacet
facet normal -0.5171712564909082 -0.5538660033848907 0.652507733099052
  outer loop
    vertex 3.678967221274107 -4.610229320970107 80.96739447742037
    vertex 3.948208755183002 -4.5011970138342 81.273342224026
    vertex 3.630936138480549 -4.5011970138342 81.02187504669331
  endloop
endfacet
facet normal -0.5171712564909082 -0.5538660033848907 0.652507733099052
  outer loop
    vertex 3.948208755183002 -4.5011970138342 81.273342224026
    vertex 3.678967221274107 -4.610229320970107 80.96739447742037
    vertex 3.990281948495395 -4.610229320970107 81.21413948973843
  endloop
endfacet
facet normal -0.5578852157871927 -0.43968478620593165 0.7038759654833523
  outer loop
    vertex 3.630936138480549 -4.5011970138342 81.02187504669331
    vertex 3.914803882642554 -4.3835628991607605 81.32034744605035
    vertex 3.5928008777033273 -4.3835628991607605 81.06513100920087
  endloop
endfacet
facet normal -0.5578852157871927 -0.43968478620593165 0.7038759654833523
  outer loop
    vertex 3.914803882642554 -4.3835628991607605 81.32034744605035
    vertex 3.630936138480549 -4.5011970138342 81.02187504669331
    vertex 3.948208755183002 -4.5011970138342 81.273342224026
  endloop
endfacet
facet normal -0.5889215889775942 -0.3179176845102839 0.7430341229793724
  outer loop
    vertex 3.5928008777033273 -4.3835628991607605 81.06513100920087
    vertex 3.890647157137078 -4.259368815278397 81.35433926099863
    vertex 3.565223373087508 -4.259368815278397 81.09641154803558
  endloop
endfacet
facet normal -0.5889215889775942 -0.3179176845102839 0.7430341229793724
  outer loop
    vertex 3.890647157137078 -4.259368815278397 81.35433926099863
    vertex 3.5928008777033273 -4.3835628991607605 81.06513100920087
    vertex 3.914803882642554 -4.3835628991607605 81.32034744605035
  endloop
endfacet
facet normal -0.6097521953690371 -0.19067104846833277 0.7693158074020229
  outer loop
    vertex 3.565223373087508 -4.259368815278397 81.09641154803558
    vertex 3.8761578798885665 -4.130770465414537 81.37472765473412
    vertex 3.5486823021501346 -4.130770465414537 81.11517371013227
  endloop
endfacet
facet normal -0.6097521953690371 -0.19067104846833277 0.7693158074020229
  outer loop
    vertex 3.8761578798885665 -4.130770465414537 81.37472765473412
    vertex 3.565223373087508 -4.259368815278397 81.09641154803558
    vertex 3.890647157137078 -4.259368815278397 81.35433926099863
  endloop
endfacet
facet normal -0.6200234589059133 -0.060140377148238104 0.7822749167925652
  outer loop
    vertex 3.5486823021501346 -4.130770465414537 81.11517371013227
    vertex 3.871587549042112 -4.000000000000007 81.38115873498752
    vertex 3.5434647771182193 -4.000000000000007 81.12109183059515
  endloop
endfacet
facet normal -0.6200234589059133 -0.060140377148238104 0.7822749167925652
  outer loop
    vertex 3.871587549042112 -4.000000000000007 81.38115873498752
    vertex 3.5486823021501346 -4.130770465414537 81.11517371013227
    vertex 3.8761578798885665 -4.130770465414537 81.37472765473412
  endloop
endfacet
facet normal 0.6211477802783094 4.82619460629361e-16 -0.7836934573258406
  outer loop
    vertex 4.450868721384789 -5.000000000000004 80.56603093925897
    vertex 4.204776642441869 -4.600000000000006 80.37098076096468
    vertex 4.450868721384787 -4.600000000000006 80.56603093925897
  endloop
endfacet
facet normal 0.6211477802783094 4.82619460629361e-16 -0.7836934573258406
  outer loop
    vertex 4.204776642441869 -4.600000000000006 80.37098076096468
    vertex 4.450868721384789 -5.000000000000004 80.56603093925897
    vertex 4.204776642441869 -5.000000000000004 80.37098076096468
  endloop
endfacet
facet normal -0.04219316789903929 -0.9981799998601127 0.043086244462806816
  outer loop
    vertex 3.980420977053621 -5.0000000000000036 80.15127546112129
    vertex 4.118296582029345 -4.992110341118166 80.46907313465286
    vertex 3.8841612183806933 -4.992110341118165 80.2397908467046
  endloop
endfacet
facet normal -0.04219316789903929 -0.9981799998601127 0.043086244462806816
  outer loop
    vertex 4.118296582029345 -4.992110341118166 80.46907313465286
    vertex 3.980420977053621 -5.0000000000000036 80.15127546112129
    vertex 4.204776642441869 -5.000000000000004 80.37098076096468
  endloop
endfacet
facet normal -0.13375857721730627 -0.9815558465853599 0.1365897618963416
  outer loop
    vertex 3.8841612183806933 -4.992110341118165 80.2397908467046
    vertex 4.033252967403332 -4.967097829163194 80.56553618042194
    vertex 3.7895003476375027 -4.967097829163194 80.32683597946829
  endloop
endfacet
facet normal -0.13375857721730627 -0.9815558465853599 0.1365897618963416
  outer loop
    vertex 4.033252967403332 -4.967097829163194 80.56553618042194
    vertex 3.8841612183806933 -4.992110341118165 80.2397908467046
    vertex 4.118296582029345 -4.992110341118166 80.46907313465286
  endloop
endfacet
facet normal -0.2229843075536927 -0.9478548683898362 0.2277040778169912
  outer loop
    vertex 3.7895003476375027 -4.967097829163194 80.32683597946829
    vertex 3.9511219461289233 -4.9253966197008126 80.65869553752471
    vertex 3.698081444254191 -4.9253966197008126 80.41089997042502
  endloop
endfacet
facet normal -0.2229843075536927 -0.9478548683898362 0.2277040778169912
  outer loop
    vertex 3.9511219461289233 -4.9253966197008126 80.65869553752471
    vertex 3.7895003476375027 -4.967097829163194 80.32683597946829
    vertex 4.033252967403332 -4.967097829163194 80.56553618042194
  endloop
endfacet
facet normal -0.30831237136216627 -0.8976749812868235 0.31483822772455516
  outer loop
    vertex 3.698081444254191 -4.9253966197008126 80.41089997042502
    vertex 3.873329110328537 -4.867730542957192 80.74693418910745
    vertex 3.6114913150971657 -4.867730542957192 80.49052367586236
  endloop
endfacet
facet normal -0.30831237136216627 -0.8976749812868235 0.31483822772455516
  outer loop
    vertex 3.873329110328537 -4.867730542957192 80.74693418910745
    vertex 3.698081444254191 -4.9253966197008126 80.41089997042502
    vertex 3.9511219461289233 -4.9253966197008126 80.65869553752471
  endloop
endfacet
facet normal -0.3882566495158862 -0.8319042231740231 0.3964746367321916
  outer loop
    vertex 3.6114913150971657 -4.867730542957192 80.49052367586236
    vertex 3.8012247519159468 -4.795100539910063 80.82872052963744
    vertex 3.5312329514124787 -4.795100539910063 80.56432502448172
  endloop
endfacet
facet normal -0.3882566495158862 -0.8319042231740231 0.3964746367321916
  outer loop
    vertex 3.8012247519159468 -4.795100539910063 80.82872052963744
    vertex 3.6114913150971657 -4.867730542957192 80.49052367586236
    vertex 3.873329110328537 -4.867730542957192 80.74693418910745
  endloop
endfacet
facet normal -0.4614294608681071 -0.7517026973525601 0.47119625150870337
  outer loop
    vertex 3.5312329514124787 -4.795100539910063 80.56432502448172
    vertex 3.7360604248563942 -4.708767288420096 80.90263494980056
    vertex 3.4586994406018423 -4.708767288420096 80.63102300674998
  endloop
endfacet
facet normal -0.4614294608681071 -0.7517026973525601 0.47119625150870337
  outer loop
    vertex 3.7360604248563942 -4.708767288420096 80.90263494980056
    vertex 3.5312329514124787 -4.795100539910063 80.56432502448172
    vertex 3.8012247519159468 -4.795100539910063 80.82872052963744
  endloop
endfacet
facet normal -0.5265656486624104 -0.6584795754774402 0.5377111365108457
  outer loop
    vertex 3.4586994406018423 -4.708767288420096 80.63102300674998
    vertex 3.678967221274107 -4.610229320970107 80.96739447742037
    vertex 3.395149785658502 -4.610229320970107 80.68945991006811
  endloop
endfacet
facet normal -0.5265656486624104 -0.6584795754774402 0.5377111365108457
  outer loop
    vertex 3.678967221274107 -4.610229320970107 80.96739447742037
    vertex 3.4586994406018423 -4.708767288420096 80.63102300674998
    vertex 3.7360604248563942 -4.708767288420096 80.90263494980056
  endloop
endfacet
facet normal -0.5825437688464359 -0.5538660033848873 0.5948741107769292
  outer loop
    vertex 3.395149785658502 -4.610229320970107 80.68945991006811
    vertex 3.630936138480549 -4.5011970138342 81.02187504669331
    vertex 3.3416870519780133 -4.5011970138342 80.73862141380869
  endloop
endfacet
facet normal -0.5825437688464359 -0.5538660033848873 0.5948741107769292
  outer loop
    vertex 3.630936138480549 -4.5011970138342 81.02187504669331
    vertex 3.395149785658502 -4.610229320970107 80.68945991006811
    vertex 3.678967221274107 -4.610229320970107 80.96739447742037
  endloop
endfacet
facet normal -0.6284041352056271 -0.4396847862059339 0.6417051750106976
  outer loop
    vertex 3.3416870519780133 -4.5011970138342 80.73862141380869
    vertex 3.5928008777033273 -4.3835628991607605 81.06513100920087
    vertex 3.2992392208614096 -4.3835628991607605 80.77765419542233
  endloop
endfacet
facet normal -0.6284041352056271 -0.4396847862059339 0.6417051750106976
  outer loop
    vertex 3.5928008777033273 -4.3835628991607605 81.06513100920087
    vertex 3.3416870519780133 -4.5011970138342 80.73862141380869
    vertex 3.630936138480549 -4.5011970138342 81.02187504669331
  endloop
endfacet
facet normal -0.6633636299237544 -0.31791768451028524 0.6774046356277751
  outer loop
    vertex 3.2992392208614096 -4.3835628991607605 80.77765419542233
    vertex 3.565223373087508 -4.259368815278397 81.09641154803558
    vertex 3.2685430820467807 -4.259368815278397 80.80588074201412
  endloop
endfacet
facet normal -0.6633636299237544 -0.31791768451028524 0.6774046356277751
  outer loop
    vertex 3.565223373087508 -4.259368815278397 81.09641154803558
    vertex 3.2992392208614096 -4.3835628991607605 80.77765419542233
    vertex 3.5928008777033273 -4.3835628991607605 81.06513100920087
  endloop
endfacet
facet normal -0.6868273081586288 -0.19067104846833294 0.701364954958229
  outer loop
    vertex 3.2685430820467807 -4.259368815278397 80.80588074201412
    vertex 3.5486823021501346 -4.130770465414537 81.11517371013227
    vertex 3.250131444855178 -4.130770465414537 80.82281111029785
  endloop
endfacet
facet normal -0.6868273081586288 -0.19067104846833294 0.701364954958229
  outer loop
    vertex 3.5486823021501346 -4.130770465414537 81.11517371013227
    vertex 3.2685430820467807 -4.259368815278397 80.80588074201412
    vertex 3.565223373087508 -4.259368815278397 81.09641154803558
  endloop
endfacet
facet normal -0.698396900429061 -0.06014037714823525 0.7131794335982693
  outer loop
    vertex 3.250131444855178 -4.130770465414537 80.82281111029785
    vertex 3.5434647771182193 -4.000000000000007 81.12109183059515
    vertex 3.2443238899338898 -4.000000000000007 80.82815143080394
  endloop
endfacet
facet normal -0.698396900429061 -0.06014037714823525 0.7131794335982693
  outer loop
    vertex 3.5434647771182193 -4.000000000000007 81.12109183059515
    vertex 3.250131444855178 -4.130770465414537 80.82281111029785
    vertex 3.5486823021501346 -4.130770465414537 81.11517371013227
  endloop
endfacet
facet normal 0.6996633405133659 4.39991448257594e-16 -0.7144726796328028
  outer loop
    vertex 4.204776642441869 -5.000000000000004 80.37098076096468
    vertex 3.9804209770536207 -4.600000000000005 80.15127546112129
    vertex 4.204776642441869 -4.600000000000006 80.37098076096468
  endloop
endfacet
facet normal 0.6996633405133659 4.39991448257594e-16 -0.7144726796328028
  outer loop
    vertex 3.9804209770536207 -4.600000000000005 80.15127546112129
    vertex 4.204776642441869 -5.000000000000004 80.37098076096468
    vertex 3.980420977053621 -5.0000000000000036 80.15127546112129
  endloop
endfacet
facet normal -0.046465768232216 -0.9981799998601127 0.03843982650657071
  outer loop
    vertex 3.780259812839481 -5.0000000000000036 79.90932217697016
    vertex 3.8841612183806933 -4.992110341118165 80.2397908467046
    vertex 3.67527499796582 -4.992110341118165 79.98729078136114
  endloop
endfacet
facet normal -0.046465768232216 -0.9981799998601127 0.03843982650657071
  outer loop
    vertex 3.8841612183806933 -4.992110341118165 80.2397908467046
    vertex 3.780259812839481 -5.0000000000000036 79.90932217697016
    vertex 3.980420977053621 -5.0000000000000036 80.15127546112129
  endloop
endfacet
facet normal -0.14730335164503816 -0.9815558465853599 0.12185993036365797
  outer loop
    vertex 3.67527499796582 -4.992110341118165 79.98729078136114
    vertex 3.7895003476375027 -4.967097829163194 80.32683597946829
    vertex 3.572033995414373 -4.967097829163193 80.0639643164295
  endloop
endfacet
facet normal -0.14730335164503816 -0.9815558465853599 0.12185993036365797
  outer loop
    vertex 3.7895003476375027 -4.967097829163194 80.32683597946829
    vertex 3.67527499796582 -4.992110341118165 79.98729078136114
    vertex 3.8841612183806933 -4.992110341118165 80.2397908467046
  endloop
endfacet
facet normal -0.24556433351966916 -0.9478548683898361 0.20314848405225008
  outer loop
    vertex 3.572033995414373 -4.967097829163193 80.0639643164295
    vertex 3.698081444254191 -4.9253966197008126 80.41089997042502
    vertex 3.47232881455826 -4.925396619700812 80.13801191856373
  endloop
endfacet
facet normal -0.24556433351966916 -0.9478548683898361 0.20314848405225008
  outer loop
    vertex 3.698081444254191 -4.9253966197008126 80.41089997042502
    vertex 3.572033995414373 -4.967097829163193 80.0639643164295
    vertex 3.7895003476375027 -4.967097829163194 80.32683597946829
  endloop
endfacet
facet normal -0.33953296005454775 -0.8976749812868234 0.28088609258611963
  outer loop
    vertex 3.47232881455826 -4.925396619700812 80.13801191856373
    vertex 3.6114913150971657 -4.867730542957192 80.49052367586236
    vertex 3.3778900916197907 -4.867730542957191 80.20814830387658
  endloop
endfacet
facet normal -0.33953296005454775 -0.8976749812868234 0.28088609258611963
  outer loop
    vertex 3.6114913150971657 -4.867730542957192 80.49052367586236
    vertex 3.47232881455826 -4.925396619700812 80.13801191856373
    vertex 3.698081444254191 -4.9253966197008126 80.41089997042502
  endloop
endfacet
facet normal -0.42757262346809116 -0.8319042231740233 0.35371883626100337
  outer loop
    vertex 3.3778900916197907 -4.867730542957191 80.20814830387658
    vertex 3.5312329514124787 -4.795100539910063 80.56432502448172
    vertex 3.2903570500906776 -4.795100539910062 80.2731560775659
  endloop
endfacet
facet normal -0.42757262346809116 -0.8319042231740233 0.35371883626100337
  outer loop
    vertex 3.5312329514124787 -4.795100539910063 80.56432502448172
    vertex 3.3778900916197907 -4.867730542957191 80.20814830387658
    vertex 3.6114913150971657 -4.867730542957192 80.49052367586236
  endloop
endfacet
facet normal -0.5081551220689933 -0.7517026973525607 0.420382476689896
  outer loop
    vertex 3.2903570500906776 -4.795100539910062 80.2731560775659
    vertex 3.4586994406018423 -4.708767288420096 80.63102300674998
    vertex 3.2112490478520135 -4.708767288420096 80.33190686488814
  endloop
endfacet
facet normal -0.5081551220689933 -0.7517026973525607 0.420382476689896
  outer loop
    vertex 3.4586994406018423 -4.708767288420096 80.63102300674998
    vertex 3.2903570500906776 -4.795100539910062 80.2731560775659
    vertex 3.5312329514124787 -4.795100539910063 80.56432502448172
  endloop
endfacet
facet normal -0.7959456521107888 -0.43968478620593127 0.41611033112021567
  outer loop
    vertex 2.672031968691929 -4.501197013834199 79.73070948674528
    vertex 2.8099583951771234 -4.38356289916076 80.11883700474753
    vertex 2.6195998894495487 -4.38356289916076 79.75471476685865
  endloop
endfacet
facet normal -0.7959456521107888 -0.43968478620593127 0.41611033112021567
  outer loop
    vertex 2.8099583951771234 -4.38356289916076 80.11883700474753
    vertex 2.672031968691929 -4.501197013834199 79.73070948674528
    vertex 2.8595940109627946 -4.501197013834199 80.08948258340119
  endloop
endfacet
facet normal -0.840225847389545 -0.3179176845102869 0.4392594577856448
  outer loop
    vertex 2.6195998894495487 -4.38356289916076 79.75471476685865
    vertex 2.7740644116159574 -4.259368815278396 80.14006464745076
    vertex 2.5816836440154156 -4.259368815278396 79.77207417937188
  endloop
endfacet
facet normal -0.840225847389545 -0.3179176845102869 0.4392594577856448
  outer loop
    vertex 2.7740644116159574 -4.259368815278396 80.14006464745076
    vertex 2.6195998894495487 -4.38356289916076 79.75471476685865
    vertex 2.8099583951771234 -4.38356289916076 80.11883700474753
  endloop
endfacet
facet normal -0.8699452773348361 -0.19067104846833308 0.45479640029226426
  outer loop
    vertex 2.5816836440154156 -4.259368815278396 79.77207417937188
    vertex 2.7525350913753748 -4.130770465414537 80.1527970519478
    vertex 2.5589413649679837 -4.130770465414537 79.78248640766492
  endloop
endfacet
facet normal -0.8699452773348361 -0.19067104846833308 0.45479640029226426
  outer loop
    vertex 2.7525350913753748 -4.130770465414537 80.1527970519478
    vertex 2.5816836440154156 -4.259368815278396 79.77207417937188
    vertex 2.7740644116159574 -4.259368815278396 80.14006464745076
  endloop
endfacet
facet normal -0.8845994881339607 -0.06014037714823455 0.4624574365599527
  outer loop
    vertex 2.5589413649679837 -4.130770465414537 79.78248640766492
    vertex 2.7457441303970525 -4.000000000000006 80.15681321507479
    vertex 2.551767802224553 -4.000000000000006 79.78577072111491
  endloop
endfacet
facet normal -0.8845994881339607 -0.06014037714823455 0.4624574365599527
  outer loop
    vertex 2.7457441303970525 -4.000000000000006 80.15681321507479
    vertex 2.5589413649679837 -4.130770465414537 79.78248640766492
    vertex 2.7525350913753748 -4.130770465414537 80.1527970519478
  endloop
endfacet
facet normal 0.8862035792312148 2.8531013049953697e-16 -0.46329603511986145
  outer loop
    vertex 3.606486157400994 -5.0000000000000036 79.64777179932442
    vertex 3.4610039112716184 -4.600000000000005 79.3694899288545
    vertex 3.606486157400994 -4.600000000000005 79.64777179932442
  endloop
endfacet
facet normal 0.8862035792312148 2.8531013049953697e-16 -0.46329603511986145
  outer loop
    vertex 3.4610039112716184 -4.600000000000005 79.3694899288545
    vertex 3.606486157400994 -5.0000000000000036 79.64777179932442
    vertex 3.4610039112716198 -5.0000000000000036 79.3694899288545
  endloop
endfacet
facet normal -0.05607013131326458 -0.9981799998601127 0.022199735443886974
  outer loop
    vertex 3.3454070083840675 -5.000000000000003 79.07752547996752
    vertex 3.342102682119837 -4.992110341118165 79.42392716180154
    vertex 3.221466892301924 -4.992110341118164 79.11923593729273
  endloop
endfacet
facet normal -0.05607013131326458 -0.9981799998601127 0.022199735443886974
  outer loop
    vertex 3.342102682119837 -4.992110341118165 79.42392716180154
    vertex 3.3454070083840675 -5.000000000000003 79.07752547996752
    vertex 3.4610039112716198 -5.0000000000000036 79.3694899288545
  endloop
endfacet
facet normal -0.17775060186984742 -0.9815558465853601 0.0703764418609245
  outer loop
    vertex 3.221466892301924 -4.992110341118164 79.11923593729273
    vertex 3.225176418859747 -4.967097829163193 79.47746018476624
    vertex 3.099585438721597 -4.967097829163193 79.16025357814218
  endloop
endfacet
facet normal -0.17775060186984742 -0.9815558465853601 0.0703764418609245
  outer loop
    vertex 3.225176418859747 -4.967097829163193 79.47746018476624
    vertex 3.221466892301924 -4.992110341118164 79.11923593729273
    vertex 3.342102682119837 -4.992110341118165 79.42392716180154
  endloop
endfacet
facet normal -0.29632189351721233 -0.9478548683898357 0.11732213726343949
  outer loop
    vertex 3.099585438721597 -4.967097829163193 79.16025357814218
    vertex 3.1122546732638816 -4.925396619700812 79.52915979639884
    vertex 2.981878209307812 -4.925396619700812 79.19986643735619
  endloop
endfacet
facet normal -0.29632189351721233 -0.9478548683898357 0.11732213726343949
  outer loop
    vertex 3.1122546732638816 -4.925396619700812 79.52915979639884
    vertex 3.099585438721597 -4.967097829163193 79.16025357814218
    vertex 3.225176418859747 -4.967097829163193 79.47746018476624
  endloop
endfacet
facet normal -0.4097136102495448 -0.897674981286824 0.16221709388342737
  outer loop
    vertex 2.981878209307812 -4.925396619700812 79.19986643735619
    vertex 3.00529748854701 -4.867730542957191 79.57812861885196
    vertex 2.8703883114808835 -4.867730542957191 79.23738693332234
  endloop
endfacet
facet normal -0.4097136102495448 -0.897674981286824 0.16221709388342737
  outer loop
    vertex 3.00529748854701 -4.867730542957191 79.57812861885196
    vertex 2.981878209307812 -4.925396619700812 79.19986643735619
    vertex 3.1122546732638816 -4.925396619700812 79.52915979639884
  endloop
endfacet
facet normal -0.5159508613739215 -0.8319042231740235 0.20427939718124558
  outer loop
    vertex 2.8703883114808835 -4.867730542957191 79.23738693332234
    vertex 2.906161377846331 -4.795100539910062 79.62351667404847
    vertex 2.7670509351070063 -4.795100539910062 79.27216380269756
  endloop
endfacet
facet normal -0.5159508613739215 -0.8319042231740235 0.20427939718124558
  outer loop
    vertex 2.906161377846331 -4.795100539910062 79.62351667404847
    vertex 2.8703883114808835 -4.867730542957191 79.23738693332234
    vertex 3.00529748854701 -4.867730542957191 79.57812861885196
  endloop
endfacet
facet normal -0.6131895695670878 -0.7517026973525566 0.24277892529422843
  outer loop
    vertex 2.7670509351070063 -4.795100539910062 79.27216380269756
    vertex 2.8165670997286973 -4.708767288420095 79.66453613720628
    vertex 2.6736597623713547 -4.708767288420095 79.30359340473505
  endloop
endfacet
facet normal -0.6131895695670878 -0.7517026973525566 0.24277892529422843
  outer loop
    vertex 2.8165670997286973 -4.708767288420095 79.66453613720628
    vertex 2.7670509351070063 -4.795100539910062 79.27216380269756
    vertex 2.906161377846331 -4.795100539910062 79.62351667404847
  endloop
endfacet
facet normal -0.6997484790950699 -0.6584795754774391 0.2770500219873446
  outer loop
    vertex 2.6736597623713547 -4.708767288420095 79.30359340473505
    vertex 2.7380697900625774 -4.610229320970106 79.70047501153495
    vertex 2.5918358338757503 -4.610229320970106 79.33113019899976
  endloop
endfacet
facet normal -0.6997484790950699 -0.6584795754774391 0.2770500219873446
  outer loop
    vertex 2.7380697900625774 -4.610229320970106 79.70047501153495
    vertex 2.6736597623713547 -4.708767288420095 79.30359340473505
    vertex 2.8165670997286973 -4.708767288420095 79.66453613720628
  endloop
endfacet
facet normal -0.7741373127777691 -0.5538660033848923 0.30650264478412087
  outer loop
    vertex 2.5918358338757503 -4.610229320970106 79.33113019899976
    vertex 2.672031968691929 -4.501197013834199 79.73070948674528
    vertex 2.522999411368782 -4.501197013834199 79.35429621460598
  endloop
endfacet
facet normal -0.7741373127777691 -0.5538660033848923 0.30650264478412087
  outer loop
    vertex 2.672031968691929 -4.501197013834199 79.73070948674528
    vertex 2.5918358338757503 -4.610229320970106 79.33113019899976
    vertex 2.7380697900625774 -4.610229320970106 79.70047501153495
  endloop
endfacet
facet normal -0.8350807520091493 -0.43968478620592966 0.330631859328286
  outer loop
    vertex 2.522999411368782 -4.501197013834199 79.35429621460598
    vertex 2.6195998894495487 -4.38356289916076 79.75471476685865
    vertex 2.4683453255019887 -4.38356289916076 79.37268934661405
  endloop
endfacet
facet normal -0.8350807520091493 -0.43968478620592966 0.330631859328286
  outer loop
    vertex 2.6195998894495487 -4.38356289916076 79.75471476685865
    vertex 2.522999411368782 -4.501197013834199 79.35429621460598
    vertex 2.672031968691929 -4.501197013834199 79.73070948674528
  endloop
endfacet
facet normal -0.8815381183813802 -0.31791768451028535 0.34902563189002966
  outer loop
    vertex 2.4683453255019887 -4.38356289916076 79.37268934661405
    vertex 2.5816836440154156 -4.259368815278396 79.77207417937188
    vertex 2.4288222365143506 -4.259368815278396 79.38599033558107
  endloop
endfacet
facet normal -0.8815381183813802 -0.31791768451028535 0.34902563189002966
  outer loop
    vertex 2.5816836440154156 -4.259368815278396 79.77207417937188
    vertex 2.4683453255019887 -4.38356289916076 79.37268934661405
    vertex 2.6195998894495487 -4.38356289916076 79.75471476685865
  endloop
endfacet
facet normal -0.9127187949039298 -0.19067104846833402 0.3613709350585688
  outer loop
    vertex 2.4288222365143506 -4.259368815278396 79.38599033558107
    vertex 2.5589413649679837 -4.130770465414537 79.78248640766492
    vertex 2.405116167828441 -4.130770465414537 79.39396830911804
  endloop
endfacet
facet normal -0.9127187949039298 -0.19067104846833402 0.3613709350585688
  outer loop
    vertex 2.5589413649679837 -4.130770465414537 79.78248640766492
    vertex 2.4288222365143506 -4.259368815278396 79.38599033558107
    vertex 2.5816836440154156 -4.259368815278396 79.77207417937188
  endloop
endfacet
facet normal -0.928093524751101 -0.060140377148235266 0.3674582212327621
  outer loop
    vertex 2.405116167828441 -4.130770465414537 79.39396830911804
    vertex 2.551767802224553 -4.000000000000006 79.78577072111491
    vertex 2.3976385983744835 -4.000000000000006 79.39648478926559
  endloop
endfacet
facet normal -0.928093524751101 -0.060140377148235266 0.3674582212327621
  outer loop
    vertex 2.551767802224553 -4.000000000000006 79.78577072111491
    vertex 2.405116167828441 -4.130770465414537 79.39396830911804
    vertex 2.5589413649679837 -4.130770465414537 79.78248640766492
  endloop
endfacet
facet normal 0.9297764858882515 2.2670097778707816e-16 -0.36812455268467775
  outer loop
    vertex 3.4610039112716198 -5.0000000000000036 79.3694899288545
    vertex 3.345407008384068 -4.600000000000004 79.07752547996752
    vertex 3.4610039112716184 -4.600000000000005 79.3694899288545
  endloop
endfacet
facet normal 0.9297764858882515 2.2670097778707816e-16 -0.36812455268467775
  outer loop
    vertex 3.345407008384068 -4.600000000000004 79.07752547996752
    vertex 3.4610039112716198 -5.0000000000000036 79.3694899288545
    vertex 3.3454070083840675 -5.000000000000003 79.07752547996752
  endloop
endfacet
facet normal -0.05808347749811398 -0.9981799998601126 0.016217198308937596
  outer loop
    vertex 3.260961952596582 -5.000000000000003 78.77507727626293
    vertex 3.221466892301924 -4.992110341118164 79.11923593729273
    vertex 3.1333408634320103 -4.992110341118164 78.80360396946739
  endloop
endfacet
facet normal -0.05808347749811398 -0.9981799998601126 0.016217198308937596
  outer loop
    vertex 3.221466892301924 -4.992110341118164 79.11923593729273
    vertex 3.260961952596582 -5.000000000000003 78.77507727626293
    vertex 3.3454070083840675 -5.000000000000003 79.07752547996752
  endloop
endfacet
facet normal -0.18413320679242018 -0.9815558465853599 0.05141091509044604
  outer loop
    vertex 3.1333408634320103 -4.992110341118164 78.80360396946739
    vertex 3.099585438721597 -4.967097829163193 79.16025357814218
    vertex 3.0078395782422063 -4.967097829163193 78.83165683034495
  endloop
endfacet
facet normal -0.18413320679242018 -0.9815558465853599 0.05141091509044604
  outer loop
    vertex 3.099585438721597 -4.967097829163193 79.16025357814218
    vertex 3.1333408634320103 -4.992110341118164 78.80360396946739
    vertex 3.221466892301924 -4.992110341118164 79.11923593729273
  endloop
endfacet
facet normal -0.3069621138952773 -0.9478548683898357 0.08570536215797672
  outer loop
    vertex 3.0078395782422063 -4.967097829163193 78.83165683034495
    vertex 2.981878209307812 -4.925396619700812 79.19986643735619
    vertex 2.88663649004778 -4.925396619700811 78.85874893036532
  endloop
endfacet
facet normal -0.3069621138952773 -0.9478548683898357 0.08570536215797672
  outer loop
    vertex 2.981878209307812 -4.925396619700812 79.19986643735619
    vertex 3.0078395782422063 -4.967097829163193 78.83165683034495
    vertex 3.099585438721597 -4.967097829163193 79.16025357814218
  endloop
endfacet
facet normal -0.42442545976293333 -0.8976749812868244 0.11850171761085113
  outer loop
    vertex 2.88663649004778 -4.925396619700811 78.85874893036532
    vertex 2.8703883114808835 -4.867730542957191 79.23738693332234
    vertex 2.7718353857621483 -4.86773054295719 78.884410017439
  endloop
endfacet
facet normal -0.42442545976293333 -0.8976749812868244 0.11850171761085113
  outer loop
    vertex 2.8703883114808835 -4.867730542957191 79.23738693332234
    vertex 2.88663649004778 -4.925396619700811 78.85874893036532
    vertex 2.981878209307812 -4.925396619700812 79.19986643735619
  endloop
endfacet
facet normal -0.5344774400350863 -0.831904223174022 0.14922878260834235
  outer loop
    vertex 2.7718353857621483 -4.86773054295719 78.884410017439
    vertex 2.7670509351070063 -4.795100539910062 79.27216380269756
    vertex 2.6654289296353615 -4.795100539910062 78.90819467833457
  endloop
endfacet
facet normal -0.5344774400350863 -0.831904223174022 0.14922878260834235
  outer loop
    vertex 2.7670509351070063 -4.795100539910062 79.27216380269756
    vertex 2.7718353857621483 -4.86773054295719 78.884410017439
    vertex 2.8703883114808835 -4.867730542957191 79.23738693332234
  endloop
endfacet
facet normal -0.6352077609206936 -0.751702697352557 0.17735319354048618
  outer loop
    vertex 2.6654289296353615 -4.795100539910062 78.90819467833457
    vertex 2.6736597623713547 -4.708767288420095 79.30359340473505
    vertex 2.569264075513543 -4.708767288420094 78.92969006995473
  endloop
endfacet
facet normal -0.6352077609206936 -0.751702697352557 0.17735319354048618
  outer loop
    vertex 2.6736597623713547 -4.708767288420095 79.30359340473505
    vertex 2.6654289296353615 -4.795100539910062 78.90819467833457
    vertex 2.7670509351070063 -4.795100539910062 79.27216380269756
  endloop
endfacet
facet normal -0.7248747967573026 -0.658479575477439 0.20238867978498964
  outer loop
    vertex 2.569264075513543 -4.708767288420094 78.92969006995473
    vertex 2.5918358338757503 -4.610229320970106 79.33113019899976
    vertex 2.4850100082718107 -4.610229320970105 78.94852308527506
  endloop
endfacet
facet normal -0.7248747967573026 -0.658479575477439 0.20238867978498964
  outer loop
    vertex 2.5918358338757503 -4.610229320970106 79.33113019899976
    vertex 2.569264075513543 -4.708767288420094 78.92969006995473
    vertex 2.6736597623713547 -4.708767288420095 79.30359340473505
  endloop
endfacet
facet normal -0.8019347580258052 -0.5538660033848914 0.2239042075632804
  outer loop
    vertex 2.5918358338757503 -4.610229320970106 79.33113019899976
    vertex 2.414129170878456 -4.501197013834198 78.96436682956241
    vertex 2.4850100082718107 -4.610229320970105 78.94852308527506
  endloop
endfacet
facet normal -0.8019347580258052 -0.5538660033848914 0.2239042075632804
  outer loop
    vertex 2.414129170878456 -4.501197013834198 78.96436682956241
    vertex 2.5918358338757503 -4.610229320970106 79.33113019899976
    vertex 2.522999411368782 -4.501197013834199 79.35429621460598
  endloop
endfacet
facet normal -0.8650665324366158 -0.43968478620592877 0.24153091569638957
  outer loop
    vertex 2.522999411368782 -4.501197013834199 79.35429621460598
    vertex 2.3578518799891084 -4.383562899160759 78.97694629446187
    vertex 2.414129170878456 -4.501197013834198 78.96436682956241
  endloop
endfacet
facet normal -0.8650665324366158 -0.43968478620592877 0.24153091569638957
  outer loop
    vertex 2.3578518799891084 -4.383562899160759 78.97694629446187
    vertex 2.522999411368782 -4.501197013834199 79.35429621460598
    vertex 2.4683453255019887 -4.38356289916076 79.37268934661405
  endloop
endfacet
facet normal -0.9131920732745177 -0.31791768451028674 0.2549678081331167
  outer loop
    vertex 2.4683453255019887 -4.38356289916076 79.37268934661405
    vertex 2.317154970681651 -4.259368815278395 78.98604313146416
    vertex 2.3578518799891084 -4.383562899160759 78.97694629446187
  endloop
endfacet
facet normal -0.9131920732745177 -0.31791768451028674 0.2549678081331167
  outer loop
    vertex 2.317154970681651 -4.259368815278395 78.98604313146416
    vertex 2.4683453255019887 -4.38356289916076 79.37268934661405
    vertex 2.4288222365143506 -4.259368815278396 79.38599033558107
  endloop
endfacet
facet normal -0.9454923743573698 -0.19067104846833488 0.2639862142386403
  outer loop
    vertex 2.4288222365143506 -4.259368815278396 79.38599033558107
    vertex 2.292744841006601 -4.130770465414536 78.99149944189747
    vertex 2.317154970681651 -4.259368815278395 78.98604313146416
  endloop
endfacet
facet normal -0.9454923743573698 -0.19067104846833488 0.2639862142386403
  outer loop
    vertex 2.292744841006601 -4.130770465414536 78.99149944189747
    vertex 2.4288222365143506 -4.259368815278396 79.38599033558107
    vertex 2.405116167828441 -4.130770465414537 79.39396830911804
  endloop
endfacet
facet normal 0.1497837088085319 -0.43968478620593515 0.8855744629078923
  outer loop
    vertex 6.633258165894553 -4.5011970138342 81.96274573812781
    vertex 7.045010980801389 -4.3835628991607605 81.95150791049701
    vertex 6.639886140435567 -4.3835628991607605 82.02002964826394
  endloop
endfacet
facet normal 0.1497837088085319 -0.43968478620593515 0.8855744629078923
  outer loop
    vertex 7.045010980801389 -4.3835628991607605 81.95150791049701
    vertex 6.633258165894553 -4.5011970138342 81.96274573812781
    vertex 7.032431515901915 -4.5011970138342 81.89523061960767
  endloop
endfacet
facet normal 0.15811650371485517 -0.31791768451028 0.9348409047151349
  outer loop
    vertex 6.639886140435567 -4.3835628991607605 82.02002964826394
    vertex 7.054107817803669 -4.259368815278397 81.99220481980448
    vertex 6.644679158623279 -4.259368815278397 82.06145449403647
  endloop
endfacet
facet normal 0.15811650371485517 -0.31791768451028 0.9348409047151349
  outer loop
    vertex 7.054107817803669 -4.259368815278397 81.99220481980448
    vertex 6.639886140435567 -4.3835628991607605 82.02002964826394
    vertex 7.045010980801389 -4.3835628991607605 81.95150791049701
  endloop
endfacet
facet normal 0.16370920521284746 -0.19067104846833596 0.9679069415003506
  outer loop
    vertex 6.644679158623279 -4.259368815278397 82.06145449403647
    vertex 7.059564128236997 -4.130770465414538 82.01661494947953
    vertex 6.647554025474053 -4.130770465414538 82.08630124221179
  endloop
endfacet
facet normal 0.16370920521284746 -0.19067104846833596 0.9679069415003506
  outer loop
    vertex 7.059564128236997 -4.130770465414538 82.01661494947953
    vertex 6.644679158623279 -4.259368815278397 82.06145449403647
    vertex 7.054107817803669 -4.259368815278397 81.99220481980448
  endloop
endfacet
facet normal 0.16646688350072308 -0.06014037714823354 0.9842113145732602
  outer loop
    vertex 6.647554025474053 -4.130770465414538 82.08630124221179
    vertex 7.061285203998994 -4.000000000000007 82.02431459982829
    vertex 6.648460840384291 -4.000000000000007 82.09413861447489
  endloop
endfacet
facet normal 0.16646688350072308 -0.06014037714823354 0.9842113145732602
  outer loop
    vertex 7.061285203998994 -4.000000000000007 82.02431459982829
    vertex 6.647554025474053 -4.130770465414538 82.08630124221179
    vertex 7.059564128236997 -4.130770465414538 82.01661494947953
  endloop
endfacet
facet normal -0.16676874671610287 6.072028178178389e-16 -0.9859960370705048
  outer loop
    vertex 6.8431419626024494 -5.000000000000004 81.04839783788955
    vertex 6.533523689891421 -4.600000000000006 81.10076584887449
    vertex 6.8431419626024494 -4.600000000000006 81.04839783788954
  endloop
endfacet
facet normal -0.16676874671610287 6.072028178178389e-16 -0.9859960370705048
  outer loop
    vertex 6.533523689891421 -4.600000000000006 81.10076584887449
    vertex 6.8431419626024494 -5.000000000000004 81.04839783788955
    vertex 6.533523689891424 -5.000000000000004 81.10076584887449
  endloop
endfacet
facet normal 0.0037865796013041787 -0.9981799998601126 0.06018595927779333
  outer loop
    vertex 6.533523689891424 -5.000000000000004 81.10076584887449
    vertex 6.221496990844163 -4.992110341118166 81.25124635535678
    vertex 6.220127590761562 -5.000000000000004 81.12048306016985
  endloop
endfacet
facet normal 0.0037865796013041787 -0.9981799998601126 0.06018595927779333
  outer loop
    vertex 6.221496990844163 -4.992110341118166 81.25124635535678
    vertex 6.533523689891424 -5.000000000000004 81.10076584887449
    vertex 6.548554074554797 -4.992110341118166 81.23066966776219
  endloop
endfacet
facet normal 0.012004016887342144 -0.9815558465853595 0.190798384722372
  outer loop
    vertex 6.548554074554797 -4.992110341118166 81.23066966776219
    vertex 6.222843645001643 -4.967097829163194 81.37983765409152
    vertex 6.221496990844163 -4.992110341118166 81.25124635535678
  endloop
endfacet
facet normal 0.012004016887342144 -0.9815558465853595 0.190798384722372
  outer loop
    vertex 6.222843645001643 -4.967097829163194 81.37983765409152
    vertex 6.548554074554797 -4.992110341118166 81.23066966776219
    vertex 6.563334802446233 -4.967097829163194 81.35841576621809
  endloop
endfacet
facet normal 0.020011482247887433 -0.9478548683898365 0.31807340198125406
  outer loop
    vertex 6.563334802446233 -4.967097829163194 81.35841576621809
    vertex 6.224144178636575 -4.925396619700813 81.50402492833348
    vertex 6.222843645001643 -4.967097829163194 81.37983765409152
  endloop
endfacet
facet normal 0.020011482247887433 -0.9478548683898365 0.31807340198125406
  outer loop
    vertex 6.224144178636575 -4.925396619700813 81.50402492833348
    vertex 6.563334802446233 -4.967097829163194 81.35841576621809
    vertex 6.577609316555743 -4.925396619700813 81.48178678679552
  endloop
endfacet
facet normal 0.027669155798474447 -0.8976749812868258 0.43978863763073384
  outer loop
    vertex 6.577609316555743 -4.925396619700813 81.48178678679552
    vertex 6.225376017690142 -4.867730542957193 81.62165259305377
    vertex 6.224144178636575 -4.925396619700813 81.50402492833348
  endloop
endfacet
facet normal 0.027669155798474447 -0.8976749812868258 0.43978863763073384
  outer loop
    vertex 6.225376017690142 -4.867730542957193 81.62165259305377
    vertex 6.577609316555743 -4.925396619700813 81.48178678679552
    vertex 6.59112984649706 -4.867730542957193 81.59864131261763
  endloop
endfacet
facet normal 0.034843667407136354 -0.8319042231740251 0.5538242341274372
  outer loop
    vertex 6.59112984649706 -4.867730542957193 81.59864131261763
    vertex 6.226517780472164 -4.795100539910064 81.73067892187909
    vertex 6.225376017690142 -4.867730542957193 81.62165259305377
  endloop
endfacet
facet normal 0.034843667407136354 -0.8319042231740251 0.5538242341274372
  outer loop
    vertex 6.226517780472164 -4.795100539910064 81.73067892187909
    vertex 6.59112984649706 -4.867730542957193 81.59864131261763
    vertex 6.603661709190925 -4.795100539910064 81.70695103709701
  endloop
endfacet
facet normal 0.041410481150522795 -0.751702697352555 0.6582007496530031
  outer loop
    vertex 6.603661709190925 -4.795100539910064 81.70695103709701
    vertex 6.227549648794554 -4.708767288420097 81.8292114864298
    vertex 6.226517780472164 -4.795100539910064 81.73067892187909
  endloop
endfacet
facet normal 0.041410481150522795 -0.751702697352555 0.6582007496530031
  outer loop
    vertex 6.227549648794554 -4.708767288420097 81.8292114864298
    vertex 6.603661709190925 -4.795100539910064 81.70695103709701
    vertex 6.614987382384985 -4.708767288420097 81.80483597033945
  endloop
endfacet
facet normal 0.04725605692238228 -0.6584795754774391 0.7511135158970313
  outer loop
    vertex 6.227549648794554 -4.708767288420097 81.8292114864298
    vertex 6.624910280304025 -4.610229320970108 81.89059707113532
    vertex 6.2284537119662104 -4.610229320970108 81.91554000421282
  endloop
endfacet
facet normal 0.04725605692238228 -0.6584795754774391 0.7511135158970313
  outer loop
    vertex 6.624910280304025 -4.610229320970108 81.89059707113532
    vertex 6.227549648794554 -4.708767288420097 81.8292114864298
    vertex 6.614987382384985 -4.708767288420097 81.80483597033945
  endloop
endfacet
facet normal 0.05227975195555377 -0.5538660033848912 0.8309628618836785
  outer loop
    vertex 6.2284537119662104 -4.610229320970108 81.91554000421282
    vertex 6.633258165894553 -4.5011970138342 81.96274573812781
    vertex 6.229214277678483 -4.5011970138342 81.9881660249108
  endloop
endfacet
facet normal 0.05227975195555377 -0.5538660033848912 0.8309628618836785
  outer loop
    vertex 6.633258165894553 -4.5011970138342 81.96274573812781
    vertex 6.2284537119662104 -4.610229320970108 81.91554000421282
    vertex 6.624910280304025 -4.610229320970108 81.89059707113532
  endloop
endfacet
facet normal 0.0563954402627118 -0.4396847862059338 0.8963798542451837
  outer loop
    vertex 6.229214277678483 -4.5011970138342 81.9881660249108
    vertex 6.639886140435567 -4.3835628991607605 82.02002964826394
    vertex 6.229818144384973 -4.3835628991607605 82.04582893978684
  endloop
endfacet
facet normal 0.0563954402627118 -0.4396847862059338 0.8963798542451837
  outer loop
    vertex 6.639886140435567 -4.3835628991607605 82.02002964826394
    vertex 6.229214277678483 -4.5011970138342 81.9881660249108
    vertex 6.633258165894553 -4.5011970138342 81.96274573812781
  endloop
endfacet
facet normal -0.5798871857249477 -0.6584795754774384 0.47972440057917887
  outer loop
    vertex 3.2112490478520135 -4.708767288420096 80.33190686488814
    vertex 3.395149785658502 -4.610229320970107 80.68945991006811
    vertex 3.141939204865799 -4.610229320970107 80.38338089696312
  endloop
endfacet
facet normal -0.5798871857249477 -0.6584795754774384 0.47972440057917887
  outer loop
    vertex 3.395149785658502 -4.610229320970107 80.68945991006811
    vertex 3.2112490478520135 -4.708767288420096 80.33190686488814
    vertex 3.4586994406018423 -4.708767288420096 80.63102300674998
  endloop
endfacet
facet normal -0.6415338097653579 -0.5538660033848883 0.5307229232117229
  outer loop
    vertex 3.141939204865799 -4.610229320970107 80.38338089696312
    vertex 3.3416870519780133 -4.5011970138342 80.73862141380869
    vertex 3.08363056919638 -4.5011970138342 80.42668471144864
  endloop
endfacet
facet normal -0.6415338097653579 -0.5538660033848883 0.5307229232117229
  outer loop
    vertex 3.3416870519780133 -4.5011970138342 80.73862141380869
    vertex 3.141939204865799 -4.610229320970107 80.38338089696312
    vertex 3.395149785658502 -4.610229320970107 80.68945991006811
  endloop
endfacet
facet normal -0.6920381274167295 -0.43968478620593404 0.5725037283551858
  outer loop
    vertex 3.08363056919638 -4.5011970138342 80.42668471144864
    vertex 3.2992392208614096 -4.3835628991607605 80.77765419542233
    vertex 3.0373352350608878 -4.3835628991607605 80.46106666084486
  endloop
endfacet
facet normal -0.6920381274167295 -0.43968478620593404 0.5725037283551858
  outer loop
    vertex 3.2992392208614096 -4.3835628991607605 80.77765419542233
    vertex 3.08363056919638 -4.5011970138342 80.42668471144864
    vertex 3.3416870519780133 -4.5011970138342 80.73862141380869
  endloop
endfacet
facet normal -0.7305377201227069 -0.31791768451028435 0.6043533613322067
  outer loop
    vertex 3.0373352350608878 -4.3835628991607605 80.46106666084486
    vertex 3.2685430820467807 -4.259368815278397 80.80588074201412
    vertex 3.003856775367883 -4.259368815278397 80.4859299592425
  endloop
endfacet
facet normal -0.7305377201227069 -0.31791768451028435 0.6043533613322067
  outer loop
    vertex 3.2685430820467807 -4.259368815278397 80.80588074201412
    vertex 3.0373352350608878 -4.3835628991607605 80.46106666084486
    vertex 3.2992392208614096 -4.3835628991607605 80.77765419542233
  endloop
endfacet
facet normal -0.7563773972321792 -0.19067104846833596 0.6257298012978603
  outer loop
    vertex 3.003856775367883 -4.259368815278397 80.4859299592425
    vertex 3.250131444855178 -4.130770465414537 80.82281111029785
    vertex 2.983776293672005 -4.130770465414537 80.50084304105543
  endloop
endfacet
facet normal -0.7563773972321792 -0.19067104846833596 0.6257298012978603
  outer loop
    vertex 3.250131444855178 -4.130770465414537 80.82281111029785
    vertex 3.003856775367883 -4.259368815278397 80.4859299592425
    vertex 3.2685430820467807 -4.259368815278397 80.80588074201412
  endloop
endfacet
facet normal -0.7691185593621596 -0.060140377148232976 0.6362702072870807
  outer loop
    vertex 2.983776293672005 -4.130770465414537 80.50084304105543
    vertex 3.2443238899338898 -4.000000000000007 80.82815143080394
    vertex 2.977442337648369 -4.000000000000007 80.50554705193576
  endloop
endfacet
facet normal -0.7691185593621596 -0.060140377148232976 0.6362702072870807
  outer loop
    vertex 3.2443238899338898 -4.000000000000007 80.82815143080394
    vertex 2.983776293672005 -4.130770465414537 80.50084304105543
    vertex 3.250131444855178 -4.130770465414537 80.82281111029785
  endloop
endfacet
facet normal 0.7705132427757899 3.925427975045875e-16 -0.6374239897486889
  outer loop
    vertex 3.980420977053621 -5.0000000000000036 80.15127546112129
    vertex 3.7802598128394806 -4.600000000000005 79.90932217697015
    vertex 3.9804209770536207 -4.600000000000005 80.15127546112129
  endloop
endfacet
facet normal 0.7705132427757899 3.925427975045875e-16 -0.6374239897486889
  outer loop
    vertex 3.7802598128394806 -4.600000000000005 79.90932217697015
    vertex 3.980420977053621 -5.0000000000000036 80.15127546112129
    vertex 3.780259812839481 -5.0000000000000036 79.90932217697016
  endloop
endfacet
facet normal -0.050229279885053414 -0.9981799998601127 0.033372253767077795
  outer loop
    vertex 3.606486157400994 -5.0000000000000036 79.64777179932442
    vertex 3.67527499796582 -4.992110341118165 79.98729078136114
    vertex 3.493926521927842 -4.992110341118165 79.71433938217737
  endloop
endfacet
facet normal -0.050229279885053414 -0.9981799998601127 0.033372253767077795
  outer loop
    vertex 3.67527499796582 -4.992110341118165 79.98729078136114
    vertex 3.606486157400994 -5.0000000000000036 79.64777179932442
    vertex 3.780259812839481 -5.0000000000000036 79.90932217697016
  endloop
endfacet
facet normal -0.15923423972693868 -0.9815558465853601 0.10579497593307996
  outer loop
    vertex 3.493926521927842 -4.992110341118165 79.71433938217737
    vertex 3.572033995414373 -4.967097829163193 80.0639643164295
    vertex 3.3832365175966603 -4.967097829163193 79.77980126825523
  endloop
endfacet
facet normal -0.15923423972693868 -0.9815558465853601 0.10579497593307996
  outer loop
    vertex 3.572033995414373 -4.967097829163193 80.0639643164295
    vertex 3.493926521927842 -4.992110341118165 79.71433938217737
    vertex 3.67527499796582 -4.992110341118165 79.98729078136114
  endloop
endfacet
facet normal -0.2654539052599638 -0.9478548683898357 0.17636715298467914
  outer loop
    vertex 3.3832365175966603 -4.967097829163193 79.77980126825523
    vertex 3.47232881455826 -4.925396619700812 80.13801191856373
    vertex 3.2763374500938567 -4.925396619700812 79.84302120054254
  endloop
endfacet
facet normal -0.2654539052599638 -0.9478548683898357 0.17636715298467914
  outer loop
    vertex 3.47232881455826 -4.925396619700812 80.13801191856373
    vertex 3.3832365175966603 -4.967097829163193 79.77980126825523
    vertex 3.572033995414373 -4.967097829163193 80.0639643164295
  endloop
endfacet
facet normal -0.3670335545847315 -0.8976749812868234 0.24385651063811659
  outer loop
    vertex 3.2763374500938567 -4.925396619700812 79.84302120054254
    vertex 3.3778900916197907 -4.867730542957191 80.20814830387658
    vertex 3.1750848237850287 -4.867730542957191 79.90290183681644
  endloop
endfacet
facet normal -0.3670335545847315 -0.8976749812868234 0.24385651063811659
  outer loop
    vertex 3.3778900916197907 -4.867730542957191 80.20814830387658
    vertex 3.2763374500938567 -4.925396619700812 79.84302120054254
    vertex 3.47232881455826 -4.925396619700812 80.13801191856373
  endloop
endfacet
facet normal -0.46220402228225627 -0.8319042231740233 0.3070876181993148
  outer loop
    vertex 3.1750848237850287 -4.867730542957191 79.90290183681644
    vertex 3.2903570500906776 -4.795100539910062 80.2731560775659
    vertex 3.08123613473195 -4.795100539910062 79.95840379680342
  endloop
endfacet
facet normal -0.46220402228225627 -0.8319042231740233 0.3070876181993148
  outer loop
    vertex 3.2903570500906776 -4.795100539910062 80.2731560775659
    vertex 3.1750848237850287 -4.867730542957191 79.90290183681644
    vertex 3.3778900916197907 -4.867730542957191 80.20814830387658
  endloop
endfacet
facet normal -0.5493133294141983 -0.7517026973525588 0.36496290348578697
  outer loop
    vertex 3.08123613473195 -4.795100539910062 79.95840379680342
    vertex 3.2112490478520135 -4.708767288420096 80.33190686488814
    vertex 2.9964203648921983 -4.708767288420095 80.00856370325934
  endloop
endfacet
facet normal -0.5493133294141983 -0.7517026973525588 0.36496290348578697
  outer loop
    vertex 3.2112490478520135 -4.708767288420096 80.33190686488814
    vertex 3.08123613473195 -4.795100539910062 79.95840379680342
    vertex 3.2903570500906776 -4.795100539910062 80.2731560775659
  endloop
endfacet
facet normal -0.6268553574314871 -0.6584795754774383 0.4164817037259805
  outer loop
    vertex 2.9964203648921983 -4.708767288420095 80.00856370325934
    vertex 3.141939204865799 -4.610229320970107 80.38338089696312
    vertex 2.9221097070068827 -4.610229320970106 80.05251090382413
  endloop
endfacet
facet normal -0.6268553574314871 -0.6584795754774383 0.4164817037259805
  outer loop
    vertex 3.141939204865799 -4.610229320970107 80.38338089696312
    vertex 2.9964203648921983 -4.708767288420095 80.00856370325934
    vertex 3.2112490478520135 -4.708767288420096 80.33190686488814
  endloop
endfacet
facet normal -0.693495072014911 -0.5538660033848887 0.4607570242388973
  outer loop
    vertex 2.9221097070068827 -4.610229320970106 80.05251090382413
    vertex 3.08363056919638 -4.5011970138342 80.42668471144864
    vertex 2.8595940109627946 -4.501197013834199 80.08948258340119
  endloop
endfacet
facet normal -0.693495072014911 -0.5538660033848887 0.4607570242388973
  outer loop
    vertex 3.08363056919638 -4.5011970138342 80.42668471144864
    vertex 2.9221097070068827 -4.610229320970106 80.05251090382413
    vertex 3.141939204865799 -4.610229320970107 80.38338089696312
  endloop
endfacet
facet normal -0.7480900050855657 -0.43968478620593593 0.4970298110477064
  outer loop
    vertex 2.8595940109627946 -4.501197013834199 80.08948258340119
    vertex 3.0373352350608878 -4.3835628991607605 80.46106666084486
    vertex 2.8099583951771234 -4.38356289916076 80.11883700474753
  endloop
endfacet
facet normal -0.7480900050855657 -0.43968478620593593 0.4970298110477064
  outer loop
    vertex 3.0373352350608878 -4.3835628991607605 80.46106666084486
    vertex 2.8595940109627946 -4.501197013834199 80.08948258340119
    vertex 3.08363056919638 -4.5011970138342 80.42668471144864
  endloop
endfacet
facet normal -0.7897078861851485 -0.3179176845102832 0.5246806651408117
  outer loop
    vertex 2.8099583951771234 -4.38356289916076 80.11883700474753
    vertex 3.003856775367883 -4.259368815278397 80.4859299592425
    vertex 2.7740644116159574 -4.259368815278396 80.14006464745076
  endloop
endfacet
facet normal -0.7897078861851485 -0.3179176845102832 0.5246806651408117
  outer loop
    vertex 3.003856775367883 -4.259368815278397 80.4859299592425
    vertex 2.8099583951771234 -4.38356289916076 80.11883700474753
    vertex 3.0373352350608878 -4.3835628991607605 80.46106666084486
  endloop
endfacet
facet normal -0.8176404572595076 -0.1906710484683357 0.5432390209920941
  outer loop
    vertex 2.7740644116159574 -4.259368815278396 80.14006464745076
    vertex 2.983776293672005 -4.130770465414537 80.50084304105543
    vertex 2.7525350913753748 -4.130770465414537 80.1527970519478
  endloop
endfacet
facet normal -0.8176404572595076 -0.1906710484683357 0.5432390209920941
  outer loop
    vertex 2.983776293672005 -4.130770465414537 80.50084304105543
    vertex 2.7740644116159574 -4.259368815278396 80.14006464745076
    vertex 3.003856775367883 -4.259368815278397 80.4859299592425
  endloop
endfacet
facet normal -0.8314135944104807 -0.060140377148233275 0.5523898714367533
  outer loop
    vertex 2.7525350913753748 -4.130770465414537 80.1527970519478
    vertex 2.977442337648369 -4.000000000000007 80.50554705193576
    vertex 2.7457441303970525 -4.000000000000006 80.15681321507479
  endloop
endfacet
facet normal -0.8314135944104807 -0.060140377148233275 0.5523898714367533
  outer loop
    vertex 2.977442337648369 -4.000000000000007 80.50554705193576
    vertex 2.7525350913753748 -4.130770465414537 80.1527970519478
    vertex 2.983776293672005 -4.130770465414537 80.50084304105543
  endloop
endfacet
facet normal 0.8329212407100991 3.4079336571726034e-16 -0.5533915492433447
  outer loop
    vertex 3.780259812839481 -5.0000000000000036 79.90932217697016
    vertex 3.606486157400994 -4.600000000000005 79.64777179932442
    vertex 3.7802598128394806 -4.600000000000005 79.90932217697015
  endloop
endfacet
facet normal 0.8329212407100991 3.4079336571726034e-16 -0.5533915492433447
  outer loop
    vertex 3.606486157400994 -4.600000000000005 79.64777179932442
    vertex 3.780259812839481 -5.0000000000000036 79.90932217697016
    vertex 3.606486157400994 -5.0000000000000036 79.64777179932442
  endloop
endfacet
facet normal -0.053442469036317795 -0.9981799998601127 0.02793904763171978
  outer loop
    vertex 3.4610039112716198 -5.0000000000000036 79.3694899288545
    vertex 3.493926521927842 -4.992110341118165 79.71433938217737
    vertex 3.342102682119837 -4.992110341118165 79.42392716180154
  endloop
endfacet
facet normal -0.053442469036317795 -0.9981799998601127 0.02793904763171978
  outer loop
    vertex 3.493926521927842 -4.992110341118165 79.71433938217737
    vertex 3.4610039112716198 -5.0000000000000036 79.3694899288545
    vertex 3.606486157400994 -5.0000000000000036 79.64777179932442
  endloop
endfacet
facet normal -0.16942052415648387 -0.9815558465853602 0.08857090960715736
  outer loop
    vertex 3.342102682119837 -4.992110341118165 79.42392716180154
    vertex 3.3832365175966603 -4.967097829163193 79.77980126825523
    vertex 3.225176418859747 -4.967097829163193 79.47746018476624
  endloop
endfacet
facet normal -0.16942052415648387 -0.9815558465853602 0.08857090960715736
  outer loop
    vertex 3.3832365175966603 -4.967097829163193 79.77980126825523
    vertex 3.342102682119837 -4.992110341118165 79.42392716180154
    vertex 3.493926521927842 -4.992110341118165 79.71433938217737
  endloop
endfacet
facet normal -0.2824351084644295 -0.9478548683898357 0.14765350648180806
  outer loop
    vertex 3.225176418859747 -4.967097829163193 79.47746018476624
    vertex 3.2763374500938567 -4.925396619700812 79.84302120054254
    vertex 3.1122546732638816 -4.925396619700812 79.52915979639884
  endloop
endfacet
facet normal -0.2824351084644295 -0.9478548683898357 0.14765350648180806
  outer loop
    vertex 3.2763374500938567 -4.925396619700812 79.84302120054254
    vertex 3.225176418859747 -4.967097829163193 79.47746018476624
    vertex 3.3832365175966603 -4.967097829163193 79.77980126825523
  endloop
endfacet
facet normal -0.39051285268417674 -0.8976749812868234 0.20415518572930666
  outer loop
    vertex 3.1122546732638816 -4.925396619700812 79.52915979639884
    vertex 3.1750848237850287 -4.867730542957191 79.90290183681644
    vertex 3.00529748854701 -4.867730542957191 79.57812861885196
  endloop
endfacet
facet normal -0.39051285268417674 -0.8976749812868234 0.20415518572930666
  outer loop
    vertex 3.1750848237850287 -4.867730542957191 79.90290183681644
    vertex 3.1122546732638816 -4.925396619700812 79.52915979639884
    vertex 3.2763374500938567 -4.925396619700812 79.84302120054254
  endloop
endfacet
facet normal -0.49177141710588773 -0.8319042231740233 0.2570918839304185
  outer loop
    vertex 3.00529748854701 -4.867730542957191 79.57812861885196
    vertex 3.08123613473195 -4.795100539910062 79.95840379680342
    vertex 2.906161377846331 -4.795100539910062 79.62351667404847
  endloop
endfacet
facet normal -0.49177141710588773 -0.8319042231740233 0.2570918839304185
  outer loop
    vertex 3.08123613473195 -4.795100539910062 79.95840379680342
    vertex 3.00529748854701 -4.867730542957191 79.57812861885196
    vertex 3.1750848237850287 -4.867730542957191 79.90290183681644
  endloop
endfacet
facet normal -0.5844531449711364 -0.7517026973525578 0.3055447203376889
  outer loop
    vertex 2.906161377846331 -4.795100539910062 79.62351667404847
    vertex 2.9964203648921983 -4.708767288420095 80.00856370325934
    vertex 2.8165670997286973 -4.708767288420095 79.66453613720628
  endloop
endfacet
facet normal -0.5844531449711364 -0.7517026973525578 0.3055447203376889
  outer loop
    vertex 2.9964203648921983 -4.708767288420095 80.00856370325934
    vertex 2.906161377846331 -4.795100539910062 79.62351667404847
    vertex 3.08123613473195 -4.795100539910062 79.95840379680342
  endloop
endfacet
facet normal -0.6669555706640896 -0.6584795754774385 0.34867594617236064
  outer loop
    vertex 2.8165670997286973 -4.708767288420095 79.66453613720628
    vertex 2.9221097070068827 -4.610229320970106 80.05251090382413
    vertex 2.7380697900625774 -4.610229320970106 79.70047501153495
  endloop
endfacet
facet normal -0.6669555706640896 -0.6584795754774385 0.34867594617236064
  outer loop
    vertex 2.9221097070068827 -4.610229320970106 80.05251090382413
    vertex 2.8165670997286973 -4.708767288420095 79.66453613720628
    vertex 2.9964203648921983 -4.708767288420095 80.00856370325934
  endloop
endfacet
facet normal -0.7378582571322938 -0.5538660033848914 0.3857429748889033
  outer loop
    vertex 2.7380697900625774 -4.610229320970106 79.70047501153495
    vertex 2.8595940109627946 -4.501197013834199 80.08948258340119
    vertex 2.672031968691929 -4.501197013834199 79.73070948674528
  endloop
endfacet
facet normal -0.7378582571322938 -0.5538660033848914 0.3857429748889033
  outer loop
    vertex 2.8595940109627946 -4.501197013834199 80.08948258340119
    vertex 2.7380697900625774 -4.610229320970106 79.70047501153495
    vertex 2.9221097070068827 -4.610229320970106 80.05251090382413
  endloop
endfacet
facet normal -0.24868988716485496 -5.964795015562115e-16 0.9685831611286311
  outer loop
    vertex 4.992549069388479 -4.000000000000007 81.93760886613842
    vertex 5.398082876896321 -1.5227432791745012e-14 82.04173225056019
    vertex 4.992549069388479 -1.5163310817574122e-14 81.93760886613842
  endloop
endfacet
facet normal -0.24868988716485496 -5.964795015562115e-16 0.9685831611286311
  outer loop
    vertex 5.398082876896321 -1.5227432791745012e-14 82.04173225056019
    vertex 4.992549069388479 -4.000000000000007 81.93760886613842
    vertex 5.398082876896321 -4.000000000000007 82.04173225056019
  endloop
endfacet
facet normal -0.14608302856241004 -6.092204487444617e-16 0.9892723329629886
  outer loop
    vertex 5.398082876896321 -4.000000000000007 82.04173225056019
    vertex 5.812278985138768 -1.52650987068776e-14 82.10289541048563
    vertex 5.398082876896321 -1.5227432791745012e-14 82.04173225056019
  endloop
endfacet
facet normal -0.14608302856241004 -6.092204487444617e-16 0.9892723329629886
  outer loop
    vertex 5.812278985138768 -1.52650987068776e-14 82.10289541048563
    vertex 5.398082876896321 -4.000000000000007 82.04173225056019
    vertex 5.812278985138768 -4.000000000000007 82.10289541048563
  endloop
endfacet
facet normal -0.04187565372920056 -6.152866492086923e-16 0.9991228300988583
  outer loop
    vertex 5.812278985138768 -4.000000000000007 82.10289541048563
    vertex 6.230599374877808 -1.5275895887323595e-14 82.12042822953536
    vertex 5.812278985138768 -1.52650987068776e-14 82.10289541048563
  endloop
endfacet
facet normal -0.04187565372920056 -6.152866492086923e-16 0.9991228300988583
  outer loop
    vertex 6.230599374877808 -1.5275895887323595e-14 82.12042822953536
    vertex 5.812278985138768 -4.000000000000007 82.10289541048563
    vertex 6.230599374877808 -4.000000000000007 82.12042822953535
  endloop
endfacet
facet normal 0.06279051952931498 -6.146116403871837e-16 0.9980267284282714
  outer loop
    vertex 6.230599374877808 -4.000000000000007 82.12042822953535
    vertex 6.648460840384291 -1.5259706036914574e-14 82.09413861447489
    vertex 6.230599374877808 -1.5275895887323595e-14 82.12042822953536
  endloop
endfacet
facet normal 0.06279051952931498 -6.146116403871837e-16 0.9980267284282714
  outer loop
    vertex 6.648460840384291 -1.5259706036914574e-14 82.09413861447489
    vertex 6.230599374877808 -4.000000000000007 82.12042822953535
    vertex 6.648460840384291 -4.000000000000007 82.09413861447489
  endloop
endfacet
facet normal 0.1667687467161028 -6.072028178178388e-16 0.9859960370705048
  outer loop
    vertex 6.648460840384291 -4.000000000000007 82.09413861447489
    vertex 7.061285203998994 -1.5216706535039564e-14 82.0243145998283
    vertex 6.648460840384291 -1.5259706036914574e-14 82.09413861447489
  endloop
endfacet
facet normal 0.1667687467161028 -6.072028178178388e-16 0.9859960370705048
  outer loop
    vertex 7.061285203998994 -1.5216706535039564e-14 82.0243145998283
    vertex 6.648460840384291 -4.000000000000007 82.09413861447489
    vertex 7.061285203998994 -4.000000000000007 82.02431459982829
  endloop
endfacet
facet normal -0.026813705510715775 -0.9981799998601127 0.054015859486357114
  outer loop
    vertex 4.716000977567402 -5.000000000000004 80.73428898543388
    vertex 4.945333352011773 -4.992110341118166 80.99392662866228
    vertex 4.651805265233411 -4.992110341118166 80.84821802098963
  endloop
endfacet
facet normal -0.026813705510715775 -0.9981799998601127 0.054015859486357114
  outer loop
    vertex 4.945333352011773 -4.992110341118166 80.99392662866228
    vertex 4.716000977567402 -5.000000000000004 80.73428898543388
    vertex 4.997268566508482 -5.000000000000004 80.87391142912524
  endloop
endfacet
facet normal -0.08500340878928998 -0.9815558465853599 0.17123825661428022
  outer loop
    vertex 4.651805265233411 -4.992110341118166 80.84821802098963
    vertex 4.894260788624227 -4.967097829163194 81.11194835910517
    vertex 4.58867585257653 -4.967097829163194 80.96025467947828
  endloop
endfacet
facet normal -0.08500340878928998 -0.9815558465853599 0.17123825661428022
  outer loop
    vertex 4.894260788624227 -4.967097829163194 81.11194835910517
    vertex 4.651805265233411 -4.992110341118166 80.84821802098963
    vertex 4.945333352011773 -4.992110341118166 80.99392662866228
  endloop
endfacet
facet normal -0.141706248996576 -0.9478548683898361 0.28546538750784956
  outer loop
    vertex 4.58867585257653 -4.967097829163194 80.96025467947828
    vertex 4.844937370181027 -4.9253966197008126 81.22592805407079
    vertex 4.527708510621882 -4.9253966197008126 81.06845428061602
  endloop
endfacet
facet normal -0.141706248996576 -0.9478548683898361 0.28546538750784956
  outer loop
    vertex 4.844937370181027 -4.9253966197008126 81.22592805407079
    vertex 4.58867585257653 -4.967097829163194 80.96025467947828
    vertex 4.894260788624227 -4.967097829163194 81.11194835910517
  endloop
endfacet
facet normal -0.1959321269926201 -0.8976749812868243 0.3947027103832035
  outer loop
    vertex 4.527708510621882 -4.9253966197008126 81.06845428061602
    vertex 4.798219229671783 -4.867730542957192 81.33388730695059
    vertex 4.469961482175499 -4.867730542957192 81.17093874597842
  endloop
endfacet
facet normal -0.1959321269926201 -0.8976749812868243 0.3947027103832035
  outer loop
    vertex 4.798219229671783 -4.867730542957192 81.33388730695059
    vertex 4.527708510621882 -4.9253966197008126 81.06845428061602
    vertex 4.844937370181027 -4.9253966197008126 81.22592805407079
  endloop
endfacet
facet normal -0.2467366159281253 -0.8319042231740232 0.4970476896893917
  outer loop
    vertex 4.469961482175499 -4.867730542957192 81.17093874597842
    vertex 4.754917278881714 -4.795100539910063 81.43395221117355
    vertex 4.416437113337162 -4.795100539910063 81.26592919781352
  endloop
endfacet
facet normal -0.2467366159281253 -0.8319042231740232 0.4970476896893917
  outer loop
    vertex 4.754917278881714 -4.795100539910063 81.43395221117355
    vertex 4.469961482175499 -4.867730542957192 81.17093874597842
    vertex 4.798219229671783 -4.867730542957192 81.33388730695059
  endloop
endfacet
facet normal -0.29323784616721166 -0.7517026973525593 0.5907238105647186
  outer loop
    vertex 4.416437113337162 -4.795100539910063 81.26592919781352
    vertex 4.715783132961512 -4.708767288420097 81.52438588660628
    vertex 4.368064455242356 -4.708767288420096 81.35177683597567
  endloop
endfacet
facet normal -0.29323784616721166 -0.7517026973525593 0.5907238105647186
  outer loop
    vertex 4.715783132961512 -4.708767288420097 81.52438588660628
    vertex 4.416437113337162 -4.795100539910063 81.26592919781352
    vertex 4.754917278881714 -4.795100539910063 81.43395221117355
  endloop
endfacet
facet normal -0.334631812171051 -0.6584795754774376 0.6741114143538678
  outer loop
    vertex 4.368064455242356 -4.708767288420096 81.35177683597567
    vertex 4.68149606424063 -4.610229320970108 81.60361862751154
    vertex 4.325683138024131 -4.610229320970107 81.42699155703264
  endloop
endfacet
facet normal -0.334631812171051 -0.6584795754774376 0.6741114143538678
  outer loop
    vertex 4.68149606424063 -4.610229320970108 81.60361862751154
    vertex 4.368064455242356 -4.708767288420096 81.35177683597567
    vertex 4.715783132961512 -4.708767288420097 81.52438588660628
  endloop
endfacet
facet normal -0.37020583764478 -0.5538660033848971 0.7457748239704582
  outer loop
    vertex 4.325683138024131 -4.610229320970107 81.42699155703264
    vertex 4.652651211733664 -4.5011970138342 81.67027514877148
    vertex 4.290028796903216 -4.5011970138342 81.490267818789
  endloop
endfacet
facet normal -0.37020583764478 -0.5538660033848971 0.7457748239704582
  outer loop
    vertex 4.652651211733664 -4.5011970138342 81.67027514877148
    vertex 4.325683138024131 -4.610229320970107 81.42699155703264
    vertex 4.68149606424063 -4.610229320970108 81.60361862751154
  endloop
endfacet
facet normal -0.39935004319747847 -0.4396847862059247 0.8044854453482811
  outer loop
    vertex 4.290028796903216 -4.5011970138342 81.490267818789
    vertex 4.6297492509937515 -4.3835628991607605 81.72319845744799
    vertex 4.261720303373514 -4.3835628991607605 81.54050730128115
  endloop
endfacet
facet normal -0.39935004319747847 -0.4396847862059247 0.8044854453482811
  outer loop
    vertex 4.6297492509937515 -4.3835628991607605 81.72319845744799
    vertex 4.290028796903216 -4.5011970138342 81.490267818789
    vertex 4.652651211733664 -4.5011970138342 81.67027514877148
  endloop
endfacet
facet normal -0.42156675843484154 -0.3179176845102861 0.8492407279790332
  outer loop
    vertex 4.261720303373514 -4.3835628991607605 81.54050730128115
    vertex 4.613187703618848 -4.259368815278397 81.7614699353287
    vertex 4.241249023118139 -4.259368815278397 81.5768379709052
  endloop
endfacet
facet normal -0.42156675843484154 -0.3179176845102861 0.8492407279790332
  outer loop
    vertex 4.613187703618848 -4.259368815278397 81.7614699353287
    vertex 4.261720303373514 -4.3835628991607605 81.54050730128115
    vertex 4.6297492509937515 -4.3835628991607605 81.72319845744799
  endloop
endfacet
facet normal -0.4364778966526105 -0.19067104846833344 0.8792790211358961
  outer loop
    vertex 4.241249023118139 -4.259368815278397 81.5768379709052
    vertex 4.603254037256454 -4.130770465414538 81.78442528387535
    vertex 4.2289702871121 -4.130770465414538 81.59862921677117
  endloop
endfacet
facet normal -0.4364778966526105 -0.19067104846833344 0.8792790211358961
  outer loop
    vertex 4.603254037256454 -4.130770465414538 81.78442528387535
    vertex 4.241249023118139 -4.259368815278397 81.5768379709052
    vertex 4.613187703618848 -4.259368815278397 81.7614699353287
  endloop
endfacet
facet normal -0.44383035809283017 -0.06014037714823787 0.8940904586626891
  outer loop
    vertex 4.2289702871121 -4.130770465414538 81.59862921677117
    vertex 4.600120675873703 -4.000000000000007 81.79166605480923
    vertex 4.225097223952264 -4.000000000000007 81.60550279655406
  endloop
endfacet
facet normal -0.44383035809283017 -0.06014037714823787 0.8940904586626891
  outer loop
    vertex 4.600120675873703 -4.000000000000007 81.79166605480923
    vertex 4.2289702871121 -4.130770465414538 81.59862921677117
    vertex 4.603254037256454 -4.130770465414538 81.78442528387535
  endloop
endfacet
facet normal 0.44463517918492657 5.516033374595171e-16 -0.8957117602394133
  outer loop
    vertex 4.997268566508482 -5.000000000000004 80.87391142912524
    vertex 4.7160009775674006 -4.000000000000007 80.73428898543388
    vertex 4.997268566508482 -4.000000000000007 80.87391142912524
  endloop
endfacet
facet normal 0.44463517918492657 5.516033374595171e-16 -0.8957117602394133
  outer loop
    vertex 4.7160009775674006 -4.000000000000007 80.73428898543388
    vertex 4.997268566508482 -5.000000000000004 80.87391142912524
    vertex 4.716000977567402 -5.000000000000004 80.73428898543388
  endloop
endfacet
facet normal -0.032313012010554414 -0.9981799998601126 0.05091715952477161
  outer loop
    vertex 4.450868721384789 -5.000000000000004 80.56603093925897
    vertex 4.651805265233411 -4.992110341118166 80.84821802098963
    vertex 4.375115852871662 -4.992110341118166 80.67262558047871
  endloop
endfacet
facet normal -0.032313012010554414 -0.9981799998601126 0.05091715952477161
  outer loop
    vertex 4.651805265233411 -4.992110341118166 80.84821802098963
    vertex 4.450868721384789 -5.000000000000004 80.56603093925897
    vertex 4.716000977567402 -5.000000000000004 80.73428898543388
  endloop
endfacet
facet normal -0.10243702303841226 -0.9815558465853599 0.1614149198343365
  outer loop
    vertex 4.375115852871662 -4.992110341118166 80.67262558047871
    vertex 4.58867585257653 -4.967097829163194 80.96025467947828
    vertex 4.300621250001192 -4.967097829163194 80.77744966993757
  endloop
endfacet
facet normal -0.10243702303841226 -0.9815558465853599 0.1614149198343365
  outer loop
    vertex 4.58867585257653 -4.967097829163194 80.96025467947828
    vertex 4.375115852871662 -4.992110341118166 80.67262558047871
    vertex 4.651805265233411 -4.992110341118166 80.84821802098963
  endloop
endfacet
facet normal -0.170769225609904 -0.9478548683898362 0.26908924180330906
  outer loop
    vertex 4.300621250001192 -4.967097829163194 80.77744966993757
    vertex 4.527708510621882 -4.9253966197008126 81.06845428061602
    vertex 4.228677955491791 -4.9253966197008126 80.87868371977513
  endloop
endfacet
facet normal -0.170769225609904 -0.9478548683898362 0.26908924180330906
  outer loop
    vertex 4.527708510621882 -4.9253966197008126 81.06845428061602
    vertex 4.300621250001192 -4.967097829163194 80.77744966993757
    vertex 4.58867585257653 -4.967097829163194 80.96025467947828
  endloop
endfacet
facet normal -0.23611645806417222 -0.8976749812868249 0.37206000349799534
  outer loop
    vertex 4.228677955491791 -4.9253966197008126 80.87868371977513
    vertex 4.469961482175499 -4.867730542957192 81.17093874597842
    vertex 4.160534727636269 -4.867730542957192 80.97457055637138
  endloop
endfacet
facet normal -0.23611645806417222 -0.8976749812868249 0.37206000349799534
  outer loop
    vertex 4.469961482175499 -4.867730542957192 81.17093874597842
    vertex 4.228677955491791 -4.9253966197008126 80.87868371977513
    vertex 4.527708510621882 -4.9253966197008126 81.06845428061602
  endloop
endfacet
facet normal -0.29734059810356417 -0.8319042231740217 0.4685338111434883
  outer loop
    vertex 4.160534727636269 -4.867730542957192 80.97457055637138
    vertex 4.416437113337162 -4.795100539910063 81.26592919781352
    vertex 4.097374364935353 -4.795100539910063 81.06344582055026
  endloop
endfacet
facet normal -0.29734059810356417 -0.8319042231740217 0.4685338111434883
  outer loop
    vertex 4.416437113337162 -4.795100539910063 81.26592919781352
    vertex 4.160534727636269 -4.867730542957192 80.97457055637138
    vertex 4.469961482175499 -4.867730542957192 81.17093874597842
  endloop
endfacet
facet normal -0.3533789106978675 -0.7517026973525599 0.5568360622902171
  outer loop
    vertex 4.097374364935353 -4.795100539910063 81.06344582055026
    vertex 4.368064455242356 -4.708767288420096 81.35177683597567
    vertex 4.040293175630659 -4.708767288420096 81.14376685675334
  endloop
endfacet
facet normal -0.3533789106978675 -0.7517026973525599 0.5568360622902171
  outer loop
    vertex 4.368064455242356 -4.708767288420096 81.35177683597567
    vertex 4.097374364935353 -4.795100539910063 81.06344582055026
    vertex 4.416437113337162 -4.795100539910063 81.26592919781352
  endloop
endfacet
facet normal -0.4032624943044679 -0.6584795754774385 0.635440012405885
  outer loop
    vertex 4.040293175630659 -4.708767288420096 81.14376685675334
    vertex 4.325683138024131 -4.610229320970107 81.42699155703264
    vertex 3.990281948495395 -4.610229320970107 81.21413948973843
  endloop
endfacet
facet normal -0.4032624943044679 -0.6584795754774385 0.635440012405885
  outer loop
    vertex 4.325683138024131 -4.610229320970107 81.42699155703264
    vertex 4.040293175630659 -4.708767288420096 81.14376685675334
    vertex 4.368064455242356 -4.708767288420096 81.35177683597567
  endloop
endfacet
facet normal -0.446132507624225 -0.5538660033848937 0.7029923441513184
  outer loop
    vertex 3.990281948495395 -4.610229320970107 81.21413948973843
    vertex 4.290028796903216 -4.5011970138342 81.490267818789
    vertex 3.948208755183002 -4.5011970138342 81.273342224026
  endloop
endfacet
facet normal -0.446132507624225 -0.5538660033848937 0.7029923441513184
  outer loop
    vertex 4.290028796903216 -4.5011970138342 81.490267818789
    vertex 3.990281948495395 -4.610229320970107 81.21413948973843
    vertex 4.325683138024131 -4.610229320970107 81.42699155703264
  endloop
endfacet
facet normal -0.481253989199608 -0.43968478620592866 0.7583349435826563
  outer loop
    vertex 3.948208755183002 -4.5011970138342 81.273342224026
    vertex 4.261720303373514 -4.3835628991607605 81.54050730128115
    vertex 3.914803882642554 -4.3835628991607605 81.32034744605035
  endloop
endfacet
facet normal -0.481253989199608 -0.43968478620592866 0.7583349435826563
  outer loop
    vertex 4.261720303373514 -4.3835628991607605 81.54050730128115
    vertex 3.948208755183002 -4.5011970138342 81.273342224026
    vertex 4.290028796903216 -4.5011970138342 81.490267818789
  endloop
endfacet
facet normal -0.5080271998628304 -0.317917684510284 0.8005227729897202
  outer loop
    vertex 3.914803882642554 -4.3835628991607605 81.32034744605035
    vertex 4.241249023118139 -4.259368815278397 81.5768379709052
    vertex 3.890647157137078 -4.259368815278397 81.35433926099863
  endloop
endfacet
facet normal -0.5080271998628304 -0.317917684510284 0.8005227729897202
  outer loop
    vertex 4.241249023118139 -4.259368815278397 81.5768379709052
    vertex 3.914803882642554 -4.3835628991607605 81.32034744605035
    vertex 4.261720303373514 -4.3835628991607605 81.54050730128115
  endloop
endfacet
facet normal -0.5259965099281348 -0.1906710484683337 0.8288378748702353
  outer loop
    vertex 3.890647157137078 -4.259368815278397 81.35433926099863
    vertex 4.2289702871121 -4.130770465414538 81.59862921677117
    vertex 3.8761578798885665 -4.130770465414537 81.37472765473412
  endloop
endfacet
facet normal -0.5259965099281348 -0.1906710484683337 0.8288378748702353
  outer loop
    vertex 4.2289702871121 -4.130770465414538 81.59862921677117
    vertex 3.890647157137078 -4.259368815278397 81.35433926099863
    vertex 4.241249023118139 -4.259368815278397 81.5768379709052
  endloop
endfacet
facet normal -0.5348569106187453 -0.060140377148238056 0.8427996322969293
  outer loop
    vertex 3.8761578798885665 -4.130770465414537 81.37472765473412
    vertex 4.225097223952264 -4.000000000000007 81.60550279655406
    vertex 3.871587549042112 -4.000000000000007 81.38115873498752
  endloop
endfacet
facet normal -0.5348569106187453 -0.060140377148238056 0.8427996322969293
  outer loop
    vertex 4.225097223952264 -4.000000000000007 81.60550279655406
    vertex 3.8761578798885665 -4.130770465414537 81.37472765473412
    vertex 4.2289702871121 -4.130770465414538 81.59862921677117
  endloop
endfacet
facet normal 0.5358267949789979 5.19959793195856e-16 -0.8443279255020142
  outer loop
    vertex 4.716000977567402 -5.000000000000004 80.73428898543388
    vertex 4.556643967221311 -4.000000000000007 80.6331579514693
    vertex 4.7160009775674006 -4.000000000000007 80.73428898543388
  endloop
endfacet
facet normal 0.5358267949789979 5.19959793195856e-16 -0.8443279255020142
  outer loop
    vertex 4.556643967221311 -4.000000000000007 80.6331579514693
    vertex 4.716000977567402 -5.000000000000004 80.73428898543388
    vertex 4.556643967221311 -4.600000000000006 80.6331579514693
  endloop
endfacet
facet normal 0.5358267949789979 5.19959793195856e-16 -0.8443279255020142
  outer loop
    vertex 4.556643967221311 -4.600000000000006 80.6331579514693
    vertex 4.716000977567402 -5.000000000000004 80.73428898543388
    vertex 4.450868721384787 -4.600000000000006 80.56603093925897
  endloop
endfacet
facet normal 0.5358267949789979 5.19959793195856e-16 -0.8443279255020142
  outer loop
    vertex 4.450868721384787 -4.600000000000006 80.56603093925897
    vertex 4.716000977567402 -5.000000000000004 80.73428898543388
    vertex 4.450868721384789 -5.000000000000004 80.56603093925897
  endloop
endfacet
facet normal -0.03745829038887267 -0.9981799998601127 0.04726060050833228
  outer loop
    vertex 4.204776642441869 -5.000000000000004 80.37098076096468
    vertex 4.375115852871662 -4.992110341118166 80.67262558047871
    vertex 4.118296582029345 -4.992110341118166 80.46907313465286
  endloop
endfacet
facet normal -0.03745829038887267 -0.9981799998601127 0.04726060050833228
  outer loop
    vertex 4.375115852871662 -4.992110341118166 80.67262558047871
    vertex 4.204776642441869 -5.000000000000004 80.37098076096468
    vertex 4.450868721384789 -5.000000000000004 80.56603093925897
  endloop
endfacet
facet normal -0.1187483158267994 -0.9815558465853599 0.14982308741444364
  outer loop
    vertex 4.118296582029345 -4.992110341118166 80.46907313465286
    vertex 4.300621250001192 -4.967097829163194 80.77744966993757
    vertex 4.033252967403332 -4.967097829163194 80.56553618042194
  endloop
endfacet
facet normal -0.1187483158267994 -0.9815558465853599 0.14982308741444364
  outer loop
    vertex 4.300621250001192 -4.967097829163194 80.77744966993757
    vertex 4.118296582029345 -4.992110341118166 80.46907313465286
    vertex 4.375115852871662 -4.992110341118166 80.67262558047871
  endloop
endfacet
facet normal -0.1979612188516917 -0.9478548683898362 0.24976489805502847
  outer loop
    vertex 4.033252967403332 -4.967097829163194 80.56553618042194
    vertex 4.228677955491791 -4.9253966197008126 80.87868371977513
    vertex 3.9511219461289233 -4.9253966197008126 80.65869553752471
  endloop
endfacet
facet normal -0.1979612188516917 -0.9478548683898362 0.24976489805502847
  outer loop
    vertex 4.228677955491791 -4.9253966197008126 80.87868371977513
    vertex 4.033252967403332 -4.967097829163194 80.56553618042194
    vertex 4.300621250001192 -4.967097829163194 80.77744966993757
  endloop
endfacet
facet normal 0.17123825661428216 -0.9815558465853597 0.08500340878929016
  outer loop
    vertex 9.061991315001796 -4.992110341118165 79.36402643847437
    vertex 9.028319365817802 -4.967097829163193 79.72068393790961
    vertex 8.916282707329142 -4.992110341118165 79.65755452525273
  endloop
endfacet
facet normal 0.17123825661428216 -0.9815558465853597 0.08500340878929016
  outer loop
    vertex 9.028319365817802 -4.967097829163193 79.72068393790961
    vertex 9.061991315001796 -4.992110341118165 79.36402643847437
    vertex 9.18001304544468 -4.967097829163193 79.4150990018619
  endloop
endfacet
facet normal 0.28546538750785233 -0.9478548683898352 0.1417062489965767
  outer loop
    vertex 9.18001304544468 -4.967097829163193 79.4150990018619
    vertex 9.136518966955537 -4.925396619700812 79.78165127986425
    vertex 9.028319365817802 -4.967097829163193 79.72068393790961
  endloop
endfacet
facet normal 0.28546538750785233 -0.9478548683898352 0.1417062489965767
  outer loop
    vertex 9.136518966955537 -4.925396619700812 79.78165127986425
    vertex 9.18001304544468 -4.967097829163193 79.4150990018619
    vertex 9.293992740410303 -4.925396619700812 79.46442242030511
  endloop
endfacet
facet normal 0.3947027103831968 -0.8976749812868284 0.1959321269926166
  outer loop
    vertex 9.293992740410303 -4.925396619700812 79.46442242030511
    vertex 9.239003432317936 -4.867730542957191 79.83939830831065
    vertex 9.136518966955537 -4.925396619700812 79.78165127986425
  endloop
endfacet
facet normal 0.3947027103831968 -0.8976749812868284 0.1959321269926166
  outer loop
    vertex 9.239003432317936 -4.867730542957191 79.83939830831065
    vertex 9.293992740410303 -4.925396619700812 79.46442242030511
    vertex 9.401951993290092 -4.867730542957191 79.51114056081435
  endloop
endfacet
facet normal 0.4970476896893971 -0.8319042231740194 0.24673661592812748
  outer loop
    vertex 9.401951993290092 -4.867730542957191 79.51114056081435
    vertex 9.333993884153035 -4.795100539910062 79.89292267714897
    vertex 9.239003432317936 -4.867730542957191 79.83939830831065
  endloop
endfacet
facet normal 0.4970476896893971 -0.8319042231740194 0.24673661592812748
  outer loop
    vertex 9.333993884153035 -4.795100539910062 79.89292267714897
    vertex 9.401951993290092 -4.867730542957191 79.51114056081435
    vertex 9.502016897513068 -4.795100539910062 79.55444251160442
  endloop
endfacet
facet normal 0.5907238105647186 -0.7517026973525593 0.29323784616721127
  outer loop
    vertex 9.502016897513068 -4.795100539910062 79.55444251160442
    vertex 9.419841522315178 -4.708767288420095 79.94129533524378
    vertex 9.333993884153035 -4.795100539910062 79.89292267714897
  endloop
endfacet
facet normal 0.5907238105647186 -0.7517026973525593 0.29323784616721127
  outer loop
    vertex 9.419841522315178 -4.708767288420095 79.94129533524378
    vertex 9.502016897513068 -4.795100539910062 79.55444251160442
    vertex 9.592450572945793 -4.708767288420095 79.59357665752462
  endloop
endfacet
facet normal -0.8957117602394128 2.7381827466992403e-16 -0.44463517918492784
  outer loop
    vertex 8.802353671773389 -5.0000000000000036 79.59335881291874
    vertex 8.941976115464763 -4.600000000000005 79.31209122397766
    vertex 8.941976115464763 -5.0000000000000036 79.31209122397766
  endloop
endfacet
facet normal -0.8957117602394128 2.7381827466992403e-16 -0.44463517918492784
  outer loop
    vertex 8.941976115464763 -4.600000000000005 79.31209122397766
    vertex 8.802353671773389 -5.0000000000000036 79.59335881291874
    vertex 8.802353671773389 -4.600000000000005 79.59335881291874
  endloop
endfacet
facet normal 0.05091715952477187 -0.9981799998601127 0.03231301201055333
  outer loop
    vertex 8.802353671773389 -5.0000000000000036 79.59335881291874
    vertex 8.740690266818229 -4.992110341118165 79.93424393761447
    vertex 8.634095625598484 -5.0000000000000036 79.85849106910135
  endloop
endfacet
facet normal 0.05091715952477187 -0.9981799998601127 0.03231301201055333
  outer loop
    vertex 8.740690266818229 -4.992110341118165 79.93424393761447
    vertex 8.802353671773389 -5.0000000000000036 79.59335881291874
    vertex 8.916282707329142 -4.992110341118165 79.65755452525273
  endloop
endfacet
facet normal 0.1614149198343377 -0.9815558465853598 0.10243702303841146
  outer loop
    vertex 8.916282707329142 -4.992110341118165 79.65755452525273
    vertex 8.845514356277084 -4.967097829163193 80.00873854048494
    vertex 8.740690266818229 -4.992110341118165 79.93424393761447
  endloop
endfacet
facet normal 0.1614149198343377 -0.9815558465853598 0.10243702303841146
  outer loop
    vertex 8.845514356277084 -4.967097829163193 80.00873854048494
    vertex 8.916282707329142 -4.992110341118165 79.65755452525273
    vertex 9.028319365817802 -4.967097829163193 79.72068393790961
  endloop
endfacet
facet normal 0.2690892418033132 -0.947854868389835 0.17076922560990507
  outer loop
    vertex 9.028319365817802 -4.967097829163193 79.72068393790961
    vertex 8.946748406114644 -4.925396619700812 80.08068183499435
    vertex 8.845514356277084 -4.967097829163193 80.00873854048494
  endloop
endfacet
facet normal 0.2690892418033132 -0.947854868389835 0.17076922560990507
  outer loop
    vertex 8.946748406114644 -4.925396619700812 80.08068183499435
    vertex 9.028319365817802 -4.967097829163193 79.72068393790961
    vertex 9.136518966955537 -4.925396619700812 79.78165127986425
  endloop
endfacet
facet normal 0.37206000349799107 -0.8976749812868281 0.23611645806416748
  outer loop
    vertex 9.136518966955537 -4.925396619700812 79.78165127986425
    vertex 9.042635242710883 -4.867730542957191 80.14882506284987
    vertex 8.946748406114644 -4.925396619700812 80.08068183499435
  endloop
endfacet
facet normal 0.37206000349799107 -0.8976749812868281 0.23611645806416748
  outer loop
    vertex 9.042635242710883 -4.867730542957191 80.14882506284987
    vertex 9.136518966955537 -4.925396619700812 79.78165127986425
    vertex 9.239003432317936 -4.867730542957191 79.83939830831065
  endloop
endfacet
facet normal 0.4685338111434919 -0.8319042231740199 0.29734059810356417
  outer loop
    vertex 9.239003432317936 -4.867730542957191 79.83939830831065
    vertex 9.131510506889775 -4.795100539910062 80.2119854255508
    vertex 9.042635242710883 -4.867730542957191 80.14882506284987
  endloop
endfacet
facet normal 0.4685338111434919 -0.8319042231740199 0.29734059810356417
  outer loop
    vertex 9.131510506889775 -4.795100539910062 80.2119854255508
    vertex 9.239003432317936 -4.867730542957191 79.83939830831065
    vertex 9.333993884153035 -4.795100539910062 79.89292267714897
  endloop
endfacet
facet normal 0.5568360622902188 -0.7517026973525593 0.35337891069786614
  outer loop
    vertex 9.333993884153035 -4.795100539910062 79.89292267714897
    vertex 9.211831543092856 -4.708767288420095 80.26906661485548
    vertex 9.131510506889775 -4.795100539910062 80.2119854255508
  endloop
endfacet
facet normal 0.5568360622902188 -0.7517026973525593 0.35337891069786614
  outer loop
    vertex 9.211831543092856 -4.708767288420095 80.26906661485548
    vertex 9.333993884153035 -4.795100539910062 79.89292267714897
    vertex 9.419841522315178 -4.708767288420095 79.94129533524378
  endloop
endfacet
facet normal 0.635440012405885 -0.6584795754774401 0.40326249430446537
  outer loop
    vertex 9.49505624337215 -4.610229320970106 79.98367665246201
    vertex 9.211831543092856 -4.708767288420095 80.26906661485548
    vertex 9.419841522315178 -4.708767288420095 79.94129533524378
  endloop
endfacet
facet normal 0.635440012405885 -0.6584795754774401 0.40326249430446537
  outer loop
    vertex 9.211831543092856 -4.708767288420095 80.26906661485548
    vertex 9.49505624337215 -4.610229320970106 79.98367665246201
    vertex 9.282204176077952 -4.610229320970107 80.31907784199075
  endloop
endfacet
facet normal 0.7029923441513216 -0.55386600338489 0.4461325076242244
  outer loop
    vertex 9.55833250512851 -4.501197013834199 80.01933099358291
    vertex 9.282204176077952 -4.610229320970107 80.31907784199075
    vertex 9.49505624337215 -4.610229320970106 79.98367665246201
  endloop
endfacet
facet normal 0.7029923441513216 -0.55386600338489 0.4461325076242244
  outer loop
    vertex 9.282204176077952 -4.610229320970107 80.31907784199075
    vertex 9.55833250512851 -4.501197013834199 80.01933099358291
    vertex 9.341406910365517 -4.5011970138342 80.36115103530314
  endloop
endfacet
facet normal 0.7583349435826593 -0.43968478620592405 0.4812539891996071
  outer loop
    vertex 9.608571987620671 -4.38356289916076 80.04763948711262
    vertex 9.341406910365517 -4.5011970138342 80.36115103530314
    vertex 9.55833250512851 -4.501197013834199 80.01933099358291
  endloop
endfacet
facet normal 0.7583349435826593 -0.43968478620592405 0.4812539891996071
  outer loop
    vertex 9.341406910365517 -4.5011970138342 80.36115103530314
    vertex 9.608571987620671 -4.38356289916076 80.04763948711262
    vertex 9.38841213238986 -4.3835628991607605 80.39455590784358
  endloop
endfacet
facet normal 0.8005227729897205 -0.31791768451028735 0.508027199862828
  outer loop
    vertex 9.644902657244712 -4.259368815278396 80.068110767368
    vertex 9.38841213238986 -4.3835628991607605 80.39455590784358
    vertex 9.608571987620671 -4.38356289916076 80.04763948711262
  endloop
endfacet
facet normal 0.8005227729897205 -0.31791768451028735 0.508027199862828
  outer loop
    vertex 9.38841213238986 -4.3835628991607605 80.39455590784358
    vertex 9.644902657244712 -4.259368815278396 80.068110767368
    vertex 9.422403947338145 -4.259368815278397 80.41871263334906
  endloop
endfacet
facet normal 0.8288378748702366 -0.1906710484683332 0.5259965099281331
  outer loop
    vertex 9.666693903110692 -4.130770465414537 80.08038950337404
    vertex 9.422403947338145 -4.259368815278397 80.41871263334906
    vertex 9.644902657244712 -4.259368815278396 80.068110767368
  endloop
endfacet
facet normal 0.8288378748702366 -0.1906710484683332 0.5259965099281331
  outer loop
    vertex 9.422403947338145 -4.259368815278397 80.41871263334906
    vertex 9.666693903110692 -4.130770465414537 80.08038950337404
    vertex 9.442792341073634 -4.130770465414537 80.43320191059757
  endloop
endfacet
facet normal 0.8427996322969306 -0.06014037714823351 0.5348569106187436
  outer loop
    vertex 9.673567482893578 -4.000000000000006 80.08426256653388
    vertex 9.442792341073634 -4.130770465414537 80.43320191059757
    vertex 9.666693903110692 -4.130770465414537 80.08038950337404
  endloop
endfacet
facet normal 0.8427996322969306 -0.06014037714823351 0.5348569106187436
  outer loop
    vertex 9.442792341073634 -4.130770465414537 80.43320191059757
    vertex 9.673567482893578 -4.000000000000006 80.08426256653388
    vertex 9.449223421327037 -4.000000000000007 80.43777224144402
  endloop
endfacet
facet normal 0.6741114143538663 -0.6584795754774393 0.3346318121710507
  outer loop
    vertex 9.49505624337215 -4.610229320970106 79.98367665246201
    vertex 9.592450572945793 -4.708767288420095 79.59357665752462
    vertex 9.67168331385105 -4.610229320970106 79.62786372624551
  endloop
endfacet
facet normal 0.6741114143538663 -0.6584795754774393 0.3346318121710507
  outer loop
    vertex 9.592450572945793 -4.708767288420095 79.59357665752462
    vertex 9.49505624337215 -4.610229320970106 79.98367665246201
    vertex 9.419841522315178 -4.708767288420095 79.94129533524378
  endloop
endfacet
facet normal 0.7457748239704604 -0.5538660033848931 0.3702058376447816
  outer loop
    vertex 9.55833250512851 -4.501197013834199 80.01933099358291
    vertex 9.67168331385105 -4.610229320970106 79.62786372624551
    vertex 9.738339835110995 -4.501197013834199 79.65670857875247
  endloop
endfacet
facet normal 0.7457748239704604 -0.5538660033848931 0.3702058376447816
  outer loop
    vertex 9.67168331385105 -4.610229320970106 79.62786372624551
    vertex 9.55833250512851 -4.501197013834199 80.01933099358291
    vertex 9.49505624337215 -4.610229320970106 79.98367665246201
  endloop
endfacet
facet normal 0.8044854453482829 -0.4396847862059204 0.39935004319748
  outer loop
    vertex 9.608571987620671 -4.38356289916076 80.04763948711262
    vertex 9.738339835110995 -4.501197013834199 79.65670857875247
    vertex 9.7912631437875 -4.38356289916076 79.67961053949239
  endloop
endfacet
facet normal 0.8044854453482829 -0.4396847862059204 0.39935004319748
  outer loop
    vertex 9.738339835110995 -4.501197013834199 79.65670857875247
    vertex 9.608571987620671 -4.38356289916076 80.04763948711262
    vertex 9.55833250512851 -4.501197013834199 80.01933099358291
  endloop
endfacet
facet normal 0.8492407279790318 -0.3179176845102893 0.42156675843484176
  outer loop
    vertex 9.644902657244712 -4.259368815278396 80.068110767368
    vertex 9.7912631437875 -4.38356289916076 79.67961053949239
    vertex 9.829534621668218 -4.259368815278396 79.69617208686729
  endloop
endfacet
facet normal 0.8492407279790318 -0.3179176845102893 0.42156675843484176
  outer loop
    vertex 9.7912631437875 -4.38356289916076 79.67961053949239
    vertex 9.644902657244712 -4.259368815278396 80.068110767368
    vertex 9.608571987620671 -4.38356289916076 80.04763948711262
  endloop
endfacet
facet normal 0.8792790211358958 -0.19067104846833285 0.43647789665261133
  outer loop
    vertex 9.666693903110692 -4.130770465414537 80.08038950337404
    vertex 9.829534621668218 -4.259368815278396 79.69617208686729
    vertex 9.852489970214869 -4.130770465414537 79.70610575322968
  endloop
endfacet
facet normal 0.8792790211358958 -0.19067104846833285 0.43647789665261133
  outer loop
    vertex 9.829534621668218 -4.259368815278396 79.69617208686729
    vertex 9.666693903110692 -4.130770465414537 80.08038950337404
    vertex 9.644902657244712 -4.259368815278396 80.068110767368
  endloop
endfacet
facet normal 0.8940904586626889 -0.06014037714823321 0.44383035809283117
  outer loop
    vertex 9.673567482893578 -4.000000000000006 80.08426256653388
    vertex 9.852489970214869 -4.130770465414537 79.70610575322968
    vertex 9.859730741148743 -4.000000000000006 79.70923911461243
  endloop
endfacet
facet normal 0.8940904586626889 -0.06014037714823321 0.44383035809283117
  outer loop
    vertex 9.852489970214869 -4.130770465414537 79.70610575322968
    vertex 9.673567482893578 -4.000000000000006 80.08426256653388
    vertex 9.666693903110692 -4.130770465414537 80.08038950337404
  endloop
endfacet
facet normal 0.05953284179388726 -0.317917684510282 0.9462474235756547
  outer loop
    vertex 6.229818144384973 -4.3835628991607605 82.04582893978684
    vertex 6.644679158623279 -4.259368815278397 82.06145449403647
    vertex 6.23025483044785 -4.259368815278397 82.08752786274545
  endloop
endfacet
facet normal 0.05953284179388726 -0.317917684510282 0.9462474235756547
  outer loop
    vertex 6.644679158623279 -4.259368815278397 82.06145449403647
    vertex 6.229818144384973 -4.3835628991607605 82.04582893978684
    vertex 6.639886140435567 -4.3835628991607605 82.02002964826394
  endloop
endfacet
facet normal 0.0616385638763895 -0.19067104846833516 0.9797169176447051
  outer loop
    vertex 6.23025483044785 -4.259368815278397 82.08752786274545
    vertex 6.647554025474053 -4.130770465414538 82.08630124221179
    vertex 6.230516756073247 -4.130770465414538 82.11253900324851
  endloop
endfacet
facet normal 0.0616385638763895 -0.19067104846833516 0.9797169176447051
  outer loop
    vertex 6.647554025474053 -4.130770465414538 82.08630124221179
    vertex 6.23025483044785 -4.259368815278397 82.08752786274545
    vertex 6.644679158623279 -4.259368815278397 82.06145449403647
  endloop
endfacet
facet normal 0.06267686425220942 -0.06014037714823311 0.9962202295295847
  outer loop
    vertex 6.230516756073247 -4.130770465414538 82.11253900324851
    vertex 6.648460840384291 -4.000000000000007 82.09413861447489
    vertex 6.230599374877808 -4.000000000000007 82.12042822953535
  endloop
endfacet
facet normal 0.06267686425220942 -0.06014037714823311 0.9962202295295847
  outer loop
    vertex 6.648460840384291 -4.000000000000007 82.09413861447489
    vertex 6.230516756073247 -4.130770465414538 82.11253900324851
    vertex 6.647554025474053 -4.130770465414538 82.08630124221179
  endloop
endfacet
facet normal -0.06279051952931428 6.146116403871837e-16 -0.9980267284282713
  outer loop
    vertex 6.533523689891424 -5.000000000000004 81.10076584887449
    vertex 6.220127590761559 -4.600000000000006 81.12048306016985
    vertex 6.533523689891421 -4.600000000000006 81.10076584887449
  endloop
endfacet
facet normal -0.06279051952931428 6.146116403871837e-16 -0.9980267284282713
  outer loop
    vertex 6.220127590761559 -4.600000000000006 81.12048306016985
    vertex 6.533523689891424 -5.000000000000004 81.10076584887449
    vertex 6.220127590761562 -5.000000000000004 81.12048306016985
  endloop
endfacet
facet normal -0.0025253095115456005 -0.9981799998601127 0.0602520596422739
  outer loop
    vertex 6.220127590761562 -5.000000000000004 81.12048306016985
    vertex 5.894080710525243 -4.992110341118166 81.23752354734269
    vertex 5.906387298457282 -5.000000000000004 81.10733344588255
  endloop
endfacet
facet normal -0.0025253095115456005 -0.9981799998601127 0.0602520596422739
  outer loop
    vertex 5.894080710525243 -4.992110341118166 81.23752354734269
    vertex 6.220127590761562 -5.000000000000004 81.12048306016985
    vertex 6.221496990844163 -4.992110341118166 81.25124635535678
  endloop
endfacet
facet normal -0.00800560432214819 -0.9815558465853598 0.19100793264557095
  outer loop
    vertex 6.221496990844163 -4.992110341118166 81.25124635535678
    vertex 5.881978536724011 -4.967097829163194 81.36555117317786
    vertex 5.894080710525243 -4.992110341118166 81.23752354734269
  endloop
endfacet
facet normal -0.00800560432214819 -0.9815558465853598 0.19100793264557095
  outer loop
    vertex 5.881978536724011 -4.967097829163194 81.36555117317786
    vertex 6.221496990844163 -4.992110341118166 81.25124635535678
    vertex 6.222843645001643 -4.967097829163194 81.37983765409152
  endloop
endfacet
facet normal -0.013345866661118111 -0.9478548683898362 0.31842273209171135
  outer loop
    vertex 6.222843645001643 -4.967097829163194 81.37983765409152
    vertex 5.870290840965704 -4.925396619700813 81.48919407931987
    vertex 5.881978536724011 -4.967097829163194 81.36555117317786
  endloop
endfacet
facet normal -0.013345866661118111 -0.9478548683898362 0.31842273209171135
  outer loop
    vertex 5.870290840965704 -4.925396619700813 81.48919407931987
    vertex 6.222843645001643 -4.967097829163194 81.37983765409152
    vertex 6.224144178636575 -4.925396619700813 81.50402492833348
  endloop
endfacet
facet normal -0.018452849186177643 -0.8976749812868259 0.44027164379347544
  outer loop
    vertex 6.224144178636575 -4.925396619700813 81.50402492833348
    vertex 5.85922049284507 -4.867730542957193 81.60630612962852
    vertex 5.870290840965704 -4.925396619700813 81.48919407931987
  endloop
endfacet
facet normal -0.018452849186177643 -0.8976749812868259 0.44027164379347544
  outer loop
    vertex 5.85922049284507 -4.867730542957193 81.60630612962852
    vertex 6.224144178636575 -4.925396619700813 81.50402492833348
    vertex 6.225376017690142 -4.867730542957193 81.62165259305377
  endloop
endfacet
facet normal -0.023237605962400907 -0.8319042231740246 0.5544324820339791
  outer loop
    vertex 6.225376017690142 -4.867730542957193 81.62165259305377
    vertex 5.848959646323284 -4.795100539910064 81.71485454752595
    vertex 5.85922049284507 -4.867730542957193 81.60630612962852
  endloop
endfacet
facet normal -0.023237605962400907 -0.8319042231740246 0.5544324820339791
  outer loop
    vertex 5.848959646323284 -4.795100539910064 81.71485454752595
    vertex 6.225376017690142 -4.867730542957193 81.62165259305377
    vertex 6.226517780472164 -4.795100539910064 81.73067892187909
  endloop
endfacet
facet normal -0.027617082680918028 -0.7517026973525561 0.65892363103556
  outer loop
    vertex 6.226517780472164 -4.795100539910064 81.73067892187909
    vertex 5.839686404408731 -4.708767288420097 81.81295519998845
    vertex 5.848959646323284 -4.795100539910064 81.71485454752595
  endloop
endfacet
facet normal -0.027617082680918028 -0.7517026973525561 0.65892363103556
  outer loop
    vertex 5.839686404408731 -4.708767288420097 81.81295519998845
    vertex 6.226517780472164 -4.795100539910064 81.73067892187909
    vertex 6.227549648794554 -4.708767288420097 81.8292114864298
  endloop
endfacet
facet normal -0.031515558258204505 -0.6584795754774383 0.7519384404768295
  outer loop
    vertex 5.839686404408731 -4.708767288420097 81.81295519998845
    vertex 6.2284537119662104 -4.610229320970108 81.91554000421282
    vertex 5.831561727727707 -4.610229320970108 81.89890530145237
  endloop
endfacet
facet normal -0.031515558258204505 -0.6584795754774383 0.7519384404768295
  outer loop
    vertex 6.2284537119662104 -4.610229320970108 81.91554000421282
    vertex 5.839686404408731 -4.708767288420097 81.81295519998845
    vertex 6.227549648794554 -4.708767288420097 81.8292114864298
  endloop
endfacet
facet normal -0.03486591298097368 -0.5538660033848926 0.831875482513128
  outer loop
    vertex 5.831561727727707 -4.610229320970108 81.89890530145237
    vertex 6.229214277678483 -4.5011970138342 81.9881660249108
    vertex 5.824726640644623 -4.5011970138342 81.9712129699751
  endloop
endfacet
facet normal -0.03486591298097368 -0.5538660033848926 0.831875482513128
  outer loop
    vertex 6.229214277678483 -4.5011970138342 81.9881660249108
    vertex 5.831561727727707 -4.610229320970108 81.89890530145237
    vertex 6.2284537119662104 -4.610229320970108 81.91554000421282
  endloop
endfacet
facet normal -0.0376107085281342 -0.4396847862059317 0.8973643203198218
  outer loop
    vertex 5.824726640644623 -4.5011970138342 81.9712129699751
    vertex 6.229818144384973 -4.3835628991607605 82.04582893978684
    vertex 5.819299783426584 -4.3835628991607605 82.02862312262893
  endloop
endfacet
facet normal -0.0376107085281342 -0.4396847862059317 0.8973643203198218
  outer loop
    vertex 6.229818144384973 -4.3835628991607605 82.04582893978684
    vertex 5.824726640644623 -4.5011970138342 81.9712129699751
    vertex 6.229214277678483 -4.5011970138342 81.9881660249108
  endloop
endfacet
facet normal -0.039703074399826524 -0.317917684510284 0.9472866576484763
  outer loop
    vertex 5.819299783426584 -4.3835628991607605 82.02862312262893
    vertex 6.23025483044785 -4.259368815278397 82.08752786274545
    vertex 5.8153753529407375 -4.259368815278397 82.07013926064762
  endloop
endfacet
facet normal -0.039703074399826524 -0.317917684510284 0.9472866576484763
  outer loop
    vertex 6.23025483044785 -4.259368815278397 82.08752786274545
    vertex 5.819299783426584 -4.3835628991607605 82.02862312262893
    vertex 6.229818144384973 -4.3835628991607605 82.04582893978684
  endloop
endfacet
facet normal -0.041107402464601074 -0.19067104846833274 0.9807929102203993
  outer loop
    vertex 5.8153753529407375 -4.259368815278397 82.07013926064762
    vertex 6.230516756073247 -4.130770465414538 82.11253900324851
    vertex 5.813021467628795 -4.130770465414538 82.09504076618917
  endloop
endfacet
facet normal -0.041107402464601074 -0.19067104846833274 0.9807929102203993
  outer loop
    vertex 6.230516756073247 -4.130770465414538 82.11253900324851
    vertex 5.8153753529407375 -4.259368815278397 82.07013926064762
    vertex 6.23025483044785 -4.259368815278397 82.08752786274545
  endloop
endfacet
facet normal -0.04179985583703141 -0.060140377148235676 0.9973143471786975
  outer loop
    vertex 5.813021467628795 -4.130770465414538 82.09504076618917
    vertex 6.230599374877808 -4.000000000000007 82.12042822953535
    vertex 5.812278985138768 -4.000000000000007 82.10289541048563
  endloop
endfacet
facet normal -0.04179985583703141 -0.060140377148235676 0.9973143471786975
  outer loop
    vertex 6.230599374877808 -4.000000000000007 82.12042822953535
    vertex 5.813021467628795 -4.130770465414538 82.09504076618917
    vertex 6.230516756073247 -4.130770465414538 82.11253900324851
  endloop
endfacet
facet normal 0.04187565372920041 6.152866492086922e-16 -0.9991228300988582
  outer loop
    vertex 6.220127590761562 -5.000000000000004 81.12048306016985
    vertex 5.906387298457281 -4.600000000000006 81.10733344588255
    vertex 6.220127590761559 -4.600000000000006 81.12048306016985
  endloop
endfacet
facet normal 0.04187565372920041 6.152866492086922e-16 -0.9991228300988582
  outer loop
    vertex 5.906387298457281 -4.600000000000006 81.10733344588255
    vertex 6.220127590761562 -5.000000000000004 81.12048306016985
    vertex 5.906387298457282 -5.000000000000004 81.10733344588255
  endloop
endfacet
facet normal -0.008809530804931713 -0.9981799998601126 0.05965802583275948
  outer loop
    vertex 5.906387298457282 -5.000000000000004 81.10733344588255
    vertex 5.5698924748814695 -4.992110341118166 81.1896515936762
    vertex 5.595740217275446 -5.000000000000004 81.06146107593848
  endloop
endfacet
facet normal -0.008809530804931713 -0.9981799998601126 0.05965802583275948
  outer loop
    vertex 5.5698924748814695 -4.992110341118166 81.1896515936762
    vertex 5.906387298457282 -5.000000000000004 81.10733344588255
    vertex 5.894080710525243 -4.992110341118166 81.23752354734269
  endloop
endfacet
facet normal -0.027927514455403875 -0.9815558465853598 0.18912475768772544
  outer loop
    vertex 5.894080710525243 -4.992110341118166 81.23752354734269
    vertex 5.544474067070236 -4.967097829163194 81.31571284915165
    vertex 5.5698924748814695 -4.992110341118166 81.1896515936762
  endloop
endfacet
facet normal -0.027927514455403875 -0.9815558465853598 0.18912475768772544
  outer loop
    vertex 5.544474067070236 -4.967097829163194 81.31571284915165
    vertex 5.894080710525243 -4.992110341118166 81.23752354734269
    vertex 5.881978536724011 -4.967097829163194 81.36555117317786
  endloop
endfacet
facet normal -0.04655699546218111 -0.9478548683898367 0.3152833561151298
  outer loop
    vertex 5.881978536724011 -4.967097829163194 81.36555117317786
    vertex 5.519926194759225 -4.9253966197008126 81.4374567296401
    vertex 5.544474067070236 -4.967097829163194 81.31571284915165
  endloop
endfacet
facet normal -0.04655699546218111 -0.9478548683898367 0.3152833561151298
  outer loop
    vertex 5.519926194759225 -4.9253966197008126 81.4374567296401
    vertex 5.881978536724011 -4.967097829163194 81.36555117317786
    vertex 5.870290840965704 -4.925396619700813 81.48919407931987
  endloop
endfacet
facet normal -0.06437268089363783 -0.8976749812868247 0.435930941694054
  outer loop
    vertex 5.870290840965704 -4.925396619700813 81.48919407931987
    vertex 5.49667494851502 -4.867730542957193 81.55277006140662
    vertex 5.519926194759225 -4.9253966197008126 81.4374567296401
  endloop
endfacet
facet normal -0.06437268089363783 -0.8976749812868247 0.435930941694054
  outer loop
    vertex 5.49667494851502 -4.867730542957193 81.55277006140662
    vertex 5.870290840965704 -4.925396619700813 81.48919407931987
    vertex 5.85922049284507 -4.867730542957193 81.60630612962852
  endloop
endfacet
facet normal -0.0810642832582295 -0.831904223174025 0.5489662516448999
  outer loop
    vertex 5.85922049284507 -4.867730542957193 81.60630612962852
    vertex 5.475123912671137 -4.795100539910064 81.65965128919444
    vertex 5.49667494851502 -4.867730542957193 81.55277006140662
  endloop
endfacet
facet normal -0.0810642832582295 -0.831904223174025 0.5489662516448999
  outer loop
    vertex 5.475123912671137 -4.795100539910064 81.65965128919444
    vertex 5.85922049284507 -4.867730542957193 81.60630612962852
    vertex 5.848959646323284 -4.795100539910064 81.71485454752595
  endloop
endfacet
facet normal -0.09634206797525603 -0.7517026973525561 0.6524272072278582
  outer loop
    vertex 5.848959646323284 -4.795100539910064 81.71485454752595
    vertex 5.455647160098606 -4.708767288420097 81.75624521829148
    vertex 5.475123912671137 -4.795100539910064 81.65965128919444
  endloop
endfacet
facet normal -0.09634206797525603 -0.7517026973525561 0.6524272072278582
  outer loop
    vertex 5.455647160098606 -4.708767288420097 81.75624521829148
    vertex 5.848959646323284 -4.795100539910064 81.71485454752595
    vertex 5.839686404408731 -4.708767288420097 81.81295519998845
  endloop
endfacet
facet normal -0.10994188238745575 -0.6584795754774386 0.7445249701495276
  outer loop
    vertex 5.455647160098606 -4.708767288420097 81.75624521829148
    vertex 5.831561727727707 -4.610229320970108 81.89890530145237
    vertex 5.438582759222817 -4.610229320970108 81.84087521613846
  endloop
endfacet
facet normal -0.10994188238745575 -0.6584795754774386 0.7445249701495276
  outer loop
    vertex 5.831561727727707 -4.610229320970108 81.89890530145237
    vertex 5.455647160098606 -4.708767288420097 81.75624521829148
    vertex 5.839686404408731 -4.708767288420097 81.81295519998845
  endloop
endfacet
facet normal -0.1216295796787168 -0.5538660033848923 0.8236739012750284
  outer loop
    vertex 5.438582759222817 -4.610229320970108 81.84087521613846
    vertex 5.824726640644623 -4.5011970138342 81.9712129699751
    vertex 5.424226905988795 -4.5011970138342 81.91207231453825
  endloop
endfacet
facet normal -0.1216295796787168 -0.5538660033848923 0.8236739012750284
  outer loop
    vertex 5.824726640644623 -4.5011970138342 81.9712129699751
    vertex 5.438582759222817 -4.610229320970108 81.84087521613846
    vertex 5.831561727727707 -4.610229320970108 81.89890530145237
  endloop
endfacet
facet normal -0.13120478652579448 -0.43968478620593016 0.8885170751154793
  outer loop
    vertex 5.424226905988795 -4.5011970138342 81.91207231453825
    vertex 5.819299783426584 -4.3835628991607605 82.02862312262893
    vertex 5.412828782629552 -4.3835628991607605 81.96860070732356
  endloop
endfacet
facet normal -0.13120478652579448 -0.43968478620593016 0.8885170751154793
  outer loop
    vertex 5.819299783426584 -4.3835628991607605 82.02862312262893
    vertex 5.424226905988795 -4.5011970138342 81.91207231453825
    vertex 5.824726640644623 -4.5011970138342 81.9712129699751
  endloop
endfacet
facet normal -0.13850399540200675 -0.31791768451028446 0.9379472208676244
  outer loop
    vertex 5.412828782629552 -4.3835628991607605 81.96860070732356
    vertex 5.8153753529407375 -4.259368815278397 82.07013926064762
    vertex 5.404586232476625 -4.259368815278397 82.00947920090638
  endloop
endfacet
facet normal -0.13850399540200675 -0.31791768451028446 0.9379472208676244
  outer loop
    vertex 5.8153753529407375 -4.259368815278397 82.07013926064762
    vertex 5.412828782629552 -4.3835628991607605 81.96860070732356
    vertex 5.819299783426584 -4.3835628991607605 82.02862312262893
  endloop
endfacet
facet normal -0.1434029875019069 -0.19067104846833288 0.9711231304276068
  outer loop
    vertex 5.404586232476625 -4.259368815278397 82.00947920090638
    vertex 5.813021467628795 -4.130770465414538 82.09504076618917
    vertex 5.399642325887403 -4.130770465414538 82.03399824538073
  endloop
endfacet
facet normal -0.1434029875019069 -0.19067104846833288 0.9711231304276068
  outer loop
    vertex 5.813021467628795 -4.130770465414538 82.09504076618917
    vertex 5.404586232476625 -4.259368815278397 82.00947920090638
    vertex 5.8153753529407375 -4.259368815278397 82.07013926064762
  endloop
endfacet
facet normal -0.14581860795853502 -0.06014037714823767 0.9874816801386762
  outer loop
    vertex 5.399642325887403 -4.130770465414538 82.03399824538073
    vertex 5.812278985138768 -4.000000000000007 82.10289541048563
    vertex 5.398082876896321 -4.000000000000007 82.04173225056019
  endloop
endfacet
facet normal -0.14581860795853502 -0.06014037714823767 0.9874816801386762
  outer loop
    vertex 5.812278985138768 -4.000000000000007 82.10289541048563
    vertex 5.399642325887403 -4.130770465414538 82.03399824538073
    vertex 5.813021467628795 -4.130770465414538 82.09504076618917
  endloop
endfacet
facet normal 0.9297764858882513 2.2670097778707835e-16 -0.36812455268467814
  outer loop
    vertex 9.979785878451159 -4.0000000000000036 76.84481031488104
    vertex 9.825656674601088 -1.178729608677677e-14 76.45552438303172
    vertex 9.979785878451159 -1.2027028809697289e-14 76.84481031488104
  endloop
endfacet
facet normal 0.9297764858882513 2.2670097778707835e-16 -0.36812455268467814
  outer loop
    vertex 9.825656674601088 -1.178729608677677e-14 76.45552438303172
    vertex 9.979785878451159 -4.0000000000000036 76.84481031488104
    vertex 9.825656674601088 -4.0000000000000036 76.45552438303172
  endloop
endfacet
facet normal 0.886203579231215 2.853101304995367e-16 -0.463296035119861
  outer loop
    vertex 9.825656674601088 -4.0000000000000036 76.45552438303172
    vertex 9.63168034642859 -1.1558798162452471e-14 76.08448188907184
    vertex 9.825656674601088 -1.178729608677677e-14 76.45552438303172
  endloop
endfacet
facet normal 0.886203579231215 2.853101304995367e-16 -0.463296035119861
  outer loop
    vertex 9.63168034642859 -1.1558798162452471e-14 76.08448188907184
    vertex 9.825656674601088 -4.0000000000000036 76.45552438303172
    vertex 9.63168034642859 -4.0000000000000036 76.08448188907184
  endloop
endfacet
facet normal 0.8329212407100997 3.407933657172598e-16 -0.5533915492433437
  outer loop
    vertex 9.63168034642859 -4.0000000000000036 76.08448188907184
    vertex 9.399982139177272 -1.1344038507799546e-14 75.73574805221085
    vertex 9.63168034642859 -1.1558798162452471e-14 76.08448188907184
  endloop
endfacet
facet normal 0.8329212407100997 3.407933657172598e-16 -0.5533915492433437
  outer loop
    vertex 9.399982139177272 -1.1344038507799546e-14 75.73574805221085
    vertex 9.63168034642859 -4.0000000000000036 76.08448188907184
    vertex 9.399982139177272 -4.0000000000000036 75.73574805221085
  endloop
endfacet
facet normal 0.7705132427757893 3.92542797504588e-16 -0.6374239897486897
  outer loop
    vertex 9.399982139177272 -4.0000000000000036 75.73574805221085
    vertex 9.133100586891752 -1.1145370074535727e-14 75.41314367334269
    vertex 9.399982139177272 -1.1344038507799546e-14 75.73574805221085
  endloop
endfacet
facet normal 0.7705132427757893 3.92542797504588e-16 -0.6374239897486897
  outer loop
    vertex 9.133100586891752 -1.1145370074535727e-14 75.41314367334269
    vertex 9.399982139177272 -4.0000000000000036 75.73574805221085
    vertex 9.133100586891752 -4.0000000000000036 75.41314367334269
  endloop
endfacet
facet normal 0.6996633405133657 4.399914482575942e-16 -0.7144726796328033
  outer loop
    vertex 9.133100586891752 -4.0000000000000036 75.41314367334269
    vertex 8.833959699707423 -1.0964969515589893e-14 75.12020327355148
    vertex 9.133100586891752 -1.1145370074535727e-14 75.41314367334269
  endloop
endfacet
facet normal 0.6996633405133657 4.399914482575942e-16 -0.7144726796328033
  outer loop
    vertex 8.833959699707423 -1.0964969515589893e-14 75.12020327355148
    vertex 9.133100586891752 -4.0000000000000036 75.41314367334269
    vertex 8.833959699707423 -4.0000000000000036 75.12020327355148
  endloop
endfacet
facet normal 0.6211477802783102 4.826194606293606e-16 -0.7836934573258398
  outer loop
    vertex 8.833959699707423 -4.0000000000000036 75.12020327355148
    vertex 8.50583692778353 -1.0804813337237095e-14 74.86013636915911
    vertex 8.833959699707423 -1.0964969515589893e-14 75.12020327355148
  endloop
endfacet
facet normal 0.6211477802783102 4.826194606293606e-16 -0.7836934573258398
  outer loop
    vertex 8.50583692778353 -1.0804813337237095e-14 74.86013636915911
    vertex 8.833959699707423 -4.0000000000000036 75.12020327355148
    vertex 8.50583692778353 -4.0000000000000036 74.86013636915911
  endloop
endfacet
facet normal -0.8957117602394131 2.7381827466992343e-16 -0.44463517918492684
  outer loop
    vertex 2.517693735676899 -4.0000000000000036 76.5320559895342
    vertex 2.7038569939320647 -1.1603476798646022e-14 76.15703253761275
    vertex 2.7038569939320647 -4.0000000000000036 76.15703253761275
  endloop
endfacet
facet normal -0.8957117602394131 2.7381827466992343e-16 -0.44463517918492684
  outer loop
    vertex 2.7038569939320647 -1.1603476798646022e-14 76.15703253761275
    vertex 2.517693735676899 -4.0000000000000036 76.5320559895342
    vertex 2.517693735676899 -1.1834426303707965e-14 76.5320559895342
  endloop
endfacet
facet normal -0.9372819894918917 2.1466002031325054e-16 -0.3485720473218146
  outer loop
    vertex 2.371750924347717 -4.000000000000004 76.92448438304896
    vertex 2.517693735676899 -1.1834426303707965e-14 76.5320559895342
    vertex 2.517693735676899 -4.0000000000000036 76.5320559895342
  endloop
endfacet
facet normal -0.9372819894918917 2.1466002031325054e-16 -0.3485720473218146
  outer loop
    vertex 2.517693735676899 -1.1834426303707965e-14 76.5320559895342
    vertex 2.371750924347717 -4.000000000000004 76.92448438304896
    vertex 2.371750924347717 -1.2076094238846796e-14 76.92448438304896
  endloop
endfacet
facet normal -0.968583161128631 1.5314990585352955e-16 -0.24868988716485582
  outer loop
    vertex 2.267627539925937 -4.000000000000004 77.33001819055681
    vertex 2.371750924347717 -1.2076094238846796e-14 76.92448438304896
    vertex 2.371750924347717 -4.000000000000004 76.92448438304896
  endloop
endfacet
facet normal -0.968583161128631 1.5314990585352955e-16 -0.24868988716485582
  outer loop
    vertex 2.371750924347717 -1.2076094238846796e-14 76.92448438304896
    vertex 2.267627539925937 -4.000000000000004 77.33001819055681
    vertex 2.267627539925937 -1.2325832839592866e-14 77.33001819055681
  endloop
endfacet
facet normal -0.9892723329629886 8.996184897659672e-17 -0.1460830285624104
  outer loop
    vertex 2.2064643800005053 -4.000000000000004 77.74421429879925
    vertex 2.267627539925937 -1.2325832839592866e-14 77.33001819055681
    vertex 2.267627539925937 -4.000000000000004 77.33001819055681
  endloop
endfacet
facet normal -0.9892723329629886 8.996184897659672e-17 -0.1460830285624104
  outer loop
    vertex 2.267627539925937 -1.2325832839592866e-14 77.33001819055681
    vertex 2.2064643800005053 -4.000000000000004 77.74421429879925
    vertex 2.2064643800005053 -1.2580905917575238e-14 77.74421429879925
  endloop
endfacet
facet normal -0.9991228300988584 2.57881512565517e-17 -0.04187565372920029
  outer loop
    vertex 2.188931560950777 -4.000000000000005 78.1625346885383
    vertex 2.2064643800005053 -1.2580905917575238e-14 77.74421429879925
    vertex 2.2064643800005053 -4.000000000000004 77.74421429879925
  endloop
endfacet
facet normal -0.9991228300988584 2.57881512565517e-17 -0.04187565372920029
  outer loop
    vertex 2.2064643800005053 -1.2580905917575238e-14 77.74421429879925
    vertex 2.188931560950777 -4.000000000000005 78.1625346885383
    vertex 2.188931560950777 -1.283851883877407e-14 78.1625346885383
  endloop
endfacet
facet normal -0.9980267284282716 -3.866808684517881e-17 0.0627905195293127
  outer loop
    vertex 2.21522117601124 -4.000000000000005 78.58039615404478
    vertex 2.188931560950777 -1.283851883877407e-14 78.1625346885383
    vertex 2.188931560950777 -4.000000000000005 78.1625346885383
  endloop
endfacet
facet normal -0.9980267284282716 -3.866808684517881e-17 0.0627905195293127
  outer loop
    vertex 2.188931560950777 -1.283851883877407e-14 78.1625346885383
    vertex 2.21522117601124 -4.000000000000005 78.58039615404478
    vertex 2.21522117601124 -1.3095849142115728e-14 78.58039615404478
  endloop
endfacet
facet normal -0.9859960370705051 -1.0270066929561627e-16 0.16676874671610162
  outer loop
    vertex 2.2850451906578364 -4.000000000000005 78.99322051765948
    vertex 2.21522117601124 -1.3095849142115728e-14 78.58039615404478
    vertex 2.21522117601124 -4.000000000000005 78.58039615404478
  endloop
endfacet
facet normal -0.9859960370705051 -1.0270066929561627e-16 0.16676874671610162
  outer loop
    vertex 2.21522117601124 -1.3095849142115728e-14 78.58039615404478
    vertex 2.2850451906578364 -4.000000000000005 78.99322051765948
    vertex 2.2850451906578364 -1.335007746294698e-14 78.99322051765948
  endloop
endfacet
facet normal -0.9631625667976584 -1.6560804172175408e-16 0.2689198206152649
  outer loop
    vertex 2.3976385983744835 -4.000000000000006 79.39648478926559
    vertex 2.2850451906578364 -1.335007746294698e-14 78.99322051765948
    vertex 2.2850451906578364 -4.000000000000005 78.99322051765948
  endloop
endfacet
facet normal -0.9631625667976584 -1.6560804172175408e-16 0.2689198206152649
  outer loop
    vertex 2.2850451906578364 -1.335007746294698e-14 78.99322051765948
    vertex 2.3976385983744835 -4.000000000000006 79.39648478926559
    vertex 2.3976385983744835 -1.3598418422584103e-14 79.39648478926559
  endloop
endfacet
facet normal -0.9297764858882513 -2.2670097778707835e-16 0.36812455268467814
  outer loop
    vertex 2.3976385983744835 -4.000000000000006 79.39648478926559
    vertex 2.551767802224553 -1.383815114550462e-14 79.78577072111491
    vertex 2.3976385983744835 -1.3598418422584103e-14 79.39648478926559
  endloop
endfacet
facet normal -0.9297764858882513 -2.2670097778707835e-16 0.36812455268467814
  outer loop
    vertex 2.551767802224553 -1.383815114550462e-14 79.78577072111491
    vertex 2.3976385983744835 -4.000000000000006 79.39648478926559
    vertex 2.551767802224553 -4.000000000000006 79.78577072111491
  endloop
endfacet
facet normal -0.8862035792312148 -2.853101304995369e-16 0.4632960351198615
  outer loop
    vertex 2.551767802224553 -4.000000000000006 79.78577072111491
    vertex 2.7457441303970525 -1.4066649069828922e-14 80.15681321507479
    vertex 2.551767802224553 -1.383815114550462e-14 79.78577072111491
  endloop
endfacet
facet normal -0.8862035792312148 -2.853101304995369e-16 0.4632960351198615
  outer loop
    vertex 2.7457441303970525 -1.4066649069828922e-14 80.15681321507479
    vertex 2.551767802224553 -4.000000000000006 79.78577072111491
    vertex 2.7457441303970525 -4.000000000000006 80.15681321507479
  endloop
endfacet
facet normal -0.8329212407100997 -3.407933657172598e-16 0.5533915492433437
  outer loop
    vertex 2.7457441303970525 -4.000000000000006 80.15681321507479
    vertex 2.977442337648369 -1.4281408724481846e-14 80.50554705193578
    vertex 2.7457441303970525 -1.4066649069828922e-14 80.15681321507479
  endloop
endfacet
facet normal -0.8329212407100997 -3.407933657172598e-16 0.5533915492433437
  outer loop
    vertex 2.977442337648369 -1.4281408724481846e-14 80.50554705193578
    vertex 2.7457441303970525 -4.000000000000006 80.15681321507479
    vertex 2.977442337648369 -4.000000000000007 80.50554705193576
  endloop
endfacet
facet normal 4.188897629042246e-32 0.9999999999999999 6.158268339717677e-16
  outer loop
    vertex 2.371750924347717 -1.2076094238846796e-14 76.92448438304896
    vertex 2.7038569939320647 -1.1603476798646022e-14 76.15703253761275
    vertex 2.517693735676899 -1.1834426303707965e-14 76.5320559895342
  endloop
endfacet
facet normal 4.188897629042246e-32 0.9999999999999999 6.158268339717677e-16
  outer loop
    vertex 2.7038569939320647 -1.1603476798646022e-14 76.15703253761275
    vertex 2.371750924347717 -1.2076094238846796e-14 76.92448438304896
    vertex 2.928201055498606 -1.1385776054767712e-14 75.80352286270261
  endloop
endfacet
facet normal 4.188897629042246e-32 0.9999999999999999 6.158268339717677e-16
  outer loop
    vertex 2.928201055498606 -1.1385776054767712e-14 75.80352286270261
    vertex 2.371750924347717 -1.2076094238846796e-14 76.92448438304896
    vertex 2.267627539925937 -1.2325832839592866e-14 77.33001819055681
  endloop
endfacet
facet normal 4.188897629042246e-32 0.9999999999999999 6.158268339717677e-16
  outer loop
    vertex 2.928201055498606 -1.1385776054767712e-14 75.80352286270261
    vertex 2.267627539925937 -1.2325832839592866e-14 77.33001819055681
    vertex 2.2064643800005053 -1.2580905917575238e-14 77.74421429879925
  endloop
endfacet
facet normal 4.188897629042246e-32 0.9999999999999999 6.158268339717677e-16
  outer loop
    vertex 2.928201055498606 -1.1385776054767712e-14 75.80352286270261
    vertex 2.2064643800005053 -1.2580905917575238e-14 77.74421429879925
    vertex 3.1882679598909838 -1.1183709246979783e-14 75.4754000907787
  endloop
endfacet
facet normal 4.188897629042246e-32 0.9999999999999999 6.158268339717677e-16
  outer loop
    vertex 3.1882679598909838 -1.1183709246979783e-14 75.4754000907787
    vertex 2.2064643800005053 -1.2580905917575238e-14 77.74421429879925
    vertex 3.481208359682178 -1.0999490261513553e-14 75.17625920359438
  endloop
endfacet
facet normal 4.188897629042246e-32 0.9999999999999999 6.158268339717677e-16
  outer loop
    vertex 3.481208359682178 -1.0999490261513553e-14 75.17625920359438
    vertex 2.2064643800005053 -1.2580905917575238e-14 77.74421429879925
    vertex 2.188931560950777 -1.283851883877407e-14 78.1625346885383
  endloop
endfacet
facet normal 4.188897629042246e-32 0.9999999999999999 6.158268339717677e-16
  outer loop
    vertex 3.481208359682178 -1.0999490261513553e-14 75.17625920359438
    vertex 2.188931560950777 -1.283851883877407e-14 78.1625346885383
    vertex 3.803812738550357 -1.083513744012409e-14 74.90937765130886
  endloop
endfacet
facet normal 4.188897629042246e-32 0.9999999999999999 6.158268339717677e-16
  outer loop
    vertex 3.803812738550357 -1.083513744012409e-14 74.90937765130886
    vertex 2.188931560950777 -1.283851883877407e-14 78.1625346885383
    vertex 2.21522117601124 -1.3095849142115728e-14 78.58039615404478
  endloop
endfacet
facet normal 4.188897629042246e-32 0.9999999999999999 6.158268339717677e-16
  outer loop
    vertex 3.803812738550357 -1.083513744012409e-14 74.90937765130886
    vertex 2.21522117601124 -1.3095849142115728e-14 78.58039615404478
    vertex 4.1525465754113355 -1.0692451466715578e-14 74.67767944405755
  endloop
endfacet
facet normal 4.188897629042246e-32 0.9999999999999999 6.158268339717677e-16
  outer loop
    vertex 4.1525465754113355 -1.0692451466715578e-14 74.67767944405755
    vertex 2.21522117601124 -1.3095849142115728e-14 78.58039615404478
    vertex 2.2850451906578364 -1.335007746294698e-14 78.99322051765948
  endloop
endfacet
facet normal 4.188897629042246e-32 0.9999999999999999 6.158268339717677e-16
  outer loop
    vertex 4.1525465754113355 -1.0692451466715578e-14 74.67767944405755
    vertex 2.2850451906578364 -1.335007746294698e-14 78.99322051765948
    vertex 4.523589069371214 -1.0572995638671638e-14 74.48370311588505
  endloop
endfacet
facet normal 4.188897629042246e-32 0.9999999999999999 6.158268339717677e-16
  outer loop
    vertex 4.523589069371214 -1.0572995638671638e-14 74.48370311588505
    vertex 2.2850451906578364 -1.335007746294698e-14 78.99322051765948
    vertex 2.3976385983744835 -1.3598418422584103e-14 79.39648478926559
  endloop
endfacet
facet normal 4.188897629042246e-32 0.9999999999999999 6.158268339717677e-16
  outer loop
    vertex 4.523589069371214 -1.0572995638671638e-14 74.48370311588505
    vertex 2.3976385983744835 -1.3598418422584103e-14 79.39648478926559
    vertex 4.912875001220539 -1.0478078739042063e-14 74.32957391203499
  endloop
endfacet
facet normal 4.188897629042246e-32 0.9999999999999999 6.158268339717677e-16
  outer loop
    vertex 4.912875001220539 -1.0478078739042063e-14 74.32957391203499
    vertex 2.3976385983744835 -1.3598418422584103e-14 79.39648478926559
    vertex 2.551767802224553 -1.383815114550462e-14 79.78577072111491
  endloop
endfacet
facet normal 4.188897629042246e-32 0.9999999999999999 6.158268339717677e-16
  outer loop
    vertex 4.912875001220539 -1.0478078739042063e-14 74.32957391203499
    vertex 2.551767802224553 -1.383815114550462e-14 79.78577072111491
    vertex 5.316139272826648 -1.0408740697241828e-14 74.21698050431834
  endloop
endfacet
facet normal 4.188897629042246e-32 0.9999999999999999 6.158268339717677e-16
  outer loop
    vertex 5.316139272826648 -1.0408740697241828e-14 74.21698050431834
    vertex 2.551767802224553 -1.383815114550462e-14 79.78577072111491
    vertex 2.7457441303970525 -1.4066649069828922e-14 80.15681321507479
  endloop
endfacet
facet normal 4.188897629042246e-32 0.9999999999999999 6.158268339717677e-16
  outer loop
    vertex 5.316139272826648 -1.0408740697241828e-14 74.21698050431834
    vertex 2.7457441303970525 -1.4066649069828922e-14 80.15681321507479
    vertex 5.7289636364413505 -1.0365741195366817e-14 74.14715648967173
  endloop
endfacet
facet normal 4.188897629042246e-32 0.9999999999999999 6.158268339717677e-16
  outer loop
    vertex 5.7289636364413505 -1.0365741195366817e-14 74.14715648967173
    vertex 2.7457441303970525 -1.4066649069828922e-14 80.15681321507479
    vertex 2.977442337648369 -1.4281408724481846e-14 80.50554705193578
  endloop
endfacet
facet normal 4.188897629042246e-32 0.9999999999999999 6.158268339717677e-16
  outer loop
    vertex 5.7289636364413505 -1.0365741195366817e-14 74.14715648967173
    vertex 2.977442337648369 -1.4281408724481846e-14 80.50554705193578
    vertex 4.3532029870448605 -1.232357495992433e-14 77.32635177080375
  endloop
endfacet
facet normal 4.188897629042246e-32 0.9999999999999999 6.158268339717677e-16
  outer loop
    vertex 4.3532029870448605 -1.232357495992433e-14 77.32635177080375
    vertex 2.977442337648369 -1.4281408724481846e-14 80.50554705193578
    vertex 4.28023158138027 -1.2444408927493746e-14 77.52256596756114
  endloop
endfacet
facet normal 4.188897629042246e-32 0.9999999999999999 6.158268339717677e-16
  outer loop
    vertex 4.28023158138027 -1.2444408927493746e-14 77.52256596756114
    vertex 2.977442337648369 -1.4281408724481846e-14 80.50554705193578
    vertex 3.2443238899338898 -1.4480077157745663e-14 80.82815143080396
  endloop
endfacet
facet normal 4.188897629042246e-32 0.9999999999999999 6.158268339717677e-16
  outer loop
    vertex 4.28023158138027 -1.2444408927493746e-14 77.52256596756114
    vertex 3.2443238899338898 -1.4480077157745663e-14 80.82815143080396
    vertex 4.22816988916938 -1.256927822786678e-14 77.72533287131506
  endloop
endfacet
facet normal 4.188897629042246e-32 0.9999999999999999 6.158268339717677e-16
  outer loop
    vertex 4.22816988916938 -1.256927822786678e-14 77.72533287131506
    vertex 3.2443238899338898 -1.4480077157745663e-14 80.82815143080396
    vertex 4.1975883092066635 -1.2696814766857968e-14 77.93243092543628
  endloop
endfacet
facet normal 4.188897629042246e-32 0.9999999999999999 6.158268339717677e-16
  outer loop
    vertex 4.1975883092066635 -1.2696814766857968e-14 77.93243092543628
    vertex 3.2443238899338898 -1.4480077157745663e-14 80.82815143080396
    vertex 4.188821899681799 -1.2825621227457382e-14 78.14159112030582
  endloop
endfacet
facet normal 4.188897629042246e-32 0.9999999999999999 6.158268339717677e-16
  outer loop
    vertex 4.188821899681799 -1.2825621227457382e-14 78.14159112030582
    vertex 3.2443238899338898 -1.4480077157745663e-14 80.82815143080396
    vertex 4.201966707212032 -1.2954286379128213e-14 78.35052185305905
  endloop
endfacet
facet normal 4.188897629042246e-32 0.9999999999999999 6.158268339717677e-16
  outer loop
    vertex 4.201966707212032 -1.2954286379128213e-14 78.35052185305905
    vertex 3.2443238899338898 -1.4480077157745663e-14 80.82815143080396
    vertex 4.236878714535329 -1.3081400539543836e-14 78.5569340348664
  endloop
endfacet
facet normal 4.188897629042246e-32 0.9999999999999999 6.158268339717677e-16
  outer loop
    vertex 4.236878714535329 -1.3081400539543836e-14 78.5569340348664
    vertex 3.2443238899338898 -1.4480077157745663e-14 80.82815143080396
    vertex 3.5434647771182193 -1.4660477716691498e-14 81.12109183059515
  endloop
endfacet
facet normal 4.188897629042246e-32 0.9999999999999999 6.158268339717677e-16
  outer loop
    vertex 4.236878714535329 -1.3081400539543836e-14 78.5569340348664
    vertex 3.5434647771182193 -1.4660477716691498e-14 81.12109183059515
    vertex 4.293175418393653 -1.3205571019362399e-14 78.75856617066945
  endloop
endfacet
facet normal 4.188897629042246e-32 0.9999999999999999 6.158268339717677e-16
  outer loop
    vertex 4.293175418393653 -1.3205571019362399e-14 78.75856617066945
    vertex 3.5434647771182193 -1.4660477716691498e-14 81.12109183059515
    vertex 4.370240020318687 -1.3325437380822658e-14 78.95320913659411
  endloop
endfacet
facet normal 4.188897629042246e-32 0.9999999999999999 6.158268339717677e-16
  outer loop
    vertex 4.370240020318687 -1.3325437380822658e-14 78.95320913659411
    vertex 3.5434647771182193 -1.4660477716691498e-14 81.12109183059515
    vertex 4.467228184404937 -1.3439686342984807e-14 79.13873038357406
  endloop
endfacet
facet normal 4.188897629042246e-32 0.9999999999999999 6.158268339717677e-16
  outer loop
    vertex 4.467228184404937 -1.3439686342984807e-14 79.13873038357406
    vertex 3.5434647771182193 -1.4660477716691498e-14 81.12109183059515
    vertex 3.871587549042112 -1.4820633895044293e-14 81.38115873498752
  endloop
endfacet
facet normal 4.188897629042246e-32 0.9999999999999999 6.158268339717677e-16
  outer loop
    vertex 4.467228184404937 -1.3439686342984807e-14 79.13873038357406
    vertex 3.871587549042112 -1.4820633895044293e-14 81.38115873498752
    vertex 4.583077288030595 -1.354706617031127e-14 79.31309730200455
  endloop
endfacet
facet normal 4.188897629042246e-32 0.9999999999999999 6.158268339717677e-16
  outer loop
    vertex 4.583077288030595 -1.354706617031127e-14 79.31309730200455
    vertex 3.871587549042112 -1.4820633895044293e-14 81.38115873498752
    vertex 4.716518064173355 -1.3646400386943178e-14 79.47439949143863
  endloop
endfacet
facet normal 4.188897629042246e-32 0.9999999999999999 6.158268339717677e-16
  outer loop
    vertex 4.716518064173355 -1.3646400386943178e-14 79.47439949143863
    vertex 3.871587549042112 -1.4820633895044293e-14 81.38115873498752
    vertex 4.225097223952264 -1.4958790988199187e-14 81.60550279655406
  endloop
endfacet
facet normal 4.188897629042246e-32 0.9999999999999999 6.158268339717677e-16
  outer loop
    vertex 4.716518064173355 -1.3646400386943178e-14 79.47439949143863
    vertex 4.225097223952264 -1.4958790988199187e-14 81.60550279655406
    vertex 4.86608850776552 -1.3736600666416098e-14 79.62086969133424
  endloop
endfacet
facet normal 4.188897629042246e-32 0.9999999999999999 6.158268339717677e-16
  outer loop
    vertex 4.86608850776552 -1.3736600666416098e-14 79.62086969133424
    vertex 4.225097223952264 -1.4958790988199187e-14 81.60550279655406
    vertex 5.030149893727466 -1.3816678755592497e-14 79.75090314353042
  endloop
endfacet
facet normal 4.188897629042246e-32 0.9999999999999999 6.158268339717677e-16
  outer loop
    vertex 5.030149893727466 -1.3816678755592497e-14 79.75090314353042
    vertex 4.225097223952264 -1.4958790988199187e-14 81.60550279655406
    vertex 4.600120675873703 -1.5073435318132333e-14 81.79166605480923
  endloop
endfacet
facet normal 4.188897629042246e-32 0.9999999999999999 6.158268339717677e-16
  outer loop
    vertex 5.030149893727466 -1.3816678755592497e-14 79.75090314353042
    vertex 4.600120675873703 -1.5073435318132333e-14 81.79166605480923
    vertex 5.206904731182542 -1.3885757302169943e-14 79.86307517431369
  endloop
endfacet
facet normal 4.188897629042246e-32 0.9999999999999999 6.158268339717677e-16
  outer loop
    vertex 5.206904731182542 -1.3885757302169943e-14 79.86307517431369
    vertex 4.600120675873703 -1.5073435318132333e-14 81.79166605480923
    vertex 5.3944164571432625 -1.3943079467136516e-14 79.95615680344127
  endloop
endfacet
facet normal 4.188897629042246e-32 0.9999999999999999 6.158268339717677e-16
  outer loop
    vertex 5.3944164571432625 -1.3943079467136516e-14 79.95615680344127
    vertex 4.600120675873703 -1.5073435318132333e-14 81.79166605480923
    vertex 4.992549069388479 -1.5163310817574122e-14 81.93760886613842
  endloop
endfacet
facet normal 4.188897629042246e-32 0.9999999999999999 6.158268339717677e-16
  outer loop
    vertex 5.3944164571432625 -1.3943079467136516e-14 79.95615680344127
    vertex 4.992549069388479 -1.5163310817574122e-14 81.93760886613842
    vertex 5.590630653900651 -1.3988017216857411e-14 80.02912820910586
  endloop
endfacet
facet normal 4.188897629042246e-32 0.9999999999999999 6.158268339717677e-16
  outer loop
    vertex 5.590630653900651 -1.3988017216857411e-14 80.02912820910586
    vertex 4.992549069388479 -1.5163310817574122e-14 81.93760886613842
    vertex 5.793397557654572 -1.4020078203942855e-14 80.08118990131676
  endloop
endfacet
facet normal 4.188897629042246e-32 0.9999999999999999 6.158268339717677e-16
  outer loop
    vertex 5.793397557654572 -1.4020078203942855e-14 80.08118990131676
    vertex 4.992549069388479 -1.5163310817574122e-14 81.93760886613842
    vertex 6.000495611775795 -1.4038911161509147e-14 80.11177148127948
  endloop
endfacet
facet normal 4.188897629042246e-32 0.9999999999999999 6.158268339717677e-16
  outer loop
    vertex 6.000495611775795 -1.4038911161509147e-14 80.11177148127948
    vertex 4.992549069388479 -1.5163310817574122e-14 81.93760886613842
    vertex 5.398082876896321 -1.5227432791745012e-14 82.04173225056019
  endloop
endfacet
facet normal 4.188897629042246e-32 0.9999999999999999 6.158268339717677e-16
  outer loop
    vertex 6.000495611775795 -1.4038911161509147e-14 80.11177148127948
    vertex 5.398082876896321 -1.5227432791745012e-14 82.04173225056019
    vertex 6.209655806645315 -1.4044309751732147e-14 80.12053789080433
  endloop
endfacet
facet normal 4.188897629042246e-32 0.9999999999999999 6.158268339717677e-16
  outer loop
    vertex 6.209655806645315 -1.4044309751732147e-14 80.12053789080433
    vertex 5.398082876896321 -1.5227432791745012e-14 82.04173225056019
    vertex 6.418586539398556 -1.4036214826527637e-14 80.1073930832741
  endloop
endfacet
facet normal 4.188897629042246e-32 0.9999999999999999 6.158268339717677e-16
  outer loop
    vertex 6.418586539398556 -1.4036214826527637e-14 80.1073930832741
    vertex 5.398082876896321 -1.5227432791745012e-14 82.04173225056019
    vertex 5.812278985138768 -1.52650987068776e-14 82.10289541048563
  endloop
endfacet
facet normal 4.188897629042246e-32 0.9999999999999999 6.158268339717677e-16
  outer loop
    vertex 6.418586539398556 -1.4036214826527637e-14 80.1073930832741
    vertex 5.812278985138768 -1.52650987068776e-14 82.10289541048563
    vertex 6.624998721205907 -1.401471507559013e-14 80.0724810759508
  endloop
endfacet
facet normal 4.188897629042246e-32 0.9999999999999999 6.158268339717677e-16
  outer loop
    vertex 6.624998721205907 -1.401471507559013e-14 80.0724810759508
    vertex 5.812278985138768 -1.52650987068776e-14 82.10289541048563
    vertex 6.826630857008962 -1.3980046054690012e-14 80.01618437209248
  endloop
endfacet
facet normal 4.188897629042246e-32 0.9999999999999999 6.158268339717677e-16
  outer loop
    vertex 6.826630857008962 -1.3980046054690012e-14 80.01618437209248
    vertex 5.812278985138768 -1.52650987068776e-14 82.10289541048563
    vertex 6.230599374877808 -1.5275895887323595e-14 82.12042822953536
  endloop
endfacet
facet normal 4.188897629042246e-32 0.9999999999999999 6.158268339717677e-16
  outer loop
    vertex 6.826630857008962 -1.3980046054690012e-14 80.01618437209248
    vertex 6.230599374877808 -1.5275895887323595e-14 82.12042822953536
    vertex 7.021273822933625 -1.3932587604875223e-14 79.93911977016745
  endloop
endfacet
facet normal 4.188897629042246e-32 0.9999999999999999 6.158268339717677e-16
  outer loop
    vertex 7.021273822933625 -1.3932587604875223e-14 79.93911977016745
    vertex 6.230599374877808 -1.5275895887323595e-14 82.12042822953536
    vertex 7.206795069913564 -1.3872859690853255e-14 79.8421316060812
  endloop
endfacet
facet normal 4.188897629042246e-32 0.9999999999999999 6.158268339717677e-16
  outer loop
    vertex 7.206795069913564 -1.3872859690853255e-14 79.8421316060812
    vertex 6.230599374877808 -1.5275895887323595e-14 82.12042822953536
    vertex 7.381161988344054 -1.3801516704149e-14 79.72628250245555
  endloop
endfacet
facet normal 4.188897629042246e-32 0.9999999999999999 6.158268339717677e-16
  outer loop
    vertex 7.381161988344054 -1.3801516704149e-14 79.72628250245555
    vertex 6.230599374877808 -1.5275895887323595e-14 82.12042822953536
    vertex 6.648460840384291 -1.5259706036914574e-14 82.09413861447489
  endloop
endfacet
facet normal 4.188897629042246e-32 0.9999999999999999 6.158268339717677e-16
  outer loop
    vertex 7.381161988344054 -1.3801516704149e-14 79.72628250245555
    vertex 6.648460840384291 -1.5259706036914574e-14 82.09413861447489
    vertex 7.542464177778142 -1.3719340293454267e-14 79.59284172631278
  endloop
endfacet
facet normal 4.188897629042246e-32 0.9999999999999999 6.158268339717677e-16
  outer loop
    vertex 7.542464177778142 -1.3719340293454267e-14 79.59284172631278
    vertex 6.648460840384291 -1.5259706036914574e-14 82.09413861447489
    vertex 7.68893437767374 -1.3627230800721152e-14 79.44327128272062
  endloop
endfacet
facet normal 4.188897629042246e-32 0.9999999999999999 6.158268339717677e-16
  outer loop
    vertex 7.68893437767374 -1.3627230800721152e-14 79.44327128272062
    vertex 6.648460840384291 -1.5259706036914574e-14 82.09413861447489
    vertex 7.81896782986993 -1.3526197396827187e-14 79.27920989675867
  endloop
endfacet
facet normal 4.188897629042246e-32 0.9999999999999999 6.158268339717677e-16
  outer loop
    vertex 7.81896782986993 -1.3526197396827187e-14 79.27920989675867
    vertex 6.648460840384291 -1.5259706036914574e-14 82.09413861447489
    vertex 7.9311398606532 -1.3417347024888032e-14 79.1024550593036
  endloop
endfacet
facet normal 4.188897629042246e-32 0.9999999999999999 6.158268339717677e-16
  outer loop
    vertex 7.9311398606532 -1.3417347024888032e-14 79.1024550593036
    vertex 6.648460840384291 -1.5259706036914574e-14 82.09413861447489
    vertex 8.024221489780784 -1.3301872272357062e-14 78.91494333334288
  endloop
endfacet
facet normal 4.188897629042246e-32 0.9999999999999999 6.158268339717677e-16
  outer loop
    vertex 8.024221489780784 -1.3301872272357062e-14 78.91494333334288
    vertex 6.648460840384291 -1.5259706036914574e-14 82.09413861447489
    vertex 7.061285203998994 -1.5216706535039564e-14 82.0243145998283
  endloop
endfacet
facet normal 4.188897629042246e-32 0.9999999999999999 6.158268339717677e-16
  outer loop
    vertex 8.024221489780784 -1.3301872272357062e-14 78.91494333334288
    vertex 7.061285203998994 -1.5216706535039564e-14 82.0243145998283
    vertex 9.63168034642859 -1.1558798162452471e-14 76.08448188907184
  endloop
endfacet
facet normal 4.188897629042246e-32 0.9999999999999999 6.158268339717677e-16
  outer loop
    vertex 9.63168034642859 -1.1558798162452471e-14 76.08448188907184
    vertex 7.061285203998994 -1.5216706535039564e-14 82.0243145998283
    vertex 9.825656674601088 -1.178729608677677e-14 76.45552438303172
  endloop
endfacet
facet normal 4.188897629042246e-32 0.9999999999999999 6.158268339717677e-16
  outer loop
    vertex 9.825656674601088 -1.178729608677677e-14 76.45552438303172
    vertex 7.061285203998994 -1.5216706535039564e-14 82.0243145998283
    vertex 7.464549475605104 -1.514736849323933e-14 81.91172119211164
  endloop
endfacet
facet normal 4.188897629042246e-32 0.9999999999999999 6.158268339717677e-16
  outer loop
    vertex 9.825656674601088 -1.178729608677677e-14 76.45552438303172
    vertex 7.464549475605104 -1.514736849323933e-14 81.91172119211164
    vertex 9.979785878451159 -1.2027028809697289e-14 76.84481031488104
  endloop
endfacet
facet normal 4.188897629042246e-32 0.9999999999999999 6.158268339717677e-16
  outer loop
    vertex 9.979785878451159 -1.2027028809697289e-14 76.84481031488104
    vertex 7.464549475605104 -1.514736849323933e-14 81.91172119211164
    vertex 7.853835407454429 -1.5052451593609753e-14 81.75759198826158
  endloop
endfacet
facet normal 4.188897629042246e-32 0.9999999999999999 6.158268339717677e-16
  outer loop
    vertex 9.979785878451159 -1.2027028809697289e-14 76.84481031488104
    vertex 7.853835407454429 -1.5052451593609753e-14 81.75759198826158
    vertex 10.092379286167807 -1.2275369769334413e-14 77.24807458648715
  endloop
endfacet
facet normal 4.188897629042246e-32 0.9999999999999999 6.158268339717677e-16
  outer loop
    vertex 10.092379286167807 -1.2275369769334413e-14 77.24807458648715
    vertex 7.853835407454429 -1.5052451593609753e-14 81.75759198826158
    vertex 8.224877901414308 -1.4932995765565814e-14 81.56361566008908
  endloop
endfacet
facet normal 4.188897629042246e-32 0.9999999999999999 6.158268339717677e-16
  outer loop
    vertex 10.092379286167807 -1.2275369769334413e-14 77.24807458648715
    vertex 8.224877901414308 -1.4932995765565814e-14 81.56361566008908
    vertex 8.573611738275284 -1.4790309792157303e-14 81.33191745283776
  endloop
endfacet
facet normal 4.188897629042246e-32 0.9999999999999999 6.158268339717677e-16
  outer loop
    vertex 10.092379286167807 -1.2275369769334413e-14 77.24807458648715
    vertex 8.573611738275284 -1.4790309792157303e-14 81.33191745283776
    vertex 10.162203300814403 -1.2529598090165662e-14 77.66089895010185
  endloop
endfacet
facet normal 4.188897629042246e-32 0.9999999999999999 6.158268339717677e-16
  outer loop
    vertex 10.162203300814403 -1.2529598090165662e-14 77.66089895010185
    vertex 8.573611738275284 -1.4790309792157303e-14 81.33191745283776
    vertex 10.188492915874864 -1.2786928393507322e-14 78.07876041560833
  endloop
endfacet
facet normal 4.188897629042246e-32 0.9999999999999999 6.158268339717677e-16
  outer loop
    vertex 10.188492915874864 -1.2786928393507322e-14 78.07876041560833
    vertex 8.573611738275284 -1.4790309792157303e-14 81.33191745283776
    vertex 8.896216117143464 -1.462595697076784e-14 81.06503590055225
  endloop
endfacet
facet normal 4.188897629042246e-32 0.9999999999999999 6.158268339717677e-16
  outer loop
    vertex 10.188492915874864 -1.2786928393507322e-14 78.07876041560833
    vertex 8.896216117143464 -1.462595697076784e-14 81.06503590055225
    vertex 10.170960096825137 -1.3044541314706152e-14 78.49708080534737
  endloop
endfacet
facet normal 4.188897629042246e-32 0.9999999999999999 6.158268339717677e-16
  outer loop
    vertex 10.170960096825137 -1.3044541314706152e-14 78.49708080534737
    vertex 8.896216117143464 -1.462595697076784e-14 81.06503590055225
    vertex 9.189156516934657 -1.4441737985301608e-14 80.76589501336792
  endloop
endfacet
facet normal 4.188897629042246e-32 0.9999999999999999 6.158268339717677e-16
  outer loop
    vertex 10.170960096825137 -1.3044541314706152e-14 78.49708080534737
    vertex 9.189156516934657 -1.4441737985301608e-14 80.76589501336792
    vertex 9.449223421327037 -1.4239671177513678e-14 80.43777224144402
  endloop
endfacet
facet normal 4.188897629042246e-32 0.9999999999999999 6.158268339717677e-16
  outer loop
    vertex 10.170960096825137 -1.3044541314706152e-14 78.49708080534737
    vertex 9.449223421327037 -1.4239671177513678e-14 80.43777224144402
    vertex 10.109796936899706 -1.3299614392688527e-14 78.91127691358982
  endloop
endfacet
facet normal 4.188897629042246e-32 0.9999999999999999 6.158268339717677e-16
  outer loop
    vertex 10.109796936899706 -1.3299614392688527e-14 78.91127691358982
    vertex 9.449223421327037 -1.4239671177513678e-14 80.43777224144402
    vertex 9.673567482893578 -1.4021970433635371e-14 80.08426256653388
  endloop
endfacet
facet normal 4.188897629042246e-32 0.9999999999999999 6.158268339717677e-16
  outer loop
    vertex 10.109796936899706 -1.3299614392688527e-14 78.91127691358982
    vertex 9.673567482893578 -1.4021970433635371e-14 80.08426256653388
    vertex 10.005673552477926 -1.3549352993434596e-14 79.31681072109765
  endloop
endfacet
facet normal 4.188897629042246e-32 0.9999999999999999 6.158268339717677e-16
  outer loop
    vertex 10.005673552477926 -1.3549352993434596e-14 79.31681072109765
    vertex 9.673567482893578 -1.4021970433635371e-14 80.08426256653388
    vertex 9.859730741148743 -1.3791020928573425e-14 79.70923911461244
  endloop
endfacet
facet normal 4.188897629042246e-32 0.9999999999999999 6.158268339717677e-16
  outer loop
    vertex 5.7289636364413505 -1.0365741195366817e-14 74.14715648967173
    vertex 4.446284616172444 -1.2208100207393358e-14 77.13884004484304
    vertex 6.146825101947832 -1.0349551344957795e-14 74.12086687461128
  endloop
endfacet
facet normal 4.188897629042246e-32 0.9999999999999999 6.158268339717677e-16
  outer loop
    vertex 4.446284616172444 -1.2208100207393358e-14 77.13884004484304
    vertex 5.7289636364413505 -1.0365741195366817e-14 74.14715648967173
    vertex 4.3532029870448605 -1.232357495992433e-14 77.32635177080375
  endloop
endfacet
facet normal 4.188897629042246e-32 0.9999999999999999 6.158268339717677e-16
  outer loop
    vertex 6.146825101947832 -1.0349551344957795e-14 74.12086687461128
    vertex 4.446284616172444 -1.2208100207393358e-14 77.13884004484304
    vertex 4.5584566469557135 -1.2099249835454206e-14 76.96208520738796
  endloop
endfacet
facet normal 4.188897629042246e-32 0.9999999999999999 6.158268339717677e-16
  outer loop
    vertex 6.146825101947832 -1.0349551344957795e-14 74.12086687461128
    vertex 4.5584566469557135 -1.2099249835454206e-14 76.96208520738796
    vertex 4.6884900991519025 -1.199821643156024e-14 76.79802382142601
  endloop
endfacet
facet normal 4.188897629042246e-32 0.9999999999999999 6.158268339717677e-16
  outer loop
    vertex 6.146825101947832 -1.0349551344957795e-14 74.12086687461128
    vertex 4.6884900991519025 -1.199821643156024e-14 76.79802382142601
    vertex 4.8349602990475 -1.1906106938827125e-14 76.64845337783385
  endloop
endfacet
facet normal 4.188897629042246e-32 0.9999999999999999 6.158268339717677e-16
  outer loop
    vertex 6.146825101947832 -1.0349551344957795e-14 74.12086687461128
    vertex 4.8349602990475 -1.1906106938827125e-14 76.64845337783385
    vertex 4.996262488481589 -1.1823930528132393e-14 76.5150126016911
  endloop
endfacet
facet normal 4.188897629042246e-32 0.9999999999999999 6.158268339717677e-16
  outer loop
    vertex 6.146825101947832 -1.0349551344957795e-14 74.12086687461128
    vertex 4.996262488481589 -1.1823930528132393e-14 76.5150126016911
    vertex 5.170629406912078 -1.1752587541428136e-14 76.39916349806543
  endloop
endfacet
facet normal 4.188897629042246e-32 0.9999999999999999 6.158268339717677e-16
  outer loop
    vertex 6.146825101947832 -1.0349551344957795e-14 74.12086687461128
    vertex 5.170629406912078 -1.1752587541428136e-14 76.39916349806543
    vertex 6.5651454916868754 -1.036034852540379e-14 74.138399693661
  endloop
endfacet
facet normal 4.188897629042246e-32 0.9999999999999999 6.158268339717677e-16
  outer loop
    vertex 6.5651454916868754 -1.036034852540379e-14 74.138399693661
    vertex 5.170629406912078 -1.1752587541428136e-14 76.39916349806543
    vertex 5.356150653892018 -1.1692859627406167e-14 76.30217533397919
  endloop
endfacet
facet normal 4.188897629042246e-32 0.9999999999999999 6.158268339717677e-16
  outer loop
    vertex 6.5651454916868754 -1.036034852540379e-14 74.138399693661
    vertex 5.356150653892018 -1.1692859627406167e-14 76.30217533397919
    vertex 5.55079361981668 -1.164540117759138e-14 76.22511073205415
  endloop
endfacet
facet normal 4.188897629042246e-32 0.9999999999999999 6.158268339717677e-16
  outer loop
    vertex 6.5651454916868754 -1.036034852540379e-14 74.138399693661
    vertex 5.55079361981668 -1.164540117759138e-14 76.22511073205415
    vertex 5.752425755619735 -1.1610732156691261e-14 76.16881402819583
  endloop
endfacet
facet normal 4.188897629042246e-32 0.9999999999999999 6.158268339717677e-16
  outer loop
    vertex 6.5651454916868754 -1.036034852540379e-14 74.138399693661
    vertex 5.752425755619735 -1.1610732156691261e-14 76.16881402819583
    vertex 6.979341599929321 -1.0398014440536378e-14 74.19956285358643
  endloop
endfacet
facet normal 4.188897629042246e-32 0.9999999999999999 6.158268339717677e-16
  outer loop
    vertex 6.979341599929321 -1.0398014440536378e-14 74.19956285358643
    vertex 5.752425755619735 -1.1610732156691261e-14 76.16881402819583
    vertex 5.958837937427086 -1.1589232405753756e-14 76.13390202087253
  endloop
endfacet
facet normal 4.188897629042246e-32 0.9999999999999999 6.158268339717677e-16
  outer loop
    vertex 6.979341599929321 -1.0398014440536378e-14 74.19956285358643
    vertex 5.958837937427086 -1.1589232405753756e-14 76.13390202087253
    vertex 6.167768670180327 -1.1581137480549246e-14 76.12075721334229
  endloop
endfacet
facet normal 4.188897629042246e-32 0.9999999999999999 6.158268339717677e-16
  outer loop
    vertex 6.979341599929321 -1.0398014440536378e-14 74.19956285358643
    vertex 6.167768670180327 -1.1581137480549246e-14 76.12075721334229
    vertex 7.3848754074371605 -1.0462136414707268e-14 74.30368623800821
  endloop
endfacet
facet normal 4.188897629042246e-32 0.9999999999999999 6.158268339717677e-16
  outer loop
    vertex 7.3848754074371605 -1.0462136414707268e-14 74.30368623800821
    vertex 6.167768670180327 -1.1581137480549246e-14 76.12075721334229
    vertex 6.376928865049848 -1.1586536070772243e-14 76.12952362286717
  endloop
endfacet
facet normal 4.188897629042246e-32 0.9999999999999999 6.158268339717677e-16
  outer loop
    vertex 7.3848754074371605 -1.0462136414707268e-14 74.30368623800821
    vertex 6.376928865049848 -1.1586536070772243e-14 76.12952362286717
    vertex 6.584026919171071 -1.1605369028338536e-14 76.16010520282988
  endloop
endfacet
facet normal 4.188897629042246e-32 0.9999999999999999 6.158268339717677e-16
  outer loop
    vertex 7.3848754074371605 -1.0462136414707268e-14 74.30368623800821
    vertex 6.584026919171071 -1.1605369028338536e-14 76.16010520282988
    vertex 7.777303800951939 -1.0552011914149057e-14 74.44962904933739
  endloop
endfacet
facet normal 4.188897629042246e-32 0.9999999999999999 6.158268339717677e-16
  outer loop
    vertex 7.777303800951939 -1.0552011914149057e-14 74.44962904933739
    vertex 6.584026919171071 -1.1605369028338536e-14 76.16010520282988
    vertex 6.786793822924992 -1.1637430015423982e-14 76.21216689504077
  endloop
endfacet
facet normal 4.188897629042246e-32 0.9999999999999999 6.158268339717677e-16
  outer loop
    vertex 7.777303800951939 -1.0552011914149057e-14 74.44962904933739
    vertex 6.786793822924992 -1.1637430015423982e-14 76.21216689504077
    vertex 6.98300801968238 -1.1682367765144878e-14 76.28513830070536
  endloop
endfacet
facet normal 4.188897629042246e-32 0.9999999999999999 6.158268339717677e-16
  outer loop
    vertex 7.777303800951939 -1.0552011914149057e-14 74.44962904933739
    vertex 6.98300801968238 -1.1682367765144878e-14 76.28513830070536
    vertex 7.1705197456431 -1.173968993011145e-14 76.37821992983294
  endloop
endfacet
facet normal 4.188897629042246e-32 0.9999999999999999 6.158268339717677e-16
  outer loop
    vertex 7.777303800951939 -1.0552011914149057e-14 74.44962904933739
    vertex 7.1705197456431 -1.173968993011145e-14 76.37821992983294
    vertex 8.152327252873379 -1.0666656244082206e-14 74.63579230759257
  endloop
endfacet
facet normal 4.188897629042246e-32 0.9999999999999999 6.158268339717677e-16
  outer loop
    vertex 8.152327252873379 -1.0666656244082206e-14 74.63579230759257
    vertex 7.1705197456431 -1.173968993011145e-14 76.37821992983294
    vertex 7.347274583098176 -1.1808768476688897e-14 76.49039196061622
  endloop
endfacet
facet normal 4.188897629042246e-32 0.9999999999999999 6.158268339717677e-16
  outer loop
    vertex 8.152327252873379 -1.0666656244082206e-14 74.63579230759257
    vertex 7.347274583098176 -1.1808768476688897e-14 76.49039196061622
    vertex 7.511335969060124 -1.1888846565865294e-14 76.62042541281241
  endloop
endfacet
facet normal 4.188897629042246e-32 0.9999999999999999 6.158268339717677e-16
  outer loop
    vertex 8.152327252873379 -1.0666656244082206e-14 74.63579230759257
    vertex 7.511335969060124 -1.1888846565865294e-14 76.62042541281241
    vertex 8.50583692778353 -1.0804813337237095e-14 74.86013636915911
  endloop
endfacet
facet normal 4.188897629042246e-32 0.9999999999999999 6.158268339717677e-16
  outer loop
    vertex 8.50583692778353 -1.0804813337237095e-14 74.86013636915911
    vertex 7.511335969060124 -1.1888846565865294e-14 76.62042541281241
    vertex 7.660906412652287 -1.1979046845338212e-14 76.766895612708
  endloop
endfacet
facet normal 4.188897629042246e-32 0.9999999999999999 6.158268339717677e-16
  outer loop
    vertex 8.50583692778353 -1.0804813337237095e-14 74.86013636915911
    vertex 7.660906412652287 -1.1979046845338212e-14 76.766895612708
    vertex 7.794347188795046 -1.207838106197012e-14 76.92819780214208
  endloop
endfacet
facet normal 4.188897629042246e-32 0.9999999999999999 6.158268339717677e-16
  outer loop
    vertex 8.50583692778353 -1.0804813337237095e-14 74.86013636915911
    vertex 7.794347188795046 -1.207838106197012e-14 76.92819780214208
    vertex 8.833959699707423 -1.0964969515589893e-14 75.12020327355148
  endloop
endfacet
facet normal 4.188897629042246e-32 0.9999999999999999 6.158268339717677e-16
  outer loop
    vertex 8.833959699707423 -1.0964969515589893e-14 75.12020327355148
    vertex 7.794347188795046 -1.207838106197012e-14 76.92819780214208
    vertex 7.910196292420706 -1.2185760889296583e-14 77.10256472057257
  endloop
endfacet
facet normal 4.188897629042246e-32 0.9999999999999999 6.158268339717677e-16
  outer loop
    vertex 8.833959699707423 -1.0964969515589893e-14 75.12020327355148
    vertex 7.910196292420706 -1.2185760889296583e-14 77.10256472057257
    vertex 8.007184456506955 -1.2300009851458733e-14 77.28808596755252
  endloop
endfacet
facet normal 4.188897629042246e-32 0.9999999999999999 6.158268339717677e-16
  outer loop
    vertex 8.833959699707423 -1.0964969515589893e-14 75.12020327355148
    vertex 8.007184456506955 -1.2300009851458733e-14 77.28808596755252
    vertex 9.133100586891752 -1.1145370074535727e-14 75.41314367334269
  endloop
endfacet
facet normal 4.188897629042246e-32 0.9999999999999999 6.158268339717677e-16
  outer loop
    vertex 9.133100586891752 -1.1145370074535727e-14 75.41314367334269
    vertex 8.007184456506955 -1.2300009851458733e-14 77.28808596755252
    vertex 8.08424905843199 -1.2419876212918991e-14 77.48272893347718
  endloop
endfacet
facet normal 4.188897629042246e-32 0.9999999999999999 6.158268339717677e-16
  outer loop
    vertex 9.133100586891752 -1.1145370074535727e-14 75.41314367334269
    vertex 8.08424905843199 -1.2419876212918991e-14 77.48272893347718
    vertex 8.140545762290314 -1.2544046692737554e-14 77.68436106928023
  endloop
endfacet
facet normal 4.188897629042246e-32 0.9999999999999999 6.158268339717677e-16
  outer loop
    vertex 9.133100586891752 -1.1145370074535727e-14 75.41314367334269
    vertex 8.140545762290314 -1.2544046692737554e-14 77.68436106928023
    vertex 8.175457769613612 -1.267116085315318e-14 77.89077325108758
  endloop
endfacet
facet normal 4.188897629042246e-32 0.9999999999999999 6.158268339717677e-16
  outer loop
    vertex 9.133100586891752 -1.1145370074535727e-14 75.41314367334269
    vertex 8.175457769613612 -1.267116085315318e-14 77.89077325108758
    vertex 9.399982139177272 -1.1344038507799546e-14 75.73574805221085
  endloop
endfacet
facet normal 4.188897629042246e-32 0.9999999999999999 6.158268339717677e-16
  outer loop
    vertex 9.399982139177272 -1.1344038507799546e-14 75.73574805221085
    vertex 8.175457769613612 -1.267116085315318e-14 77.89077325108758
    vertex 8.188602577143843 -1.279982600482401e-14 78.09970398384083
  endloop
endfacet
facet normal 4.188897629042246e-32 0.9999999999999999 6.158268339717677e-16
  outer loop
    vertex 9.399982139177272 -1.1344038507799546e-14 75.73574805221085
    vertex 8.188602577143843 -1.279982600482401e-14 78.09970398384083
    vertex 8.17983616761898 -1.2928632465423425e-14 78.30886417871034
  endloop
endfacet
facet normal 4.188897629042246e-32 0.9999999999999999 6.158268339717677e-16
  outer loop
    vertex 9.399982139177272 -1.1344038507799546e-14 75.73574805221085
    vertex 8.17983616761898 -1.2928632465423425e-14 78.30886417871034
    vertex 8.149254587656264 -1.3056169004414613e-14 78.51596223283157
  endloop
endfacet
facet normal 4.188897629042246e-32 0.9999999999999999 6.158268339717677e-16
  outer loop
    vertex 9.399982139177272 -1.1344038507799546e-14 75.73574805221085
    vertex 8.149254587656264 -1.3056169004414613e-14 78.51596223283157
    vertex 8.097192895445374 -1.3181038304787644e-14 78.71872913658548
  endloop
endfacet
facet normal 4.188897629042246e-32 0.9999999999999999 6.158268339717677e-16
  outer loop
    vertex 9.399982139177272 -1.1344038507799546e-14 75.73574805221085
    vertex 8.097192895445374 -1.3181038304787644e-14 78.71872913658548
    vertex 8.024221489780784 -1.3301872272357062e-14 78.91494333334288
  endloop
endfacet
facet normal 4.188897629042246e-32 0.9999999999999999 6.158268339717677e-16
  outer loop
    vertex 9.399982139177272 -1.1344038507799546e-14 75.73574805221085
    vertex 8.024221489780784 -1.3301872272357062e-14 78.91494333334288
    vertex 9.63168034642859 -1.1558798162452471e-14 76.08448188907184
  endloop
endfacet
facet normal 0.7144726796328045 -4.3087145983445623e-16 0.6996633405133643
  outer loop
    vertex 8.896216117143464 -1.462595697076784e-14 81.06503590055225
    vertex 9.189156516934657 -4.000000000000007 80.76589501336792
    vertex 9.189156516934657 -1.4441737985301608e-14 80.76589501336792
  endloop
endfacet
facet normal 0.7144726796328045 -4.3087145983445623e-16 0.6996633405133643
  outer loop
    vertex 9.189156516934657 -4.000000000000007 80.76589501336792
    vertex 8.896216117143464 -1.462595697076784e-14 81.06503590055225
    vertex 8.896216117143464 -4.000000000000007 81.06503590055225
  endloop
endfacet
facet normal 0.7836934573258396 -3.825194709573835e-16 0.6211477802783106
  outer loop
    vertex 9.189156516934657 -1.4441737985301608e-14 80.76589501336792
    vertex 9.449223421327037 -4.000000000000007 80.43777224144402
    vertex 9.449223421327037 -1.4239671177513678e-14 80.43777224144402
  endloop
endfacet
facet normal 0.7836934573258396 -3.825194709573835e-16 0.6211477802783106
  outer loop
    vertex 9.449223421327037 -4.000000000000007 80.43777224144402
    vertex 9.189156516934657 -1.4441737985301608e-14 80.76589501336792
    vertex 9.189156516934657 -4.000000000000007 80.76589501336792
  endloop
endfacet
facet normal 0.8443279255020157 -3.2997651870915473e-16 0.5358267949789958
  outer loop
    vertex 9.449223421327037 -1.4239671177513678e-14 80.43777224144402
    vertex 9.673567482893578 -4.000000000000006 80.08426256653388
    vertex 9.673567482893578 -1.4021970433635371e-14 80.08426256653388
  endloop
endfacet
facet normal 0.8443279255020157 -3.2997651870915473e-16 0.5358267949789958
  outer loop
    vertex 9.673567482893578 -4.000000000000006 80.08426256653388
    vertex 9.449223421327037 -1.4239671177513678e-14 80.43777224144402
    vertex 9.449223421327037 -4.000000000000007 80.43777224144402
  endloop
endfacet
facet normal 0.8957117602394126 -2.738182746699241e-16 0.44463517918492795
  outer loop
    vertex 9.673567482893578 -1.4021970433635371e-14 80.08426256653388
    vertex 9.859730741148743 -4.000000000000006 79.70923911461243
    vertex 9.859730741148743 -1.3791020928573425e-14 79.70923911461244
  endloop
endfacet
facet normal 0.8957117602394126 -2.738182746699241e-16 0.44463517918492795
  outer loop
    vertex 9.859730741148743 -4.000000000000006 79.70923911461243
    vertex 9.673567482893578 -1.4021970433635371e-14 80.08426256653388
    vertex 9.673567482893578 -4.000000000000006 80.08426256653388
  endloop
endfacet
facet normal 0.9372819894918917 -2.1466002031325077e-16 0.34857204732181496
  outer loop
    vertex 9.859730741148743 -1.3791020928573425e-14 79.70923911461244
    vertex 10.005673552477926 -4.000000000000006 79.31681072109765
    vertex 10.005673552477926 -1.3549352993434596e-14 79.31681072109765
  endloop
endfacet
facet normal 0.9372819894918917 -2.1466002031325077e-16 0.34857204732181496
  outer loop
    vertex 10.005673552477926 -4.000000000000006 79.31681072109765
    vertex 9.859730741148743 -1.3791020928573425e-14 79.70923911461244
    vertex 9.859730741148743 -4.000000000000006 79.70923911461243
  endloop
endfacet
facet normal 0.968583161128631 -1.5314990585352916e-16 0.24868988716485518
  outer loop
    vertex 10.005673552477926 -1.3549352993434596e-14 79.31681072109765
    vertex 10.109796936899706 -4.000000000000005 78.91127691358982
    vertex 10.109796936899706 -1.3299614392688527e-14 78.91127691358982
  endloop
endfacet
facet normal 0.968583161128631 -1.5314990585352916e-16 0.24868988716485518
  outer loop
    vertex 10.109796936899706 -4.000000000000005 78.91127691358982
    vertex 10.005673552477926 -1.3549352993434596e-14 79.31681072109765
    vertex 10.005673552477926 -4.000000000000006 79.31681072109765
  endloop
endfacet
facet normal 0.0540158594863573 -0.9981799998601126 0.02681370551071505
  outer loop
    vertex 8.941976115464763 -5.0000000000000036 79.31209122397766
    vertex 8.916282707329142 -4.992110341118165 79.65755452525273
    vertex 8.802353671773389 -5.0000000000000036 79.59335881291874
  endloop
endfacet
facet normal 0.0540158594863573 -0.9981799998601126 0.02681370551071505
  outer loop
    vertex 8.916282707329142 -4.992110341118165 79.65755452525273
    vertex 8.941976115464763 -5.0000000000000036 79.31209122397766
    vertex 9.061991315001796 -4.992110341118165 79.36402643847437
  endloop
endfacet
facet normal 0.9892723329629886 -8.996184897659676e-17 0.14608302856241046
  outer loop
    vertex 10.109796936899706 -1.3299614392688527e-14 78.91127691358982
    vertex 10.170960096825137 -4.000000000000005 78.49708080534737
    vertex 10.170960096825137 -1.3044541314706152e-14 78.49708080534737
  endloop
endfacet
facet normal 0.9892723329629886 -8.996184897659676e-17 0.14608302856241046
  outer loop
    vertex 10.170960096825137 -4.000000000000005 78.49708080534737
    vertex 10.109796936899706 -1.3299614392688527e-14 78.91127691358982
    vertex 10.109796936899706 -4.000000000000005 78.91127691358982
  endloop
endfacet
facet normal 0.9991228300988584 -2.578815125655078e-17 0.04187565372919877
  outer loop
    vertex 10.170960096825137 -1.3044541314706152e-14 78.49708080534737
    vertex 10.188492915874864 -4.000000000000005 78.07876041560833
    vertex 10.188492915874864 -1.2786928393507322e-14 78.07876041560833
  endloop
endfacet
facet normal 0.9991228300988584 -2.578815125655078e-17 0.04187565372919877
  outer loop
    vertex 10.188492915874864 -4.000000000000005 78.07876041560833
    vertex 10.170960096825137 -1.3044541314706152e-14 78.49708080534737
    vertex 10.170960096825137 -4.000000000000005 78.49708080534737
  endloop
endfacet
facet normal 0.9980267284282716 3.866808684517921e-17 -0.06279051952931325
  outer loop
    vertex 10.188492915874864 -1.2786928393507322e-14 78.07876041560833
    vertex 10.162203300814403 -4.000000000000004 77.66089895010184
    vertex 10.162203300814403 -1.2529598090165662e-14 77.66089895010185
  endloop
endfacet
facet normal 0.9980267284282716 3.866808684517921e-17 -0.06279051952931325
  outer loop
    vertex 10.162203300814403 -4.000000000000004 77.66089895010184
    vertex 10.188492915874864 -1.2786928393507322e-14 78.07876041560833
    vertex 10.188492915874864 -4.000000000000005 78.07876041560833
  endloop
endfacet
facet normal 0.9859960370705054 1.0270066929561556e-16 -0.1667687467161005
  outer loop
    vertex 10.162203300814403 -1.2529598090165662e-14 77.66089895010185
    vertex 10.092379286167807 -4.000000000000004 77.24807458648715
    vertex 10.092379286167807 -1.2275369769334413e-14 77.24807458648715
  endloop
endfacet
facet normal 0.9859960370705054 1.0270066929561556e-16 -0.1667687467161005
  outer loop
    vertex 10.092379286167807 -4.000000000000004 77.24807458648715
    vertex 10.162203300814403 -1.2529598090165662e-14 77.66089895010185
    vertex 10.162203300814403 -4.000000000000004 77.66089895010184
  endloop
endfacet
facet normal 0.9631625667976579 1.6560804172175517e-16 -0.2689198206152667
  outer loop
    vertex 10.092379286167807 -1.2275369769334413e-14 77.24807458648715
    vertex 9.979785878451159 -4.0000000000000036 76.84481031488104
    vertex 9.979785878451159 -1.2027028809697289e-14 76.84481031488104
  endloop
endfacet
facet normal 0.9631625667976579 1.6560804172175517e-16 -0.2689198206152667
  outer loop
    vertex 9.979785878451159 -4.0000000000000036 76.84481031488104
    vertex 10.092379286167807 -1.2275369769334413e-14 77.24807458648715
    vertex 10.092379286167807 -4.000000000000004 77.24807458648715
  endloop
endfacet
facet normal 0.5358267949789967 5.199597931958566e-16 -0.8443279255020152
  outer loop
    vertex 8.50583692778353 -4.0000000000000036 74.86013636915911
    vertex 8.152327252873379 -1.0666656244082206e-14 74.63579230759257
    vertex 8.50583692778353 -1.0804813337237095e-14 74.86013636915911
  endloop
endfacet
facet normal 0.5358267949789967 5.199597931958566e-16 -0.8443279255020152
  outer loop
    vertex 8.152327252873379 -1.0666656244082206e-14 74.63579230759257
    vertex 8.50583692778353 -4.0000000000000036 74.86013636915911
    vertex 8.152327252873379 -4.0000000000000036 74.63579230759255
  endloop
endfacet
facet normal 0.44463517918492707 5.516033374595168e-16 -0.8957117602394131
  outer loop
    vertex 8.152327252873379 -4.0000000000000036 74.63579230759255
    vertex 7.777303800951939 -1.0552011914149057e-14 74.44962904933739
    vertex 8.152327252873379 -1.0666656244082206e-14 74.63579230759257
  endloop
endfacet
facet normal 0.44463517918492707 5.516033374595168e-16 -0.8957117602394131
  outer loop
    vertex 7.777303800951939 -1.0552011914149057e-14 74.44962904933739
    vertex 8.152327252873379 -4.0000000000000036 74.63579230759255
    vertex 7.777303800951939 -4.000000000000003 74.44962904933739
  endloop
endfacet
facet normal 0.3485720473218146 5.772034001275512e-16 -0.9372819894918917
  outer loop
    vertex 7.777303800951939 -4.000000000000003 74.44962904933739
    vertex 7.3848754074371605 -1.0462136414707268e-14 74.30368623800821
    vertex 7.777303800951939 -1.0552011914149057e-14 74.44962904933739
  endloop
endfacet
facet normal 0.3485720473218146 5.772034001275512e-16 -0.9372819894918917
  outer loop
    vertex 7.3848754074371605 -1.0462136414707268e-14 74.30368623800821
    vertex 7.777303800951939 -4.000000000000003 74.44962904933739
    vertex 7.3848754074371605 -4.000000000000003 74.30368623800821
  endloop
endfacet
facet normal 0.24868988716485463 5.964795015562115e-16 -0.9685831611286311
  outer loop
    vertex 7.3848754074371605 -4.000000000000003 74.30368623800821
    vertex 6.979341599929321 -1.0398014440536378e-14 74.19956285358643
    vertex 7.3848754074371605 -1.0462136414707268e-14 74.30368623800821
  endloop
endfacet
facet normal 0.24868988716485463 5.964795015562115e-16 -0.9685831611286311
  outer loop
    vertex 6.979341599929321 -1.0398014440536378e-14 74.19956285358643
    vertex 7.3848754074371605 -4.000000000000003 74.30368623800821
    vertex 6.979341599929321 -4.000000000000003 74.19956285358643
  endloop
endfacet
facet normal 0.1460830285624095 6.092204487444619e-16 -0.9892723329629888
  outer loop
    vertex 6.979341599929321 -4.000000000000003 74.19956285358643
    vertex 6.5651454916868754 -1.036034852540379e-14 74.138399693661
    vertex 6.979341599929321 -1.0398014440536378e-14 74.19956285358643
  endloop
endfacet
facet normal 0.1460830285624095 6.092204487444619e-16 -0.9892723329629888
  outer loop
    vertex 6.5651454916868754 -1.036034852540379e-14 74.138399693661
    vertex 6.979341599929321 -4.000000000000003 74.19956285358643
    vertex 6.5651454916868754 -4.000000000000003 74.138399693661
  endloop
endfacet
facet normal 0.041875653729198124 6.152866492086924e-16 -0.9991228300988584
  outer loop
    vertex 6.5651454916868754 -4.000000000000003 74.138399693661
    vertex 6.146825101947832 -1.0349551344957795e-14 74.12086687461128
    vertex 6.5651454916868754 -1.036034852540379e-14 74.138399693661
  endloop
endfacet
facet normal 0.041875653729198124 6.152866492086924e-16 -0.9991228300988584
  outer loop
    vertex 6.146825101947832 -1.0349551344957795e-14 74.12086687461128
    vertex 6.5651454916868754 -4.000000000000003 74.138399693661
    vertex 6.146825101947832 -4.000000000000003 74.12086687461128
  endloop
endfacet
facet normal -0.0627905195293147 6.146116403871839e-16 -0.9980267284282716
  outer loop
    vertex 6.146825101947832 -4.000000000000003 74.12086687461128
    vertex 5.7289636364413505 -1.0365741195366817e-14 74.14715648967173
    vertex 6.146825101947832 -1.0349551344957795e-14 74.12086687461128
  endloop
endfacet
facet normal -0.0627905195293147 6.146116403871839e-16 -0.9980267284282716
  outer loop
    vertex 5.7289636364413505 -1.0365741195366817e-14 74.14715648967173
    vertex 6.146825101947832 -4.000000000000003 74.12086687461128
    vertex 5.7289636364413505 -4.000000000000003 74.14715648967173
  endloop
endfacet
facet normal -0.16676874671610253 6.072028178178389e-16 -0.9859960370705048
  outer loop
    vertex 5.7289636364413505 -4.000000000000003 74.14715648967173
    vertex 5.316139272826648 -1.0408740697241828e-14 74.21698050431834
    vertex 5.7289636364413505 -1.0365741195366817e-14 74.14715648967173
  endloop
endfacet
facet normal -0.16676874671610253 6.072028178178389e-16 -0.9859960370705048
  outer loop
    vertex 5.316139272826648 -1.0408740697241828e-14 74.21698050431834
    vertex 5.7289636364413505 -4.000000000000003 74.14715648967173
    vertex 5.316139272826648 -4.000000000000003 74.21698050431834
  endloop
endfacet
facet normal -0.26891982061526765 5.931413541111229e-16 -0.9631625667976577
  outer loop
    vertex 5.316139272826648 -4.000000000000003 74.21698050431834
    vertex 4.912875001220539 -1.0478078739042063e-14 74.32957391203499
    vertex 5.316139272826648 -1.0408740697241828e-14 74.21698050431834
  endloop
endfacet
facet normal -0.26891982061526765 5.931413541111229e-16 -0.9631625667976577
  outer loop
    vertex 4.912875001220539 -1.0478078739042063e-14 74.32957391203499
    vertex 5.316139272826648 -4.000000000000003 74.21698050431834
    vertex 4.912875001220539 -4.000000000000003 74.32957391203499
  endloop
endfacet
facet normal -0.368124552684679 5.725813096059578e-16 -0.929776485888251
  outer loop
    vertex 4.523589069371214 -4.000000000000003 74.48370311588505
    vertex 4.912875001220539 -1.0478078739042063e-14 74.32957391203499
    vertex 4.912875001220539 -4.000000000000003 74.32957391203499
  endloop
endfacet
facet normal -0.368124552684679 5.725813096059578e-16 -0.929776485888251
  outer loop
    vertex 4.912875001220539 -1.0478078739042063e-14 74.32957391203499
    vertex 4.523589069371214 -4.000000000000003 74.48370311588505
    vertex 4.523589069371214 -1.0572995638671638e-14 74.48370311588505
  endloop
endfacet
facet normal -0.46329603511986306 5.457479444524074e-16 -0.8862035792312141
  outer loop
    vertex 4.1525465754113355 -4.0000000000000036 74.67767944405755
    vertex 4.523589069371214 -1.0572995638671638e-14 74.48370311588505
    vertex 4.523589069371214 -4.000000000000003 74.48370311588505
  endloop
endfacet
facet normal -0.46329603511986306 5.457479444524074e-16 -0.8862035792312141
  outer loop
    vertex 4.523589069371214 -1.0572995638671638e-14 74.48370311588505
    vertex 4.1525465754113355 -4.0000000000000036 74.67767944405755
    vertex 4.1525465754113355 -1.0692451466715578e-14 74.67767944405755
  endloop
endfacet
facet normal -0.5533915492433444 5.129352506143372e-16 -0.8329212407100992
  outer loop
    vertex 3.803812738550357 -4.0000000000000036 74.90937765130886
    vertex 4.1525465754113355 -1.0692451466715578e-14 74.67767944405755
    vertex 4.1525465754113355 -4.0000000000000036 74.67767944405755
  endloop
endfacet
facet normal -0.5533915492433444 5.129352506143372e-16 -0.8329212407100992
  outer loop
    vertex 4.1525465754113355 -1.0692451466715578e-14 74.67767944405755
    vertex 3.803812738550357 -4.0000000000000036 74.90937765130886
    vertex 3.803812738550357 -1.083513744012409e-14 74.90937765130886
  endloop
endfacet
facet normal -0.6374239897486912 4.745027308319338e-16 -0.7705132427757879
  outer loop
    vertex 3.481208359682178 -4.0000000000000036 75.17625920359438
    vertex 3.803812738550357 -1.083513744012409e-14 74.90937765130886
    vertex 3.803812738550357 -4.0000000000000036 74.90937765130886
  endloop
endfacet
facet normal -0.6374239897486912 4.745027308319338e-16 -0.7705132427757879
  outer loop
    vertex 3.803812738550357 -1.083513744012409e-14 74.90937765130886
    vertex 3.481208359682178 -4.0000000000000036 75.17625920359438
    vertex 3.481208359682178 -1.0999490261513553e-14 75.17625920359438
  endloop
endfacet
facet normal -0.714472679632804 4.308714598344565e-16 -0.6996633405133648
  outer loop
    vertex 3.1882679598909838 -4.0000000000000036 75.4754000907787
    vertex 3.481208359682178 -1.0999490261513553e-14 75.17625920359438
    vertex 3.481208359682178 -4.0000000000000036 75.17625920359438
  endloop
endfacet
facet normal -0.714472679632804 4.308714598344565e-16 -0.6996633405133648
  outer loop
    vertex 3.481208359682178 -1.0999490261513553e-14 75.17625920359438
    vertex 3.1882679598909838 -4.0000000000000036 75.4754000907787
    vertex 3.1882679598909838 -1.1183709246979783e-14 75.4754000907787
  endloop
endfacet
facet normal -0.7836934573258407 3.8251947095738274e-16 -0.6211477802783093
  outer loop
    vertex 2.928201055498606 -4.0000000000000036 75.8035228627026
    vertex 3.1882679598909838 -1.1183709246979783e-14 75.4754000907787
    vertex 3.1882679598909838 -4.0000000000000036 75.4754000907787
  endloop
endfacet
facet normal -0.7836934573258407 3.8251947095738274e-16 -0.6211477802783093
  outer loop
    vertex 3.1882679598909838 -1.1183709246979783e-14 75.4754000907787
    vertex 2.928201055498606 -4.0000000000000036 75.8035228627026
    vertex 2.928201055498606 -1.1385776054767712e-14 75.80352286270261
  endloop
endfacet
facet normal -0.8443279255020151 3.299765187091552e-16 -0.5358267949789965
  outer loop
    vertex 2.7038569939320647 -4.0000000000000036 76.15703253761275
    vertex 2.928201055498606 -1.1385776054767712e-14 75.80352286270261
    vertex 2.928201055498606 -4.0000000000000036 75.8035228627026
  endloop
endfacet
facet normal -0.8443279255020151 3.299765187091552e-16 -0.5358267949789965
  outer loop
    vertex 2.928201055498606 -1.1385776054767712e-14 75.80352286270261
    vertex 2.7038569939320647 -4.0000000000000036 76.15703253761275
    vertex 2.7038569939320647 -1.1603476798646022e-14 76.15703253761275
  endloop
endfacet
facet normal 0.02761708268091612 -0.7517026973525612 -0.6589236310355541
  outer loop
    vertex 6.5377380724169125 -4.708767288420091 74.42833990415818
    vertex 6.150906696353477 -4.795100539910059 74.51061618226754
    vertex 6.149874828031086 -4.708767288420091 74.41208361771683
  endloop
endfacet
facet normal 0.02761708268091612 -0.7517026973525612 -0.6589236310355541
  outer loop
    vertex 6.150906696353477 -4.795100539910059 74.51061618226754
    vertex 6.5377380724169125 -4.708767288420091 74.42833990415818
    vertex 6.528464830502361 -4.795100539910059 74.52644055662068
  endloop
endfacet
facet normal 0.031515558258202805 -0.6584795754774374 -0.7519384404768302
  outer loop
    vertex 6.5377380724169125 -4.708767288420091 74.42833990415818
    vertex 6.14897076485943 -4.610229320970102 74.32575509993382
    vertex 6.545862749097936 -4.610229320970102 74.34238980269426
  endloop
endfacet
facet normal 0.031515558258202805 -0.6584795754774374 -0.7519384404768302
  outer loop
    vertex 6.14897076485943 -4.610229320970102 74.32575509993382
    vertex 6.5377380724169125 -4.708767288420091 74.42833990415818
    vertex 6.149874828031086 -4.708767288420091 74.41208361771683
  endloop
endfacet
facet normal 0.03486591298097181 -0.5538660033848894 -0.8318754825131301
  outer loop
    vertex 6.545862749097936 -4.610229320970102 74.34238980269426
    vertex 6.148210199147157 -4.5011970138341955 74.25312907923583
    vertex 6.552697836181021 -4.5011970138341955 74.27008213417153
  endloop
endfacet
facet normal 0.03486591298097181 -0.5538660033848894 -0.8318754825131301
  outer loop
    vertex 6.148210199147157 -4.5011970138341955 74.25312907923583
    vertex 6.545862749097936 -4.610229320970102 74.34238980269426
    vertex 6.14897076485943 -4.610229320970102 74.32575509993382
  endloop
endfacet
facet normal 0.03761070852813199 -0.4396847862059337 -0.897364320319821
  outer loop
    vertex 6.552697836181021 -4.5011970138341955 74.27008213417153
    vertex 6.147606332440667 -4.383562899160756 74.19546616435979
    vertex 6.558124693399058 -4.383562899160756 74.2126719815177
  endloop
endfacet
facet normal 0.03761070852813199 -0.4396847862059337 -0.897364320319821
  outer loop
    vertex 6.147606332440667 -4.383562899160756 74.19546616435979
    vertex 6.552697836181021 -4.5011970138341955 74.27008213417153
    vertex 6.148210199147157 -4.5011970138341955 74.25312907923583
  endloop
endfacet
facet normal 0.03970307439982427 -0.3179176845102837 -0.9472866576484764
  outer loop
    vertex 6.558124693399058 -4.383562899160756 74.2126719815177
    vertex 6.147169646377792 -4.259368815278393 74.15376724140118
    vertex 6.562049123884906 -4.259368815278393 74.17115584349901
  endloop
endfacet
facet normal 0.03970307439982427 -0.3179176845102837 -0.9472866576484764
  outer loop
    vertex 6.147169646377792 -4.259368815278393 74.15376724140118
    vertex 6.558124693399058 -4.383562899160756 74.2126719815177
    vertex 6.147606332440667 -4.383562899160756 74.19546616435979
  endloop
endfacet
facet normal 0.041107402464598555 -0.19067104846833272 -0.9807929102203993
  outer loop
    vertex 6.562049123884906 -4.259368815278393 74.17115584349901
    vertex 6.1469077207523934 -4.130770465414534 74.12875610089812
    vertex 6.564403009196846 -4.130770465414534 74.14625433795746
  endloop
endfacet
facet normal 0.041107402464598555 -0.19067104846833272 -0.9807929102203993
  outer loop
    vertex 6.1469077207523934 -4.130770465414534 74.12875610089812
    vertex 6.562049123884906 -4.259368815278393 74.17115584349901
    vertex 6.147169646377792 -4.259368815278393 74.15376724140118
  endloop
endfacet
facet normal 0.04179985583702899 -0.06014037714823421 -0.9973143471786977
  outer loop
    vertex 6.564403009196846 -4.130770465414534 74.14625433795746
    vertex 6.146825101947832 -4.000000000000003 74.12086687461128
    vertex 6.5651454916868754 -4.000000000000003 74.138399693661
  endloop
endfacet
facet normal 0.04179985583702899 -0.06014037714823421 -0.9973143471786977
  outer loop
    vertex 6.146825101947832 -4.000000000000003 74.12086687461128
    vertex 6.564403009196846 -4.130770465414534 74.14625433795746
    vertex 6.1469077207523934 -4.130770465414534 74.12875610089812
  endloop
endfacet
facet normal -0.04187565372919854 -6.152866492086925e-16 0.9991228300988584
  outer loop
    vertex 6.15729688606408 -5.000000000000001 75.12081204397678
    vertex 6.471037178368363 -4.600000000000002 75.13396165826408
    vertex 6.157296886064082 -4.600000000000002 75.12081204397678
  endloop
endfacet
facet normal -0.04187565372919854 -6.152866492086925e-16 0.9991228300988584
  outer loop
    vertex 6.471037178368363 -4.600000000000002 75.13396165826408
    vertex 6.15729688606408 -5.000000000000001 75.12081204397678
    vertex 6.4710371783683645 -5.000000000000001 75.13396165826408
  endloop
endfacet
facet normal 0.008809530804931616 -0.9981799998601126 -0.05965802583276046
  outer loop
    vertex 6.807532001944173 -4.992110341118162 75.05164351047043
    vertex 6.4710371783683645 -5.000000000000001 75.13396165826408
    vertex 6.483343766300401 -4.992110341118162 75.00377155680393
  endloop
endfacet
facet normal 0.008809530804931616 -0.9981799998601126 -0.05965802583276046
  outer loop
    vertex 6.4710371783683645 -5.000000000000001 75.13396165826408
    vertex 6.807532001944173 -4.992110341118162 75.05164351047043
    vertex 6.781684259550197 -5.000000000000001 75.17983402820815
  endloop
endfacet
facet normal 0.02792751445540311 -0.9815558465853603 -0.18912475768772247
  outer loop
    vertex 6.832950409755409 -4.96709782916319 74.92558225499496
    vertex 6.483343766300401 -4.992110341118162 75.00377155680393
    vertex 6.495445940101634 -4.96709782916319 74.87574393096875
  endloop
endfacet
facet normal 0.02792751445540311 -0.9815558465853603 -0.18912475768772247
  outer loop
    vertex 6.483343766300401 -4.992110341118162 75.00377155680393
    vertex 6.832950409755409 -4.96709782916319 74.92558225499496
    vertex 6.807532001944173 -4.992110341118162 75.05164351047043
  endloop
endfacet
facet normal 0.04655699546218184 -0.9478548683898342 -0.31528335611513747
  outer loop
    vertex 6.857498282066417 -4.925396619700809 74.80383837450653
    vertex 6.495445940101634 -4.96709782916319 74.87574393096875
    vertex 6.507133635859941 -4.925396619700809 74.75210102482674
  endloop
endfacet
facet normal 0.04655699546218184 -0.9478548683898342 -0.31528335611513747
  outer loop
    vertex 6.495445940101634 -4.96709782916319 74.87574393096875
    vertex 6.857498282066417 -4.925396619700809 74.80383837450653
    vertex 6.832950409755409 -4.96709782916319 74.92558225499496
  endloop
endfacet
facet normal 0.06437268089363749 -0.8976749812868241 -0.43593094169405516
  outer loop
    vertex 6.880749528310623 -4.867730542957188 74.68852504274001
    vertex 6.507133635859941 -4.925396619700809 74.75210102482674
    vertex 6.518203983980573 -4.867730542957188 74.63498897451811
  endloop
endfacet
facet normal 0.06437268089363749 -0.8976749812868241 -0.43593094169405516
  outer loop
    vertex 6.507133635859941 -4.925396619700809 74.75210102482674
    vertex 6.880749528310623 -4.867730542957188 74.68852504274001
    vertex 6.857498282066417 -4.925396619700809 74.80383837450653
  endloop
endfacet
facet normal 0.0810642832582307 -0.8319042231740185 -0.5489662516449096
  outer loop
    vertex 6.902300564154506 -4.7951005399100595 74.58164381495217
    vertex 6.518203983980573 -4.867730542957188 74.63498897451811
    vertex 6.528464830502361 -4.795100539910059 74.52644055662068
  endloop
endfacet
facet normal 0.0810642832582307 -0.8319042231740185 -0.5489662516449096
  outer loop
    vertex 6.518203983980573 -4.867730542957188 74.63498897451811
    vertex 6.902300564154506 -4.7951005399100595 74.58164381495217
    vertex 6.880749528310623 -4.867730542957188 74.68852504274001
  endloop
endfacet
facet normal 0.09634206797525488 -0.7517026973525618 -0.6524272072278519
  outer loop
    vertex 6.921777316727036 -4.708767288420091 74.48504988585513
    vertex 6.528464830502361 -4.795100539910059 74.52644055662068
    vertex 6.5377380724169125 -4.708767288420091 74.42833990415818
  endloop
endfacet
facet normal 0.09634206797525488 -0.7517026973525618 -0.6524272072278519
  outer loop
    vertex 6.528464830502361 -4.795100539910059 74.52644055662068
    vertex 6.921777316727036 -4.708767288420091 74.48504988585513
    vertex 6.902300564154506 -4.7951005399100595 74.58164381495217
  endloop
endfacet
facet normal 0.1099418823874555 -0.6584795754774355 -0.7445249701495303
  outer loop
    vertex 6.921777316727036 -4.708767288420091 74.48504988585513
    vertex 6.545862749097936 -4.610229320970102 74.34238980269426
    vertex 6.938841717602825 -4.610229320970102 74.40041988800816
  endloop
endfacet
facet normal 0.1099418823874555 -0.6584795754774355 -0.7445249701495303
  outer loop
    vertex 6.545862749097936 -4.610229320970102 74.34238980269426
    vertex 6.921777316727036 -4.708767288420091 74.48504988585513
    vertex 6.5377380724169125 -4.708767288420091 74.42833990415818
  endloop
endfacet
facet normal 0.12162957967871556 -0.5538660033848924 -0.8236739012750282
  outer loop
    vertex 6.938841717602825 -4.610229320970102 74.40041988800816
    vertex 6.552697836181021 -4.5011970138341955 74.27008213417153
    vertex 6.953197570836848 -4.5011970138341955 74.32922278960837
  endloop
endfacet
facet normal 0.12162957967871556 -0.5538660033848924 -0.8236739012750282
  outer loop
    vertex 6.552697836181021 -4.5011970138341955 74.27008213417153
    vertex 6.938841717602825 -4.610229320970102 74.40041988800816
    vertex 6.545862749097936 -4.610229320970102 74.34238980269426
  endloop
endfacet
facet normal 0.13120478652579323 -0.43968478620593093 -0.8885170751154792
  outer loop
    vertex 6.953197570836848 -4.5011970138341955 74.32922278960837
    vertex 6.558124693399058 -4.383562899160756 74.2126719815177
    vertex 6.96459569419609 -4.383562899160756 74.27269439682307
  endloop
endfacet
facet normal 0.13120478652579323 -0.43968478620593093 -0.8885170751154792
  outer loop
    vertex 6.558124693399058 -4.383562899160756 74.2126719815177
    vertex 6.953197570836848 -4.5011970138341955 74.32922278960837
    vertex 6.552697836181021 -4.5011970138341955 74.27008213417153
  endloop
endfacet
facet normal 0.13850399540200622 -0.3179176845102836 -0.9379472208676248
  outer loop
    vertex 6.96459569419609 -4.383562899160756 74.27269439682307
    vertex 6.562049123884906 -4.259368815278393 74.17115584349901
    vertex 6.972838244349018 -4.259368815278393 74.23181590324025
  endloop
endfacet
facet normal 0.13850399540200622 -0.3179176845102836 -0.9379472208676248
  outer loop
    vertex 6.562049123884906 -4.259368815278393 74.17115584349901
    vertex 6.96459569419609 -4.383562899160756 74.27269439682307
    vertex 6.558124693399058 -4.383562899160756 74.2126719815177
  endloop
endfacet
facet normal 0.14340298750190641 -0.19067104846833155 -0.9711231304276072
  outer loop
    vertex 6.972838244349018 -4.259368815278393 74.23181590324025
    vertex 6.564403009196846 -4.130770465414534 74.14625433795746
    vertex 6.977782150938238 -4.130770465414534 74.2072968587659
  endloop
endfacet
facet normal 0.14340298750190641 -0.19067104846833155 -0.9711231304276072
  outer loop
    vertex 6.564403009196846 -4.130770465414534 74.14625433795746
    vertex 6.972838244349018 -4.259368815278393 74.23181590324025
    vertex 6.562049123884906 -4.259368815278393 74.17115584349901
  endloop
endfacet
facet normal 0.14581860795853457 -0.06014037714823675 -0.9874816801386763
  outer loop
    vertex 6.977782150938238 -4.130770465414534 74.2072968587659
    vertex 6.5651454916868754 -4.000000000000003 74.138399693661
    vertex 6.979341599929321 -4.000000000000003 74.19956285358643
  endloop
endfacet
facet normal 0.14581860795853457 -0.06014037714823675 -0.9874816801386763
  outer loop
    vertex 6.5651454916868754 -4.000000000000003 74.138399693661
    vertex 6.977782150938238 -4.130770465414534 74.2072968587659
    vertex 6.564403009196846 -4.130770465414534 74.14625433795746
  endloop
endfacet
facet normal -0.14608302856240946 -6.092204487444619e-16 0.9892723329629888
  outer loop
    vertex 6.4710371783683645 -5.000000000000001 75.13396165826408
    vertex 6.781684259550197 -4.600000000000002 75.17983402820815
    vertex 6.471037178368363 -4.600000000000002 75.13396165826408
  endloop
endfacet
facet normal -0.14608302856240946 -6.092204487444619e-16 0.9892723329629888
  outer loop
    vertex 6.781684259550197 -4.600000000000002 75.17983402820815
    vertex 6.4710371783683645 -5.000000000000001 75.13396165826408
    vertex 6.781684259550197 -5.000000000000001 75.17983402820815
  endloop
endfacet
facet normal 0.014997233035306277 -0.9981799998601126 -0.05841036620797783
  outer loop
    vertex 7.124940318762335 -4.992110341118162 75.13314011464709
    vertex 6.781684259550197 -5.000000000000001 75.17983402820815
    vertex 6.807532001944173 -4.992110341118162 75.05164351047043
  endloop
endfacet
facet normal 0.014997233035306277 -0.9981799998601126 -0.05841036620797783
  outer loop
    vertex 6.781684259550197 -5.000000000000001 75.17983402820815
    vertex 7.124940318762335 -4.992110341118162 75.13314011464709
    vertex 7.085834615181077 -5.000000000000001 75.25792656652449
  endloop
endfacet
facet normal 0.0475434448960778 -0.9815558465853603 -0.1851694923077506
  outer loop
    vertex 7.163396471188448 -4.96709782916319 75.01042638302636
    vertex 6.807532001944173 -4.992110341118162 75.05164351047043
    vertex 6.832950409755409 -4.96709782916319 74.92558225499496
  endloop
endfacet
facet normal 0.0475434448960778 -0.9815558465853603 -0.1851694923077506
  outer loop
    vertex 6.807532001944173 -4.992110341118162 75.05164351047043
    vertex 7.163396471188448 -4.96709782916319 75.01042638302636
    vertex 7.124940318762335 -4.992110341118162 75.13314011464709
  endloop
endfacet
facet normal 0.07925803607828548 -0.9478548683898341 -0.3086896697116755
  outer loop
    vertex 7.20053556842615 -4.925396619700809 74.89191537962267
    vertex 6.832950409755409 -4.96709782916319 74.92558225499496
    vertex 6.857498282066417 -4.925396619700809 74.80383837450653
  endloop
endfacet
facet normal 0.07925803607828548 -0.9478548683898341 -0.3086896697116755
  outer loop
    vertex 6.832950409755409 -4.96709782916319 74.92558225499496
    vertex 7.20053556842615 -4.925396619700809 74.89191537962267
    vertex 7.163396471188448 -4.96709782916319 75.01042638302636
  endloop
endfacet
facet normal 0.10958723203837879 -0.8976749812868241 -0.426814088973017
  outer loop
    vertex 7.235712967274438 -4.867730542957188 74.77966416339197
    vertex 6.857498282066417 -4.925396619700809 74.80383837450653
    vertex 6.880749528310623 -4.867730542957188 74.68852504274001
  endloop
endfacet
facet normal 0.10958723203837879 -0.8976749812868241 -0.426814088973017
  outer loop
    vertex 6.857498282066417 -4.925396619700809 74.80383837450653
    vertex 7.235712967274438 -4.867730542957188 74.77966416339197
    vertex 7.20053556842615 -4.925396619700809 74.89191537962267
  endloop
endfacet
facet normal 0.13800280330289377 -0.831904223174018 -0.5374854321242359
  outer loop
    vertex 7.2683180747818685 -4.7951005399100595 74.67562113881172
    vertex 6.880749528310623 -4.867730542957188 74.68852504274001
    vertex 6.902300564154506 -4.7951005399100595 74.58164381495217
  endloop
endfacet
facet normal 0.13800280330289377 -0.831904223174018 -0.5374854321242359
  outer loop
    vertex 6.880749528310623 -4.867730542957188 74.68852504274001
    vertex 7.2683180747818685 -4.7951005399100595 74.67562113881172
    vertex 7.235712967274438 -4.867730542957188 74.77966416339197
  endloop
endfacet
facet normal 0.16401150941198522 -0.7517026973525628 -0.6387826544085896
  outer loop
    vertex 7.297784946635416 -4.708767288420092 74.58159223638091
    vertex 6.902300564154506 -4.7951005399100595 74.58164381495217
    vertex 6.921777316727036 -4.708767288420091 74.48504988585513
  endloop
endfacet
facet normal 0.16401150941198522 -0.7517026973525628 -0.6387826544085896
  outer loop
    vertex 6.902300564154506 -4.7951005399100595 74.58164381495217
    vertex 7.297784946635416 -4.708767288420092 74.58159223638091
    vertex 7.2683180747818685 -4.7951005399100595 74.67562113881172
  endloop
endfacet
facet normal 0.18716366024645625 -0.6584795754774352 -0.7289543284474039
  outer loop
    vertex 7.297784946635416 -4.708767288420092 74.58159223638091
    vertex 6.938841717602825 -4.610229320970102 74.40041988800816
    vertex 7.323602110559021 -4.610229320970102 74.49920956611724
  endloop
endfacet
facet normal 0.18716366024645625 -0.6584795754774352 -0.7289543284474039
  outer loop
    vertex 6.938841717602825 -4.610229320970102 74.40041988800816
    vertex 7.297784946635416 -4.708767288420092 74.58159223638091
    vertex 6.921777316727036 -4.708767288420091 74.48504988585513
  endloop
endfacet
facet normal 0.2070606472488756 -0.553866003384896 -0.8064479764097119
  outer loop
    vertex 7.323602110559021 -4.610229320970102 74.49920956611724
    vertex 6.953197570836848 -4.5011970138341955 74.32922278960837
    vertex 7.345321444211796 -4.5011970138341955 74.42990308814942
  endloop
endfacet
facet normal 0.2070606472488756 -0.553866003384896 -0.8064479764097119
  outer loop
    vertex 6.953197570836848 -4.5011970138341955 74.32922278960837
    vertex 7.323602110559021 -4.610229320970102 74.49920956611724
    vertex 6.938841717602825 -4.610229320970102 74.40041988800816
  endloop
endfacet
facet normal 0.22336135742591542 -0.43968478620592744 -0.8699350509020201
  outer loop
    vertex 7.345321444211796 -4.5011970138341955 74.42990308814942
    vertex 6.96459569419609 -4.383562899160756 74.27269439682307
    vertex 7.3625659534875085 -4.383562899160756 74.37487579213334
  endloop
endfacet
facet normal 0.22336135742591542 -0.43968478620592744 -0.8699350509020201
  outer loop
    vertex 6.96459569419609 -4.383562899160756 74.27269439682307
    vertex 7.345321444211796 -4.5011970138341955 74.42990308814942
    vertex 6.953197570836848 -4.5011970138341955 74.32922278960837
  endloop
endfacet
facet normal 0.23578743764674348 -0.3179176845102829 -0.9183314380568726
  outer loop
    vertex 7.3625659534875085 -4.383562899160756 74.37487579213334
    vertex 6.972838244349018 -4.259368815278393 74.23181590324025
    vertex 7.375036316203176 -4.259368815278393 74.33508281631643
  endloop
endfacet
facet normal 0.23578743764674348 -0.3179176845102829 -0.9183314380568726
  outer loop
    vertex 6.972838244349018 -4.259368815278393 74.23181590324025
    vertex 7.3625659534875085 -4.383562899160756 74.37487579213334
    vertex 6.96459569419609 -4.383562899160756 74.27269439682307
  endloop
endfacet
facet normal 0.2441274193991405 -0.1906710484683326 -0.9508135223972696
  outer loop
    vertex 7.375036316203176 -4.259368815278393 74.33508281631643
    vertex 6.977782150938238 -4.130770465414534 74.2072968587659
    vertex 7.382516077594506 -4.130770465414534 74.31121486869151
  endloop
endfacet
facet normal 0.2441274193991405 -0.1906710484683326 -0.9508135223972696
  outer loop
    vertex 6.977782150938238 -4.130770465414534 74.2072968587659
    vertex 7.375036316203176 -4.259368815278393 74.33508281631643
    vertex 6.972838244349018 -4.259368815278393 74.23181590324025
  endloop
endfacet
facet normal 0.2482397408967423 -0.06014037714823693 -0.9668299571672292
  outer loop
    vertex 7.382516077594506 -4.130770465414534 74.31121486869151
    vertex 6.979341599929321 -4.000000000000003 74.19956285358643
    vertex 7.3848754074371605 -4.000000000000003 74.30368623800821
  endloop
endfacet
facet normal 0.2482397408967423 -0.06014037714823693 -0.9668299571672292
  outer loop
    vertex 6.979341599929321 -4.000000000000003 74.19956285358643
    vertex 7.382516077594506 -4.130770465414534 74.31121486869151
    vertex 6.977782150938238 -4.130770465414534 74.2072968587659
  endloop
endfacet
facet normal -0.24868988716485413 -5.964795015562116e-16 0.9685831611286313
  outer loop
    vertex 6.781684259550197 -5.000000000000001 75.17983402820815
    vertex 6.903025883920351 -4.600000000000002 75.21098926204255
    vertex 6.781684259550197 -4.600000000000002 75.17983402820815
  endloop
endfacet
facet normal -0.24868988716485413 -5.964795015562116e-16 0.9685831611286313
  outer loop
    vertex 6.903025883920351 -4.600000000000002 75.21098926204255
    vertex 7.08583461518108 -4.0000000000000036 75.25792656652449
    vertex 6.903025883920351 -4.0000000000000036 75.21098926204255
  endloop
endfacet
facet normal -0.24868988716485413 -5.964795015562116e-16 0.9685831611286313
  outer loop
    vertex 7.08583461518108 -4.0000000000000036 75.25792656652449
    vertex 6.903025883920351 -4.600000000000002 75.21098926204255
    vertex 7.085834615181077 -5.000000000000001 75.25792656652449
  endloop
endfacet
facet normal -0.24868988716485413 -5.964795015562116e-16 0.9685831611286313
  outer loop
    vertex 7.085834615181077 -5.000000000000001 75.25792656652449
    vertex 6.903025883920351 -4.600000000000002 75.21098926204255
    vertex 6.781684259550197 -5.000000000000001 75.17983402820815
  endloop
endfacet
facet normal 0.021020622442173238 -0.9981799998601126 -0.056522750387865694
  outer loop
    vertex 7.432091124813869 -4.992110341118162 75.24736847548435
    vertex 7.085834615181077 -5.000000000000001 75.25792656652449
    vertex 7.124940318762335 -4.992110341118162 75.13314011464709
  endloop
endfacet
facet normal 0.021020622442173238 -0.9981799998601126 -0.056522750387865694
  outer loop
    vertex 7.085834615181077 -5.000000000000001 75.25792656652449
    vertex 7.432091124813869 -4.992110341118162 75.24736847548435
    vertex 7.380155910317161 -5.000000000000001 75.36738367502137
  endloop
endfacet
facet normal 0.06663847940536463 -0.9815558465853604 -0.17918547122084755
  outer loop
    vertex 7.483163688201416 -4.96709782916319 75.12934674504146
    vertex 7.124940318762335 -4.992110341118162 75.13314011464709
    vertex 7.163396471188448 -4.96709782916319 75.01042638302636
  endloop
endfacet
facet normal 0.06663847940536463 -0.9815558465853604 -0.17918547122084755
  outer loop
    vertex 7.124940318762335 -4.992110341118162 75.13314011464709
    vertex 7.483163688201416 -4.96709782916319 75.12934674504146
    vertex 7.432091124813869 -4.992110341118162 75.24736847548435
  endloop
endfacet
facet normal 0.11109070906530409 -0.947854868389834 -0.2987139146893869
  outer loop
    vertex 7.532487106644615 -4.925396619700809 75.01536705007584
    vertex 7.163396471188448 -4.96709782916319 75.01042638302636
    vertex 7.20053556842615 -4.925396619700809 74.89191537962267
  endloop
endfacet
facet normal 0.11109070906530409 -0.947854868389834 -0.2987139146893869
  outer loop
    vertex 7.163396471188448 -4.96709782916319 75.01042638302636
    vertex 7.532487106644615 -4.925396619700809 75.01536705007584
    vertex 7.483163688201416 -4.96709782916319 75.12934674504146
  endloop
endfacet
facet normal 0.15360112253630429 -0.897674981286824 -0.4130209717766005
  outer loop
    vertex 7.57920524715386 -4.867730542957188 74.90740779719604
    vertex 7.20053556842615 -4.925396619700809 74.89191537962267
    vertex 7.235712967274438 -4.867730542957188 74.77966416339197
  endloop
endfacet
facet normal 0.15360112253630429 -0.897674981286824 -0.4130209717766005
  outer loop
    vertex 7.20053556842615 -4.925396619700809 74.89191537962267
    vertex 7.57920524715386 -4.867730542957188 74.90740779719604
    vertex 7.532487106644615 -4.925396619700809 75.01536705007584
  endloop
endfacet
facet normal 0.19342933575562618 -0.8319042231740167 -0.5201158097331526
  outer loop
    vertex 7.622507197943928 -4.7951005399100595 74.80734289297307
    vertex 7.235712967274438 -4.867730542957188 74.77966416339197
    vertex 7.2683180747818685 -4.7951005399100595 74.67562113881172
  endloop
endfacet
facet normal 0.19342933575562618 -0.8319042231740167 -0.5201158097331526
  outer loop
    vertex 7.235712967274438 -4.867730542957188 74.77966416339197
    vertex 7.622507197943928 -4.7951005399100595 74.80734289297307
    vertex 7.57920524715386 -4.867730542957188 74.90740779719604
  endloop
endfacet
facet normal 0.2298840064299795 -0.751702697352565 -0.6181394651537623
  outer loop
    vertex 7.66164134386413 -4.708767288420092 74.71690921754035
    vertex 7.2683180747818685 -4.7951005399100595 74.67562113881172
    vertex 7.297784946635416 -4.708767288420092 74.58159223638091
  endloop
endfacet
facet normal 0.2298840064299795 -0.751702697352565 -0.6181394651537623
  outer loop
    vertex 7.2683180747818685 -4.7951005399100595 74.67562113881172
    vertex 7.66164134386413 -4.708767288420092 74.71690921754035
    vertex 7.622507197943928 -4.7951005399100595 74.80734289297307
  endloop
endfacet
facet normal 0.26233483387728007 -0.6584795754774343 -0.7053971105793089
  outer loop
    vertex 7.66164134386413 -4.708767288420092 74.71690921754035
    vertex 7.323602110559021 -4.610229320970102 74.49920956611724
    vertex 7.695928412585013 -4.610229320970103 74.6376764766351
  endloop
endfacet
facet normal 0.26233483387728007 -0.6584795754774343 -0.7053971105793089
  outer loop
    vertex 7.323602110559021 -4.610229320970102 74.49920956611724
    vertex 7.66164134386413 -4.708767288420092 74.71690921754035
    vertex 7.297784946635416 -4.708767288420092 74.58159223638091
  endloop
endfacet
facet normal 0.2902231150375481 -0.5538660033848991 -0.7803864387547627
  outer loop
    vertex 7.695928412585013 -4.610229320970103 74.6376764766351
    vertex 7.345321444211796 -4.5011970138341955 74.42990308814942
    vertex 7.7247732650919785 -4.5011970138341955 74.57101995537515
  endloop
endfacet
facet normal 0.2902231150375481 -0.5538660033848991 -0.7803864387547627
  outer loop
    vertex 7.345321444211796 -4.5011970138341955 74.42990308814942
    vertex 7.695928412585013 -4.610229320970103 74.6376764766351
    vertex 7.323602110559021 -4.610229320970102 74.49920956611724
  endloop
endfacet
facet normal 0.313070734552708 -0.43968478620592377 -0.8418218362252662
  outer loop
    vertex 7.7247732650919785 -4.5011970138341955 74.57101995537515
    vertex 7.3625659534875085 -4.383562899160756 74.37487579213334
    vertex 7.74767522583189 -4.383562899160756 74.51809664669864
  endloop
endfacet
facet normal 0.313070734552708 -0.43968478620592377 -0.8418218362252662
  outer loop
    vertex 7.3625659534875085 -4.383562899160756 74.37487579213334
    vertex 7.7247732650919785 -4.5011970138341955 74.57101995537515
    vertex 7.345321444211796 -4.5011970138341955 74.42990308814942
  endloop
endfacet
facet normal 0.33048754338292574 -0.317917684510285 -0.8886542238375608
  outer loop
    vertex 7.74767522583189 -4.383562899160756 74.51809664669864
    vertex 7.375036316203176 -4.259368815278393 74.33508281631643
    vertex 7.764236773206794 -4.259368815278393 74.47982516881792
  endloop
endfacet
facet normal 0.33048754338292574 -0.317917684510285 -0.8886542238375608
  outer loop
    vertex 7.375036316203176 -4.259368815278393 74.33508281631643
    vertex 7.74767522583189 -4.383562899160756 74.51809664669864
    vertex 7.3625659534875085 -4.383562899160756 74.37487579213334
  endloop
endfacet
facet normal 0.3421771402024897 -0.19067104846833233 -0.9200866024450268
  outer loop
    vertex 7.764236773206794 -4.259368815278393 74.47982516881792
    vertex 7.382516077594506 -4.130770465414534 74.31121486869151
    vertex 7.774170439569189 -4.130770465414534 74.45686982027128
  endloop
endfacet
facet normal 0.3421771402024897 -0.19067104846833233 -0.9200866024450268
  outer loop
    vertex 7.382516077594506 -4.130770465414534 74.31121486869151
    vertex 7.764236773206794 -4.259368815278393 74.47982516881792
    vertex 7.375036316203176 -4.259368815278393 74.33508281631643
  endloop
endfacet
facet normal 0.34794110728617933 -0.06014037714823675 -0.9355854428628823
  outer loop
    vertex 7.774170439569189 -4.130770465414534 74.45686982027128
    vertex 7.3848754074371605 -4.000000000000003 74.30368623800821
    vertex 7.777303800951939 -4.000000000000003 74.44962904933739
  endloop
endfacet
facet normal 0.34794110728617933 -0.06014037714823675 -0.9355854428628823
  outer loop
    vertex 7.3848754074371605 -4.000000000000003 74.30368623800821
    vertex 7.774170439569189 -4.130770465414534 74.45686982027128
    vertex 7.382516077594506 -4.130770465414534 74.31121486869151
  endloop
endfacet
facet normal -0.34857204732181496 -5.772034001275513e-16 0.9372819894918917
  outer loop
    vertex 7.085834615181077 -5.000000000000001 75.25792656652449
    vertex 7.380155910317161 -4.0000000000000036 75.36738367502137
    vertex 7.08583461518108 -4.0000000000000036 75.25792656652449
  endloop
endfacet
facet normal -0.34857204732181496 -5.772034001275513e-16 0.9372819894918917
  outer loop
    vertex 7.380155910317161 -4.0000000000000036 75.36738367502137
    vertex 7.085834615181077 -5.000000000000001 75.25792656652449
    vertex 7.380155910317161 -5.000000000000001 75.36738367502137
  endloop
endfacet
facet normal 0.026813705510715657 -0.9981799998601126 -0.05401585948635809
  outer loop
    vertex 7.7256192115922335 -4.992110341118162 75.393077083157
    vertex 7.380155910317161 -5.000000000000001 75.36738367502137
    vertex 7.432091124813869 -4.992110341118162 75.24736847548435
  endloop
endfacet
facet normal 0.026813705510715657 -0.9981799998601126 -0.05401585948635809
  outer loop
    vertex 7.380155910317161 -5.000000000000001 75.36738367502137
    vertex 7.7256192115922335 -4.992110341118162 75.393077083157
    vertex 7.661423499258241 -5.000000000000001 75.50700611871275
  endloop
endfacet
facet normal 0.08500340878928858 -0.9815558465853605 -0.17123825661427852
  outer loop
    vertex 7.788748624249115 -4.96709782916319 75.28104042466833
    vertex 7.432091124813869 -4.992110341118162 75.24736847548435
    vertex 7.483163688201416 -4.96709782916319 75.12934674504146
  endloop
endfacet
facet normal 0.08500340878928858 -0.9815558465853605 -0.17123825661427852
  outer loop
    vertex 7.432091124813869 -4.992110341118162 75.24736847548435
    vertex 7.788748624249115 -4.96709782916319 75.28104042466833
    vertex 7.7256192115922335 -4.992110341118162 75.393077083157
  endloop
endfacet
facet normal 0.14170624899657835 -0.9478548683898339 -0.2854653875078555
  outer loop
    vertex 7.84971596620376 -4.925396619700809 75.17284082353059
    vertex 7.483163688201416 -4.96709782916319 75.12934674504146
    vertex 7.532487106644615 -4.925396619700809 75.01536705007584
  endloop
endfacet
facet normal 0.14170624899657835 -0.9478548683898339 -0.2854653875078555
  outer loop
    vertex 7.483163688201416 -4.96709782916319 75.12934674504146
    vertex 7.84971596620376 -4.925396619700809 75.17284082353059
    vertex 7.788748624249115 -4.96709782916319 75.28104042466833
  endloop
endfacet
facet normal 0.1959321269926202 -0.8976749812868238 -0.39470271038320465
  outer loop
    vertex 7.907462994650144 -4.867730542957188 75.0703563581682
    vertex 7.532487106644615 -4.925396619700809 75.01536705007584
    vertex 7.57920524715386 -4.867730542957188 74.90740779719604
  endloop
endfacet
facet normal 0.1959321269926202 -0.8976749812868238 -0.39470271038320465
  outer loop
    vertex 7.532487106644615 -4.925396619700809 75.01536705007584
    vertex 7.907462994650144 -4.867730542957188 75.0703563581682
    vertex 7.84971596620376 -4.925396619700809 75.17284082353059
  endloop
endfacet
facet normal 0.24673661592812973 -0.831904223174016 -0.49704768968940166
  outer loop
    vertex 7.960987363488478 -4.7951005399100595 74.97536590633311
    vertex 7.57920524715386 -4.867730542957188 74.90740779719604
    vertex 7.622507197943928 -4.7951005399100595 74.80734289297307
  endloop
endfacet
facet normal 0.24673661592812973 -0.831904223174016 -0.49704768968940166
  outer loop
    vertex 7.57920524715386 -4.867730542957188 74.90740779719604
    vertex 7.960987363488478 -4.7951005399100595 74.97536590633311
    vertex 7.907462994650144 -4.867730542957188 75.0703563581682
  endloop
endfacet
facet normal 0.2932378461672079 -0.751702697352566 -0.5907238105647119
  outer loop
    vertex 8.009360021583285 -4.708767288420092 74.88951826817096
    vertex 7.622507197943928 -4.7951005399100595 74.80734289297307
    vertex 7.66164134386413 -4.708767288420092 74.71690921754035
  endloop
endfacet
facet normal 0.2932378461672079 -0.751702697352566 -0.5907238105647119
  outer loop
    vertex 7.622507197943928 -4.7951005399100595 74.80734289297307
    vertex 8.009360021583285 -4.708767288420092 74.88951826817096
    vertex 7.960987363488478 -4.7951005399100595 74.97536590633311
  endloop
endfacet
facet normal 0.334631812171052 -0.6584795754774343 -0.6741114143538705
  outer loop
    vertex 8.009360021583285 -4.708767288420092 74.88951826817096
    vertex 7.695928412585013 -4.610229320970103 74.6376764766351
    vertex 8.051741338801511 -4.610229320970103 74.814303547114
  endloop
endfacet
facet normal 0.334631812171052 -0.6584795754774343 -0.6741114143538705
  outer loop
    vertex 7.695928412585013 -4.610229320970103 74.6376764766351
    vertex 8.009360021583285 -4.708767288420092 74.88951826817096
    vertex 7.66164134386413 -4.708767288420092 74.71690921754035
  endloop
endfacet
facet normal 0.3702058376447793 -0.5538660033848992 -0.745774823970457
  outer loop
    vertex 8.051741338801511 -4.610229320970103 74.814303547114
    vertex 7.7247732650919785 -4.5011970138341955 74.57101995537515
    vertex 8.087395679922425 -4.501197013834196 74.75102728535762
  endloop
endfacet
facet normal 0.3702058376447793 -0.5538660033848992 -0.745774823970457
  outer loop
    vertex 7.7247732650919785 -4.5011970138341955 74.57101995537515
    vertex 8.051741338801511 -4.610229320970103 74.814303547114
    vertex 7.695928412585013 -4.610229320970103 74.6376764766351
  endloop
endfacet
facet normal 0.3993500431974785 -0.4396847862059237 -0.8044854453482817
  outer loop
    vertex 8.087395679922425 -4.501197013834196 74.75102728535762
    vertex 7.74767522583189 -4.383562899160756 74.51809664669864
    vertex 8.115704173452128 -4.383562899160757 74.70078780286548
  endloop
endfacet
facet normal 0.3993500431974785 -0.4396847862059237 -0.8044854453482817
  outer loop
    vertex 7.74767522583189 -4.383562899160756 74.51809664669864
    vertex 8.087395679922425 -4.501197013834196 74.75102728535762
    vertex 7.7247732650919785 -4.5011970138341955 74.57101995537515
  endloop
endfacet
facet normal 0.4215667584348417 -0.31791768451028507 -0.8492407279790335
  outer loop
    vertex 8.115704173452128 -4.383562899160757 74.70078780286548
    vertex 7.764236773206794 -4.259368815278393 74.47982516881792
    vertex 8.136175453707503 -4.2593688152783935 74.66445713324143
  endloop
endfacet
facet normal 0.4215667584348417 -0.31791768451028507 -0.8492407279790335
  outer loop
    vertex 7.764236773206794 -4.259368815278393 74.47982516881792
    vertex 8.115704173452128 -4.383562899160757 74.70078780286548
    vertex 7.74767522583189 -4.383562899160756 74.51809664669864
  endloop
endfacet
facet normal 0.4364778966526105 -0.19067104846833233 -0.8792790211358962
  outer loop
    vertex 8.136175453707503 -4.2593688152783935 74.66445713324143
    vertex 7.774170439569189 -4.130770465414534 74.45686982027128
    vertex 8.148454189713542 -4.130770465414534 74.64266588737546
  endloop
endfacet
facet normal 0.4364778966526105 -0.19067104846833233 -0.8792790211358962
  outer loop
    vertex 7.774170439569189 -4.130770465414534 74.45686982027128
    vertex 8.136175453707503 -4.2593688152783935 74.66445713324143
    vertex 7.764236773206794 -4.259368815278393 74.47982516881792
  endloop
endfacet
facet normal -0.02219973544388772 -0.9981799998601126 -0.056070131313265326
  outer loop
    vertex 5.190123853193404 -4.992110341118162 75.15340220596242
    vertex 4.939869861631615 -5.000000000000001 75.3929392249321
    vertex 4.885432628684593 -4.992110341118162 75.27403799578033
  endloop
endfacet
facet normal -0.02219973544388772 -0.9981799998601126 -0.056070131313265326
  outer loop
    vertex 4.939869861631615 -5.000000000000001 75.3929392249321
    vertex 5.190123853193404 -4.992110341118162 75.15340220596242
    vertex 5.231834310518609 -5.000000000000001 75.27734232204456
  endloop
endfacet
facet normal -0.07037644186092445 -0.9815558465853603 -0.17775060186984562
  outer loop
    vertex 5.149106212343955 -4.96709782916319 75.0315207523821
    vertex 4.885432628684593 -4.992110341118162 75.27403799578033
    vertex 4.831899605719884 -4.96709782916319 75.15711173252024
  endloop
endfacet
facet normal -0.07037644186092445 -0.9815558465853603 -0.17775060186984562
  outer loop
    vertex 4.885432628684593 -4.992110341118162 75.27403799578033
    vertex 5.149106212343955 -4.96709782916319 75.0315207523821
    vertex 5.190123853193404 -4.992110341118162 75.15340220596242
  endloop
endfacet
facet normal -0.11732213726344162 -0.9478548683898345 -0.2963218935172153
  outer loop
    vertex 5.109493353129929 -4.925396619700809 74.91381352296831
    vertex 4.831899605719884 -4.96709782916319 75.15711173252024
    vertex 4.78019999408728 -4.925396619700809 75.04418998692437
  endloop
endfacet
facet normal -0.11732213726344162 -0.9478548683898345 -0.2963218935172153
  outer loop
    vertex 4.831899605719884 -4.96709782916319 75.15711173252024
    vertex 5.109493353129929 -4.925396619700809 74.91381352296831
    vertex 5.149106212343955 -4.96709782916319 75.0315207523821
  endloop
endfacet
facet normal -0.16221709388342886 -0.8976749812868229 -0.4097136102495463
  outer loop
    vertex 5.0719728571638 -4.867730542957188 74.80232362514137
    vertex 4.78019999408728 -4.925396619700809 75.04418998692437
    vertex 4.731231171634171 -4.867730542957188 74.9372328022075
  endloop
endfacet
facet normal -0.16221709388342886 -0.8976749812868229 -0.4097136102495463
  outer loop
    vertex 4.78019999408728 -4.925396619700809 75.04418998692437
    vertex 5.0719728571638 -4.867730542957188 74.80232362514137
    vertex 5.109493353129929 -4.925396619700809 74.91381352296831
  endloop
endfacet
facet normal -0.2042793971812477 -0.8319042231740201 -0.5159508613739259
  outer loop
    vertex 5.0371959877885555 -4.7951005399100595 74.6989862487675
    vertex 4.731231171634171 -4.867730542957188 74.9372328022075
    vertex 4.685843116437656 -4.7951005399100595 74.83809669150682
  endloop
endfacet
facet normal -0.2042793971812477 -0.8319042231740201 -0.5159508613739259
  outer loop
    vertex 4.731231171634171 -4.867730542957188 74.9372328022075
    vertex 5.0371959877885555 -4.7951005399100595 74.6989862487675
    vertex 5.0719728571638 -4.867730542957188 74.80232362514137
  endloop
endfacet
facet normal -0.24277892529422765 -0.7517026973525599 -0.6131895695670839
  outer loop
    vertex 5.005766385751071 -4.708767288420092 74.60559507603185
    vertex 4.685843116437656 -4.7951005399100595 74.83809669150682
    vertex 4.644823653279844 -4.708767288420092 74.74850241338919
  endloop
endfacet
facet normal -0.24277892529422765 -0.7517026973525599 -0.6131895695670839
  outer loop
    vertex 4.685843116437656 -4.7951005399100595 74.83809669150682
    vertex 5.005766385751071 -4.708767288420092 74.60559507603185
    vertex 5.0371959877885555 -4.7951005399100595 74.6989862487675
  endloop
endfacet
facet normal -0.2770500219873462 -0.6584795754774372 -0.6997484790950711
  outer loop
    vertex 4.978229591486374 -4.610229320970102 74.52377114753625
    vertex 4.644823653279844 -4.708767288420092 74.74850241338919
    vertex 4.608884778951184 -4.610229320970103 74.67000510372307
  endloop
endfacet
facet normal -0.2770500219873462 -0.6584795754774372 -0.6997484790950711
  outer loop
    vertex 4.644823653279844 -4.708767288420092 74.74850241338919
    vertex 4.978229591486374 -4.610229320970102 74.52377114753625
    vertex 5.005766385751071 -4.708767288420092 74.60559507603185
  endloop
endfacet
facet normal -0.3065026447841213 -0.5538660033848933 -0.7741373127777681
  outer loop
    vertex 4.978229591486374 -4.610229320970102 74.52377114753625
    vertex 4.57865030374085 -4.501197013834196 74.60396728235241
    vertex 4.955063575880145 -4.5011970138341955 74.45493472502928
  endloop
endfacet
facet normal -0.3065026447841213 -0.5538660033848933 -0.7741373127777681
  outer loop
    vertex 4.57865030374085 -4.501197013834196 74.60396728235241
    vertex 4.978229591486374 -4.610229320970102 74.52377114753625
    vertex 4.608884778951184 -4.610229320970103 74.67000510372307
  endloop
endfacet
facet normal -0.33063185932828704 -0.43968478620592905 -0.8350807520091493
  outer loop
    vertex 4.955063575880145 -4.5011970138341955 74.45493472502928
    vertex 4.554645023627465 -4.383562899160756 74.55153520311003
    vertex 4.936670443872071 -4.383562899160756 74.40028063916247
  endloop
endfacet
facet normal -0.33063185932828704 -0.43968478620592905 -0.8350807520091493
  outer loop
    vertex 4.554645023627465 -4.383562899160756 74.55153520311003
    vertex 4.955063575880145 -4.5011970138341955 74.45493472502928
    vertex 4.57865030374085 -4.501197013834196 74.60396728235241
  endloop
endfacet
facet normal -0.34902563189003066 -0.3179176845102846 -0.8815381183813801
  outer loop
    vertex 4.936670443872071 -4.383562899160756 74.40028063916247
    vertex 4.537285611114249 -4.259368815278393 74.51361895767592
    vertex 4.923369454905055 -4.259368815278393 74.36075755017485
  endloop
endfacet
facet normal -0.34902563189003066 -0.3179176845102846 -0.8815381183813801
  outer loop
    vertex 4.537285611114249 -4.259368815278393 74.51361895767592
    vertex 4.936670443872071 -4.383562899160756 74.40028063916247
    vertex 4.554645023627465 -4.383562899160756 74.55153520311003
  endloop
endfacet
facet normal -0.3613709350585696 -0.19067104846833344 -0.9127187949039295
  outer loop
    vertex 4.923369454905055 -4.259368815278393 74.36075755017485
    vertex 4.5268733828212095 -4.130770465414534 74.49087667862848
    vertex 4.915391481368087 -4.130770465414534 74.33705148148893
  endloop
endfacet
facet normal -0.3613709350585696 -0.19067104846833344 -0.9127187949039295
  outer loop
    vertex 4.5268733828212095 -4.130770465414534 74.49087667862848
    vertex 4.923369454905055 -4.259368815278393 74.36075755017485
    vertex 4.537285611114249 -4.259368815278393 74.51361895767592
  endloop
endfacet
facet normal -0.36745822123276284 -0.06014037714823451 -0.9280935247511007
  outer loop
    vertex 4.915391481368087 -4.130770465414534 74.33705148148893
    vertex 4.523589069371214 -4.000000000000003 74.48370311588505
    vertex 4.912875001220539 -4.000000000000003 74.32957391203499
  endloop
endfacet
facet normal -0.36745822123276284 -0.06014037714823451 -0.9280935247511007
  outer loop
    vertex 4.523589069371214 -4.000000000000003 74.48370311588505
    vertex 4.915391481368087 -4.130770465414534 74.33705148148893
    vertex 4.5268733828212095 -4.130770465414534 74.49087667862848
  endloop
endfacet
facet normal 0.368124552684679 -5.725813096059578e-16 0.929776485888251
  outer loop
    vertex 4.9398698616316175 -4.600000000000002 75.3929392249321
    vertex 5.231834310518609 -5.000000000000001 75.27734232204456
    vertex 5.231834310518612 -4.600000000000002 75.27734232204456
  endloop
endfacet
facet normal 0.368124552684679 -5.725813096059578e-16 0.929776485888251
  outer loop
    vertex 5.231834310518609 -5.000000000000001 75.27734232204456
    vertex 4.9398698616316175 -4.600000000000002 75.3929392249321
    vertex 4.939869861631615 -5.000000000000001 75.3929392249321
  endloop
endfacet
facet normal -0.016217198308938415 -0.9981799998601126 -0.05808347749811463
  outer loop
    vertex 5.505755821018732 -4.992110341118162 75.0652761770925
    vertex 5.231834310518609 -5.000000000000001 75.27734232204456
    vertex 5.190123853193404 -4.992110341118162 75.15340220596242
  endloop
endfacet
facet normal -0.016217198308938415 -0.9981799998601126 -0.05808347749811463
  outer loop
    vertex 5.231834310518609 -5.000000000000001 75.27734232204456
    vertex 5.505755821018732 -4.992110341118162 75.0652761770925
    vertex 5.534282514223192 -5.000000000000001 75.19289726625708
  endloop
endfacet
facet normal -0.05141091509044648 -0.9815558465853604 -0.18413320679241796
  outer loop
    vertex 5.477702960141182 -4.96709782916319 74.9397748919027
    vertex 5.190123853193404 -4.992110341118162 75.15340220596242
    vertex 5.149106212343955 -4.96709782916319 75.0315207523821
  endloop
endfacet
facet normal -0.05141091509044648 -0.9815558465853604 -0.18413320679241796
  outer loop
    vertex 5.190123853193404 -4.992110341118162 75.15340220596242
    vertex 5.477702960141182 -4.96709782916319 74.9397748919027
    vertex 5.505755821018732 -4.992110341118162 75.0652761770925
  endloop
endfacet
facet normal -0.08570536215797922 -0.9478548683898343 -0.30696211389528094
  outer loop
    vertex 5.450610860120809 -4.925396619700809 74.81857180370828
    vertex 5.149106212343955 -4.96709782916319 75.0315207523821
    vertex 5.109493353129929 -4.925396619700809 74.91381352296831
  endloop
endfacet
facet normal -0.08570536215797922 -0.9478548683898343 -0.30696211389528094
  outer loop
    vertex 5.149106212343955 -4.96709782916319 75.0315207523821
    vertex 5.450610860120809 -4.925396619700809 74.81857180370828
    vertex 5.477702960141182 -4.96709782916319 74.9397748919027
  endloop
endfacet
facet normal -0.11850171761085354 -0.8976749812868232 -0.4244254597629353
  outer loop
    vertex 5.424949773047133 -4.867730542957188 74.70377069942263
    vertex 5.109493353129929 -4.925396619700809 74.91381352296831
    vertex 5.0719728571638 -4.867730542957188 74.80232362514137
  endloop
endfacet
facet normal -0.11850171761085354 -0.8976749812868232 -0.4244254597629353
  outer loop
    vertex 5.109493353129929 -4.925396619700809 74.91381352296831
    vertex 5.424949773047133 -4.867730542957188 74.70377069942263
    vertex 5.450610860120809 -4.925396619700809 74.81857180370828
  endloop
endfacet
facet normal -0.1492287826083453 -0.8319042231740194 -0.5344774400350895
  outer loop
    vertex 5.401165112151563 -4.7951005399100595 74.59736424329586
    vertex 5.0719728571638 -4.867730542957188 74.80232362514137
    vertex 5.0371959877885555 -4.7951005399100595 74.6989862487675
  endloop
endfacet
facet normal -0.1492287826083453 -0.8319042231740194 -0.5344774400350895
  outer loop
    vertex 5.0719728571638 -4.867730542957188 74.80232362514137
    vertex 5.401165112151563 -4.7951005399100595 74.59736424329586
    vertex 5.424949773047133 -4.867730542957188 74.70377069942263
  endloop
endfacet
facet normal -0.1773531935404872 -0.7517026973525613 -0.6352077609206881
  outer loop
    vertex 5.379669720531396 -4.708767288420091 74.50119938917403
    vertex 5.0371959877885555 -4.7951005399100595 74.6989862487675
    vertex 5.005766385751071 -4.708767288420092 74.60559507603185
  endloop
endfacet
facet normal -0.1773531935404872 -0.7517026973525613 -0.6352077609206881
  outer loop
    vertex 5.0371959877885555 -4.7951005399100595 74.6989862487675
    vertex 5.379669720531396 -4.708767288420091 74.50119938917403
    vertex 5.401165112151563 -4.7951005399100595 74.59736424329586
  endloop
endfacet
facet normal -0.20238867978499311 -0.6584795754774366 -0.7248747967573037
  outer loop
    vertex 5.36083670521107 -4.610229320970102 74.4169453219323
    vertex 5.005766385751071 -4.708767288420092 74.60559507603185
    vertex 4.978229591486374 -4.610229320970102 74.52377114753625
  endloop
endfacet
facet normal -0.20238867978499311 -0.6584795754774366 -0.7248747967573037
  outer loop
    vertex 5.005766385751071 -4.708767288420092 74.60559507603185
    vertex 5.36083670521107 -4.610229320970102 74.4169453219323
    vertex 5.379669720531396 -4.708767288420091 74.50119938917403
  endloop
endfacet
facet normal -0.22390420756328308 -0.5538660033848918 -0.8019347580258044
  outer loop
    vertex 5.36083670521107 -4.610229320970102 74.4169453219323
    vertex 4.955063575880145 -4.5011970138341955 74.45493472502928
    vertex 5.3449929609237286 -4.5011970138341955 74.34606448453894
  endloop
endfacet
facet normal -0.22390420756328308 -0.5538660033848918 -0.8019347580258044
  outer loop
    vertex 4.955063575880145 -4.5011970138341955 74.45493472502928
    vertex 5.36083670521107 -4.610229320970102 74.4169453219323
    vertex 4.978229591486374 -4.610229320970102 74.52377114753625
  endloop
endfacet
facet normal -0.2415309156963914 -0.4396847862059315 -0.8650665324366139
  outer loop
    vertex 5.3449929609237286 -4.5011970138341955 74.34606448453894
    vertex 4.936670443872071 -4.383562899160756 74.40028063916247
    vertex 5.3324134960242535 -4.383562899160756 74.2897871936496
  endloop
endfacet
facet normal -0.2415309156963914 -0.4396847862059315 -0.8650665324366139
  outer loop
    vertex 4.936670443872071 -4.383562899160756 74.40028063916247
    vertex 5.3449929609237286 -4.5011970138341955 74.34606448453894
    vertex 4.955063575880145 -4.5011970138341955 74.45493472502928
  endloop
endfacet
facet normal -0.2549678081331196 -0.31791768451028196 -0.9131920732745186
  outer loop
    vertex 5.3324134960242535 -4.383562899160756 74.2897871936496
    vertex 4.923369454905055 -4.259368815278393 74.36075755017485
    vertex 5.323316659021973 -4.259368815278393 74.24909028434215
  endloop
endfacet
facet normal -0.2549678081331196 -0.31791768451028196 -0.9131920732745186
  outer loop
    vertex 4.923369454905055 -4.259368815278393 74.36075755017485
    vertex 5.3324134960242535 -4.383562899160756 74.2897871936496
    vertex 4.936670443872071 -4.383562899160756 74.40028063916247
  endloop
endfacet
facet normal -0.26398621423864305 -0.19067104846833474 -0.945492374357369
  outer loop
    vertex 5.323316659021973 -4.259368815278393 74.24909028434215
    vertex 4.915391481368087 -4.130770465414534 74.33705148148893
    vertex 5.3178603485886455 -4.130770465414534 74.22468015466708
  endloop
endfacet
facet normal -0.26398621423864305 -0.19067104846833474 -0.945492374357369
  outer loop
    vertex 4.915391481368087 -4.130770465414534 74.33705148148893
    vertex 5.323316659021973 -4.259368815278393 74.24909028434215
    vertex 4.923369454905055 -4.259368815278393 74.36075755017485
  endloop
endfacet
facet normal -0.26843305673817014 -0.060140377148234316 -0.9614191744950121
  outer loop
    vertex 5.3178603485886455 -4.130770465414534 74.22468015466708
    vertex 4.912875001220539 -4.000000000000003 74.32957391203499
    vertex 5.316139272826648 -4.000000000000003 74.21698050431834
  endloop
endfacet
facet normal -0.26843305673817014 -0.060140377148234316 -0.9614191744950121
  outer loop
    vertex 4.912875001220539 -4.000000000000003 74.32957391203499
    vertex 5.3178603485886455 -4.130770465414534 74.22468015466708
    vertex 4.915391481368087 -4.130770465414534 74.33705148148893
  endloop
endfacet
facet normal 0.26891982061526765 -5.931413541111229e-16 0.9631625667976577
  outer loop
    vertex 5.231834310518609 -5.000000000000001 75.27734232204456
    vertex 5.534282514223192 -4.600000000000002 75.19289726625708
    vertex 5.231834310518612 -4.600000000000002 75.27734232204456
  endloop
endfacet
facet normal 0.26891982061526765 -5.931413541111229e-16 0.9631625667976577
  outer loop
    vertex 5.534282514223192 -4.600000000000002 75.19289726625708
    vertex 5.231834310518609 -5.000000000000001 75.27734232204456
    vertex 5.534282514223192 -5.000000000000001 75.19289726625708
  endloop
endfacet
facet normal -0.010056982155649246 -0.9981799998601126 -0.05946044894874543
  outer loop
    vertex 5.828870402270846 -4.992110341118162 75.01062543638444
    vertex 5.534282514223192 -5.000000000000001 75.19289726625708
    vertex 5.505755821018732 -4.992110341118162 75.0652761770925
  endloop
endfacet
facet normal -0.010056982155649246 -0.9981799998601126 -0.05946044894874543
  outer loop
    vertex 5.534282514223192 -5.000000000000001 75.19289726625708
    vertex 5.828870402270846 -4.992110341118162 75.01062543638444
    vertex 5.843900786934218 -5.000000000000001 75.14052925527213
  endloop
endfacet
facet normal -0.03188211957581139 -0.9815558465853603 -0.18849840976902194
  outer loop
    vertex 5.814089674379408 -4.96709782916319 74.88287933792853
    vertex 5.505755821018732 -4.992110341118162 75.0652761770925
    vertex 5.477702960141182 -4.96709782916319 74.9397748919027
  endloop
endfacet
facet normal -0.03188211957581139 -0.9815558465853603 -0.18849840976902194
  outer loop
    vertex 5.505755821018732 -4.992110341118162 75.0652761770925
    vertex 5.814089674379408 -4.96709782916319 74.88287933792853
    vertex 5.828870402270846 -4.992110341118162 75.01062543638444
  endloop
endfacet
facet normal -0.05314958116971293 -0.9478548683898346 -0.3142391931175576
  outer loop
    vertex 5.799815160269898 -4.925396619700809 74.7595083173511
    vertex 5.477702960141182 -4.96709782916319 74.9397748919027
    vertex 5.450610860120809 -4.925396619700809 74.81857180370828
  endloop
endfacet
facet normal -0.05314958116971293 -0.9478548683898346 -0.3142391931175576
  outer loop
    vertex 5.477702960141182 -4.96709782916319 74.9397748919027
    vertex 5.799815160269898 -4.925396619700809 74.7595083173511
    vertex 5.814089674379408 -4.96709782916319 74.88287933792853
  endloop
endfacet
facet normal -0.07348801172205398 -0.8976749812868231 -0.43448721512242566
  outer loop
    vertex 5.786294630328582 -4.867730542957188 74.642653791529
    vertex 5.450610860120809 -4.925396619700809 74.81857180370828
    vertex 5.424949773047133 -4.867730542957188 74.70377069942263
  endloop
endfacet
facet normal -0.07348801172205398 -0.8976749812868231 -0.43448721512242566
  outer loop
    vertex 5.450610860120809 -4.925396619700809 74.81857180370828
    vertex 5.786294630328582 -4.867730542957188 74.642653791529
    vertex 5.799815160269898 -4.925396619700809 74.7595083173511
  endloop
endfacet
facet normal -0.09254318626505305 -0.8319042231740196 -0.5471481720166327
  outer loop
    vertex 5.773762767634717 -4.795100539910059 74.53434406704962
    vertex 5.424949773047133 -4.867730542957188 74.70377069942263
    vertex 5.401165112151563 -4.7951005399100595 74.59736424329586
  endloop
endfacet
facet normal -0.09254318626505305 -0.8319042231740196 -0.5471481720166327
  outer loop
    vertex 5.424949773047133 -4.867730542957188 74.70377069942263
    vertex 5.773762767634717 -4.795100539910059 74.53434406704962
    vertex 5.786294630328582 -4.867730542957188 74.642653791529
  endloop
endfacet
facet normal -0.1099843430847736 -0.7517026973525612 -0.6502664831198779
  outer loop
    vertex 5.762437094440656 -4.708767288420091 74.43645913380718
    vertex 5.401165112151563 -4.7951005399100595 74.59736424329586
    vertex 5.379669720531396 -4.708767288420091 74.50119938917403
  endloop
endfacet
facet normal -0.1099843430847736 -0.7517026973525612 -0.6502664831198779
  outer loop
    vertex 5.401165112151563 -4.7951005399100595 74.59736424329586
    vertex 5.762437094440656 -4.708767288420091 74.43645913380718
    vertex 5.773762767634717 -4.795100539910059 74.53434406704962
  endloop
endfacet
facet normal -0.12550992485435825 -0.6584795754774372 -0.7420592344564599
  outer loop
    vertex 5.7525141965216156 -4.610229320970102 74.35069803301131
    vertex 5.379669720531396 -4.708767288420091 74.50119938917403
    vertex 5.36083670521107 -4.610229320970102 74.4169453219323
  endloop
endfacet
facet normal -0.12550992485435825 -0.6584795754774372 -0.7420592344564599
  outer loop
    vertex 5.379669720531396 -4.708767288420091 74.50119938917403
    vertex 5.7525141965216156 -4.610229320970102 74.35069803301131
    vertex 5.762437094440656 -4.708767288420091 74.43645913380718
  endloop
endfacet
facet normal -0.13885262898941142 -0.5538660033848891 -0.8209460382492743
  outer loop
    vertex 5.7525141965216156 -4.610229320970102 74.35069803301131
    vertex 5.3449929609237286 -4.5011970138341955 74.34606448453894
    vertex 5.7441663109310905 -4.5011970138341955 74.27854936601882
  endloop
endfacet
facet normal -0.13885262898941142 -0.5538660033848891 -0.8209460382492743
  outer loop
    vertex 5.3449929609237286 -4.5011970138341955 74.34606448453894
    vertex 5.7525141965216156 -4.610229320970102 74.35069803301131
    vertex 5.36083670521107 -4.610229320970102 74.4169453219323
  endloop
endfacet
facet normal -0.14978370880853223 -0.4396847862059318 -0.885574462907894
  outer loop
    vertex 5.7441663109310905 -4.5011970138341955 74.27854936601882
    vertex 5.3324134960242535 -4.383562899160756 74.2897871936496
    vertex 5.737538336390076 -4.383562899160756 74.22126545588267
  endloop
endfacet
facet normal -0.14978370880853223 -0.4396847862059318 -0.885574462907894
  outer loop
    vertex 5.3324134960242535 -4.383562899160756 74.2897871936496
    vertex 5.7441663109310905 -4.5011970138341955 74.27854936601882
    vertex 5.3449929609237286 -4.5011970138341955 74.34606448453894
  endloop
endfacet
facet normal -0.15811650371485453 -0.31791768451028435 -0.9348409047151336
  outer loop
    vertex 5.737538336390076 -4.383562899160756 74.22126545588267
    vertex 5.323316659021973 -4.259368815278393 74.24909028434215
    vertex 5.732745318202363 -4.259368815278393 74.17984061011016
  endloop
endfacet
facet normal -0.15811650371485453 -0.31791768451028435 -0.9348409047151336
  outer loop
    vertex 5.323316659021973 -4.259368815278393 74.24909028434215
    vertex 5.737538336390076 -4.383562899160756 74.22126545588267
    vertex 5.3324134960242535 -4.383562899160756 74.2897871936496
  endloop
endfacet
facet normal -0.16370920521284701 -0.19067104846833371 -0.9679069415003511
  outer loop
    vertex 5.732745318202363 -4.259368815278393 74.17984061011016
    vertex 5.3178603485886455 -4.130770465414534 74.22468015466708
    vertex 5.729870451351589 -4.130770465414534 74.15499386193483
  endloop
endfacet
facet normal -0.16370920521284701 -0.19067104846833371 -0.9679069415003511
  outer loop
    vertex 5.3178603485886455 -4.130770465414534 74.22468015466708
    vertex 5.732745318202363 -4.259368815278393 74.17984061011016
    vertex 5.323316659021973 -4.259368815278393 74.24909028434215
  endloop
endfacet
facet normal -0.16646688350072275 -0.06014037714823348 -0.9842113145732603
  outer loop
    vertex 5.729870451351589 -4.130770465414534 74.15499386193483
    vertex 5.316139272826648 -4.000000000000003 74.21698050431834
    vertex 5.7289636364413505 -4.000000000000003 74.14715648967173
  endloop
endfacet
facet normal -0.16646688350072275 -0.06014037714823348 -0.9842113145732603
  outer loop
    vertex 5.316139272826648 -4.000000000000003 74.21698050431834
    vertex 5.729870451351589 -4.130770465414534 74.15499386193483
    vertex 5.3178603485886455 -4.130770465414534 74.22468015466708
  endloop
endfacet
facet normal 0.16676874671610184 -6.072028178178389e-16 0.985996037070505
  outer loop
    vertex 5.534282514223192 -5.000000000000001 75.19289726625708
    vertex 5.8439007869342205 -4.600000000000002 75.14052925527213
    vertex 5.534282514223192 -4.600000000000002 75.19289726625708
  endloop
endfacet
facet normal 0.16676874671610184 -6.072028178178389e-16 0.985996037070505
  outer loop
    vertex 5.8439007869342205 -4.600000000000002 75.14052925527213
    vertex 5.534282514223192 -5.000000000000001 75.19289726625708
    vertex 5.843900786934218 -5.000000000000001 75.14052925527213
  endloop
endfacet
facet normal -0.0037865796013042087 -0.9981799998601126 -0.06018595927779493
  outer loop
    vertex 6.155927485981477 -4.992110341118162 74.99004874878983
    vertex 5.843900786934218 -5.000000000000001 75.14052925527213
    vertex 5.828870402270846 -4.992110341118162 75.01062543638444
  endloop
endfacet
facet normal -0.0037865796013042087 -0.9981799998601126 -0.06018595927779493
  outer loop
    vertex 5.843900786934218 -5.000000000000001 75.14052925527213
    vertex 6.155927485981477 -4.992110341118162 74.99004874878983
    vertex 6.15729688606408 -5.000000000000001 75.12081204397678
  endloop
endfacet
facet normal -0.012004016887341887 -0.9815558465853603 -0.19079838472236849
  outer loop
    vertex 6.154580831823997 -4.96709782916319 74.8614574500551
    vertex 5.828870402270846 -4.992110341118162 75.01062543638444
    vertex 5.814089674379408 -4.96709782916319 74.88287933792853
  endloop
endfacet
facet normal -0.012004016887341887 -0.9815558465853603 -0.19079838472236849
  outer loop
    vertex 5.828870402270846 -4.992110341118162 75.01062543638444
    vertex 6.154580831823997 -4.96709782916319 74.8614574500551
    vertex 6.155927485981477 -4.992110341118162 74.99004874878983
  endloop
endfacet
facet normal -0.020011482247887655 -0.9478548683898343 -0.31807340198126016
  outer loop
    vertex 6.153280298189067 -4.925396619700809 74.73727017581315
    vertex 5.814089674379408 -4.96709782916319 74.88287933792853
    vertex 5.799815160269898 -4.925396619700809 74.7595083173511
  endloop
endfacet
facet normal -0.020011482247887655 -0.9478548683898343 -0.31807340198126016
  outer loop
    vertex 5.814089674379408 -4.96709782916319 74.88287933792853
    vertex 6.153280298189067 -4.925396619700809 74.73727017581315
    vertex 6.154580831823997 -4.96709782916319 74.8614574500551
  endloop
endfacet
facet normal -0.027669155798474534 -0.8976749812868232 -0.4397886376307386
  outer loop
    vertex 6.152048459135501 -4.867730542957188 74.61964251109286
    vertex 5.799815160269898 -4.925396619700809 74.7595083173511
    vertex 5.786294630328582 -4.867730542957188 74.642653791529
  endloop
endfacet
facet normal -0.027669155798474534 -0.8976749812868232 -0.4397886376307386
  outer loop
    vertex 5.799815160269898 -4.925396619700809 74.7595083173511
    vertex 6.152048459135501 -4.867730542957188 74.61964251109286
    vertex 6.153280298189067 -4.925396619700809 74.73727017581315
  endloop
endfacet
facet normal -0.03484366740713663 -0.8319042231740194 -0.553824234127446
  outer loop
    vertex 6.150906696353477 -4.795100539910059 74.51061618226754
    vertex 5.786294630328582 -4.867730542957188 74.642653791529
    vertex 5.773762767634717 -4.795100539910059 74.53434406704962
  endloop
endfacet
facet normal -0.03484366740713663 -0.8319042231740194 -0.553824234127446
  outer loop
    vertex 5.786294630328582 -4.867730542957188 74.642653791529
    vertex 6.150906696353477 -4.795100539910059 74.51061618226754
    vertex 6.152048459135501 -4.867730542957188 74.61964251109286
  endloop
endfacet
facet normal -0.04141048115052166 -0.7517026973525625 -0.6582007496529946
  outer loop
    vertex 6.149874828031086 -4.708767288420091 74.41208361771683
    vertex 5.773762767634717 -4.795100539910059 74.53434406704962
    vertex 5.762437094440656 -4.708767288420091 74.43645913380718
  endloop
endfacet
facet normal -0.04141048115052166 -0.7517026973525625 -0.6582007496529946
  outer loop
    vertex 5.773762767634717 -4.795100539910059 74.53434406704962
    vertex 6.149874828031086 -4.708767288420091 74.41208361771683
    vertex 6.150906696353477 -4.795100539910059 74.51061618226754
  endloop
endfacet
facet normal -0.047256056922381585 -0.6584795754774373 -0.7511135158970331
  outer loop
    vertex 6.149874828031086 -4.708767288420091 74.41208361771683
    vertex 5.7525141965216156 -4.610229320970102 74.35069803301131
    vertex 6.14897076485943 -4.610229320970102 74.32575509993382
  endloop
endfacet
facet normal -0.047256056922381585 -0.6584795754774373 -0.7511135158970331
  outer loop
    vertex 5.7525141965216156 -4.610229320970102 74.35069803301131
    vertex 6.149874828031086 -4.708767288420091 74.41208361771683
    vertex 5.762437094440656 -4.708767288420091 74.43645913380718
  endloop
endfacet
facet normal -0.052279751955553184 -0.5538660033848893 -0.8309628618836798
  outer loop
    vertex 6.14897076485943 -4.610229320970102 74.32575509993382
    vertex 5.7441663109310905 -4.5011970138341955 74.27854936601882
    vertex 6.148210199147157 -4.5011970138341955 74.25312907923583
  endloop
endfacet
facet normal -0.052279751955553184 -0.5538660033848893 -0.8309628618836798
  outer loop
    vertex 5.7441663109310905 -4.5011970138341955 74.27854936601882
    vertex 6.14897076485943 -4.610229320970102 74.32575509993382
    vertex 5.7525141965216156 -4.610229320970102 74.35069803301131
  endloop
endfacet
facet normal -0.05639544026271153 -0.43968478620593154 -0.8963798542451851
  outer loop
    vertex 6.148210199147157 -4.5011970138341955 74.25312907923583
    vertex 5.737538336390076 -4.383562899160756 74.22126545588267
    vertex 6.147606332440667 -4.383562899160756 74.19546616435979
  endloop
endfacet
facet normal -0.05639544026271153 -0.43968478620593154 -0.8963798542451851
  outer loop
    vertex 5.737538336390076 -4.383562899160756 74.22126545588267
    vertex 6.148210199147157 -4.5011970138341955 74.25312907923583
    vertex 5.7441663109310905 -4.5011970138341955 74.27854936601882
  endloop
endfacet
facet normal -0.059532841793886945 -0.3179176845102844 -0.9462474235756542
  outer loop
    vertex 6.147606332440667 -4.383562899160756 74.19546616435979
    vertex 5.732745318202363 -4.259368815278393 74.17984061011016
    vertex 6.147169646377792 -4.259368815278393 74.15376724140118
  endloop
endfacet
facet normal -0.059532841793886945 -0.3179176845102844 -0.9462474235756542
  outer loop
    vertex 5.732745318202363 -4.259368815278393 74.17984061011016
    vertex 6.147606332440667 -4.383562899160756 74.19546616435979
    vertex 5.737538336390076 -4.383562899160756 74.22126545588267
  endloop
endfacet
facet normal -0.061638563876389794 -0.1906710484683332 -0.9797169176447056
  outer loop
    vertex 6.147169646377792 -4.259368815278393 74.15376724140118
    vertex 5.729870451351589 -4.130770465414534 74.15499386193483
    vertex 6.1469077207523934 -4.130770465414534 74.12875610089812
  endloop
endfacet
facet normal -0.061638563876389794 -0.1906710484683332 -0.9797169176447056
  outer loop
    vertex 5.729870451351589 -4.130770465414534 74.15499386193483
    vertex 6.147169646377792 -4.259368815278393 74.15376724140118
    vertex 5.732745318202363 -4.259368815278393 74.17984061011016
  endloop
endfacet
facet normal -0.06267686425220985 -0.060140377148233864 -0.9962202295295846
  outer loop
    vertex 6.1469077207523934 -4.130770465414534 74.12875610089812
    vertex 5.7289636364413505 -4.000000000000003 74.14715648967173
    vertex 6.146825101947832 -4.000000000000003 74.12086687461128
  endloop
endfacet
facet normal -0.06267686425220985 -0.060140377148233864 -0.9962202295295846
  outer loop
    vertex 5.7289636364413505 -4.000000000000003 74.14715648967173
    vertex 6.1469077207523934 -4.130770465414534 74.12875610089812
    vertex 5.729870451351589 -4.130770465414534 74.15499386193483
  endloop
endfacet
facet normal 0.06279051952931393 -6.146116403871837e-16 0.9980267284282716
  outer loop
    vertex 5.843900786934218 -5.000000000000001 75.14052925527213
    vertex 6.157296886064082 -4.600000000000002 75.12081204397678
    vertex 5.8439007869342205 -4.600000000000002 75.14052925527213
  endloop
endfacet
facet normal 0.06279051952931393 -6.146116403871837e-16 0.9980267284282716
  outer loop
    vertex 6.157296886064082 -4.600000000000002 75.12081204397678
    vertex 5.843900786934218 -5.000000000000001 75.14052925527213
    vertex 6.15729688606408 -5.000000000000001 75.12081204397678
  endloop
endfacet
facet normal 0.0025253095115454357 -0.9981799998601126 -0.06025205964227508
  outer loop
    vertex 6.483343766300401 -4.992110341118162 75.00377155680393
    vertex 6.15729688606408 -5.000000000000001 75.12081204397678
    vertex 6.155927485981477 -4.992110341118162 74.99004874878983
  endloop
endfacet
facet normal 0.0025253095115454357 -0.9981799998601126 -0.06025205964227508
  outer loop
    vertex 6.15729688606408 -5.000000000000001 75.12081204397678
    vertex 6.483343766300401 -4.992110341118162 75.00377155680393
    vertex 6.4710371783683645 -5.000000000000001 75.13396165826408
  endloop
endfacet
facet normal 0.008005604322147374 -0.9815558465853602 -0.1910079326455682
  outer loop
    vertex 6.495445940101634 -4.96709782916319 74.87574393096875
    vertex 6.155927485981477 -4.992110341118162 74.99004874878983
    vertex 6.154580831823997 -4.96709782916319 74.8614574500551
  endloop
endfacet
facet normal 0.008005604322147374 -0.9815558465853602 -0.1910079326455682
  outer loop
    vertex 6.155927485981477 -4.992110341118162 74.99004874878983
    vertex 6.495445940101634 -4.96709782916319 74.87574393096875
    vertex 6.483343766300401 -4.992110341118162 75.00377155680393
  endloop
endfacet
facet normal 0.013345866661117695 -0.9478548683898345 -0.3184227320917166
  outer loop
    vertex 6.507133635859941 -4.925396619700809 74.75210102482674
    vertex 6.154580831823997 -4.96709782916319 74.8614574500551
    vertex 6.153280298189067 -4.925396619700809 74.73727017581315
  endloop
endfacet
facet normal 0.013345866661117695 -0.9478548683898345 -0.3184227320917166
  outer loop
    vertex 6.154580831823997 -4.96709782916319 74.8614574500551
    vertex 6.507133635859941 -4.925396619700809 74.75210102482674
    vertex 6.495445940101634 -4.96709782916319 74.87574393096875
  endloop
endfacet
facet normal 0.018452849186177157 -0.897674981286824 -0.44027164379347944
  outer loop
    vertex 6.518203983980573 -4.867730542957188 74.63498897451811
    vertex 6.153280298189067 -4.925396619700809 74.73727017581315
    vertex 6.152048459135501 -4.867730542957188 74.61964251109286
  endloop
endfacet
facet normal 0.018452849186177157 -0.897674981286824 -0.44027164379347944
  outer loop
    vertex 6.153280298189067 -4.925396619700809 74.73727017581315
    vertex 6.518203983980573 -4.867730542957188 74.63498897451811
    vertex 6.507133635859941 -4.925396619700809 74.75210102482674
  endloop
endfacet
facet normal 0.02323760596239997 -0.8319042231740185 -0.5544324820339882
  outer loop
    vertex 6.528464830502361 -4.795100539910059 74.52644055662068
    vertex 6.152048459135501 -4.867730542957188 74.61964251109286
    vertex 6.150906696353477 -4.795100539910059 74.51061618226754
  endloop
endfacet
facet normal 0.02323760596239997 -0.8319042231740185 -0.5544324820339882
  outer loop
    vertex 6.152048459135501 -4.867730542957188 74.61964251109286
    vertex 6.528464830502361 -4.795100539910059 74.52644055662068
    vertex 6.518203983980573 -4.867730542957188 74.63498897451811
  endloop
endfacet
facet normal 0.3670335545847317 -0.8976749812868231 -0.2438565106381181
  outer loop
    vertex 8.999534385205854 -4.867730542957189 76.03314680027003
    vertex 9.101087026731788 -4.92539661970081 76.39827390360409
    vertex 8.905095662267382 -4.92539661970081 76.1032831855829
  endloop
endfacet
facet normal 0.3670335545847317 -0.8976749812868231 -0.2438565106381181
  outer loop
    vertex 9.101087026731788 -4.92539661970081 76.39827390360409
    vertex 8.999534385205854 -4.867730542957189 76.03314680027003
    vertex 9.202339653040614 -4.867730542957189 76.33839326733018
  endloop
endfacet
facet normal 0.4622040222822643 -0.8319042231740165 -0.3070876181993214
  outer loop
    vertex 9.087067426734963 -4.79510053991006 75.96813902658073
    vertex 9.202339653040614 -4.867730542957189 76.33839326733018
    vertex 8.999534385205854 -4.867730542957189 76.03314680027003
  endloop
endfacet
facet normal 0.4622040222822643 -0.8319042231740165 -0.3070876181993214
  outer loop
    vertex 9.202339653040614 -4.867730542957189 76.33839326733018
    vertex 9.087067426734963 -4.79510053991006 75.96813902658073
    vertex 9.296188342093691 -4.79510053991006 76.28289130734319
  endloop
endfacet
facet normal 0.5493133294141913 -0.7517026973525658 -0.36496290348578303
  outer loop
    vertex 9.166175428973627 -4.708767288420093 75.90938823925849
    vertex 9.296188342093691 -4.79510053991006 76.28289130734319
    vertex 9.087067426734963 -4.79510053991006 75.96813902658073
  endloop
endfacet
facet normal 0.5493133294141913 -0.7517026973525658 -0.36496290348578303
  outer loop
    vertex 9.296188342093691 -4.79510053991006 76.28289130734319
    vertex 9.166175428973627 -4.708767288420093 75.90938823925849
    vertex 9.381004111933443 -4.708767288420093 76.23273140088729
  endloop
endfacet
facet normal 0.6268553574314893 -0.658479575477435 -0.4164817037259824
  outer loop
    vertex 9.235485271959842 -4.610229320970104 75.85791420718351
    vertex 9.381004111933443 -4.708767288420093 76.23273140088729
    vertex 9.166175428973627 -4.708767288420093 75.90938823925849
  endloop
endfacet
facet normal 0.6268553574314893 -0.658479575477435 -0.4164817037259824
  outer loop
    vertex 9.381004111933443 -4.708767288420093 76.23273140088729
    vertex 9.235485271959842 -4.610229320970104 75.85791420718351
    vertex 9.45531476981876 -4.610229320970104 76.1887842003225
  endloop
endfacet
facet normal 0.693495072014907 -0.5538660033848956 -0.4607570242388948
  outer loop
    vertex 9.45531476981876 -4.610229320970104 76.1887842003225
    vertex 9.293793907629261 -4.501197013834196 75.81461039269797
    vertex 9.517830465862849 -4.501197013834196 76.15181252074544
  endloop
endfacet
facet normal 0.693495072014907 -0.5538660033848956 -0.4607570242388948
  outer loop
    vertex 9.293793907629261 -4.501197013834196 75.81461039269797
    vertex 9.45531476981876 -4.610229320970104 76.1887842003225
    vertex 9.235485271959842 -4.610229320970104 75.85791420718351
  endloop
endfacet
facet normal 0.7480900050855686 -0.43968478620592855 -0.4970298110477085
  outer loop
    vertex 9.517830465862849 -4.501197013834196 76.15181252074544
    vertex 9.340089241764755 -4.383562899160757 75.78022844330175
    vertex 9.567466081648519 -4.383562899160757 76.1224580993991
  endloop
endfacet
facet normal 0.7480900050855686 -0.43968478620592855 -0.4970298110477085
  outer loop
    vertex 9.340089241764755 -4.383562899160757 75.78022844330175
    vertex 9.517830465862849 -4.501197013834196 76.15181252074544
    vertex 9.293793907629261 -4.501197013834196 75.81461039269797
  endloop
endfacet
facet normal 0.7897078861851485 -0.31791768451028307 -0.5246806651408117
  outer loop
    vertex 9.567466081648519 -4.383562899160757 76.1224580993991
    vertex 9.373567701457759 -4.2593688152783935 75.75536514490413
    vertex 9.603360065209685 -4.2593688152783935 76.10123045669586
  endloop
endfacet
facet normal 0.7897078861851485 -0.31791768451028307 -0.5246806651408117
  outer loop
    vertex 9.373567701457759 -4.2593688152783935 75.75536514490413
    vertex 9.567466081648519 -4.383562899160757 76.1224580993991
    vertex 9.340089241764755 -4.383562899160757 75.78022844330175
  endloop
endfacet
facet normal 0.8176404572595074 -0.19067104846833613 -0.5432390209920942
  outer loop
    vertex 9.603360065209685 -4.2593688152783935 76.10123045669586
    vertex 9.393648183153637 -4.1307704654145345 75.7404520630912
    vertex 9.624889385450269 -4.1307704654145345 76.08849805219883
  endloop
endfacet
facet normal 0.8176404572595074 -0.19067104846833613 -0.5432390209920942
  outer loop
    vertex 9.393648183153637 -4.1307704654145345 75.7404520630912
    vertex 9.603360065209685 -4.2593688152783935 76.10123045669586
    vertex 9.373567701457759 -4.2593688152783935 75.75536514490413
  endloop
endfacet
facet normal 0.8314135944104807 -0.060140377148233747 -0.5523898714367534
  outer loop
    vertex 9.624889385450269 -4.1307704654145345 76.08849805219883
    vertex 9.399982139177272 -4.0000000000000036 75.73574805221085
    vertex 9.63168034642859 -4.0000000000000036 76.08448188907184
  endloop
endfacet
facet normal 0.8314135944104807 -0.060140377148233747 -0.5523898714367534
  outer loop
    vertex 9.399982139177272 -4.0000000000000036 75.73574805221085
    vertex 9.624889385450269 -4.1307704654145345 76.08849805219883
    vertex 9.393648183153637 -4.1307704654145345 75.7404520630912
  endloop
endfacet
facet normal -0.8329212407100991 -3.407933657172603e-16 0.5533915492433445
  outer loop
    vertex 8.59716466398616 -5.000000000000002 76.33197292717647
    vertex 8.770938319424648 -4.600000000000003 76.5935233048222
    vertex 8.597164663986161 -4.600000000000003 76.33197292717647
  endloop
endfacet
facet normal -0.8329212407100991 -3.407933657172603e-16 0.5533915492433445
  outer loop
    vertex 8.770938319424648 -4.600000000000003 76.5935233048222
    vertex 8.59716466398616 -5.000000000000002 76.33197292717647
    vertex 8.770938319424648 -5.000000000000002 76.5935233048222
  endloop
endfacet
facet normal 0.053442469036317566 -0.9981799998601127 -0.02793904763172085
  outer loop
    vertex 8.883497954897802 -4.992110341118163 76.52695572196926
    vertex 8.916420565554022 -5.000000000000002 76.87180517529211
    vertex 8.770938319424648 -5.000000000000002 76.5935233048222
  endloop
endfacet
facet normal 0.053442469036317566 -0.9981799998601127 -0.02793904763172085
  outer loop
    vertex 8.916420565554022 -5.000000000000002 76.87180517529211
    vertex 8.883497954897802 -4.992110341118163 76.52695572196926
    vertex 9.035321794705805 -4.992110341118163 76.81736794234509
  endloop
endfacet
facet normal 0.16942052415648087 -0.9815558465853608 -0.08857090960715686
  outer loop
    vertex 8.994187959228984 -4.967097829163191 76.4614938358914
    vertex 9.035321794705805 -4.992110341118163 76.81736794234509
    vertex 8.883497954897802 -4.992110341118163 76.52695572196926
  endloop
endfacet
facet normal 0.16942052415648087 -0.9815558465853608 -0.08857090960715686
  outer loop
    vertex 9.035321794705805 -4.992110341118163 76.81736794234509
    vertex 8.994187959228984 -4.967097829163191 76.4614938358914
    vertex 9.152248057965897 -4.967097829163191 76.76383491938039
  endloop
endfacet
facet normal 0.28243510846443337 -0.947854868389834 -0.14765350648181108
  outer loop
    vertex 9.101087026731788 -4.92539661970081 76.39827390360409
    vertex 9.152248057965897 -4.967097829163191 76.76383491938039
    vertex 8.994187959228984 -4.967097829163191 76.4614938358914
  endloop
endfacet
facet normal 0.28243510846443337 -0.947854868389834 -0.14765350648181108
  outer loop
    vertex 9.152248057965897 -4.967097829163191 76.76383491938039
    vertex 9.101087026731788 -4.92539661970081 76.39827390360409
    vertex 9.265169803561763 -4.92539661970081 76.71213530774779
  endloop
endfacet
facet normal 0.390512852684177 -0.897674981286823 -0.20415518572930783
  outer loop
    vertex 9.202339653040614 -4.867730542957189 76.33839326733018
    vertex 9.265169803561763 -4.92539661970081 76.71213530774779
    vertex 9.101087026731788 -4.92539661970081 76.39827390360409
  endloop
endfacet
facet normal 0.390512852684177 -0.897674981286823 -0.20415518572930783
  outer loop
    vertex 9.265169803561763 -4.92539661970081 76.71213530774779
    vertex 9.202339653040614 -4.867730542957189 76.33839326733018
    vertex 9.372126988278634 -4.867730542957189 76.66316648529467
  endloop
endfacet
facet normal 0.49177141710589684 -0.8319042231740162 -0.2570918839304241
  outer loop
    vertex 9.296188342093691 -4.79510053991006 76.28289130734319
    vertex 9.372126988278634 -4.867730542957189 76.66316648529467
    vertex 9.202339653040614 -4.867730542957189 76.33839326733018
  endloop
endfacet
facet normal 0.49177141710589684 -0.8319042231740162 -0.2570918839304241
  outer loop
    vertex 9.372126988278634 -4.867730542957189 76.66316648529467
    vertex 9.296188342093691 -4.79510053991006 76.28289130734319
    vertex 9.47126309897931 -4.79510053991006 76.61777843009816
  endloop
endfacet
facet normal 0.5844531449711298 -0.7517026973525642 -0.30554472033768604
  outer loop
    vertex 9.381004111933443 -4.708767288420093 76.23273140088729
    vertex 9.47126309897931 -4.79510053991006 76.61777843009816
    vertex 9.296188342093691 -4.79510053991006 76.28289130734319
  endloop
endfacet
facet normal 0.5844531449711298 -0.7517026973525642 -0.30554472033768604
  outer loop
    vertex 9.47126309897931 -4.79510053991006 76.61777843009816
    vertex 9.381004111933443 -4.708767288420093 76.23273140088729
    vertex 9.560857377096946 -4.708767288420093 76.57675896694035
  endloop
endfacet
facet normal 0.666955570664092 -0.6584795754774353 -0.34867594617236236
  outer loop
    vertex 9.45531476981876 -4.610229320970104 76.1887842003225
    vertex 9.560857377096946 -4.708767288420093 76.57675896694035
    vertex 9.381004111933443 -4.708767288420093 76.23273140088729
  endloop
endfacet
facet normal 0.666955570664092 -0.6584795754774353 -0.34867594617236236
  outer loop
    vertex 9.560857377096946 -4.708767288420093 76.57675896694035
    vertex 9.45531476981876 -4.610229320970104 76.1887842003225
    vertex 9.639354686763065 -4.610229320970104 76.54082009261168
  endloop
endfacet
facet normal 0.7378582571322909 -0.5538660033848967 -0.3857429748889016
  outer loop
    vertex 9.639354686763065 -4.610229320970104 76.54082009261168
    vertex 9.517830465862849 -4.501197013834196 76.15181252074544
    vertex 9.705392508133713 -4.501197013834196 76.51058561740135
  endloop
endfacet
facet normal 0.7378582571322909 -0.5538660033848967 -0.3857429748889016
  outer loop
    vertex 9.517830465862849 -4.501197013834196 76.15181252074544
    vertex 9.639354686763065 -4.610229320970104 76.54082009261168
    vertex 9.45531476981876 -4.610229320970104 76.1887842003225
  endloop
endfacet
facet normal 0.7959456521107893 -0.43968478620593027 -0.4161103311202159
  outer loop
    vertex 9.705392508133713 -4.501197013834196 76.51058561740135
    vertex 9.567466081648519 -4.383562899160757 76.1224580993991
    vertex 9.757824587376096 -4.383562899160757 76.48658033728796
  endloop
endfacet
facet normal 0.7959456521107893 -0.43968478620593027 -0.4161103311202159
  outer loop
    vertex 9.567466081648519 -4.383562899160757 76.1224580993991
    vertex 9.705392508133713 -4.501197013834196 76.51058561740135
    vertex 9.517830465862849 -4.501197013834196 76.15181252074544
  endloop
endfacet
facet normal 0.8402258473895463 -0.3179176845102816 -0.4392594577856461
  outer loop
    vertex 9.757824587376096 -4.383562899160757 76.48658033728796
    vertex 9.603360065209685 -4.2593688152783935 76.10123045669586
    vertex 9.795740832810226 -4.2593688152783935 76.46922092477475
  endloop
endfacet
facet normal 0.8402258473895463 -0.3179176845102816 -0.4392594577856461
  outer loop
    vertex 9.603360065209685 -4.2593688152783935 76.10123045669586
    vertex 9.757824587376096 -4.383562899160757 76.48658033728796
    vertex 9.567466081648519 -4.383562899160757 76.1224580993991
  endloop
endfacet
facet normal 0.8699452773348357 -0.1906710484683357 -0.4547964002922642
  outer loop
    vertex 9.795740832810226 -4.2593688152783935 76.46922092477475
    vertex 9.624889385450269 -4.1307704654145345 76.08849805219883
    vertex 9.81848311185766 -4.1307704654145345 76.45880869648171
  endloop
endfacet
facet normal 0.8699452773348357 -0.1906710484683357 -0.4547964002922642
  outer loop
    vertex 9.624889385450269 -4.1307704654145345 76.08849805219883
    vertex 9.795740832810226 -4.2593688152783935 76.46922092477475
    vertex 9.603360065209685 -4.2593688152783935 76.10123045669586
  endloop
endfacet
facet normal 0.8845994881339608 -0.06014037714823467 -0.4624574365599526
  outer loop
    vertex 9.81848311185766 -4.1307704654145345 76.45880869648171
    vertex 9.63168034642859 -4.0000000000000036 76.08448188907184
    vertex 9.825656674601088 -4.0000000000000036 76.45552438303172
  endloop
endfacet
facet normal 0.8845994881339608 -0.06014037714823467 -0.4624574365599526
  outer loop
    vertex 9.63168034642859 -4.0000000000000036 76.08448188907184
    vertex 9.81848311185766 -4.1307704654145345 76.45880869648171
    vertex 9.624889385450269 -4.1307704654145345 76.08849805219883
  endloop
endfacet
facet normal -0.8862035792312153 -2.8531013049953667e-16 0.46329603511986084
  outer loop
    vertex 8.770938319424648 -5.000000000000002 76.5935233048222
    vertex 8.916420565554024 -4.600000000000003 76.87180517529212
    vertex 8.770938319424648 -4.600000000000003 76.5935233048222
  endloop
endfacet
facet normal -0.8862035792312153 -2.8531013049953667e-16 0.46329603511986084
  outer loop
    vertex 8.916420565554024 -4.600000000000003 76.87180517529212
    vertex 8.770938319424648 -5.000000000000002 76.5935233048222
    vertex 8.916420565554022 -5.000000000000002 76.87180517529211
  endloop
endfacet
facet normal 0.056070131313264146 -0.9981799998601127 -0.022199735443888077
  outer loop
    vertex 9.035321794705805 -4.992110341118163 76.81736794234509
    vertex 9.032017468441577 -5.000000000000002 77.16376962417911
    vertex 8.916420565554022 -5.000000000000002 76.87180517529211
  endloop
endfacet
facet normal 0.056070131313264146 -0.9981799998601127 -0.022199735443888077
  outer loop
    vertex 9.032017468441577 -5.000000000000002 77.16376962417911
    vertex 9.035321794705805 -4.992110341118163 76.81736794234509
    vertex 9.155957584523719 -4.992110341118164 77.1220591668539
  endloop
endfacet
facet normal 0.17775060186984398 -0.9815558465853605 -0.07037644186092451
  outer loop
    vertex 9.152248057965897 -4.967097829163191 76.76383491938039
    vertex 9.155957584523719 -4.992110341118164 77.1220591668539
    vertex 9.035321794705805 -4.992110341118163 76.81736794234509
  endloop
endfacet
facet normal 0.17775060186984398 -0.9815558465853605 -0.07037644186092451
  outer loop
    vertex 9.155957584523719 -4.992110341118164 77.1220591668539
    vertex 9.152248057965897 -4.967097829163191 76.76383491938039
    vertex 9.277839038104048 -4.967097829163192 77.08104152600444
  endloop
endfacet
facet normal 0.2963218935172164 -0.947854868389834 -0.11732213726344239
  outer loop
    vertex 9.265169803561763 -4.92539661970081 76.71213530774779
    vertex 9.277839038104048 -4.967097829163192 77.08104152600444
    vertex 9.152248057965897 -4.967097829163191 76.76383491938039
  endloop
endfacet
facet normal 0.2963218935172164 -0.947854868389834 -0.11732213726344239
  outer loop
    vertex 9.277839038104048 -4.967097829163192 77.08104152600444
    vertex 9.265169803561763 -4.92539661970081 76.71213530774779
    vertex 9.395546267517831 -4.925396619700811 77.04142866679042
  endloop
endfacet
facet normal 0.40971361024954567 -0.8976749812868231 -0.16221709388342867
  outer loop
    vertex 9.372126988278634 -4.867730542957189 76.66316648529467
    vertex 9.395546267517831 -4.925396619700811 77.04142866679042
    vertex 9.265169803561763 -4.92539661970081 76.71213530774779
  endloop
endfacet
facet normal 0.40971361024954567 -0.8976749812868231 -0.16221709388342867
  outer loop
    vertex 9.395546267517831 -4.925396619700811 77.04142866679042
    vertex 9.372126988278634 -4.867730542957189 76.66316648529467
    vertex 9.507036165344758 -4.86773054295719 77.00390817082429
  endloop
endfacet
facet normal 0.5159508613739311 -0.8319042231740162 -0.2042793971812502
  outer loop
    vertex 9.47126309897931 -4.79510053991006 76.61777843009816
    vertex 9.507036165344758 -4.86773054295719 77.00390817082429
    vertex 9.372126988278634 -4.867730542957189 76.66316648529467
  endloop
endfacet
facet normal 0.5159508613739311 -0.8319042231740162 -0.2042793971812502
  outer loop
    vertex 9.507036165344758 -4.86773054295719 77.00390817082429
    vertex 9.47126309897931 -4.79510053991006 76.61777843009816
    vertex 9.610373541718635 -4.795100539910061 76.96913130144905
  endloop
endfacet
facet normal 0.6131895695670808 -0.7517026973525628 -0.24277892529422618
  outer loop
    vertex 9.560857377096946 -4.708767288420093 76.57675896694035
    vertex 9.610373541718635 -4.795100539910061 76.96913130144905
    vertex 9.47126309897931 -4.79510053991006 76.61777843009816
  endloop
endfacet
facet normal 0.6131895695670808 -0.7517026973525628 -0.24277892529422618
  outer loop
    vertex 9.610373541718635 -4.795100539910061 76.96913130144905
    vertex 9.560857377096946 -4.708767288420093 76.57675896694035
    vertex 9.703764714454287 -4.708767288420093 76.93770169941156
  endloop
endfacet
facet normal 0.6997484790950709 -0.6584795754774374 -0.2770500219873458
  outer loop
    vertex 9.639354686763065 -4.610229320970104 76.54082009261168
    vertex 9.703764714454287 -4.708767288420093 76.93770169941156
    vertex 9.560857377096946 -4.708767288420093 76.57675896694035
  endloop
endfacet
facet normal 0.6997484790950709 -0.6584795754774374 -0.2770500219873458
  outer loop
    vertex 9.703764714454287 -4.708767288420093 76.93770169941156
    vertex 9.639354686763065 -4.610229320970104 76.54082009261168
    vertex 9.785588642949891 -4.610229320970105 76.91016490514687
  endloop
endfacet
facet normal 0.7741373127777672 -0.5538660033848951 -0.3065026447841208
  outer loop
    vertex 9.785588642949891 -4.610229320970105 76.91016490514687
    vertex 9.705392508133713 -4.501197013834196 76.51058561740135
    vertex 9.854425065456859 -4.501197013834197 76.88699888954065
  endloop
endfacet
facet normal 0.7741373127777672 -0.5538660033848951 -0.3065026447841208
  outer loop
    vertex 9.705392508133713 -4.501197013834196 76.51058561740135
    vertex 9.785588642949891 -4.610229320970105 76.91016490514687
    vertex 9.639354686763065 -4.610229320970104 76.54082009261168
  endloop
endfacet
facet normal 0.8350807520091482 -0.4396847862059317 -0.3306318593282862
  outer loop
    vertex 9.854425065456859 -4.501197013834197 76.88699888954065
    vertex 9.757824587376096 -4.383562899160757 76.48658033728796
    vertex 9.909079151323652 -4.383562899160758 76.86860575753256
  endloop
endfacet
facet normal 0.8350807520091482 -0.4396847862059317 -0.3306318593282862
  outer loop
    vertex 9.757824587376096 -4.383562899160757 76.48658033728796
    vertex 9.854425065456859 -4.501197013834197 76.88699888954065
    vertex 9.705392508133713 -4.501197013834196 76.51058561740135
  endloop
endfacet
facet normal 0.8815381183813817 -0.31791768451027946 -0.34902563189003083
  outer loop
    vertex 9.909079151323652 -4.383562899160758 76.86860575753256
    vertex 9.795740832810226 -4.2593688152783935 76.46922092477475
    vertex 9.94860224031129 -4.2593688152783935 76.85530476856555
  endloop
endfacet
facet normal 0.8815381183813817 -0.31791768451027946 -0.34902563189003083
  outer loop
    vertex 9.795740832810226 -4.2593688152783935 76.46922092477475
    vertex 9.909079151323652 -4.383562899160758 76.86860575753256
    vertex 9.757824587376096 -4.383562899160757 76.48658033728796
  endloop
endfacet
facet normal 0.9127187949039293 -0.19067104846833668 -0.3613709350585688
  outer loop
    vertex 9.94860224031129 -4.2593688152783935 76.85530476856555
    vertex 9.81848311185766 -4.1307704654145345 76.45880869648171
    vertex 9.9723083089972 -4.1307704654145345 76.84732679502858
  endloop
endfacet
facet normal 0.9127187949039293 -0.19067104846833668 -0.3613709350585688
  outer loop
    vertex 9.81848311185766 -4.1307704654145345 76.45880869648171
    vertex 9.94860224031129 -4.2593688152783935 76.85530476856555
    vertex 9.795740832810226 -4.2593688152783935 76.46922092477475
  endloop
endfacet
facet normal 0.928093524751101 -0.06014037714823472 -0.3674582212327622
  outer loop
    vertex 9.9723083089972 -4.1307704654145345 76.84732679502858
    vertex 9.825656674601088 -4.0000000000000036 76.45552438303172
    vertex 9.979785878451159 -4.0000000000000036 76.84481031488104
  endloop
endfacet
facet normal 0.928093524751101 -0.06014037714823472 -0.3674582212327622
  outer loop
    vertex 9.825656674601088 -4.0000000000000036 76.45552438303172
    vertex 9.9723083089972 -4.1307704654145345 76.84732679502858
    vertex 9.81848311185766 -4.1307704654145345 76.45880869648171
  endloop
endfacet
facet normal -0.9297764858882511 -2.267009777870786e-16 0.3681245526846785
  outer loop
    vertex 8.916420565554022 -5.000000000000002 76.87180517529211
    vertex 9.032017468441575 -4.600000000000003 77.16376962417911
    vertex 8.916420565554024 -4.600000000000003 76.87180517529212
  endloop
endfacet
facet normal -0.9297764858882511 -2.267009777870786e-16 0.3681245526846785
  outer loop
    vertex 9.032017468441575 -4.600000000000003 77.16376962417911
    vertex 8.916420565554022 -5.000000000000002 76.87180517529211
    vertex 9.032017468441577 -5.000000000000002 77.16376962417911
  endloop
endfacet
facet normal 0.05808347749811353 -0.9981799998601126 -0.016217198308938814
  outer loop
    vertex 9.155957584523719 -4.992110341118164 77.1220591668539
    vertex 9.11646252422906 -5.000000000000002 77.4662178278837
    vertex 9.032017468441577 -5.000000000000002 77.16376962417911
  endloop
endfacet
facet normal 0.05808347749811353 -0.9981799998601126 -0.016217198308938814
  outer loop
    vertex 9.11646252422906 -5.000000000000002 77.4662178278837
    vertex 9.155957584523719 -4.992110341118164 77.1220591668539
    vertex 9.244083613393634 -4.992110341118164 77.43769113467923
  endloop
endfacet
facet normal 0.1841332067924164 -0.9815558465853605 -0.0514109150904466
  outer loop
    vertex 9.277839038104048 -4.967097829163192 77.08104152600444
    vertex 9.244083613393634 -4.992110341118164 77.43769113467923
    vertex 9.155957584523719 -4.992110341118164 77.1220591668539
  endloop
endfacet
facet normal 0.1841332067924164 -0.9815558465853605 -0.0514109150904466
  outer loop
    vertex 9.244083613393634 -4.992110341118164 77.43769113467923
    vertex 9.277839038104048 -4.967097829163192 77.08104152600444
    vertex 9.36958489858344 -4.967097829163192 77.40963827380168
  endloop
endfacet
facet normal 0.3069621138952823 -0.9478548683898337 -0.08570536215798003
  outer loop
    vertex 9.395546267517831 -4.925396619700811 77.04142866679042
    vertex 9.36958489858344 -4.967097829163192 77.40963827380168
    vertex 9.277839038104048 -4.967097829163192 77.08104152600444
  endloop
endfacet
facet normal 0.3069621138952823 -0.9478548683898337 -0.08570536215798003
  outer loop
    vertex 9.36958489858344 -4.967097829163192 77.40963827380168
    vertex 9.395546267517831 -4.925396619700811 77.04142866679042
    vertex 9.490787986777866 -4.925396619700811 77.38254617378131
  endloop
endfacet
facet normal 0.4244254597629355 -0.8976749812868231 -0.11850171761085394
  outer loop
    vertex 9.507036165344758 -4.86773054295719 77.00390817082429
    vertex 9.490787986777866 -4.925396619700811 77.38254617378131
    vertex 9.395546267517831 -4.925396619700811 77.04142866679042
  endloop
endfacet
facet normal 0.4244254597629355 -0.8976749812868231 -0.11850171761085394
  outer loop
    vertex 9.490787986777866 -4.925396619700811 77.38254617378131
    vertex 9.507036165344758 -4.86773054295719 77.00390817082429
    vertex 9.605589091063496 -4.86773054295719 77.35688508670763
  endloop
endfacet
facet normal 0.5344774400350931 -0.8319042231740167 -0.14922878260834696
  outer loop
    vertex 9.610373541718635 -4.795100539910061 76.96913130144905
    vertex 9.605589091063496 -4.86773054295719 77.35688508670763
    vertex 9.507036165344758 -4.86773054295719 77.00390817082429
  endloop
endfacet
facet normal 0.5344774400350931 -0.8319042231740167 -0.14922878260834696
  outer loop
    vertex 9.605589091063496 -4.86773054295719 77.35688508670763
    vertex 9.610373541718635 -4.795100539910061 76.96913130144905
    vertex 9.71199554719028 -4.795100539910061 77.33310042581206
  endloop
endfacet
facet normal 0.6352077609206876 -0.7517026973525617 -0.17735319354048681
  outer loop
    vertex 9.703764714454287 -4.708767288420093 76.93770169941156
    vertex 9.71199554719028 -4.795100539910061 77.33310042581206
    vertex 9.610373541718635 -4.795100539910061 76.96913130144905
  endloop
endfacet
facet normal 0.6352077609206876 -0.7517026973525617 -0.17735319354048681
  outer loop
    vertex 9.71199554719028 -4.795100539910061 77.33310042581206
    vertex 9.703764714454287 -4.708767288420093 76.93770169941156
    vertex 9.808160401312099 -4.708767288420093 77.31160503419189
  endloop
endfacet
facet normal 0.7248747967573022 -0.6584795754774387 -0.2023886797849917
  outer loop
    vertex 9.785588642949891 -4.610229320970105 76.91016490514687
    vertex 9.808160401312099 -4.708767288420093 77.31160503419189
    vertex 9.703764714454287 -4.708767288420093 76.93770169941156
  endloop
endfacet
facet normal 0.7248747967573022 -0.6584795754774387 -0.2023886797849917
  outer loop
    vertex 9.808160401312099 -4.708767288420093 77.31160503419189
    vertex 9.785588642949891 -4.610229320970105 76.91016490514687
    vertex 9.89241446855383 -4.610229320970105 77.29277201887156
  endloop
endfacet
facet normal 0.8019347580258024 -0.5538660033848948 -0.22390420756328203
  outer loop
    vertex 9.96329530594719 -4.501197013834197 77.27692827458422
    vertex 9.785588642949891 -4.610229320970105 76.91016490514687
    vertex 9.854425065456859 -4.501197013834197 76.88699888954065
  endloop
endfacet
facet normal 0.8019347580258024 -0.5538660033848948 -0.22390420756328203
  outer loop
    vertex 9.785588642949891 -4.610229320970105 76.91016490514687
    vertex 9.96329530594719 -4.501197013834197 77.27692827458422
    vertex 9.89241446855383 -4.610229320970105 77.29277201887156
  endloop
endfacet
facet normal 0.8650665324366141 -0.4396847862059308 -0.24153091569639126
  outer loop
    vertex 10.019572596836534 -4.383562899160758 77.26434880968475
    vertex 9.854425065456859 -4.501197013834197 76.88699888954065
    vertex 9.909079151323652 -4.383562899160758 76.86860575753256
  endloop
endfacet
facet normal 0.8650665324366141 -0.4396847862059308 -0.24153091569639126
  outer loop
    vertex 9.854425065456859 -4.501197013834197 76.88699888954065
    vertex 10.019572596836534 -4.383562899160758 77.26434880968475
    vertex 9.96329530594719 -4.501197013834197 77.27692827458422
  endloop
endfacet
facet normal 0.91319207327452 -0.3179176845102783 -0.25496780813311865
  outer loop
    vertex 10.060269506143992 -4.259368815278394 77.25525197268247
    vertex 9.909079151323652 -4.383562899160758 76.86860575753256
    vertex 9.94860224031129 -4.2593688152783935 76.85530476856555
  endloop
endfacet
facet normal 0.91319207327452 -0.3179176845102783 -0.25496780813311865
  outer loop
    vertex 9.909079151323652 -4.383562899160758 76.86860575753256
    vertex 10.060269506143992 -4.259368815278394 77.25525197268247
    vertex 10.019572596836534 -4.383562899160758 77.26434880968475
  endloop
endfacet
facet normal 0.9454923743573687 -0.19067104846833863 -0.26398621423864144
  outer loop
    vertex 10.084679635819043 -4.130770465414535 77.24979566224914
    vertex 9.94860224031129 -4.2593688152783935 76.85530476856555
    vertex 9.9723083089972 -4.1307704654145345 76.84732679502858
  endloop
endfacet
facet normal 0.9454923743573687 -0.19067104846833863 -0.26398621423864144
  outer loop
    vertex 9.94860224031129 -4.2593688152783935 76.85530476856555
    vertex 10.084679635819043 -4.130770465414535 77.24979566224914
    vertex 10.060269506143992 -4.259368815278394 77.25525197268247
  endloop
endfacet
facet normal 0.9614191744950124 -0.06014037714823542 -0.2684330567381693
  outer loop
    vertex 10.092379286167807 -4.000000000000004 77.24807458648715
    vertex 9.9723083089972 -4.1307704654145345 76.84732679502858
    vertex 9.979785878451159 -4.0000000000000036 76.84481031488104
  endloop
endfacet
facet normal 0.9614191744950124 -0.06014037714823542 -0.2684330567381693
  outer loop
    vertex 9.9723083089972 -4.1307704654145345 76.84732679502858
    vertex 10.092379286167807 -4.000000000000004 77.24807458648715
    vertex 10.084679635819043 -4.130770465414535 77.24979566224914
  endloop
endfacet
facet normal -0.963162566797658 -1.65608041721755e-16 0.26891982061526637
  outer loop
    vertex 9.11646252422906 -5.000000000000002 77.4662178278837
    vertex 9.032017468441575 -4.600000000000003 77.16376962417911
    vertex 9.032017468441577 -5.000000000000002 77.16376962417911
  endloop
endfacet
facet normal -0.963162566797658 -1.65608041721755e-16 0.26891982061526637
  outer loop
    vertex 9.032017468441575 -4.600000000000003 77.16376962417911
    vertex 9.11646252422906 -5.000000000000002 77.4662178278837
    vertex 9.116462524229059 -4.600000000000003 77.4662178278837
  endloop
endfacet
facet normal 0.05946044894874435 -0.9981799998601126 -0.010056982155649671
  outer loop
    vertex 9.244083613393634 -4.992110341118164 77.43769113467923
    vertex 9.168830535214008 -5.000000000000002 77.77583610059472
    vertex 9.11646252422906 -5.000000000000002 77.4662178278837
  endloop
endfacet
facet normal 0.05946044894874435 -0.9981799998601126 -0.010056982155649671
  outer loop
    vertex 9.168830535214008 -5.000000000000002 77.77583610059472
    vertex 9.244083613393634 -4.992110341118164 77.43769113467923
    vertex 9.298734354101692 -4.992110341118164 77.76080571593134
  endloop
endfacet
facet normal 0.18849840976902038 -0.9815558465853605 -0.03188211957581154
  outer loop
    vertex 9.36958489858344 -4.967097829163192 77.40963827380168
    vertex 9.298734354101692 -4.992110341118164 77.76080571593134
    vertex 9.244083613393634 -4.992110341118164 77.43769113467923
  endloop
endfacet
facet normal 0.18849840976902038 -0.9815558465853605 -0.03188211957581154
  outer loop
    vertex 9.298734354101692 -4.992110341118164 77.76080571593134
    vertex 9.36958489858344 -4.967097829163192 77.40963827380168
    vertex 9.426480452557604 -4.967097829163192 77.7460249880399
  endloop
endfacet
facet normal 0.31423919311755977 -0.9478548683898337 -0.05314958116971358
  outer loop
    vertex 9.490787986777866 -4.925396619700811 77.38254617378131
    vertex 9.426480452557604 -4.967097829163192 77.7460249880399
    vertex 9.36958489858344 -4.967097829163192 77.40963827380168
  endloop
endfacet
facet normal 0.31423919311755977 -0.9478548683898337 -0.05314958116971358
  outer loop
    vertex 9.426480452557604 -4.967097829163192 77.7460249880399
    vertex 9.490787986777866 -4.925396619700811 77.38254617378131
    vertex 9.549851473135034 -4.925396619700811 77.73175047393039
  endloop
endfacet
facet normal 0.43448721512242544 -0.8976749812868232 -0.07348801172205403
  outer loop
    vertex 9.605589091063496 -4.86773054295719 77.35688508670763
    vertex 9.549851473135034 -4.925396619700811 77.73175047393039
    vertex 9.490787986777866 -4.925396619700811 77.38254617378131
  endloop
endfacet
facet normal 0.43448721512242544 -0.8976749812868232 -0.07348801172205403
  outer loop
    vertex 9.549851473135034 -4.925396619700811 77.73175047393039
    vertex 9.605589091063496 -4.86773054295719 77.35688508670763
    vertex 9.66670599895714 -4.86773054295719 77.71822994398907
  endloop
endfacet
facet normal 0.5471481720166357 -0.8319042231740177 -0.09254318626505334
  outer loop
    vertex 9.71199554719028 -4.795100539910061 77.33310042581206
    vertex 9.66670599895714 -4.86773054295719 77.71822994398907
    vertex 9.605589091063496 -4.86773054295719 77.35688508670763
  endloop
endfacet
facet normal 0.5471481720166357 -0.8319042231740177 -0.09254318626505334
  outer loop
    vertex 9.66670599895714 -4.86773054295719 77.71822994398907
    vertex 9.71199554719028 -4.795100539910061 77.33310042581206
    vertex 9.775015723436526 -4.795100539910061 77.70569808129521
  endloop
endfacet
facet normal 0.6502664831198793 -0.7517026973525601 -0.10998434308477285
  outer loop
    vertex 9.808160401312099 -4.708767288420093 77.31160503419189
    vertex 9.775015723436526 -4.795100539910061 77.70569808129521
    vertex 9.71199554719028 -4.795100539910061 77.33310042581206
  endloop
endfacet
facet normal 0.6502664831198793 -0.7517026973525601 -0.10998434308477285
  outer loop
    vertex 9.775015723436526 -4.795100539910061 77.70569808129521
    vertex 9.808160401312099 -4.708767288420093 77.31160503419189
    vertex 9.872900656678963 -4.708767288420093 77.69437240810115
  endloop
endfacet
facet normal 0.7420592344564587 -0.6584795754774388 -0.12550992485435675
  outer loop
    vertex 9.89241446855383 -4.610229320970105 77.29277201887156
    vertex 9.872900656678963 -4.708767288420093 77.69437240810115
    vertex 9.808160401312099 -4.708767288420093 77.31160503419189
  endloop
endfacet
facet normal 0.7420592344564587 -0.6584795754774388 -0.12550992485435675
  outer loop
    vertex 9.872900656678963 -4.708767288420093 77.69437240810115
    vertex 9.89241446855383 -4.610229320970105 77.29277201887156
    vertex 9.958661757474827 -4.610229320970105 77.6844495101821
  endloop
endfacet
facet normal 0.8209460382492697 -0.5538660033848963 -0.13885262898940962
  outer loop
    vertex 10.03081042446732 -4.501197013834197 77.6761016245916
    vertex 9.89241446855383 -4.610229320970105 77.29277201887156
    vertex 9.96329530594719 -4.501197013834197 77.27692827458422
  endloop
endfacet
facet normal 0.8209460382492697 -0.5538660033848963 -0.13885262898940962
  outer loop
    vertex 9.89241446855383 -4.610229320970105 77.29277201887156
    vertex 10.03081042446732 -4.501197013834197 77.6761016245916
    vertex 9.958661757474827 -4.610229320970105 77.6844495101821
  endloop
endfacet
facet normal 0.8855744629078958 -0.43968478620592855 -0.14978370880853117
  outer loop
    vertex 10.088094334603458 -4.383562899160758 77.66947365005056
    vertex 9.96329530594719 -4.501197013834197 77.27692827458422
    vertex 10.019572596836534 -4.383562899160758 77.26434880968475
  endloop
endfacet
facet normal 0.8855744629078958 -0.43968478620592855 -0.14978370880853117
  outer loop
    vertex 9.96329530594719 -4.501197013834197 77.27692827458422
    vertex 10.088094334603458 -4.383562899160758 77.66947365005056
    vertex 10.03081042446732 -4.501197013834197 77.6761016245916
  endloop
endfacet
facet normal 0.9348409047151354 -0.31791768451027996 -0.15811650371485333
  outer loop
    vertex 10.129519180375985 -4.259368815278394 77.66468063186285
    vertex 10.019572596836534 -4.383562899160758 77.26434880968475
    vertex 10.060269506143992 -4.259368815278394 77.25525197268247
  endloop
endfacet
facet normal 0.9348409047151354 -0.31791768451027996 -0.15811650371485333
  outer loop
    vertex 10.019572596836534 -4.383562899160758 77.26434880968475
    vertex 10.129519180375985 -4.259368815278394 77.66468063186285
    vertex 10.088094334603458 -4.383562899160758 77.66947365005056
  endloop
endfacet
facet normal 0.9679069415003506 -0.19067104846833874 -0.16370920521284518
  outer loop
    vertex 10.154365928551307 -4.130770465414535 77.66180576501209
    vertex 10.060269506143992 -4.259368815278394 77.25525197268247
    vertex 10.084679635819043 -4.130770465414535 77.24979566224914
  endloop
endfacet
facet normal 0.9679069415003506 -0.19067104846833874 -0.16370920521284518
  outer loop
    vertex 10.060269506143992 -4.259368815278394 77.25525197268247
    vertex 10.154365928551307 -4.130770465414535 77.66180576501209
    vertex 10.129519180375985 -4.259368815278394 77.66468063186285
  endloop
endfacet
facet normal 0.9842113145732606 -0.060140377148235113 -0.16646688350072072
  outer loop
    vertex 10.162203300814403 -4.000000000000004 77.66089895010184
    vertex 10.084679635819043 -4.130770465414535 77.24979566224914
    vertex 10.092379286167807 -4.000000000000004 77.24807458648715
  endloop
endfacet
facet normal 0.9842113145732606 -0.060140377148235113 -0.16646688350072072
  outer loop
    vertex 10.084679635819043 -4.130770465414535 77.24979566224914
    vertex 10.162203300814403 -4.000000000000004 77.66089895010184
    vertex 10.154365928551307 -4.130770465414535 77.66180576501209
  endloop
endfacet
facet normal -0.9859960370705054 -1.0270066929561547e-16 0.16676874671610029
  outer loop
    vertex 9.168830535214008 -5.000000000000002 77.77583610059472
    vertex 9.116462524229059 -4.600000000000003 77.4662178278837
    vertex 9.11646252422906 -5.000000000000002 77.4662178278837
  endloop
endfacet
facet normal -0.9859960370705054 -1.0270066929561547e-16 0.16676874671610029
  outer loop
    vertex 9.116462524229059 -4.600000000000003 77.4662178278837
    vertex 9.168830535214008 -5.000000000000002 77.77583610059472
    vertex 9.168830535214008 -4.600000000000003 77.77583610059472
  endloop
endfacet
facet normal 0.0601859592777941 -0.9981799998601126 -0.0037865796013047764
  outer loop
    vertex 9.298734354101692 -4.992110341118164 77.76080571593134
    vertex 9.188547746509355 -5.000000000000003 78.08923219972458
    vertex 9.168830535214008 -5.000000000000002 77.77583610059472
  endloop
endfacet
facet normal 0.0601859592777941 -0.9981799998601126 -0.0037865796013047764
  outer loop
    vertex 9.188547746509355 -5.000000000000003 78.08923219972458
    vertex 9.298734354101692 -4.992110341118164 77.76080571593134
    vertex 9.319311041696295 -4.992110341118164 78.08786279964198
  endloop
endfacet
facet normal 0.1907983847223666 -0.9815558465853608 -0.012004016887342109
  outer loop
    vertex 9.426480452557604 -4.967097829163192 77.7460249880399
    vertex 9.319311041696295 -4.992110341118164 78.08786279964198
    vertex 9.298734354101692 -4.992110341118164 77.76080571593134
  endloop
endfacet
facet normal 0.1907983847223666 -0.9815558465853608 -0.012004016887342109
  outer loop
    vertex 9.319311041696295 -4.992110341118164 78.08786279964198
    vertex 9.426480452557604 -4.967097829163192 77.7460249880399
    vertex 9.447902340431039 -4.967097829163193 78.0865161454845
  endloop
endfacet
facet normal 0.3180734019812615 -0.9478548683898339 -0.020011482247887773
  outer loop
    vertex 9.549851473135034 -4.925396619700811 77.73175047393039
    vertex 9.447902340431039 -4.967097829163193 78.0865161454845
    vertex 9.426480452557604 -4.967097829163192 77.7460249880399
  endloop
endfacet
facet normal 0.3180734019812615 -0.9478548683898339 -0.020011482247887773
  outer loop
    vertex 9.447902340431039 -4.967097829163193 78.0865161454845
    vertex 9.549851473135034 -4.925396619700811 77.73175047393039
    vertex 9.572089614672985 -4.925396619700811 78.08521561184956
  endloop
endfacet
facet normal 0.43978863763073983 -0.8976749812868229 -0.027669155798474458
  outer loop
    vertex 9.66670599895714 -4.86773054295719 77.71822994398907
    vertex 9.572089614672985 -4.925396619700811 78.08521561184956
    vertex 9.549851473135034 -4.925396619700811 77.73175047393039
  endloop
endfacet
facet normal 0.43978863763073983 -0.8976749812868229 -0.027669155798474458
  outer loop
    vertex 9.572089614672985 -4.925396619700811 78.08521561184956
    vertex 9.66670599895714 -4.86773054295719 77.71822994398907
    vertex 9.689717279393275 -4.86773054295719 78.08398377279599
  endloop
endfacet
facet normal 0.5538242341274491 -0.8319042231740174 -0.03484366740713654
  outer loop
    vertex 9.775015723436526 -4.795100539910061 77.70569808129521
    vertex 9.689717279393275 -4.86773054295719 78.08398377279599
    vertex 9.66670599895714 -4.86773054295719 77.71822994398907
  endloop
endfacet
facet normal 0.5538242341274491 -0.8319042231740174 -0.03484366740713654
  outer loop
    vertex 9.689717279393275 -4.86773054295719 78.08398377279599
    vertex 9.775015723436526 -4.795100539910061 77.70569808129521
    vertex 9.7987436082186 -4.795100539910062 78.08284201001398
  endloop
endfacet
facet normal 0.6582007496529966 -0.751702697352561 -0.04141048115052127
  outer loop
    vertex 9.872900656678963 -4.708767288420093 77.69437240810115
    vertex 9.7987436082186 -4.795100539910062 78.08284201001398
    vertex 9.775015723436526 -4.795100539910061 77.70569808129521
  endloop
endfacet
facet normal 0.6582007496529966 -0.751702697352561 -0.04141048115052127
  outer loop
    vertex 9.7987436082186 -4.795100539910062 78.08284201001398
    vertex 9.872900656678963 -4.708767288420093 77.69437240810115
    vertex 9.897276172769315 -4.708767288420094 78.08181014169158
  endloop
endfacet
facet normal 0.7511135158970313 -0.6584795754774394 -0.04725605692238075
  outer loop
    vertex 9.983604690552326 -4.610229320970105 78.08090607851993
    vertex 9.872900656678963 -4.708767288420093 77.69437240810115
    vertex 9.958661757474827 -4.610229320970105 77.6844495101821
  endloop
endfacet
facet normal 0.7511135158970313 -0.6584795754774394 -0.04725605692238075
  outer loop
    vertex 9.872900656678963 -4.708767288420093 77.69437240810115
    vertex 9.983604690552326 -4.610229320970105 78.08090607851993
    vertex 9.897276172769315 -4.708767288420094 78.08181014169158
  endloop
endfacet
facet normal 0.8309628618836755 -0.5538660033848961 -0.05227975195555199
  outer loop
    vertex 10.056230711250306 -4.501197013834198 78.08014551280765
    vertex 9.958661757474827 -4.610229320970105 77.6844495101821
    vertex 10.03081042446732 -4.501197013834197 77.6761016245916
  endloop
endfacet
facet normal 0.8309628618836755 -0.5538660033848961 -0.05227975195555199
  outer loop
    vertex 9.958661757474827 -4.610229320970105 77.6844495101821
    vertex 10.056230711250306 -4.501197013834198 78.08014551280765
    vertex 9.983604690552326 -4.610229320970105 78.08090607851993
  endloop
endfacet
facet normal 0.8963798542451866 -0.4396847862059286 -0.05639544026271056
  outer loop
    vertex 10.113893626126352 -4.383562899160759 78.07954164610116
    vertex 10.03081042446732 -4.501197013834197 77.6761016245916
    vertex 10.088094334603458 -4.383562899160758 77.66947365005056
  endloop
endfacet
facet normal 0.8963798542451866 -0.4396847862059286 -0.05639544026271056
  outer loop
    vertex 10.03081042446732 -4.501197013834197 77.6761016245916
    vertex 10.113893626126352 -4.383562899160759 78.07954164610116
    vertex 10.056230711250306 -4.501197013834198 78.08014551280765
  endloop
endfacet
facet normal 0.9462474235756555 -0.3179176845102803 -0.05953284179388582
  outer loop
    vertex 10.15559254908496 -4.259368815278395 78.0791049600383
    vertex 10.088094334603458 -4.383562899160758 77.66947365005056
    vertex 10.129519180375985 -4.259368815278394 77.66468063186285
  endloop
endfacet
facet normal 0.9462474235756555 -0.3179176845102803 -0.05953284179388582
  outer loop
    vertex 10.088094334603458 -4.383562899160758 77.66947365005056
    vertex 10.15559254908496 -4.259368815278395 78.0791049600383
    vertex 10.113893626126352 -4.383562899160759 78.07954164610116
  endloop
endfacet
facet normal 0.9797169176447047 -0.19067104846833813 -0.06163856387638853
  outer loop
    vertex 10.18060368958803 -4.130770465414536 78.07884303441288
    vertex 10.129519180375985 -4.259368815278394 77.66468063186285
    vertex 10.154365928551307 -4.130770465414535 77.66180576501209
  endloop
endfacet
facet normal 0.9797169176447047 -0.19067104846833813 -0.06163856387638853
  outer loop
    vertex 10.129519180375985 -4.259368815278394 77.66468063186285
    vertex 10.18060368958803 -4.130770465414536 78.07884303441288
    vertex 10.15559254908496 -4.259368815278395 78.0791049600383
  endloop
endfacet
facet normal 0.9962202295295847 -0.06014037714823438 -0.06267686425220843
  outer loop
    vertex 10.188492915874864 -4.000000000000005 78.07876041560833
    vertex 10.154365928551307 -4.130770465414535 77.66180576501209
    vertex 10.162203300814403 -4.000000000000004 77.66089895010184
  endloop
endfacet
facet normal 0.9962202295295847 -0.06014037714823438 -0.06267686425220843
  outer loop
    vertex 10.154365928551307 -4.130770465414535 77.66180576501209
    vertex 10.188492915874864 -4.000000000000005 78.07876041560833
    vertex 10.18060368958803 -4.130770465414536 78.07884303441288
  endloop
endfacet
facet normal -0.9980267284282714 -3.8668086845179857e-17 0.06279051952931429
  outer loop
    vertex 9.188547746509355 -5.000000000000003 78.08923219972458
    vertex 9.168830535214008 -4.600000000000003 77.77583610059472
    vertex 9.168830535214008 -5.000000000000002 77.77583610059472
  endloop
endfacet
facet normal -0.9980267284282714 -3.8668086845179857e-17 0.06279051952931429
  outer loop
    vertex 9.168830535214008 -4.600000000000003 77.77583610059472
    vertex 9.188547746509355 -5.000000000000003 78.08923219972458
    vertex 9.188547746509355 -4.600000000000004 78.08923219972458
  endloop
endfacet
facet normal 0.06025205964227452 -0.9981799998601127 0.002525309511544921
  outer loop
    vertex 9.319311041696295 -4.992110341118164 78.08786279964198
    vertex 9.17539813222206 -5.000000000000003 78.40297249202885
    vertex 9.188547746509355 -5.000000000000003 78.08923219972458
  endloop
endfacet
facet normal 0.06025205964227452 -0.9981799998601127 0.002525309511544921
  outer loop
    vertex 9.17539813222206 -5.000000000000003 78.40297249202885
    vertex 9.319311041696295 -4.992110341118164 78.08786279964198
    vertex 9.305588233682208 -4.992110341118164 78.4152790799609
  endloop
endfacet
facet normal 0.19100793264556645 -0.9815558465853605 0.00800560432214721
  outer loop
    vertex 9.447902340431039 -4.967097829163193 78.0865161454845
    vertex 9.305588233682208 -4.992110341118164 78.4152790799609
    vertex 9.319311041696295 -4.992110341118164 78.08786279964198
  endloop
endfacet
facet normal 0.19100793264556645 -0.9815558465853605 0.00800560432214721
  outer loop
    vertex 9.305588233682208 -4.992110341118164 78.4152790799609
    vertex 9.447902340431039 -4.967097829163193 78.0865161454845
    vertex 9.43361585951739 -4.967097829163193 78.42738125376212
  endloop
endfacet
facet normal 0.3184227320917176 -0.9478548683898341 0.013345866661117508
  outer loop
    vertex 9.572089614672985 -4.925396619700811 78.08521561184956
    vertex 9.43361585951739 -4.967097829163193 78.42738125376212
    vertex 9.447902340431039 -4.967097829163193 78.0865161454845
  endloop
endfacet
facet normal 0.3184227320917176 -0.9478548683898341 0.013345866661117508
  outer loop
    vertex 9.43361585951739 -4.967097829163193 78.42738125376212
    vertex 9.572089614672985 -4.925396619700811 78.08521561184956
    vertex 9.557258765659395 -4.925396619700811 78.43906894952043
  endloop
endfacet
facet normal 0.44027164379348105 -0.8976749812868232 0.018452849186176883
  outer loop
    vertex 9.689717279393275 -4.86773054295719 78.08398377279599
    vertex 9.557258765659395 -4.925396619700811 78.43906894952043
    vertex 9.572089614672985 -4.925396619700811 78.08521561184956
  endloop
endfacet
facet normal 0.44027164379348105 -0.8976749812868232 0.018452849186176883
  outer loop
    vertex 9.557258765659395 -4.925396619700811 78.43906894952043
    vertex 9.689717279393275 -4.86773054295719 78.08398377279599
    vertex 9.674370815968025 -4.86773054295719 78.45013929764107
  endloop
endfacet
facet normal 0.5544324820339905 -0.8319042231740172 0.023237605962399835
  outer loop
    vertex 9.7987436082186 -4.795100539910062 78.08284201001398
    vertex 9.674370815968025 -4.86773054295719 78.45013929764107
    vertex 9.689717279393275 -4.86773054295719 78.08398377279599
  endloop
endfacet
facet normal 0.5544324820339905 -0.8319042231740172 0.023237605962399835
  outer loop
    vertex 9.674370815968025 -4.86773054295719 78.45013929764107
    vertex 9.7987436082186 -4.795100539910062 78.08284201001398
    vertex 9.782919233865453 -4.795100539910062 78.46040014416286
  endloop
endfacet
facet normal 0.6589236310355561 -0.7517026973525595 0.027617082680916057
  outer loop
    vertex 9.897276172769315 -4.708767288420094 78.08181014169158
    vertex 9.782919233865453 -4.795100539910062 78.46040014416286
    vertex 9.7987436082186 -4.795100539910062 78.08284201001398
  endloop
endfacet
facet normal 0.6589236310355561 -0.7517026973525595 0.027617082680916057
  outer loop
    vertex 9.782919233865453 -4.795100539910062 78.46040014416286
    vertex 9.897276172769315 -4.708767288420094 78.08181014169158
    vertex 9.881019886327959 -4.708767288420094 78.46967338607742
  endloop
endfacet
facet normal 0.7519384404768281 -0.65847957547744 0.03151555825820262
  outer loop
    vertex 9.966969987791884 -4.610229320970105 78.47779806275842
    vertex 9.897276172769315 -4.708767288420094 78.08181014169158
    vertex 9.983604690552326 -4.610229320970105 78.08090607851993
  endloop
endfacet
facet normal 0.7519384404768281 -0.65847957547744 0.03151555825820262
  outer loop
    vertex 9.897276172769315 -4.708767288420094 78.08181014169158
    vertex 9.966969987791884 -4.610229320970105 78.47779806275842
    vertex 9.881019886327959 -4.708767288420094 78.46967338607742
  endloop
endfacet
facet normal 0.8318754825131262 -0.5538660033848952 0.03486591298097184
  outer loop
    vertex 10.039277656314614 -4.501197013834198 78.48463314984151
    vertex 9.983604690552326 -4.610229320970105 78.08090607851993
    vertex 10.056230711250306 -4.501197013834198 78.08014551280765
  endloop
endfacet
facet normal 0.8318754825131262 -0.5538660033848952 0.03486591298097184
  outer loop
    vertex 9.983604690552326 -4.610229320970105 78.08090607851993
    vertex 10.039277656314614 -4.501197013834198 78.48463314984151
    vertex 9.966969987791884 -4.610229320970105 78.47779806275842
  endloop
endfacet
facet normal 0.8973643203198225 -0.43968478620593043 0.03761070852813236
  outer loop
    vertex 10.096687808968445 -4.383562899160759 78.49006000705955
    vertex 10.056230711250306 -4.501197013834198 78.08014551280765
    vertex 10.113893626126352 -4.383562899160759 78.07954164610116
  endloop
endfacet
facet normal 0.8973643203198225 -0.43968478620593043 0.03761070852813236
  outer loop
    vertex 10.056230711250306 -4.501197013834198 78.08014551280765
    vertex 10.096687808968445 -4.383562899160759 78.49006000705955
    vertex 10.039277656314614 -4.501197013834198 78.48463314984151
  endloop
endfacet
facet normal 0.9472866576484779 -0.3179176845102794 0.03970307439982482
  outer loop
    vertex 10.138203946987137 -4.259368815278395 78.49398443754541
    vertex 10.113893626126352 -4.383562899160759 78.07954164610116
    vertex 10.15559254908496 -4.259368815278395 78.0791049600383
  endloop
endfacet
facet normal 0.9472866576484779 -0.3179176845102794 0.03970307439982482
  outer loop
    vertex 10.113893626126352 -4.383562899160759 78.07954164610116
    vertex 10.138203946987137 -4.259368815278395 78.49398443754541
    vertex 10.096687808968445 -4.383562899160759 78.49006000705955
  endloop
endfacet
facet normal 0.9807929102203984 -0.19067104846833774 0.04110740246459909
  outer loop
    vertex 10.163105452528686 -4.130770465414536 78.49633832285734
    vertex 10.15559254908496 -4.259368815278395 78.0791049600383
    vertex 10.18060368958803 -4.130770465414536 78.07884303441288
  endloop
endfacet
facet normal 0.9807929102203984 -0.19067104846833774 0.04110740246459909
  outer loop
    vertex 10.15559254908496 -4.259368815278395 78.0791049600383
    vertex 10.163105452528686 -4.130770465414536 78.49633832285734
    vertex 10.138203946987137 -4.259368815278395 78.49398443754541
  endloop
endfacet
facet normal 0.9973143471786975 -0.060140377148234815 0.041799855837029505
  outer loop
    vertex 10.170960096825137 -4.000000000000005 78.49708080534737
    vertex 10.18060368958803 -4.130770465414536 78.07884303441288
    vertex 10.188492915874864 -4.000000000000005 78.07876041560833
  endloop
endfacet
facet normal 0.9973143471786975 -0.060140377148234815 0.041799855837029505
  outer loop
    vertex 10.18060368958803 -4.130770465414536 78.07884303441288
    vertex 10.170960096825137 -4.000000000000005 78.49708080534737
    vertex 10.163105452528686 -4.130770465414536 78.49633832285734
  endloop
endfacet
facet normal -0.9991228300988584 2.5788151256550558e-17 -0.041875653729198416
  outer loop
    vertex 9.17539813222206 -5.000000000000003 78.40297249202885
    vertex 9.188547746509355 -4.600000000000004 78.08923219972458
    vertex 9.188547746509355 -5.000000000000003 78.08923219972458
  endloop
endfacet
facet normal -0.9991228300988584 2.5788151256550558e-17 -0.041875653729198416
  outer loop
    vertex 9.188547746509355 -4.600000000000004 78.08923219972458
    vertex 9.17539813222206 -5.000000000000003 78.40297249202885
    vertex 9.175398132222059 -4.600000000000004 78.40297249202885
  endloop
endfacet
facet normal 0.0596580258327602 -0.9981799998601126 0.008809530804931083
  outer loop
    vertex 9.305588233682208 -4.992110341118164 78.4152790799609
    vertex 9.129525762277986 -5.000000000000003 78.71361957321069
    vertex 9.17539813222206 -5.000000000000003 78.40297249202885
  endloop
endfacet
facet normal 0.0596580258327602 -0.9981799998601126 0.008809530804931083
  outer loop
    vertex 9.129525762277986 -5.000000000000003 78.71361957321069
    vertex 9.305588233682208 -4.992110341118164 78.4152790799609
    vertex 9.257716280015716 -4.992110341118164 78.73946731560467
  endloop
endfacet
facet normal 0.18912475768772047 -0.9815558465853608 0.02792751445540242
  outer loop
    vertex 9.43361585951739 -4.967097829163193 78.42738125376212
    vertex 9.257716280015716 -4.992110341118164 78.73946731560467
    vertex 9.305588233682208 -4.992110341118164 78.4152790799609
  endloop
endfacet
facet normal 0.18912475768772047 -0.9815558465853608 0.02792751445540242
  outer loop
    vertex 9.257716280015716 -4.992110341118164 78.73946731560467
    vertex 9.43361585951739 -4.967097829163193 78.42738125376212
    vertex 9.38377753549118 -4.967097829163193 78.7648857234159
  endloop
endfacet
facet normal 0.31528335611513736 -0.9478548683898341 0.04655699546218154
  outer loop
    vertex 9.557258765659395 -4.925396619700811 78.43906894952043
    vertex 9.38377753549118 -4.967097829163193 78.7648857234159
    vertex 9.43361585951739 -4.967097829163193 78.42738125376212
  endloop
endfacet
facet normal 0.31528335611513736 -0.9478548683898341 0.04655699546218154
  outer loop
    vertex 9.38377753549118 -4.967097829163193 78.7648857234159
    vertex 9.557258765659395 -4.925396619700811 78.43906894952043
    vertex 9.505521415979613 -4.925396619700811 78.7894335957269
  endloop
endfacet
facet normal 0.43593094169405844 -0.8976749812868225 0.06437268089363783
  outer loop
    vertex 9.674370815968025 -4.86773054295719 78.45013929764107
    vertex 9.505521415979613 -4.925396619700811 78.7894335957269
    vertex 9.557258765659395 -4.925396619700811 78.43906894952043
  endloop
endfacet
facet normal 0.43593094169405844 -0.8976749812868225 0.06437268089363783
  outer loop
    vertex 9.505521415979613 -4.925396619700811 78.7894335957269
    vertex 9.674370815968025 -4.86773054295719 78.45013929764107
    vertex 9.620834747746128 -4.86773054295719 78.8126848419711
  endloop
endfacet
facet normal 0.5489662516449101 -0.8319042231740182 0.08106428325823073
  outer loop
    vertex 9.782919233865453 -4.795100539910062 78.46040014416286
    vertex 9.620834747746128 -4.86773054295719 78.8126848419711
    vertex 9.674370815968025 -4.86773054295719 78.45013929764107
  endloop
endfacet
facet normal 0.5489662516449101 -0.8319042231740182 0.08106428325823073
  outer loop
    vertex 9.620834747746128 -4.86773054295719 78.8126848419711
    vertex 9.782919233865453 -4.795100539910062 78.46040014416286
    vertex 9.727715975533961 -4.795100539910062 78.834235877815
  endloop
endfacet
facet normal 0.652427207227854 -0.7517026973525598 0.0963420679752554
  outer loop
    vertex 9.881019886327959 -4.708767288420094 78.46967338607742
    vertex 9.727715975533961 -4.795100539910062 78.834235877815
    vertex 9.782919233865453 -4.795100539910062 78.46040014416286
  endloop
endfacet
facet normal 0.652427207227854 -0.7517026973525598 0.0963420679752554
  outer loop
    vertex 9.727715975533961 -4.795100539910062 78.834235877815
    vertex 9.881019886327959 -4.708767288420094 78.46967338607742
    vertex 9.824309904630997 -4.708767288420094 78.85371263038753
  endloop
endfacet
facet normal 0.744524970149528 -0.6584795754774383 0.10994188238745539
  outer loop
    vertex 9.90893990247798 -4.610229320970105 78.87077703126332
    vertex 9.881019886327959 -4.708767288420094 78.46967338607742
    vertex 9.966969987791884 -4.610229320970105 78.47779806275842
  endloop
endfacet
facet normal 0.744524970149528 -0.6584795754774383 0.10994188238745539
  outer loop
    vertex 9.881019886327959 -4.708767288420094 78.46967338607742
    vertex 9.90893990247798 -4.610229320970105 78.87077703126332
    vertex 9.824309904630997 -4.708767288420094 78.85371263038753
  endloop
endfacet
facet normal 0.823673901275026 -0.5538660033848959 0.12162957967871561
  outer loop
    vertex 9.980137000877772 -4.501197013834198 78.88513288449734
    vertex 9.966969987791884 -4.610229320970105 78.47779806275842
    vertex 10.039277656314614 -4.501197013834198 78.48463314984151
  endloop
endfacet
facet normal 0.823673901275026 -0.5538660033848959 0.12162957967871561
  outer loop
    vertex 9.966969987791884 -4.610229320970105 78.47779806275842
    vertex 9.980137000877772 -4.501197013834198 78.88513288449734
    vertex 9.90893990247798 -4.610229320970105 78.87077703126332
  endloop
endfacet
facet normal 0.8885170751154793 -0.43968478620593054 0.1312047865257938
  outer loop
    vertex 10.036665393663068 -4.383562899160759 78.89653100785658
    vertex 10.039277656314614 -4.501197013834198 78.48463314984151
    vertex 10.096687808968445 -4.383562899160759 78.49006000705955
  endloop
endfacet
facet normal 0.8885170751154793 -0.43968478620593054 0.1312047865257938
  outer loop
    vertex 10.039277656314614 -4.501197013834198 78.48463314984151
    vertex 10.036665393663068 -4.383562899160759 78.89653100785658
    vertex 9.980137000877772 -4.501197013834198 78.88513288449734
  endloop
endfacet
facet normal 0.9379472208676259 -0.3179176845102795 0.13850399540200706
  outer loop
    vertex 10.077543887245902 -4.259368815278395 78.90477355800951
    vertex 10.096687808968445 -4.383562899160759 78.49006000705955
    vertex 10.138203946987137 -4.259368815278395 78.49398443754541
  endloop
endfacet
facet normal 0.9379472208676259 -0.3179176845102795 0.13850399540200706
  outer loop
    vertex 10.096687808968445 -4.383562899160759 78.49006000705955
    vertex 10.077543887245902 -4.259368815278395 78.90477355800951
    vertex 10.036665393663068 -4.383562899160759 78.89653100785658
  endloop
endfacet
facet normal 0.971123130427606 -0.19067104846833707 0.14340298750190691
  outer loop
    vertex 10.102062931720242 -4.130770465414536 78.90971746459873
    vertex 10.138203946987137 -4.259368815278395 78.49398443754541
    vertex 10.163105452528686 -4.130770465414536 78.49633832285734
  endloop
endfacet
facet normal 0.971123130427606 -0.19067104846833707 0.14340298750190691
  outer loop
    vertex 10.138203946987137 -4.259368815278395 78.49398443754541
    vertex 10.102062931720242 -4.130770465414536 78.90971746459873
    vertex 10.077543887245902 -4.259368815278395 78.90477355800951
  endloop
endfacet
facet normal 0.9874816801386761 -0.060140377148236966 0.1458186079585354
  outer loop
    vertex 10.109796936899706 -4.000000000000005 78.91127691358982
    vertex 10.163105452528686 -4.130770465414536 78.49633832285734
    vertex 10.170960096825137 -4.000000000000005 78.49708080534737
  endloop
endfacet
facet normal 0.9874816801386761 -0.060140377148236966 0.1458186079585354
  outer loop
    vertex 10.163105452528686 -4.130770465414536 78.49633832285734
    vertex 10.109796936899706 -4.000000000000005 78.91127691358982
    vertex 10.102062931720242 -4.130770465414536 78.90971746459873
  endloop
endfacet
facet normal -0.9892723329629886 8.996184897659646e-17 -0.1460830285624099
  outer loop
    vertex 9.129525762277986 -5.000000000000003 78.71361957321069
    vertex 9.175398132222059 -4.600000000000004 78.40297249202885
    vertex 9.17539813222206 -5.000000000000003 78.40297249202885
  endloop
endfacet
facet normal -0.9892723329629886 8.996184897659646e-17 -0.1460830285624099
  outer loop
    vertex 9.175398132222059 -4.600000000000004 78.40297249202885
    vertex 9.129525762277986 -5.000000000000003 78.71361957321069
    vertex 9.129525762277986 -4.600000000000004 78.71361957321069
  endloop
endfacet
facet normal 0.05841036620797757 -0.9981799998601127 0.01499723303530579
  outer loop
    vertex 9.257716280015716 -4.992110341118164 78.73946731560467
    vertex 9.051433223961652 -5.000000000000003 79.01776992884156
    vertex 9.129525762277986 -5.000000000000003 78.71361957321069
  endloop
endfacet
facet normal 0.05841036620797757 -0.9981799998601127 0.01499723303530579
  outer loop
    vertex 9.051433223961652 -5.000000000000003 79.01776992884156
    vertex 9.257716280015716 -4.992110341118164 78.73946731560467
    vertex 9.17621967583904 -4.992110341118164 79.05687563242283
  endloop
endfacet
facet normal 0.18516949230774865 -0.9815558465853608 0.04754344489607696
  outer loop
    vertex 9.38377753549118 -4.967097829163193 78.7648857234159
    vertex 9.17621967583904 -4.992110341118164 79.05687563242283
    vertex 9.257716280015716 -4.992110341118164 78.73946731560467
  endloop
endfacet
facet normal 0.18516949230774865 -0.9815558465853608 0.04754344489607696
  outer loop
    vertex 9.17621967583904 -4.992110341118164 79.05687563242283
    vertex 9.38377753549118 -4.967097829163193 78.7648857234159
    vertex 9.298933407459785 -4.967097829163193 79.09533178484894
  endloop
endfacet
facet normal 0.3086896697116754 -0.9478548683898342 0.07925803607828523
  outer loop
    vertex 9.505521415979613 -4.925396619700811 78.7894335957269
    vertex 9.298933407459785 -4.967097829163193 79.09533178484894
    vertex 9.38377753549118 -4.967097829163193 78.7648857234159
  endloop
endfacet
facet normal 0.3086896697116754 -0.9478548683898342 0.07925803607828523
  outer loop
    vertex 9.298933407459785 -4.967097829163193 79.09533178484894
    vertex 9.505521415979613 -4.925396619700811 78.7894335957269
    vertex 9.417444410863466 -4.925396619700811 79.13247088208664
  endloop
endfacet
facet normal 0.4268140889730196 -0.897674981286823 0.109587232038379
  outer loop
    vertex 9.620834747746128 -4.86773054295719 78.8126848419711
    vertex 9.417444410863466 -4.925396619700811 79.13247088208664
    vertex 9.505521415979613 -4.925396619700811 78.7894335957269
  endloop
endfacet
facet normal 0.4268140889730196 -0.897674981286823 0.109587232038379
  outer loop
    vertex 9.417444410863466 -4.925396619700811 79.13247088208664
    vertex 9.620834747746128 -4.86773054295719 78.8126848419711
    vertex 9.529695627094167 -4.867730542957191 79.16764828093493
  endloop
endfacet
facet normal 0.537485432124237 -0.8319042231740172 0.13800280330289358
  outer loop
    vertex 9.727715975533961 -4.795100539910062 78.834235877815
    vertex 9.529695627094167 -4.867730542957191 79.16764828093493
    vertex 9.620834747746128 -4.86773054295719 78.8126848419711
  endloop
endfacet
facet normal 0.537485432124237 -0.8319042231740172 0.13800280330289358
  outer loop
    vertex 9.529695627094167 -4.867730542957191 79.16764828093493
    vertex 9.727715975533961 -4.795100539910062 78.834235877815
    vertex 9.633738651674424 -4.795100539910062 79.20025338844236
  endloop
endfacet
facet normal 0.6387826544085916 -0.751702697352561 0.16401150941198583
  outer loop
    vertex 9.824309904630997 -4.708767288420094 78.85371263038753
    vertex 9.633738651674424 -4.795100539910062 79.20025338844236
    vertex 9.727715975533961 -4.795100539910062 78.834235877815
  endloop
endfacet
facet normal 0.6387826544085916 -0.751702697352561 0.16401150941198583
  outer loop
    vertex 9.633738651674424 -4.795100539910062 79.20025338844236
    vertex 9.824309904630997 -4.708767288420094 78.85371263038753
    vertex 9.727767554105228 -4.708767288420095 79.22972026029592
  endloop
endfacet
facet normal 0.7289543284474019 -0.6584795754774376 0.1871636602464559
  outer loop
    vertex 9.810150224368892 -4.610229320970106 79.25553742421951
    vertex 9.824309904630997 -4.708767288420094 78.85371263038753
    vertex 9.90893990247798 -4.610229320970105 78.87077703126332
  endloop
endfacet
facet normal 0.7289543284474019 -0.6584795754774376 0.1871636602464559
  outer loop
    vertex 9.824309904630997 -4.708767288420094 78.85371263038753
    vertex 9.810150224368892 -4.610229320970106 79.25553742421951
    vertex 9.727767554105228 -4.708767288420095 79.22972026029592
  endloop
endfacet
facet normal 0.8064479764097099 -0.5538660033848988 0.20706064724887535
  outer loop
    vertex 9.879456702336725 -4.501197013834199 79.2772567578723
    vertex 9.90893990247798 -4.610229320970105 78.87077703126332
    vertex 9.980137000877772 -4.501197013834198 78.88513288449734
  endloop
endfacet
facet normal 0.8064479764097099 -0.5538660033848988 0.20706064724887535
  outer loop
    vertex 9.90893990247798 -4.610229320970105 78.87077703126332
    vertex 9.879456702336725 -4.501197013834199 79.2772567578723
    vertex 9.810150224368892 -4.610229320970106 79.25553742421951
  endloop
endfacet
facet normal 0.8699350509020201 -0.43968478620592755 0.22336135742591576
  outer loop
    vertex 9.934483998352803 -4.38356289916076 79.29450126714801
    vertex 9.980137000877772 -4.501197013834198 78.88513288449734
    vertex 10.036665393663068 -4.383562899160759 78.89653100785658
  endloop
endfacet
facet normal 0.8699350509020201 -0.43968478620592755 0.22336135742591576
  outer loop
    vertex 9.980137000877772 -4.501197013834198 78.88513288449734
    vertex 9.934483998352803 -4.38356289916076 79.29450126714801
    vertex 9.879456702336725 -4.501197013834199 79.2772567578723
  endloop
endfacet
facet normal 0.9183314380568736 -0.3179176845102792 0.2357874376467441
  outer loop
    vertex 9.974276974169712 -4.259368815278396 79.30697162986367
    vertex 10.036665393663068 -4.383562899160759 78.89653100785658
    vertex 10.077543887245902 -4.259368815278395 78.90477355800951
  endloop
endfacet
facet normal 0.9183314380568736 -0.3179176845102792 0.2357874376467441
  outer loop
    vertex 10.036665393663068 -4.383562899160759 78.89653100785658
    vertex 9.974276974169712 -4.259368815278396 79.30697162986367
    vertex 9.934483998352803 -4.38356289916076 79.29450126714801
  endloop
endfacet
facet normal 0.9508135223972686 -0.19067104846833727 0.2441274193991408
  outer loop
    vertex 9.99814492179464 -4.130770465414537 79.314451391255
    vertex 10.077543887245902 -4.259368815278395 78.90477355800951
    vertex 10.102062931720242 -4.130770465414536 78.90971746459873
  endloop
endfacet
facet normal 0.9508135223972686 -0.19067104846833727 0.2441274193991408
  outer loop
    vertex 10.077543887245902 -4.259368815278395 78.90477355800951
    vertex 9.99814492179464 -4.130770465414537 79.314451391255
    vertex 9.974276974169712 -4.259368815278396 79.30697162986367
  endloop
endfacet
facet normal 0.966829957167229 -0.06014037714823759 0.2482397408967428
  outer loop
    vertex 10.005673552477926 -4.000000000000006 79.31681072109765
    vertex 10.102062931720242 -4.130770465414536 78.90971746459873
    vertex 10.109796936899706 -4.000000000000005 78.91127691358982
  endloop
endfacet
facet normal 0.966829957167229 -0.06014037714823759 0.2482397408967428
  outer loop
    vertex 10.102062931720242 -4.130770465414536 78.90971746459873
    vertex 10.005673552477926 -4.000000000000006 79.31681072109765
    vertex 9.99814492179464 -4.130770465414537 79.314451391255
  endloop
endfacet
facet normal -0.9685831611286311 1.531499058535289e-16 -0.24868988716485474
  outer loop
    vertex 9.051433223961652 -5.000000000000003 79.01776992884156
    vertex 9.129525762277986 -4.600000000000004 78.71361957321069
    vertex 9.129525762277986 -5.000000000000003 78.71361957321069
  endloop
endfacet
facet normal -0.9685831611286311 1.531499058535289e-16 -0.24868988716485474
  outer loop
    vertex 9.129525762277986 -4.600000000000004 78.71361957321069
    vertex 9.051433223961652 -5.000000000000003 79.01776992884156
    vertex 9.051433223961652 -4.600000000000004 79.01776992884157
  endloop
endfacet
facet normal 0.0565227503878654 -0.9981799998601126 0.021020622442172763
  outer loop
    vertex 9.17621967583904 -4.992110341118164 79.05687563242283
    vertex 8.941976115464763 -5.0000000000000036 79.31209122397766
    vertex 9.051433223961652 -5.000000000000003 79.01776992884156
  endloop
endfacet
facet normal 0.0565227503878654 -0.9981799998601126 0.021020622442172763
  outer loop
    vertex 8.941976115464763 -5.0000000000000036 79.31209122397766
    vertex 9.17621967583904 -4.992110341118164 79.05687563242283
    vertex 9.061991315001796 -4.992110341118165 79.36402643847437
  endloop
endfacet
facet normal 0.17918547122084574 -0.9815558465853608 0.06663847940536363
  outer loop
    vertex 9.298933407459785 -4.967097829163193 79.09533178484894
    vertex 9.061991315001796 -4.992110341118165 79.36402643847437
    vertex 9.17621967583904 -4.992110341118164 79.05687563242283
  endloop
endfacet
facet normal 0.17918547122084574 -0.9815558465853608 0.06663847940536363
  outer loop
    vertex 9.061991315001796 -4.992110341118165 79.36402643847437
    vertex 9.298933407459785 -4.967097829163193 79.09533178484894
    vertex 9.18001304544468 -4.967097829163193 79.4150990018619
  endloop
endfacet
facet normal 0.29871391468938674 -0.9478548683898341 0.11109070906530376
  outer loop
    vertex 9.417444410863466 -4.925396619700811 79.13247088208664
    vertex 9.18001304544468 -4.967097829163193 79.4150990018619
    vertex 9.298933407459785 -4.967097829163193 79.09533178484894
  endloop
endfacet
facet normal 0.29871391468938674 -0.9478548683898341 0.11109070906530376
  outer loop
    vertex 9.18001304544468 -4.967097829163193 79.4150990018619
    vertex 9.417444410863466 -4.925396619700811 79.13247088208664
    vertex 9.293992740410303 -4.925396619700812 79.46442242030511
  endloop
endfacet
facet normal 0.4130209717766021 -0.8976749812868232 0.15360112253630462
  outer loop
    vertex 9.529695627094167 -4.867730542957191 79.16764828093493
    vertex 9.293992740410303 -4.925396619700812 79.46442242030511
    vertex 9.417444410863466 -4.925396619700811 79.13247088208664
  endloop
endfacet
facet normal 0.4130209717766021 -0.8976749812868232 0.15360112253630462
  outer loop
    vertex 9.293992740410303 -4.925396619700812 79.46442242030511
    vertex 9.529695627094167 -4.867730542957191 79.16764828093493
    vertex 9.401951993290092 -4.867730542957191 79.51114056081435
  endloop
endfacet
facet normal 0.5201158097331545 -0.8319042231740152 0.19342933575562676
  outer loop
    vertex 9.633738651674424 -4.795100539910062 79.20025338844236
    vertex 9.401951993290092 -4.867730542957191 79.51114056081435
    vertex 9.529695627094167 -4.867730542957191 79.16764828093493
  endloop
endfacet
facet normal 0.5201158097331545 -0.8319042231740152 0.19342933575562676
  outer loop
    vertex 9.401951993290092 -4.867730542957191 79.51114056081435
    vertex 9.633738651674424 -4.795100539910062 79.20025338844236
    vertex 9.502016897513068 -4.795100539910062 79.55444251160442
  endloop
endfacet
facet normal 0.6181394651537643 -0.7517026973525631 0.2298840064299802
  outer loop
    vertex 9.727767554105228 -4.708767288420095 79.22972026029592
    vertex 9.502016897513068 -4.795100539910062 79.55444251160442
    vertex 9.633738651674424 -4.795100539910062 79.20025338844236
  endloop
endfacet
facet normal 0.6181394651537643 -0.7517026973525631 0.2298840064299802
  outer loop
    vertex 9.502016897513068 -4.795100539910062 79.55444251160442
    vertex 9.727767554105228 -4.708767288420095 79.22972026029592
    vertex 9.592450572945793 -4.708767288420095 79.59357665752462
  endloop
endfacet
facet normal 0.705397110579307 -0.6584795754774367 0.26233483387727935
  outer loop
    vertex 9.67168331385105 -4.610229320970106 79.62786372624551
    vertex 9.727767554105228 -4.708767288420095 79.22972026029592
    vertex 9.810150224368892 -4.610229320970106 79.25553742421951
  endloop
endfacet
facet normal 0.705397110579307 -0.6584795754774367 0.26233483387727935
  outer loop
    vertex 9.727767554105228 -4.708767288420095 79.22972026029592
    vertex 9.67168331385105 -4.610229320970106 79.62786372624551
    vertex 9.592450572945793 -4.708767288420095 79.59357665752462
  endloop
endfacet
facet normal 0.7803864387547609 -0.5538660033849022 0.2902231150375475
  outer loop
    vertex 9.738339835110995 -4.501197013834199 79.65670857875247
    vertex 9.810150224368892 -4.610229320970106 79.25553742421951
    vertex 9.879456702336725 -4.501197013834199 79.2772567578723
  endloop
endfacet
facet normal 0.7803864387547609 -0.5538660033849022 0.2902231150375475
  outer loop
    vertex 9.810150224368892 -4.610229320970106 79.25553742421951
    vertex 9.738339835110995 -4.501197013834199 79.65670857875247
    vertex 9.67168331385105 -4.610229320970106 79.62786372624551
  endloop
endfacet
facet normal 0.8418218362252662 -0.4396847862059239 0.3130707345527081
  outer loop
    vertex 9.7912631437875 -4.38356289916076 79.67961053949239
    vertex 9.879456702336725 -4.501197013834199 79.2772567578723
    vertex 9.934483998352803 -4.38356289916076 79.29450126714801
  endloop
endfacet
facet normal 0.8418218362252662 -0.4396847862059239 0.3130707345527081
  outer loop
    vertex 9.879456702336725 -4.501197013834199 79.2772567578723
    vertex 9.7912631437875 -4.38356289916076 79.67961053949239
    vertex 9.738339835110995 -4.501197013834199 79.65670857875247
  endloop
endfacet
facet normal 0.8886542238375619 -0.31791768451028135 0.3304875433829263
  outer loop
    vertex 9.829534621668218 -4.259368815278396 79.69617208686729
    vertex 9.934483998352803 -4.38356289916076 79.29450126714801
    vertex 9.974276974169712 -4.259368815278396 79.30697162986367
  endloop
endfacet
facet normal 0.8886542238375619 -0.31791768451028135 0.3304875433829263
  outer loop
    vertex 9.934483998352803 -4.38356289916076 79.29450126714801
    vertex 9.829534621668218 -4.259368815278396 79.69617208686729
    vertex 9.7912631437875 -4.38356289916076 79.67961053949239
  endloop
endfacet
facet normal 0.9200866024450259 -0.1906710484683369 0.3421771402024895
  outer loop
    vertex 9.852489970214869 -4.130770465414537 79.70610575322968
    vertex 9.974276974169712 -4.259368815278396 79.30697162986367
    vertex 9.99814492179464 -4.130770465414537 79.314451391255
  endloop
endfacet
facet normal 0.9200866024450259 -0.1906710484683369 0.3421771402024895
  outer loop
    vertex 9.974276974169712 -4.259368815278396 79.30697162986367
    vertex 9.852489970214869 -4.130770465414537 79.70610575322968
    vertex 9.829534621668218 -4.259368815278396 79.69617208686729
  endloop
endfacet
facet normal 0.9355854428628819 -0.06014037714823743 0.3479411072861795
  outer loop
    vertex 9.859730741148743 -4.000000000000006 79.70923911461243
    vertex 9.99814492179464 -4.130770465414537 79.314451391255
    vertex 10.005673552477926 -4.000000000000006 79.31681072109765
  endloop
endfacet
facet normal 0.9355854428628819 -0.06014037714823743 0.3479411072861795
  outer loop
    vertex 9.99814492179464 -4.130770465414537 79.314451391255
    vertex 9.859730741148743 -4.000000000000006 79.70923911461243
    vertex 9.852489970214869 -4.130770465414537 79.70610575322968
  endloop
endfacet
facet normal -0.9372819894918915 2.1466002031325094e-16 -0.34857204732181524
  outer loop
    vertex 8.941976115464763 -5.0000000000000036 79.31209122397766
    vertex 9.051433223961652 -4.600000000000004 79.01776992884157
    vertex 9.051433223961652 -5.000000000000003 79.01776992884156
  endloop
endfacet
facet normal -0.9372819894918915 2.1466002031325094e-16 -0.34857204732181524
  outer loop
    vertex 9.051433223961652 -4.600000000000004 79.01776992884157
    vertex 8.941976115464763 -5.0000000000000036 79.31209122397766
    vertex 8.941976115464763 -4.600000000000005 79.31209122397766
  endloop
endfacet
facet normal -4.188897629042246e-32 -0.9999999999999999 -6.158268339717677e-16
  outer loop
    vertex 7.08583461518108 -4.0000000000000036 75.25792656652449
    vertex 4.556643967221311 -4.000000000000007 80.6331579514693
    vertex 6.903025883920351 -4.0000000000000036 75.21098926204255
  endloop
endfacet
facet normal -4.188897629042246e-32 -0.9999999999999999 -6.158268339717677e-16
  outer loop
    vertex 4.556643967221311 -4.000000000000007 80.6331579514693
    vertex 7.08583461518108 -4.0000000000000036 75.25792656652449
    vertex 4.7160009775674006 -4.000000000000007 80.73428898543388
  endloop
endfacet
facet normal -4.188897629042246e-32 -0.9999999999999999 -6.158268339717677e-16
  outer loop
    vertex 4.7160009775674006 -4.000000000000007 80.73428898543388
    vertex 7.08583461518108 -4.0000000000000036 75.25792656652449
    vertex 4.997268566508482 -4.000000000000007 80.87391142912524
  endloop
endfacet
facet normal -4.188897629042246e-32 -0.9999999999999999 -6.158268339717677e-16
  outer loop
    vertex 4.997268566508482 -4.000000000000007 80.87391142912524
    vertex 7.08583461518108 -4.0000000000000036 75.25792656652449
    vertex 7.380155910317161 -4.0000000000000036 75.36738367502137
  endloop
endfacet
facet normal -4.188897629042246e-32 -0.9999999999999999 -6.158268339717677e-16
  outer loop
    vertex 4.997268566508482 -4.000000000000007 80.87391142912524
    vertex 7.380155910317161 -4.0000000000000036 75.36738367502137
    vertex 5.291589861644563 -4.000000000000007 80.98336853762213
  endloop
endfacet
facet normal -4.188897629042246e-32 -0.9999999999999999 -6.158268339717677e-16
  outer loop
    vertex 5.291589861644563 -4.000000000000007 80.98336853762213
    vertex 7.380155910317161 -4.0000000000000036 75.36738367502137
    vertex 7.661423499258241 -4.0000000000000036 75.50700611871275
  endloop
endfacet
facet normal -4.188897629042246e-32 -0.9999999999999999 -6.158268339717677e-16
  outer loop
    vertex 5.291589861644563 -4.000000000000007 80.98336853762213
    vertex 7.661423499258241 -4.0000000000000036 75.50700611871275
    vertex 5.474398592905293 -4.000000000000007 81.03030584210408
  endloop
endfacet
facet normal -4.188897629042246e-32 -0.9999999999999999 -6.158268339717677e-16
  outer loop
    vertex 5.474398592905293 -4.000000000000007 81.03030584210408
    vertex 7.661423499258241 -4.0000000000000036 75.50700611871275
    vertex 7.820780509604332 -4.0000000000000036 75.60813715267733
  endloop
endfacet
facet normal 0.9177546256839811 -2.4457432810818297e-16 0.39714789063478045
  outer loop
    vertex 4.556643967221311 -4.000000000000007 80.6331579514693
    vertex 6.903025883920351 -4.600000000000002 75.21098926204255
    vertex 6.903025883920351 -4.0000000000000036 75.21098926204255
  endloop
endfacet
facet normal 0.9177546256839811 -2.4457432810818297e-16 0.39714789063478045
  outer loop
    vertex 6.903025883920351 -4.600000000000002 75.21098926204255
    vertex 4.556643967221311 -4.000000000000007 80.6331579514693
    vertex 4.556643967221311 -4.600000000000006 80.6331579514693
  endloop
endfacet
facet normal 0.4438303580928302 -0.060140377148236786 -0.8940904586626892
  outer loop
    vertex 8.148454189713542 -4.130770465414534 74.64266588737546
    vertex 7.777303800951939 -4.000000000000003 74.44962904933739
    vertex 8.152327252873379 -4.0000000000000036 74.63579230759255
  endloop
endfacet
facet normal 0.4438303580928302 -0.060140377148236786 -0.8940904586626892
  outer loop
    vertex 7.777303800951939 -4.000000000000003 74.44962904933739
    vertex 8.148454189713542 -4.130770465414534 74.64266588737546
    vertex 7.774170439569189 -4.130770465414534 74.45686982027128
  endloop
endfacet
facet normal -0.4446351791849265 -5.51603337459517e-16 0.8957117602394133
  outer loop
    vertex 7.380155910317161 -5.000000000000001 75.36738367502137
    vertex 7.661423499258241 -4.0000000000000036 75.50700611871275
    vertex 7.380155910317161 -4.0000000000000036 75.36738367502137
  endloop
endfacet
facet normal -0.4446351791849265 -5.51603337459517e-16 0.8957117602394133
  outer loop
    vertex 7.661423499258241 -4.0000000000000036 75.50700611871275
    vertex 7.380155910317161 -5.000000000000001 75.36738367502137
    vertex 7.661423499258241 -5.000000000000001 75.50700611871275
  endloop
endfacet
facet normal 0.03231301201055406 -0.9981799998601127 -0.05091715952477246
  outer loop
    vertex 7.7256192115922335 -4.992110341118162 75.393077083157
    vertex 7.9265557554408534 -5.000000000000001 75.67526416488765
    vertex 7.661423499258241 -5.000000000000001 75.50700611871275
  endloop
endfacet
facet normal 0.03231301201055406 -0.9981799998601127 -0.05091715952477246
  outer loop
    vertex 7.9265557554408534 -5.000000000000001 75.67526416488765
    vertex 7.7256192115922335 -4.992110341118162 75.393077083157
    vertex 8.002308623953981 -4.992110341118162 75.56866952366791
  endloop
endfacet
facet normal 0.10243702303841029 -0.9815558465853604 -0.16141491983433517
  outer loop
    vertex 7.788748624249115 -4.96709782916319 75.28104042466833
    vertex 8.002308623953981 -4.992110341118162 75.56866952366791
    vertex 7.7256192115922335 -4.992110341118162 75.393077083157
  endloop
endfacet
facet normal 0.10243702303841029 -0.9815558465853604 -0.16141491983433517
  outer loop
    vertex 8.002308623953981 -4.992110341118162 75.56866952366791
    vertex 7.788748624249115 -4.96709782916319 75.28104042466833
    vertex 8.07680322682445 -4.96709782916319 75.46384543420905
  endloop
endfacet
facet normal 0.17076922560990634 -0.9478548683898345 -0.2690892418033144
  outer loop
    vertex 7.84971596620376 -4.925396619700809 75.17284082353059
    vertex 8.07680322682445 -4.96709782916319 75.46384543420905
    vertex 7.788748624249115 -4.96709782916319 75.28104042466833
  endloop
endfacet
facet normal 0.17076922560990634 -0.9478548683898345 -0.2690892418033144
  outer loop
    vertex 8.07680322682445 -4.96709782916319 75.46384543420905
    vertex 7.84971596620376 -4.925396619700809 75.17284082353059
    vertex 8.148746521333852 -4.925396619700809 75.36261138437149
  endloop
endfacet
facet normal 0.23611645806417253 -0.8976749812868242 -0.37206000349799734
  outer loop
    vertex 7.907462994650144 -4.867730542957188 75.0703563581682
    vertex 8.148746521333852 -4.925396619700809 75.36261138437149
    vertex 7.84971596620376 -4.925396619700809 75.17284082353059
  endloop
endfacet
facet normal 0.23611645806417253 -0.8976749812868242 -0.37206000349799734
  outer loop
    vertex 8.148746521333852 -4.925396619700809 75.36261138437149
    vertex 7.907462994650144 -4.867730542957188 75.0703563581682
    vertex 8.216889749189374 -4.867730542957188 75.26672454777525
  endloop
endfacet
facet normal 0.29734059810356894 -0.8319042231740145 -0.46853381114349807
  outer loop
    vertex 7.960987363488478 -4.7951005399100595 74.97536590633311
    vertex 8.216889749189374 -4.867730542957188 75.26672454777525
    vertex 7.907462994650144 -4.867730542957188 75.0703563581682
  endloop
endfacet
facet normal 0.29734059810356894 -0.8319042231740145 -0.46853381114349807
  outer loop
    vertex 8.216889749189374 -4.867730542957188 75.26672454777525
    vertex 7.960987363488478 -4.7951005399100595 74.97536590633311
    vertex 8.280050111890287 -4.7951005399100595 75.17784928359636
  endloop
endfacet
facet normal 0.3533789106978621 -0.7517026973525667 -0.556836062290211
  outer loop
    vertex 8.009360021583285 -4.708767288420092 74.88951826817096
    vertex 8.280050111890287 -4.7951005399100595 75.17784928359636
    vertex 7.960987363488478 -4.7951005399100595 74.97536590633311
  endloop
endfacet
facet normal 0.3533789106978621 -0.7517026973525667 -0.556836062290211
  outer loop
    vertex 8.280050111890287 -4.7951005399100595 75.17784928359636
    vertex 8.009360021583285 -4.708767288420092 74.88951826817096
    vertex 8.337131301194983 -4.708767288420092 75.09752824739329
  endloop
endfacet
facet normal 0.4032624943044684 -0.6584795754774351 -0.6354400124058882
  outer loop
    vertex 8.337131301194983 -4.708767288420092 75.09752824739329
    vertex 8.051741338801511 -4.610229320970103 74.814303547114
    vertex 8.387142528330246 -4.610229320970103 75.02715561440819
  endloop
endfacet
facet normal 0.4032624943044684 -0.6584795754774351 -0.6354400124058882
  outer loop
    vertex 8.051741338801511 -4.610229320970103 74.814303547114
    vertex 8.337131301194983 -4.708767288420092 75.09752824739329
    vertex 8.009360021583285 -4.708767288420092 74.88951826817096
  endloop
endfacet
facet normal 0.4461325076242231 -0.5538660033848961 -0.7029923441513177
  outer loop
    vertex 8.387142528330246 -4.610229320970103 75.02715561440819
    vertex 8.087395679922425 -4.501197013834196 74.75102728535762
    vertex 8.42921572164264 -4.501197013834196 74.96795288012062
  endloop
endfacet
facet normal 0.4461325076242231 -0.5538660033848961 -0.7029923441513177
  outer loop
    vertex 8.087395679922425 -4.501197013834196 74.75102728535762
    vertex 8.387142528330246 -4.610229320970103 75.02715561440819
    vertex 8.051741338801511 -4.610229320970103 74.814303547114
  endloop
endfacet
facet normal 0.48125398919960716 -0.4396847862059275 -0.7583349435826574
  outer loop
    vertex 8.42921572164264 -4.501197013834196 74.96795288012062
    vertex 8.115704173452128 -4.383562899160757 74.70078780286548
    vertex 8.462620594183088 -4.383562899160757 74.92094765809628
  endloop
endfacet
facet normal 0.48125398919960716 -0.4396847862059275 -0.7583349435826574
  outer loop
    vertex 8.115704173452128 -4.383562899160757 74.70078780286548
    vertex 8.42921572164264 -4.501197013834196 74.96795288012062
    vertex 8.087395679922425 -4.501197013834196 74.75102728535762
  endloop
endfacet
facet normal 0.5080271998628296 -0.3179176845102829 -0.8005227729897212
  outer loop
    vertex 8.462620594183088 -4.383562899160757 74.92094765809628
    vertex 8.136175453707503 -4.2593688152783935 74.66445713324143
    vertex 8.486777319688564 -4.2593688152783935 74.88695584314799
  endloop
endfacet
facet normal 0.5080271998628296 -0.3179176845102829 -0.8005227729897212
  outer loop
    vertex 8.136175453707503 -4.2593688152783935 74.66445713324143
    vertex 8.462620594183088 -4.383562899160757 74.92094765809628
    vertex 8.115704173452128 -4.383562899160757 74.70078780286548
  endloop
endfacet
facet normal 0.525996509928134 -0.19067104846833274 -0.8288378748702363
  outer loop
    vertex 8.486777319688564 -4.2593688152783935 74.88695584314799
    vertex 8.148454189713542 -4.130770465414534 74.64266588737546
    vertex 8.501266596937075 -4.130770465414534 74.86656744941251
  endloop
endfacet
facet normal 0.525996509928134 -0.19067104846833274 -0.8288378748702363
  outer loop
    vertex 8.148454189713542 -4.130770465414534 74.64266588737546
    vertex 8.486777319688564 -4.2593688152783935 74.88695584314799
    vertex 8.136175453707503 -4.2593688152783935 74.66445713324143
  endloop
endfacet
facet normal 0.5348569106187444 -0.06014037714823703 -0.8427996322969299
  outer loop
    vertex 8.501266596937075 -4.130770465414534 74.86656744941251
    vertex 8.152327252873379 -4.0000000000000036 74.63579230759255
    vertex 8.50583692778353 -4.0000000000000036 74.86013636915911
  endloop
endfacet
facet normal 0.5348569106187444 -0.06014037714823703 -0.8427996322969299
  outer loop
    vertex 8.152327252873379 -4.0000000000000036 74.63579230759255
    vertex 8.501266596937075 -4.130770465414534 74.86656744941251
    vertex 8.148454189713542 -4.130770465414534 74.64266588737546
  endloop
endfacet
facet normal -0.5358267949789965 -5.199597931958566e-16 0.8443279255020152
  outer loop
    vertex 7.661423499258241 -5.000000000000001 75.50700611871275
    vertex 7.820780509604332 -4.0000000000000036 75.60813715267733
    vertex 7.661423499258241 -4.0000000000000036 75.50700611871275
  endloop
endfacet
facet normal -0.5358267949789965 -5.199597931958566e-16 0.8443279255020152
  outer loop
    vertex 7.820780509604332 -4.0000000000000036 75.60813715267733
    vertex 7.661423499258241 -5.000000000000001 75.50700611871275
    vertex 7.820780509604332 -4.600000000000002 75.60813715267733
  endloop
endfacet
facet normal -0.5358267949789965 -5.199597931958566e-16 0.8443279255020152
  outer loop
    vertex 7.820780509604332 -4.600000000000002 75.60813715267733
    vertex 7.661423499258241 -5.000000000000001 75.50700611871275
    vertex 7.926555755440854 -4.600000000000002 75.67526416488765
  endloop
endfacet
facet normal -0.5358267949789965 -5.199597931958566e-16 0.8443279255020152
  outer loop
    vertex 7.926555755440854 -4.600000000000002 75.67526416488765
    vertex 7.661423499258241 -5.000000000000001 75.50700611871275
    vertex 7.9265557554408534 -5.000000000000001 75.67526416488765
  endloop
endfacet
facet normal 0.03745829038887244 -0.9981799998601127 -0.047260600508333014
  outer loop
    vertex 8.002308623953981 -4.992110341118162 75.56866952366791
    vertex 8.172647834383772 -5.000000000000002 75.87031434318193
    vertex 7.9265557554408534 -5.000000000000001 75.67526416488765
  endloop
endfacet
facet normal 0.03745829038887244 -0.9981799998601127 -0.047260600508333014
  outer loop
    vertex 8.172647834383772 -5.000000000000002 75.87031434318193
    vertex 8.002308623953981 -4.992110341118162 75.56866952366791
    vertex 8.259127894796299 -4.992110341118163 75.77222196949377
  endloop
endfacet
facet normal 0.11874831582679729 -0.9815558465853604 -0.1498230874144419
  outer loop
    vertex 8.07680322682445 -4.96709782916319 75.46384543420905
    vertex 8.259127894796299 -4.992110341118163 75.77222196949377
    vertex 8.002308623953981 -4.992110341118162 75.56866952366791
  endloop
endfacet
facet normal 0.11874831582679729 -0.9815558465853604 -0.1498230874144419
  outer loop
    vertex 8.259127894796299 -4.992110341118163 75.77222196949377
    vertex 8.07680322682445 -4.96709782916319 75.46384543420905
    vertex 8.344171509422313 -4.96709782916319 75.67575892372469
  endloop
endfacet
facet normal 0.19796121885169518 -0.9478548683898341 -0.24976489805503393
  outer loop
    vertex 8.148746521333852 -4.925396619700809 75.36261138437149
    vertex 8.344171509422313 -4.96709782916319 75.67575892372469
    vertex 8.07680322682445 -4.96709782916319 75.46384543420905
  endloop
endfacet
facet normal 0.19796121885169518 -0.9478548683898341 -0.24976489805503393
  outer loop
    vertex 8.344171509422313 -4.96709782916319 75.67575892372469
    vertex 8.148746521333852 -4.925396619700809 75.36261138437149
    vertex 8.42630253069672 -4.925396619700809 75.5825995666219
  endloop
endfacet
facet normal 0.2737138478106277 -0.8976749812868238 -0.34534092935590627
  outer loop
    vertex 8.216889749189374 -4.867730542957188 75.26672454777525
    vertex 8.42630253069672 -4.925396619700809 75.5825995666219
    vertex 8.148746521333852 -4.925396619700809 75.36261138437149
  endloop
endfacet
facet normal 0.2737138478106277 -0.8976749812868238 -0.34534092935590627
  outer loop
    vertex 8.42630253069672 -4.925396619700809 75.5825995666219
    vertex 8.216889749189374 -4.867730542957188 75.26672454777525
    vertex 8.504095366497106 -4.867730542957188 75.49436091503918
  endloop
endfacet
facet normal 0.3446868544636628 -0.831904223174016 -0.43488657811569975
  outer loop
    vertex 8.280050111890287 -4.7951005399100595 75.17784928359636
    vertex 8.504095366497106 -4.867730542957188 75.49436091503918
    vertex 8.216889749189374 -4.867730542957188 75.26672454777525
  endloop
endfacet
facet normal 0.3446868544636628 -0.831904223174016 -0.43488657811569975
  outer loop
    vertex 8.504095366497106 -4.867730542957188 75.49436091503918
    vertex 8.280050111890287 -4.7951005399100595 75.17784928359636
    vertex 8.576199724909694 -4.7951005399100595 75.4125745745092
  endloop
endfacet
facet normal 0.40964828193362157 -0.751702697352566 -0.5168475015918221
  outer loop
    vertex 8.337131301194983 -4.708767288420092 75.09752824739329
    vertex 8.576199724909694 -4.7951005399100595 75.4125745745092
    vertex 8.280050111890287 -4.7951005399100595 75.17784928359636
  endloop
endfacet
facet normal 0.40964828193362157 -0.751702697352566 -0.5168475015918221
  outer loop
    vertex 8.576199724909694 -4.7951005399100595 75.4125745745092
    vertex 8.337131301194983 -4.708767288420092 75.09752824739329
    vertex 8.641364051969248 -4.708767288420092 75.33866015434607
  endloop
endfacet
facet normal 0.467474948162184 -0.6584795754774353 -0.5898065967076155
  outer loop
    vertex 8.641364051969248 -4.708767288420092 75.33866015434607
    vertex 8.387142528330246 -4.610229320970103 75.02715561440819
    vertex 8.698457255551535 -4.610229320970103 75.27390062672625
  endloop
endfacet
facet normal 0.467474948162184 -0.6584795754774353 -0.5898065967076155
  outer loop
    vertex 8.387142528330246 -4.610229320970103 75.02715561440819
    vertex 8.641364051969248 -4.708767288420092 75.33866015434607
    vertex 8.337131301194983 -4.708767288420092 75.09752824739329
  endloop
endfacet
facet normal 0.5171712564909059 -0.5538660033848958 -0.6525077330990493
  outer loop
    vertex 8.698457255551535 -4.610229320970103 75.27390062672625
    vertex 8.42921572164264 -4.501197013834196 74.96795288012062
    vertex 8.746488338345095 -4.501197013834196 75.2194200574533
  endloop
endfacet
facet normal 0.5171712564909059 -0.5538660033848958 -0.6525077330990493
  outer loop
    vertex 8.42921572164264 -4.501197013834196 74.96795288012062
    vertex 8.698457255551535 -4.610229320970103 75.27390062672625
    vertex 8.387142528330246 -4.610229320970103 75.02715561440819
  endloop
endfacet
facet normal 0.5578852157871941 -0.4396847862059273 -0.7038759654833541
  outer loop
    vertex 8.746488338345095 -4.501197013834196 75.2194200574533
    vertex 8.462620594183088 -4.383562899160757 74.92094765809628
    vertex 8.784623599122316 -4.383562899160757 75.17616409494576
  endloop
endfacet
facet normal 0.5578852157871941 -0.4396847862059273 -0.7038759654833541
  outer loop
    vertex 8.462620594183088 -4.383562899160757 74.92094765809628
    vertex 8.746488338345095 -4.501197013834196 75.2194200574533
    vertex 8.42921572164264 -4.501197013834196 74.96795288012062
  endloop
endfacet
facet normal 0.5889215889775944 -0.3179176845102832 -0.7430341229793727
  outer loop
    vertex 8.784623599122316 -4.383562899160757 75.17616409494576
    vertex 8.486777319688564 -4.2593688152783935 74.88695584314799
    vertex 8.812201103738134 -4.2593688152783935 75.14488355611105
  endloop
endfacet
facet normal 0.5889215889775944 -0.3179176845102832 -0.7430341229793727
  outer loop
    vertex 8.486777319688564 -4.2593688152783935 74.88695584314799
    vertex 8.784623599122316 -4.383562899160757 75.17616409494576
    vertex 8.462620594183088 -4.383562899160757 74.92094765809628
  endloop
endfacet
facet normal 0.6097521953690374 -0.1906710484683321 -0.7693158074020229
  outer loop
    vertex 8.812201103738134 -4.2593688152783935 75.14488355611105
    vertex 8.501266596937075 -4.130770465414534 74.86656744941251
    vertex 8.828742174675508 -4.130770465414534 75.12612139401436
  endloop
endfacet
facet normal 0.6097521953690374 -0.1906710484683321 -0.7693158074020229
  outer loop
    vertex 8.501266596937075 -4.130770465414534 74.86656744941251
    vertex 8.812201103738134 -4.2593688152783935 75.14488355611105
    vertex 8.486777319688564 -4.2593688152783935 74.88695584314799
  endloop
endfacet
facet normal 0.6200234589059135 -0.06014037714823716 -0.7822749167925652
  outer loop
    vertex 8.828742174675508 -4.130770465414534 75.12612139401436
    vertex 8.50583692778353 -4.0000000000000036 74.86013636915911
    vertex 8.833959699707423 -4.0000000000000036 75.12020327355148
  endloop
endfacet
facet normal 0.6200234589059135 -0.06014037714823716 -0.7822749167925652
  outer loop
    vertex 8.50583692778353 -4.0000000000000036 74.86013636915911
    vertex 8.828742174675508 -4.130770465414534 75.12612139401436
    vertex 8.501266596937075 -4.130770465414534 74.86656744941251
  endloop
endfacet
facet normal -0.6211477802783111 -4.826194606293602e-16 0.7836934573258392
  outer loop
    vertex 7.9265557554408534 -5.000000000000001 75.67526416488765
    vertex 8.172647834383774 -4.600000000000003 75.87031434318193
    vertex 7.926555755440854 -4.600000000000002 75.67526416488765
  endloop
endfacet
facet normal -0.6211477802783111 -4.826194606293602e-16 0.7836934573258392
  outer loop
    vertex 8.172647834383774 -4.600000000000003 75.87031434318193
    vertex 7.9265557554408534 -5.000000000000001 75.67526416488765
    vertex 8.172647834383772 -5.000000000000002 75.87031434318193
  endloop
endfacet
facet normal 0.04219316789903908 -0.9981799998601127 -0.04308624446280782
  outer loop
    vertex 8.259127894796299 -4.992110341118163 75.77222196949377
    vertex 8.39700349977202 -5.000000000000002 76.09001964302534
    vertex 8.172647834383772 -5.000000000000002 75.87031434318193
  endloop
endfacet
facet normal 0.04219316789903908 -0.9981799998601127 -0.04308624446280782
  outer loop
    vertex 8.39700349977202 -5.000000000000002 76.09001964302534
    vertex 8.259127894796299 -4.992110341118163 75.77222196949377
    vertex 8.493263258444948 -4.992110341118163 76.00150425744202
  endloop
endfacet
facet normal 0.13375857721730328 -0.9815558465853607 -0.1365897618963397
  outer loop
    vertex 8.344171509422313 -4.96709782916319 75.67575892372469
    vertex 8.493263258444948 -4.992110341118163 76.00150425744202
    vertex 8.259127894796299 -4.992110341118163 75.77222196949377
  endloop
endfacet
facet normal 0.13375857721730328 -0.9815558465853607 -0.1365897618963397
  outer loop
    vertex 8.493263258444948 -4.992110341118163 76.00150425744202
    vertex 8.344171509422313 -4.96709782916319 75.67575892372469
    vertex 8.587924129188142 -4.967097829163191 75.91445912467833
  endloop
endfacet
facet normal 0.22298430755369614 -0.9478548683898341 -0.22770407781699611
  outer loop
    vertex 8.42630253069672 -4.925396619700809 75.5825995666219
    vertex 8.587924129188142 -4.967097829163191 75.91445912467833
    vertex 8.344171509422313 -4.96709782916319 75.67575892372469
  endloop
endfacet
facet normal 0.22298430755369614 -0.9478548683898341 -0.22770407781699611
  outer loop
    vertex 8.587924129188142 -4.967097829163191 75.91445912467833
    vertex 8.42630253069672 -4.925396619700809 75.5825995666219
    vertex 8.679343032571454 -4.92539661970081 75.83039513372161
  endloop
endfacet
facet normal 0.30831237136216605 -0.897674981286823 -0.3148382277245568
  outer loop
    vertex 8.504095366497106 -4.867730542957188 75.49436091503918
    vertex 8.679343032571454 -4.92539661970081 75.83039513372161
    vertex 8.42630253069672 -4.925396619700809 75.5825995666219
  endloop
endfacet
facet normal 0.30831237136216605 -0.897674981286823 -0.3148382277245568
  outer loop
    vertex 8.679343032571454 -4.92539661970081 75.83039513372161
    vertex 8.504095366497106 -4.867730542957188 75.49436091503918
    vertex 8.765933161728478 -4.867730542957189 75.75077142828427
  endloop
endfacet
facet normal 0.3882566495158916 -0.8319042231740172 -0.3964746367321988
  outer loop
    vertex 8.576199724909694 -4.7951005399100595 75.4125745745092
    vertex 8.765933161728478 -4.867730542957189 75.75077142828427
    vertex 8.504095366497106 -4.867730542957188 75.49436091503918
  endloop
endfacet
facet normal 0.3882566495158916 -0.8319042231740172 -0.3964746367321988
  outer loop
    vertex 8.765933161728478 -4.867730542957189 75.75077142828427
    vertex 8.576199724909694 -4.7951005399100595 75.4125745745092
    vertex 8.846191525413165 -4.7951005399100595 75.67697007966491
  endloop
endfacet
facet normal 0.4614294608681021 -0.7517026973525652 -0.47119625150870004
  outer loop
    vertex 8.641364051969248 -4.708767288420092 75.33866015434607
    vertex 8.846191525413165 -4.7951005399100595 75.67697007966491
    vertex 8.576199724909694 -4.7951005399100595 75.4125745745092
  endloop
endfacet
facet normal 0.4614294608681021 -0.7517026973525652 -0.47119625150870004
  outer loop
    vertex 8.846191525413165 -4.7951005399100595 75.67697007966491
    vertex 8.641364051969248 -4.708767288420092 75.33866015434607
    vertex 8.9187250362238 -4.708767288420092 75.61027209739665
  endloop
endfacet
facet normal 0.5265656486624131 -0.6584795754774346 -0.5377111365108498
  outer loop
    vertex 8.9187250362238 -4.708767288420092 75.61027209739665
    vertex 8.698457255551535 -4.610229320970103 75.27390062672625
    vertex 8.98227469116714 -4.610229320970103 75.5518351940785
  endloop
endfacet
facet normal 0.5265656486624131 -0.6584795754774346 -0.5377111365108498
  outer loop
    vertex 8.698457255551535 -4.610229320970103 75.27390062672625
    vertex 8.9187250362238 -4.708767288420092 75.61027209739665
    vertex 8.641364051969248 -4.708767288420092 75.33866015434607
  endloop
endfacet
facet normal 0.5825437688464314 -0.5538660033848953 -0.594874110776926
  outer loop
    vertex 8.98227469116714 -4.610229320970103 75.5518351940785
    vertex 8.746488338345095 -4.501197013834196 75.2194200574533
    vertex 9.035737424847628 -4.501197013834196 75.50267369033793
  endloop
endfacet
facet normal 0.5825437688464314 -0.5538660033848953 -0.594874110776926
  outer loop
    vertex 8.746488338345095 -4.501197013834196 75.2194200574533
    vertex 8.98227469116714 -4.610229320970103 75.5518351940785
    vertex 8.698457255551535 -4.610229320970103 75.27390062672625
  endloop
endfacet
facet normal 0.6284041352056292 -0.4396847862059265 -0.6417051750107008
  outer loop
    vertex 9.035737424847628 -4.501197013834196 75.50267369033793
    vertex 8.784623599122316 -4.383562899160757 75.17616409494576
    vertex 9.07818525596423 -4.383562899160757 75.46364090872429
  endloop
endfacet
facet normal 0.6284041352056292 -0.4396847862059265 -0.6417051750107008
  outer loop
    vertex 8.784623599122316 -4.383562899160757 75.17616409494576
    vertex 9.035737424847628 -4.501197013834196 75.50267369033793
    vertex 8.746488338345095 -4.501197013834196 75.2194200574533
  endloop
endfacet
facet normal 0.6633636299237543 -0.31791768451028424 -0.6774046356277758
  outer loop
    vertex 9.07818525596423 -4.383562899160757 75.46364090872429
    vertex 8.812201103738134 -4.2593688152783935 75.14488355611105
    vertex 9.10888139477886 -4.2593688152783935 75.4354143621325
  endloop
endfacet
facet normal 0.6633636299237543 -0.31791768451028424 -0.6774046356277758
  outer loop
    vertex 8.812201103738134 -4.2593688152783935 75.14488355611105
    vertex 9.07818525596423 -4.383562899160757 75.46364090872429
    vertex 8.784623599122316 -4.383562899160757 75.17616409494576
  endloop
endfacet
facet normal 0.686827308158628 -0.19067104846833605 -0.7013649549582288
  outer loop
    vertex 9.10888139477886 -4.2593688152783935 75.4354143621325
    vertex 8.828742174675508 -4.130770465414534 75.12612139401436
    vertex 9.127293031970463 -4.130770465414534 75.41848399384878
  endloop
endfacet
facet normal 0.686827308158628 -0.19067104846833605 -0.7013649549582288
  outer loop
    vertex 8.828742174675508 -4.130770465414534 75.12612139401436
    vertex 9.10888139477886 -4.2593688152783935 75.4354143621325
    vertex 8.812201103738134 -4.2593688152783935 75.14488355611105
  endloop
endfacet
facet normal 0.6983969004290609 -0.060140377148234454 -0.7131794335982695
  outer loop
    vertex 9.127293031970463 -4.130770465414534 75.41848399384878
    vertex 8.833959699707423 -4.0000000000000036 75.12020327355148
    vertex 9.133100586891752 -4.0000000000000036 75.41314367334269
  endloop
endfacet
facet normal 0.6983969004290609 -0.060140377148234454 -0.7131794335982695
  outer loop
    vertex 8.833959699707423 -4.0000000000000036 75.12020327355148
    vertex 9.127293031970463 -4.130770465414534 75.41848399384878
    vertex 8.828742174675508 -4.130770465414534 75.12612139401436
  endloop
endfacet
facet normal -0.6996633405133659 -4.399914482575939e-16 0.7144726796328027
  outer loop
    vertex 8.172647834383772 -5.000000000000002 75.87031434318193
    vertex 8.397003499772023 -4.600000000000003 76.09001964302534
    vertex 8.172647834383774 -4.600000000000003 75.87031434318193
  endloop
endfacet
facet normal -0.6996633405133659 -4.399914482575939e-16 0.7144726796328027
  outer loop
    vertex 8.397003499772023 -4.600000000000003 76.09001964302534
    vertex 8.172647834383772 -5.000000000000002 75.87031434318193
    vertex 8.39700349977202 -5.000000000000002 76.09001964302534
  endloop
endfacet
facet normal 0.04646576823221592 -0.9981799998601127 -0.03843982650657187
  outer loop
    vertex 8.493263258444948 -4.992110341118163 76.00150425744202
    vertex 8.59716466398616 -5.000000000000002 76.33197292717647
    vertex 8.39700349977202 -5.000000000000002 76.09001964302534
  endloop
endfacet
facet normal 0.04646576823221592 -0.9981799998601127 -0.03843982650657187
  outer loop
    vertex 8.59716466398616 -5.000000000000002 76.33197292717647
    vertex 8.493263258444948 -4.992110341118163 76.00150425744202
    vertex 8.70214947885982 -4.992110341118163 76.25400432278549
  endloop
endfacet
facet normal 0.14730335164503464 -0.9815558465853607 -0.12185993036365639
  outer loop
    vertex 8.587924129188142 -4.967097829163191 75.91445912467833
    vertex 8.70214947885982 -4.992110341118163 76.25400432278549
    vertex 8.493263258444948 -4.992110341118163 76.00150425744202
  endloop
endfacet
facet normal 0.14730335164503464 -0.9815558465853607 -0.12185993036365639
  outer loop
    vertex 8.70214947885982 -4.992110341118163 76.25400432278549
    vertex 8.587924129188142 -4.967097829163191 75.91445912467833
    vertex 8.805390481411271 -4.967097829163191 76.17733078771712
  endloop
endfacet
facet normal 0.2455643335196727 -0.9478548683898343 -0.20314848405225425
  outer loop
    vertex 8.679343032571454 -4.92539661970081 75.83039513372161
    vertex 8.805390481411271 -4.967097829163191 76.17733078771712
    vertex 8.587924129188142 -4.967097829163191 75.91445912467833
  endloop
endfacet
facet normal 0.2455643335196727 -0.9478548683898343 -0.20314848405225425
  outer loop
    vertex 8.805390481411271 -4.967097829163191 76.17733078771712
    vertex 8.679343032571454 -4.92539661970081 75.83039513372161
    vertex 8.905095662267382 -4.92539661970081 76.1032831855829
  endloop
endfacet
facet normal 0.33953296005454814 -0.8976749812868229 -0.2808860925861212
  outer loop
    vertex 8.765933161728478 -4.867730542957189 75.75077142828427
    vertex 8.905095662267382 -4.92539661970081 76.1032831855829
    vertex 8.679343032571454 -4.92539661970081 75.83039513372161
  endloop
endfacet
facet normal 0.33953296005454814 -0.8976749812868229 -0.2808860925861212
  outer loop
    vertex 8.905095662267382 -4.92539661970081 76.1032831855829
    vertex 8.765933161728478 -4.867730542957189 75.75077142828427
    vertex 8.999534385205854 -4.867730542957189 76.03314680027003
  endloop
endfacet
facet normal 0.4275726234680984 -0.8319042231740165 -0.35371883626101086
  outer loop
    vertex 8.846191525413165 -4.7951005399100595 75.67697007966491
    vertex 8.999534385205854 -4.867730542957189 76.03314680027003
    vertex 8.765933161728478 -4.867730542957189 75.75077142828427
  endloop
endfacet
facet normal 0.4275726234680984 -0.8319042231740165 -0.35371883626101086
  outer loop
    vertex 8.999534385205854 -4.867730542957189 76.03314680027003
    vertex 8.846191525413165 -4.7951005399100595 75.67697007966491
    vertex 9.087067426734963 -4.79510053991006 75.96813902658073
  endloop
endfacet
facet normal 0.5081551220689877 -0.7517026973525661 -0.4203824766898933
  outer loop
    vertex 8.9187250362238 -4.708767288420092 75.61027209739665
    vertex 9.087067426734963 -4.79510053991006 75.96813902658073
    vertex 8.846191525413165 -4.7951005399100595 75.67697007966491
  endloop
endfacet
facet normal 0.5081551220689877 -0.7517026973525661 -0.4203824766898933
  outer loop
    vertex 9.087067426734963 -4.79510053991006 75.96813902658073
    vertex 8.9187250362238 -4.708767288420092 75.61027209739665
    vertex 9.166175428973627 -4.708767288420093 75.90938823925849
  endloop
endfacet
facet normal 0.5798871857249495 -0.6584795754774349 -0.47972440057918164
  outer loop
    vertex 9.166175428973627 -4.708767288420093 75.90938823925849
    vertex 8.98227469116714 -4.610229320970103 75.5518351940785
    vertex 9.235485271959842 -4.610229320970104 75.85791420718351
  endloop
endfacet
facet normal 0.5798871857249495 -0.6584795754774349 -0.47972440057918164
  outer loop
    vertex 8.98227469116714 -4.610229320970103 75.5518351940785
    vertex 9.166175428973627 -4.708767288420093 75.90938823925849
    vertex 8.9187250362238 -4.708767288420092 75.61027209739665
  endloop
endfacet
facet normal 0.6415338097653538 -0.5538660033848956 -0.5307229232117205
  outer loop
    vertex 9.235485271959842 -4.610229320970104 75.85791420718351
    vertex 9.035737424847628 -4.501197013834196 75.50267369033793
    vertex 9.293793907629261 -4.501197013834196 75.81461039269797
  endloop
endfacet
facet normal 0.6415338097653538 -0.5538660033848956 -0.5307229232117205
  outer loop
    vertex 9.035737424847628 -4.501197013834196 75.50267369033793
    vertex 9.235485271959842 -4.610229320970104 75.85791420718351
    vertex 8.98227469116714 -4.610229320970103 75.5518351940785
  endloop
endfacet
facet normal 0.6920381274167312 -0.4396847862059279 -0.5725037283551885
  outer loop
    vertex 9.293793907629261 -4.501197013834196 75.81461039269797
    vertex 9.07818525596423 -4.383562899160757 75.46364090872429
    vertex 9.340089241764755 -4.383562899160757 75.78022844330175
  endloop
endfacet
facet normal 0.6920381274167312 -0.4396847862059279 -0.5725037283551885
  outer loop
    vertex 9.07818525596423 -4.383562899160757 75.46364090872429
    vertex 9.293793907629261 -4.501197013834196 75.81461039269797
    vertex 9.035737424847628 -4.501197013834196 75.50267369033793
  endloop
endfacet
facet normal 0.7305377201227063 -0.31791768451028446 -0.6043533613322073
  outer loop
    vertex 9.340089241764755 -4.383562899160757 75.78022844330175
    vertex 9.10888139477886 -4.2593688152783935 75.4354143621325
    vertex 9.373567701457759 -4.2593688152783935 75.75536514490413
  endloop
endfacet
facet normal 0.7305377201227063 -0.31791768451028446 -0.6043533613322073
  outer loop
    vertex 9.10888139477886 -4.2593688152783935 75.4354143621325
    vertex 9.340089241764755 -4.383562899160757 75.78022844330175
    vertex 9.07818525596423 -4.383562899160757 75.46364090872429
  endloop
endfacet
facet normal 0.7563773972321787 -0.19067104846833513 -0.6257298012978609
  outer loop
    vertex 9.373567701457759 -4.2593688152783935 75.75536514490413
    vertex 9.127293031970463 -4.130770465414534 75.41848399384878
    vertex 9.393648183153637 -4.1307704654145345 75.7404520630912
  endloop
endfacet
facet normal 0.7563773972321787 -0.19067104846833513 -0.6257298012978609
  outer loop
    vertex 9.127293031970463 -4.130770465414534 75.41848399384878
    vertex 9.373567701457759 -4.2593688152783935 75.75536514490413
    vertex 9.10888139477886 -4.2593688152783935 75.4354143621325
  endloop
endfacet
facet normal 0.7691185593621591 -0.060140377148233136 -0.6362702072870811
  outer loop
    vertex 9.393648183153637 -4.1307704654145345 75.7404520630912
    vertex 9.133100586891752 -4.0000000000000036 75.41314367334269
    vertex 9.399982139177272 -4.0000000000000036 75.73574805221085
  endloop
endfacet
facet normal 0.7691185593621591 -0.060140377148233136 -0.6362702072870811
  outer loop
    vertex 9.133100586891752 -4.0000000000000036 75.41314367334269
    vertex 9.393648183153637 -4.1307704654145345 75.7404520630912
    vertex 9.127293031970463 -4.130770465414534 75.41848399384878
  endloop
endfacet
facet normal -0.7705132427757899 -3.925427975045875e-16 0.6374239897486889
  outer loop
    vertex 8.39700349977202 -5.000000000000002 76.09001964302534
    vertex 8.597164663986161 -4.600000000000003 76.33197292717647
    vertex 8.397003499772023 -4.600000000000003 76.09001964302534
  endloop
endfacet
facet normal -0.7705132427757899 -3.925427975045875e-16 0.6374239897486889
  outer loop
    vertex 8.597164663986161 -4.600000000000003 76.33197292717647
    vertex 8.39700349977202 -5.000000000000002 76.09001964302534
    vertex 8.59716466398616 -5.000000000000002 76.33197292717647
  endloop
endfacet
facet normal 0.050229279885053296 -0.9981799998601127 -0.03337225376707898
  outer loop
    vertex 8.70214947885982 -4.992110341118163 76.25400432278549
    vertex 8.770938319424648 -5.000000000000002 76.5935233048222
    vertex 8.59716466398616 -5.000000000000002 76.33197292717647
  endloop
endfacet
facet normal 0.050229279885053296 -0.9981799998601127 -0.03337225376707898
  outer loop
    vertex 8.770938319424648 -5.000000000000002 76.5935233048222
    vertex 8.70214947885982 -4.992110341118163 76.25400432278549
    vertex 8.883497954897802 -4.992110341118163 76.52695572196926
  endloop
endfacet
facet normal 0.15923423972693548 -0.9815558465853607 -0.10579497593307918
  outer loop
    vertex 8.805390481411271 -4.967097829163191 76.17733078771712
    vertex 8.883497954897802 -4.992110341118163 76.52695572196926
    vertex 8.70214947885982 -4.992110341118163 76.25400432278549
  endloop
endfacet
facet normal 0.15923423972693548 -0.9815558465853607 -0.10579497593307918
  outer loop
    vertex 8.883497954897802 -4.992110341118163 76.52695572196926
    vertex 8.805390481411271 -4.967097829163191 76.17733078771712
    vertex 8.994187959228984 -4.967097829163191 76.4614938358914
  endloop
endfacet
facet normal 0.26545390525996765 -0.947854868389834 -0.17636715298468303
  outer loop
    vertex 8.905095662267382 -4.92539661970081 76.1032831855829
    vertex 8.994187959228984 -4.967097829163191 76.4614938358914
    vertex 8.805390481411271 -4.967097829163191 76.17733078771712
  endloop
endfacet
facet normal 0.26545390525996765 -0.947854868389834 -0.17636715298468303
  outer loop
    vertex 8.994187959228984 -4.967097829163191 76.4614938358914
    vertex 8.905095662267382 -4.92539661970081 76.1032831855829
    vertex 9.101087026731788 -4.92539661970081 76.39827390360409
  endloop
endfacet
facet normal -0.703875965483355 -0.4396847862059264 -0.5578852157871937
  outer loop
    vertex 3.287484743792809 -4.501197013834196 75.56287145214104
    vertex 2.989012344435785 -4.383562899160757 75.84673919630305
    vertex 3.244228781285259 -4.383562899160757 75.52473619136381
  endloop
endfacet
facet normal -0.703875965483355 -0.4396847862059264 -0.5578852157871937
  outer loop
    vertex 2.989012344435785 -4.383562899160757 75.84673919630305
    vertex 3.287484743792809 -4.501197013834196 75.56287145214104
    vertex 3.036017566460127 -4.501197013834196 75.88014406884349
  endloop
endfacet
facet normal -0.7430341229793721 -0.3179176845102871 -0.5889215889775928
  outer loop
    vertex 3.244228781285259 -4.383562899160757 75.52473619136381
    vertex 2.955020529487499 -4.2593688152783935 75.82258247079757
    vertex 3.2129482424505476 -4.2593688152783935 75.49715868674801
  endloop
endfacet
facet normal -0.7430341229793721 -0.3179176845102871 -0.5889215889775928
  outer loop
    vertex 2.955020529487499 -4.2593688152783935 75.82258247079757
    vertex 3.244228781285259 -4.383562899160757 75.52473619136381
    vertex 2.989012344435785 -4.383562899160757 75.84673919630305
  endloop
endfacet
facet normal -0.7693158074020235 -0.19067104846833158 -0.6097521953690366
  outer loop
    vertex 3.2129482424505476 -4.2593688152783935 75.49715868674801
    vertex 2.934632135752009 -4.1307704654145345 75.80809319354906
    vertex 3.1941860803538593 -4.130770465414534 75.48061761581063
  endloop
endfacet
facet normal -0.7693158074020235 -0.19067104846833158 -0.6097521953690366
  outer loop
    vertex 2.934632135752009 -4.1307704654145345 75.80809319354906
    vertex 3.2129482424505476 -4.2593688152783935 75.49715868674801
    vertex 2.955020529487499 -4.2593688152783935 75.82258247079757
  endloop
endfacet
facet normal -0.7822749167925659 -0.06014037714823714 -0.6200234589059126
  outer loop
    vertex 3.1941860803538593 -4.130770465414534 75.48061761581063
    vertex 2.928201055498606 -4.0000000000000036 75.8035228627026
    vertex 3.1882679598909838 -4.0000000000000036 75.4754000907787
  endloop
endfacet
facet normal -0.7822749167925659 -0.06014037714823714 -0.6200234589059126
  outer loop
    vertex 2.928201055498606 -4.0000000000000036 75.8035228627026
    vertex 3.1941860803538593 -4.130770465414534 75.48061761581063
    vertex 2.934632135752009 -4.1307704654145345 75.80809319354906
  endloop
endfacet
facet normal 0.7836934573258401 -3.825194709573831e-16 0.62114778027831
  outer loop
    vertex 3.7433288512271607 -4.600000000000003 76.38280403504528
    vertex 3.9383790295214434 -5.000000000000002 76.13671195610236
    vertex 3.9383790295214434 -4.600000000000003 76.13671195610236
  endloop
endfacet
facet normal 0.7836934573258401 -3.825194709573831e-16 0.62114778027831
  outer loop
    vertex 3.9383790295214434 -5.000000000000002 76.13671195610236
    vertex 3.7433288512271607 -4.600000000000003 76.38280403504528
    vertex 3.7433288512271585 -5.000000000000002 76.38280403504528
  endloop
endfacet
facet normal -0.04308624446280766 -0.9981799998601126 -0.042193167899040034
  outer loop
    vertex 4.069568943781525 -4.992110341118163 75.81609653204119
    vertex 3.9383790295214434 -5.000000000000002 76.13671195610236
    vertex 3.8402866558332764 -4.992110341118163 76.05023189568983
  endloop
endfacet
facet normal -0.04308624446280766 -0.9981799998601126 -0.042193167899040034
  outer loop
    vertex 3.9383790295214434 -5.000000000000002 76.13671195610236
    vertex 4.069568943781525 -4.992110341118163 75.81609653204119
    vertex 4.158084329364838 -5.000000000000002 75.91235629071411
  endloop
endfacet
facet normal -0.13658976189634064 -0.9815558465853601 -0.1337585772173051
  outer loop
    vertex 3.9825238110178343 -4.96709782916319 75.72143566129799
    vertex 3.8402866558332764 -4.992110341118163 76.05023189568983
    vertex 3.743823610064183 -4.967097829163191 75.96518828106382
  endloop
endfacet
facet normal -0.13658976189634064 -0.9815558465853601 -0.1337585772173051
  outer loop
    vertex 3.8402866558332764 -4.992110341118163 76.05023189568983
    vertex 3.9825238110178343 -4.96709782916319 75.72143566129799
    vertex 4.069568943781525 -4.992110341118163 75.81609653204119
  endloop
endfacet
facet normal -0.22770407781699514 -0.9478548683898346 -0.22298430755369586
  outer loop
    vertex 3.89845982006111 -4.925396619700809 75.63001675791467
    vertex 3.743823610064183 -4.967097829163191 75.96518828106382
    vertex 3.6506642529614086 -4.92539661970081 75.88305725978941
  endloop
endfacet
facet normal -0.22770407781699514 -0.9478548683898346 -0.22298430755369586
  outer loop
    vertex 3.743823610064183 -4.967097829163191 75.96518828106382
    vertex 3.89845982006111 -4.925396619700809 75.63001675791467
    vertex 3.9825238110178343 -4.96709782916319 75.72143566129799
  endloop
endfacet
facet normal -0.31483822772455544 -0.8976749812868238 -0.30831237136216516
  outer loop
    vertex 3.818836114623766 -4.867730542957188 75.54342662875766
    vertex 3.6506642529614086 -4.92539661970081 75.88305725978941
    vertex 3.5624256013786857 -4.867730542957189 75.80526442398903
  endloop
endfacet
facet normal -0.31483822772455544 -0.8976749812868238 -0.30831237136216516
  outer loop
    vertex 3.6506642529614086 -4.92539661970081 75.88305725978941
    vertex 3.818836114623766 -4.867730542957188 75.54342662875766
    vertex 3.89845982006111 -4.925396619700809 75.63001675791467
  endloop
endfacet
facet normal -0.3964746367321975 -0.8319042231740184 -0.38825664951589034
  outer loop
    vertex 3.745034766004411 -4.7951005399100595 75.46316826507297
    vertex 3.5624256013786857 -4.867730542957189 75.80526442398903
    vertex 3.480639260848693 -4.79510053991006 75.73316006557644
  endloop
endfacet
facet normal -0.3964746367321975 -0.8319042231740184 -0.38825664951589034
  outer loop
    vertex 3.5624256013786857 -4.867730542957189 75.80526442398903
    vertex 3.745034766004411 -4.7951005399100595 75.46316826507297
    vertex 3.818836114623766 -4.867730542957188 75.54342662875766
  endloop
endfacet
facet normal -0.47119625150870376 -0.7517026973525609 -0.4614294608681056
  outer loop
    vertex 3.6783367837361407 -4.708767288420092 75.39063475426234
    vertex 3.480639260848693 -4.79510053991006 75.73316006557644
    vertex 3.4067248406855697 -4.708767288420092 75.66799573851688
  endloop
endfacet
facet normal -0.47119625150870376 -0.7517026973525609 -0.4614294608681056
  outer loop
    vertex 3.480639260848693 -4.79510053991006 75.73316006557644
    vertex 3.6783367837361407 -4.708767288420092 75.39063475426234
    vertex 3.745034766004411 -4.7951005399100595 75.46316826507297
  endloop
endfacet
facet normal -0.5377111365108471 -0.6584795754774393 -0.52656564866241
  outer loop
    vertex 3.6783367837361407 -4.708767288420092 75.39063475426234
    vertex 3.3419653130657543 -4.610229320970103 75.6109025349346
    vertex 3.6198998804180116 -4.610229320970103 75.32708509931899
  endloop
endfacet
facet normal -0.5377111365108471 -0.6584795754774393 -0.52656564866241
  outer loop
    vertex 3.3419653130657543 -4.610229320970103 75.6109025349346
    vertex 3.6783367837361407 -4.708767288420092 75.39063475426234
    vertex 3.4067248406855697 -4.708767288420092 75.66799573851688
  endloop
endfacet
facet normal -0.5948741107769295 -0.5538660033848889 -0.5825437688464341
  outer loop
    vertex 3.6198998804180116 -4.610229320970103 75.32708509931899
    vertex 3.287484743792809 -4.501197013834196 75.56287145214104
    vertex 3.570738376677432 -4.501197013834196 75.2736223656385
  endloop
endfacet
facet normal -0.5948741107769295 -0.5538660033848889 -0.5825437688464341
  outer loop
    vertex 3.287484743792809 -4.501197013834196 75.56287145214104
    vertex 3.6198998804180116 -4.610229320970103 75.32708509931899
    vertex 3.3419653130657543 -4.610229320970103 75.6109025349346
  endloop
endfacet
facet normal -0.6417051750107003 -0.4396847862059287 -0.6284041352056279
  outer loop
    vertex 3.570738376677432 -4.501197013834196 75.2736223656385
    vertex 3.244228781285259 -4.383562899160757 75.52473619136381
    vertex 3.531705595063798 -4.383562899160757 75.23117453452191
  endloop
endfacet
facet normal -0.6417051750107003 -0.4396847862059287 -0.6284041352056279
  outer loop
    vertex 3.244228781285259 -4.383562899160757 75.52473619136381
    vertex 3.570738376677432 -4.501197013834196 75.2736223656385
    vertex 3.287484743792809 -4.501197013834196 75.56287145214104
  endloop
endfacet
facet normal -0.6774046356277755 -0.31791768451028835 -0.6633636299237526
  outer loop
    vertex 3.531705595063798 -4.383562899160757 75.23117453452191
    vertex 3.2129482424505476 -4.2593688152783935 75.49715868674801
    vertex 3.5034790484720078 -4.2593688152783935 75.20047839570728
  endloop
endfacet
facet normal -0.6774046356277755 -0.31791768451028835 -0.6633636299237526
  outer loop
    vertex 3.2129482424505476 -4.2593688152783935 75.49715868674801
    vertex 3.531705595063798 -4.383562899160757 75.23117453452191
    vertex 3.244228781285259 -4.383562899160757 75.52473619136381
  endloop
endfacet
facet normal -0.7013649549582303 -0.1906710484683318 -0.6868273081586277
  outer loop
    vertex 3.5034790484720078 -4.2593688152783935 75.20047839570728
    vertex 3.1941860803538593 -4.130770465414534 75.48061761581063
    vertex 3.486548680188287 -4.130770465414534 75.18206675851567
  endloop
endfacet
facet normal -0.7013649549582303 -0.1906710484683318 -0.6868273081586277
  outer loop
    vertex 3.1941860803538593 -4.130770465414534 75.48061761581063
    vertex 3.5034790484720078 -4.2593688152783935 75.20047839570728
    vertex 3.2129482424505476 -4.2593688152783935 75.49715868674801
  endloop
endfacet
facet normal -0.7131794335982703 -0.06014037714823439 -0.69839690042906
  outer loop
    vertex 3.486548680188287 -4.130770465414534 75.18206675851567
    vertex 3.1882679598909838 -4.0000000000000036 75.4754000907787
    vertex 3.481208359682178 -4.0000000000000036 75.17625920359438
  endloop
endfacet
facet normal -0.7131794335982703 -0.06014037714823439 -0.69839690042906
  outer loop
    vertex 3.1882679598909838 -4.0000000000000036 75.4754000907787
    vertex 3.486548680188287 -4.130770465414534 75.18206675851567
    vertex 3.1941860803538593 -4.130770465414534 75.48061761581063
  endloop
endfacet
facet normal 0.7144726796328036 -4.308714598344567e-16 0.6996633405133652
  outer loop
    vertex 3.9383790295214434 -4.600000000000003 76.13671195610236
    vertex 4.158084329364838 -5.000000000000002 75.91235629071411
    vertex 4.15808432936484 -4.600000000000003 75.91235629071411
  endloop
endfacet
facet normal 0.7144726796328036 -4.308714598344567e-16 0.6996633405133652
  outer loop
    vertex 4.158084329364838 -5.000000000000002 75.91235629071411
    vertex 3.9383790295214434 -4.600000000000003 76.13671195610236
    vertex 3.9383790295214434 -5.000000000000002 76.13671195610236
  endloop
endfacet
facet normal -0.03843982650657177 -0.9981799998601126 -0.046465768232216924
  outer loop
    vertex 4.3220690091249985 -4.992110341118162 75.60721031162632
    vertex 4.158084329364838 -5.000000000000002 75.91235629071411
    vertex 4.069568943781525 -4.992110341118163 75.81609653204119
  endloop
endfacet
facet normal -0.03843982650657177 -0.9981799998601126 -0.046465768232216924
  outer loop
    vertex 4.158084329364838 -5.000000000000002 75.91235629071411
    vertex 4.3220690091249985 -4.992110341118162 75.60721031162632
    vertex 4.400037613515972 -5.000000000000001 75.71219512649998
  endloop
endfacet
facet normal -0.12185993036365739 -0.9815558465853602 -0.14730335164503652
  outer loop
    vertex 4.245395474056632 -4.96709782916319 75.50396930907486
    vertex 4.069568943781525 -4.992110341118163 75.81609653204119
    vertex 3.9825238110178343 -4.96709782916319 75.72143566129799
  endloop
endfacet
facet normal -0.12185993036365739 -0.9815558465853602 -0.14730335164503652
  outer loop
    vertex 4.069568943781525 -4.992110341118163 75.81609653204119
    vertex 4.245395474056632 -4.96709782916319 75.50396930907486
    vertex 4.3220690091249985 -4.992110341118162 75.60721031162632
  endloop
endfacet
facet normal -0.20314848405225328 -0.9478548683898346 -0.24556433351967172
  outer loop
    vertex 4.171347871922402 -4.925396619700809 75.40426412821876
    vertex 3.9825238110178343 -4.96709782916319 75.72143566129799
    vertex 3.89845982006111 -4.925396619700809 75.63001675791467
  endloop
endfacet
facet normal -0.20314848405225328 -0.9478548683898346 -0.24556433351967172
  outer loop
    vertex 3.9825238110178343 -4.96709782916319 75.72143566129799
    vertex 4.171347871922402 -4.925396619700809 75.40426412821876
    vertex 4.245395474056632 -4.96709782916319 75.50396930907486
  endloop
endfacet
facet normal -0.28088609258611974 -0.897674981286824 -0.3395329600545462
  outer loop
    vertex 4.101211486609541 -4.867730542957188 75.30982540528028
    vertex 3.89845982006111 -4.925396619700809 75.63001675791467
    vertex 3.818836114623766 -4.867730542957188 75.54342662875766
  endloop
endfacet
facet normal -0.28088609258611974 -0.897674981286824 -0.3395329600545462
  outer loop
    vertex 3.89845982006111 -4.925396619700809 75.63001675791467
    vertex 4.101211486609541 -4.867730542957188 75.30982540528028
    vertex 4.171347871922402 -4.925396619700809 75.40426412821876
  endloop
endfacet
facet normal -0.3537188362610099 -0.8319042231740178 -0.4275726234680968
  outer loop
    vertex 4.036203712920223 -4.7951005399100595 75.22229236375117
    vertex 3.818836114623766 -4.867730542957188 75.54342662875766
    vertex 3.745034766004411 -4.7951005399100595 75.46316826507297
  endloop
endfacet
facet normal -0.3537188362610099 -0.8319042231740178 -0.4275726234680968
  outer loop
    vertex 3.818836114623766 -4.867730542957188 75.54342662875766
    vertex 4.036203712920223 -4.7951005399100595 75.22229236375117
    vertex 4.101211486609541 -4.867730542957188 75.30982540528028
  endloop
endfacet
facet normal -0.4203824766898968 -0.7517026973525617 -0.5081551220689915
  outer loop
    vertex 3.9774529255979862 -4.708767288420092 75.14318436151251
    vertex 3.745034766004411 -4.7951005399100595 75.46316826507297
    vertex 3.6783367837361407 -4.708767288420092 75.39063475426234
  endloop
endfacet
facet normal -0.4203824766898968 -0.7517026973525617 -0.5081551220689915
  outer loop
    vertex 3.745034766004411 -4.7951005399100595 75.46316826507297
    vertex 3.9774529255979862 -4.708767288420092 75.14318436151251
    vertex 4.036203712920223 -4.7951005399100595 75.22229236375117
  endloop
endfacet
facet normal -0.47972440057918103 -0.6584795754774367 -0.5798871857249477
  outer loop
    vertex 3.9774529255979862 -4.708767288420092 75.14318436151251
    vertex 3.6198998804180116 -4.610229320970103 75.32708509931899
    vertex 3.925978893523005 -4.610229320970103 75.0738745185263
  endloop
endfacet
facet normal -0.47972440057918103 -0.6584795754774367 -0.5798871857249477
  outer loop
    vertex 3.6198998804180116 -4.610229320970103 75.32708509931899
    vertex 3.9774529255979862 -4.708767288420092 75.14318436151251
    vertex 3.6783367837361407 -4.708767288420092 75.39063475426234
  endloop
endfacet
facet normal -0.5307229232117234 -0.5538660033848907 -0.6415338097653557
  outer loop
    vertex 3.925978893523005 -4.610229320970103 75.0738745185263
    vertex 3.570738376677432 -4.501197013834196 75.2736223656385
    vertex 3.8826750790374787 -4.501197013834196 75.01556588285688
  endloop
endfacet
facet normal -0.5307229232117234 -0.5538660033848907 -0.6415338097653557
  outer loop
    vertex 3.570738376677432 -4.501197013834196 75.2736223656385
    vertex 3.925978893523005 -4.610229320970103 75.0738745185263
    vertex 3.6198998804180116 -4.610229320970103 75.32708509931899
  endloop
endfacet
facet normal -0.5725037283551888 -0.43968478620592943 -0.6920381274167301
  outer loop
    vertex 3.8826750790374787 -4.501197013834196 75.01556588285688
    vertex 3.531705595063798 -4.383562899160757 75.23117453452191
    vertex 3.848293129641255 -4.383562899160757 74.96927054872138
  endloop
endfacet
facet normal -0.5725037283551888 -0.43968478620592943 -0.6920381274167301
  outer loop
    vertex 3.531705595063798 -4.383562899160757 75.23117453452191
    vertex 3.8826750790374787 -4.501197013834196 75.01556588285688
    vertex 3.570738376677432 -4.501197013834196 75.2736223656385
  endloop
endfacet
facet normal -0.6043533613322076 -0.31791768451028857 -0.7305377201227045
  outer loop
    vertex 3.848293129641255 -4.383562899160757 74.96927054872138
    vertex 3.5034790484720078 -4.2593688152783935 75.20047839570728
    vertex 3.8234298312436312 -4.2593688152783935 74.93579208902837
  endloop
endfacet
facet normal -0.6043533613322076 -0.31791768451028857 -0.7305377201227045
  outer loop
    vertex 3.5034790484720078 -4.2593688152783935 75.20047839570728
    vertex 3.848293129641255 -4.383562899160757 74.96927054872138
    vertex 3.531705595063798 -4.383562899160757 75.23117453452191
  endloop
endfacet
facet normal -0.6257298012978622 -0.19067104846833208 -0.7563773972321786
  outer loop
    vertex 3.8234298312436312 -4.2593688152783935 74.93579208902837
    vertex 3.486548680188287 -4.130770465414534 75.18206675851567
    vertex 3.808516749430702 -4.130770465414534 74.9157116073325
  endloop
endfacet
facet normal -0.6257298012978622 -0.19067104846833208 -0.7563773972321786
  outer loop
    vertex 3.486548680188287 -4.130770465414534 75.18206675851567
    vertex 3.8234298312436312 -4.2593688152783935 74.93579208902837
    vertex 3.5034790484720078 -4.2593688152783935 75.20047839570728
  endloop
endfacet
facet normal -0.6362702072870821 -0.06014037714823389 -0.7691185593621582
  outer loop
    vertex 3.808516749430702 -4.130770465414534 74.9157116073325
    vertex 3.481208359682178 -4.0000000000000036 75.17625920359438
    vertex 3.803812738550357 -4.0000000000000036 74.90937765130886
  endloop
endfacet
facet normal -0.6362702072870821 -0.06014037714823389 -0.7691185593621582
  outer loop
    vertex 3.481208359682178 -4.0000000000000036 75.17625920359438
    vertex 3.808516749430702 -4.130770465414534 74.9157116073325
    vertex 3.486548680188287 -4.130770465414534 75.18206675851567
  endloop
endfacet
facet normal 0.6374239897486905 -4.74502730831934e-16 0.7705132427757885
  outer loop
    vertex 4.15808432936484 -4.600000000000003 75.91235629071411
    vertex 4.400037613515972 -5.000000000000001 75.71219512649998
    vertex 4.400037613515975 -4.600000000000002 75.71219512649998
  endloop
endfacet
facet normal 0.6374239897486905 -4.74502730831934e-16 0.7705132427757885
  outer loop
    vertex 4.400037613515972 -5.000000000000001 75.71219512649998
    vertex 4.15808432936484 -4.600000000000003 75.91235629071411
    vertex 4.158084329364838 -5.000000000000002 75.91235629071411
  endloop
endfacet
facet normal -0.033372253767078655 -0.9981799998601127 -0.05022927988505429
  outer loop
    vertex 4.595020408308757 -4.992110341118162 75.42586183558834
    vertex 4.400037613515972 -5.000000000000001 75.71219512649998
    vertex 4.3220690091249985 -4.992110341118162 75.60721031162632
  endloop
endfacet
facet normal -0.033372253767078655 -0.9981799998601127 -0.05022927988505429
  outer loop
    vertex 4.400037613515972 -5.000000000000001 75.71219512649998
    vertex 4.595020408308757 -4.992110341118162 75.42586183558834
    vertex 4.6615879911617055 -5.000000000000001 75.5384214710615
  endloop
endfacet
facet normal -0.10579497593307947 -0.9815558465853602 -0.1592342397269374
  outer loop
    vertex 4.529558522230896 -4.96709782916319 75.31517183125715
    vertex 4.3220690091249985 -4.992110341118162 75.60721031162632
    vertex 4.245395474056632 -4.96709782916319 75.50396930907486
  endloop
endfacet
facet normal -0.10579497593307947 -0.9815558465853602 -0.1592342397269374
  outer loop
    vertex 4.3220690091249985 -4.992110341118162 75.60721031162632
    vertex 4.529558522230896 -4.96709782916319 75.31517183125715
    vertex 4.595020408308757 -4.992110341118162 75.42586183558834
  endloop
endfacet
facet normal -0.1763671529846816 -0.9478548683898345 -0.26545390525996715
  outer loop
    vertex 4.4663385899435974 -4.925396619700809 75.20827276375435
    vertex 4.245395474056632 -4.96709782916319 75.50396930907486
    vertex 4.171347871922402 -4.925396619700809 75.40426412821876
  endloop
endfacet
facet normal -0.1763671529846816 -0.9478548683898345 -0.26545390525996715
  outer loop
    vertex 4.245395474056632 -4.96709782916319 75.50396930907486
    vertex 4.4663385899435974 -4.925396619700809 75.20827276375435
    vertex 4.529558522230896 -4.96709782916319 75.31517183125715
  endloop
endfacet
facet normal -0.24385651063811664 -0.897674981286824 -0.36703355458473086
  outer loop
    vertex 4.40645795366969 -4.867730542957188 75.10702013744552
    vertex 4.171347871922402 -4.925396619700809 75.40426412821876
    vertex 4.101211486609541 -4.867730542957188 75.30982540528028
  endloop
endfacet
facet normal -0.24385651063811664 -0.897674981286824 -0.36703355458473086
  outer loop
    vertex 4.171347871922402 -4.925396619700809 75.40426412821876
    vertex 4.40645795366969 -4.867730542957188 75.10702013744552
    vertex 4.4663385899435974 -4.925396619700809 75.20827276375435
  endloop
endfacet
facet normal -0.3070876181993196 -0.8319042231740182 -0.4622040222822626
  outer loop
    vertex 4.350955993682699 -4.7951005399100595 75.01317144839244
    vertex 4.101211486609541 -4.867730542957188 75.30982540528028
    vertex 4.036203712920223 -4.7951005399100595 75.22229236375117
  endloop
endfacet
facet normal -0.3070876181993196 -0.8319042231740182 -0.4622040222822626
  outer loop
    vertex 4.101211486609541 -4.867730542957188 75.30982540528028
    vertex 4.350955993682699 -4.7951005399100595 75.01317144839244
    vertex 4.40645795366969 -4.867730542957188 75.10702013744552
  endloop
endfacet
facet normal -0.3649629034857864 -0.7517026973525606 -0.5493133294141961
  outer loop
    vertex 4.300796087226792 -4.708767288420092 74.92835567855269
    vertex 4.036203712920223 -4.7951005399100595 75.22229236375117
    vertex 3.9774529255979862 -4.708767288420092 75.14318436151251
  endloop
endfacet
facet normal -0.3649629034857864 -0.7517026973525606 -0.5493133294141961
  outer loop
    vertex 4.036203712920223 -4.7951005399100595 75.22229236375117
    vertex 4.300796087226792 -4.708767288420092 74.92835567855269
    vertex 4.350955993682699 -4.7951005399100595 75.01317144839244
  endloop
endfacet
facet normal -0.4164817037259815 -0.6584795754774377 -0.6268553574314868
  outer loop
    vertex 4.256848886662006 -4.610229320970103 74.85404502066737
    vertex 3.9774529255979862 -4.708767288420092 75.14318436151251
    vertex 3.925978893523005 -4.610229320970103 75.0738745185263
  endloop
endfacet
facet normal -0.4164817037259815 -0.6584795754774377 -0.6268553574314868
  outer loop
    vertex 3.9774529255979862 -4.708767288420092 75.14318436151251
    vertex 4.256848886662006 -4.610229320970103 74.85404502066737
    vertex 4.300796087226792 -4.708767288420092 74.92835567855269
  endloop
endfacet
facet normal -0.46075702423889775 -0.5538660033848893 -0.6934950720149101
  outer loop
    vertex 4.256848886662006 -4.610229320970103 74.85404502066737
    vertex 3.8826750790374787 -4.501197013834196 75.01556588285688
    vertex 4.219877207084942 -4.501197013834196 74.79152932462328
  endloop
endfacet
facet normal -0.46075702423889775 -0.5538660033848893 -0.6934950720149101
  outer loop
    vertex 3.8826750790374787 -4.501197013834196 75.01556588285688
    vertex 4.256848886662006 -4.610229320970103 74.85404502066737
    vertex 3.925978893523005 -4.610229320970103 75.0738745185263
  endloop
endfacet
facet normal -0.4970298110477077 -0.4396847862059334 -0.7480900050855662
  outer loop
    vertex 4.219877207084942 -4.501197013834196 74.79152932462328
    vertex 3.848293129641255 -4.383562899160757 74.96927054872138
    vertex 4.190522785738599 -4.383562899160757 74.74189370883761
  endloop
endfacet
facet normal -0.4970298110477077 -0.4396847862059334 -0.7480900050855662
  outer loop
    vertex 3.848293129641255 -4.383562899160757 74.96927054872138
    vertex 4.219877207084942 -4.501197013834196 74.79152932462328
    vertex 3.8826750790374787 -4.501197013834196 75.01556588285688
  endloop
endfacet
facet normal -0.5246806651408124 -0.3179176845102833 -0.789707886185148
  outer loop
    vertex 4.190522785738599 -4.383562899160757 74.74189370883761
    vertex 3.8234298312436312 -4.2593688152783935 74.93579208902837
    vertex 4.169295143035366 -4.2593688152783935 74.70599972527644
  endloop
endfacet
facet normal -0.5246806651408124 -0.3179176845102833 -0.789707886185148
  outer loop
    vertex 3.8234298312436312 -4.2593688152783935 74.93579208902837
    vertex 4.190522785738599 -4.383562899160757 74.74189370883761
    vertex 3.848293129641255 -4.383562899160757 74.96927054872138
  endloop
endfacet
facet normal -0.5432390209920953 -0.19067104846833302 -0.8176404572595074
  outer loop
    vertex 4.169295143035366 -4.2593688152783935 74.70599972527644
    vertex 3.808516749430702 -4.130770465414534 74.9157116073325
    vertex 4.156562738538334 -4.130770465414534 74.68447040503587
  endloop
endfacet
facet normal -0.5432390209920953 -0.19067104846833302 -0.8176404572595074
  outer loop
    vertex 3.808516749430702 -4.130770465414534 74.9157116073325
    vertex 4.169295143035366 -4.2593688152783935 74.70599972527644
    vertex 3.8234298312436312 -4.2593688152783935 74.93579208902837
  endloop
endfacet
facet normal -0.5523898714367541 -0.06014037714823473 -0.83141359441048
  outer loop
    vertex 4.156562738538334 -4.130770465414534 74.68447040503587
    vertex 3.803812738550357 -4.0000000000000036 74.90937765130886
    vertex 4.1525465754113355 -4.0000000000000036 74.67767944405755
  endloop
endfacet
facet normal -0.5523898714367541 -0.06014037714823473 -0.83141359441048
  outer loop
    vertex 3.803812738550357 -4.0000000000000036 74.90937765130886
    vertex 4.156562738538334 -4.130770465414534 74.68447040503587
    vertex 3.808516749430702 -4.130770465414534 74.9157116073325
  endloop
endfacet
facet normal 0.5533915492433451 -5.12935250614337e-16 0.8329212407100988
  outer loop
    vertex 4.400037613515975 -4.600000000000002 75.71219512649998
    vertex 4.6615879911617055 -5.000000000000001 75.5384214710615
    vertex 4.661587991161708 -4.600000000000002 75.5384214710615
  endloop
endfacet
facet normal 0.5533915492433451 -5.12935250614337e-16 0.8329212407100988
  outer loop
    vertex 4.6615879911617055 -5.000000000000001 75.5384214710615
    vertex 4.400037613515975 -4.600000000000002 75.71219512649998
    vertex 4.400037613515972 -5.000000000000001 75.71219512649998
  endloop
endfacet
facet normal -0.027939047631720625 -0.9981799998601126 -0.053442469036318614
  outer loop
    vertex 4.885432628684593 -4.992110341118162 75.27403799578033
    vertex 4.6615879911617055 -5.000000000000001 75.5384214710615
    vertex 4.595020408308757 -4.992110341118162 75.42586183558834
  endloop
endfacet
facet normal -0.027939047631720625 -0.9981799998601126 -0.053442469036318614
  outer loop
    vertex 4.6615879911617055 -5.000000000000001 75.5384214710615
    vertex 4.885432628684593 -4.992110341118162 75.27403799578033
    vertex 4.939869861631615 -5.000000000000001 75.3929392249321
  endloop
endfacet
facet normal -0.08857090960715723 -0.9815558465853603 -0.16942052415648232
  outer loop
    vertex 4.831899605719884 -4.96709782916319 75.15711173252024
    vertex 4.595020408308757 -4.992110341118162 75.42586183558834
    vertex 4.529558522230896 -4.96709782916319 75.31517183125715
  endloop
endfacet
facet normal -0.08857090960715723 -0.9815558465853603 -0.16942052415648232
  outer loop
    vertex 4.595020408308757 -4.992110341118162 75.42586183558834
    vertex 4.831899605719884 -4.96709782916319 75.15711173252024
    vertex 4.885432628684593 -4.992110341118162 75.27403799578033
  endloop
endfacet
facet normal -0.14765350648181053 -0.9478548683898345 -0.2824351084644324
  outer loop
    vertex 4.78019999408728 -4.925396619700809 75.04418998692437
    vertex 4.529558522230896 -4.96709782916319 75.31517183125715
    vertex 4.4663385899435974 -4.925396619700809 75.20827276375435
  endloop
endfacet
facet normal -0.14765350648181053 -0.9478548683898345 -0.2824351084644324
  outer loop
    vertex 4.529558522230896 -4.96709782916319 75.31517183125715
    vertex 4.78019999408728 -4.925396619700809 75.04418998692437
    vertex 4.831899605719884 -4.96709782916319 75.15711173252024
  endloop
endfacet
facet normal -0.20415518572930735 -0.8976749812868237 -0.39051285268417596
  outer loop
    vertex 4.731231171634171 -4.867730542957188 74.9372328022075
    vertex 4.4663385899435974 -4.925396619700809 75.20827276375435
    vertex 4.40645795366969 -4.867730542957188 75.10702013744552
  endloop
endfacet
facet normal -0.20415518572930735 -0.8976749812868237 -0.39051285268417596
  outer loop
    vertex 4.4663385899435974 -4.925396619700809 75.20827276375435
    vertex 4.731231171634171 -4.867730542957188 74.9372328022075
    vertex 4.78019999408728 -4.925396619700809 75.04418998692437
  endloop
endfacet
facet normal -0.2570918839304229 -0.8319042231740185 -0.49177141710589367
  outer loop
    vertex 4.685843116437656 -4.7951005399100595 74.83809669150682
    vertex 4.40645795366969 -4.867730542957188 75.10702013744552
    vertex 4.350955993682699 -4.7951005399100595 75.01317144839244
  endloop
endfacet
facet normal -0.2570918839304229 -0.8319042231740185 -0.49177141710589367
  outer loop
    vertex 4.40645795366969 -4.867730542957188 75.10702013744552
    vertex 4.685843116437656 -4.7951005399100595 74.83809669150682
    vertex 4.731231171634171 -4.867730542957188 74.9372328022075
  endloop
endfacet
facet normal -0.3055447203376885 -0.7517026973525613 -0.5844531449711322
  outer loop
    vertex 4.644823653279844 -4.708767288420092 74.74850241338919
    vertex 4.350955993682699 -4.7951005399100595 75.01317144839244
    vertex 4.300796087226792 -4.708767288420092 74.92835567855269
  endloop
endfacet
facet normal -0.3055447203376885 -0.7517026973525613 -0.5844531449711322
  outer loop
    vertex 4.350955993682699 -4.7951005399100595 75.01317144839244
    vertex 4.644823653279844 -4.708767288420092 74.74850241338919
    vertex 4.685843116437656 -4.7951005399100595 74.83809669150682
  endloop
endfacet
facet normal -0.34867594617236286 -0.6584795754774366 -0.6669555706640902
  outer loop
    vertex 4.608884778951184 -4.610229320970103 74.67000510372307
    vertex 4.300796087226792 -4.708767288420092 74.92835567855269
    vertex 4.256848886662006 -4.610229320970103 74.85404502066737
  endloop
endfacet
facet normal -0.34867594617236286 -0.6584795754774366 -0.6669555706640902
  outer loop
    vertex 4.300796087226792 -4.708767288420092 74.92835567855269
    vertex 4.608884778951184 -4.610229320970103 74.67000510372307
    vertex 4.644823653279844 -4.708767288420092 74.74850241338919
  endloop
endfacet
facet normal -0.3857429748889047 -0.5538660033848918 -0.737858257132293
  outer loop
    vertex 4.608884778951184 -4.610229320970103 74.67000510372307
    vertex 4.219877207084942 -4.501197013834196 74.79152932462328
    vertex 4.57865030374085 -4.501197013834196 74.60396728235241
  endloop
endfacet
facet normal -0.3857429748889047 -0.5538660033848918 -0.737858257132293
  outer loop
    vertex 4.219877207084942 -4.501197013834196 74.79152932462328
    vertex 4.608884778951184 -4.610229320970103 74.67000510372307
    vertex 4.256848886662006 -4.610229320970103 74.85404502066737
  endloop
endfacet
facet normal -0.4161103311202175 -0.4396847862059303 -0.7959456521107884
  outer loop
    vertex 4.57865030374085 -4.501197013834196 74.60396728235241
    vertex 4.190522785738599 -4.383562899160757 74.74189370883761
    vertex 4.554645023627465 -4.383562899160756 74.55153520311003
  endloop
endfacet
facet normal -0.4161103311202175 -0.4396847862059303 -0.7959456521107884
  outer loop
    vertex 4.190522785738599 -4.383562899160757 74.74189370883761
    vertex 4.57865030374085 -4.501197013834196 74.60396728235241
    vertex 4.219877207084942 -4.501197013834196 74.79152932462328
  endloop
endfacet
facet normal -0.43925945778564657 -0.3179176845102861 -0.8402258473895444
  outer loop
    vertex 4.554645023627465 -4.383562899160756 74.55153520311003
    vertex 4.169295143035366 -4.2593688152783935 74.70599972527644
    vertex 4.537285611114249 -4.259368815278393 74.51361895767592
  endloop
endfacet
facet normal -0.43925945778564657 -0.3179176845102861 -0.8402258473895444
  outer loop
    vertex 4.169295143035366 -4.2593688152783935 74.70599972527644
    vertex 4.554645023627465 -4.383562899160756 74.55153520311003
    vertex 4.190522785738599 -4.383562899160757 74.74189370883761
  endloop
endfacet
facet normal -0.454796400292266 -0.19067104846833227 -0.8699452773348356
  outer loop
    vertex 4.537285611114249 -4.259368815278393 74.51361895767592
    vertex 4.156562738538334 -4.130770465414534 74.68447040503587
    vertex 4.5268733828212095 -4.130770465414534 74.49087667862848
  endloop
endfacet
facet normal -0.454796400292266 -0.19067104846833227 -0.8699452773348356
  outer loop
    vertex 4.156562738538334 -4.130770465414534 74.68447040503587
    vertex 4.537285611114249 -4.259368815278393 74.51361895767592
    vertex 4.169295143035366 -4.2593688152783935 74.70599972527644
  endloop
endfacet
facet normal -0.46245743655995425 -0.0601403771482337 -0.8845994881339598
  outer loop
    vertex 4.5268733828212095 -4.130770465414534 74.49087667862848
    vertex 4.1525465754113355 -4.0000000000000036 74.67767944405755
    vertex 4.523589069371214 -4.000000000000003 74.48370311588505
  endloop
endfacet
facet normal -0.46245743655995425 -0.0601403771482337 -0.8845994881339598
  outer loop
    vertex 4.1525465754113355 -4.0000000000000036 74.67767944405755
    vertex 4.5268733828212095 -4.130770465414534 74.49087667862848
    vertex 4.156562738538334 -4.130770465414534 74.68447040503587
  endloop
endfacet
facet normal -4.188897629042246e-32 -0.9999999999999999 -6.158268339717677e-16
  outer loop
    vertex 3.5750708050522553 -4.600000000000003 76.6479362912279
    vertex 3.325991252863993 -4.600000000000003 77.22352517530504
    vertex 3.4354483613608804 -4.600000000000003 76.92920388016897
  endloop
endfacet
facet normal -4.188897629042246e-32 -0.9999999999999999 -6.158268339717677e-16
  outer loop
    vertex 3.325991252863993 -4.600000000000003 77.22352517530504
    vertex 3.5750708050522553 -4.600000000000003 76.6479362912279
    vertex 3.247898714547659 -4.600000000000003 77.52767553093594
  endloop
endfacet
facet normal -4.188897629042246e-32 -0.9999999999999999 -6.158268339717677e-16
  outer loop
    vertex 3.247898714547659 -4.600000000000003 77.52767553093594
    vertex 3.5750708050522553 -4.600000000000003 76.6479362912279
    vertex 3.7433288512271607 -4.600000000000003 76.38280403504528
  endloop
endfacet
facet normal -4.188897629042246e-32 -0.9999999999999999 -6.158268339717677e-16
  outer loop
    vertex 3.247898714547659 -4.600000000000003 77.52767553093594
    vertex 3.7433288512271607 -4.600000000000003 76.38280403504528
    vertex 3.202026344603584 -4.600000000000003 77.83832261211776
  endloop
endfacet
facet normal -4.188897629042246e-32 -0.9999999999999999 -6.158268339717677e-16
  outer loop
    vertex 3.202026344603584 -4.600000000000003 77.83832261211776
    vertex 3.7433288512271607 -4.600000000000003 76.38280403504528
    vertex 3.9383790295214434 -4.600000000000003 76.13671195610236
  endloop
endfacet
facet normal -4.188897629042246e-32 -0.9999999999999999 -6.158268339717677e-16
  outer loop
    vertex 3.202026344603584 -4.600000000000003 77.83832261211776
    vertex 3.9383790295214434 -4.600000000000003 76.13671195610236
    vertex 4.15808432936484 -4.600000000000003 75.91235629071411
  endloop
endfacet
facet normal -4.188897629042246e-32 -0.9999999999999999 -6.158268339717677e-16
  outer loop
    vertex 3.202026344603584 -4.600000000000003 77.83832261211776
    vertex 4.15808432936484 -4.600000000000003 75.91235629071411
    vertex 3.1888767303162884 -4.600000000000004 78.15206290442204
  endloop
endfacet
facet normal -4.188897629042246e-32 -0.9999999999999999 -6.158268339717677e-16
  outer loop
    vertex 3.1888767303162884 -4.600000000000004 78.15206290442204
    vertex 4.15808432936484 -4.600000000000003 75.91235629071411
    vertex 3.208593941611636 -4.600000000000004 78.46545900355191
  endloop
endfacet
facet normal -4.188897629042246e-32 -0.9999999999999999 -6.158268339717677e-16
  outer loop
    vertex 3.208593941611636 -4.600000000000004 78.46545900355191
    vertex 4.15808432936484 -4.600000000000003 75.91235629071411
    vertex 4.400037613515975 -4.600000000000002 75.71219512649998
  endloop
endfacet
facet normal -4.188897629042246e-32 -0.9999999999999999 -6.158268339717677e-16
  outer loop
    vertex 3.208593941611636 -4.600000000000004 78.46545900355191
    vertex 4.400037613515975 -4.600000000000002 75.71219512649998
    vertex 3.2609619525965825 -4.600000000000004 78.77507727626293
  endloop
endfacet
facet normal -4.188897629042246e-32 -0.9999999999999999 -6.158268339717677e-16
  outer loop
    vertex 3.2609619525965825 -4.600000000000004 78.77507727626293
    vertex 4.400037613515975 -4.600000000000002 75.71219512649998
    vertex 4.661587991161708 -4.600000000000002 75.5384214710615
  endloop
endfacet
facet normal -4.188897629042246e-32 -0.9999999999999999 -6.158268339717677e-16
  outer loop
    vertex 3.2609619525965825 -4.600000000000004 78.77507727626293
    vertex 4.661587991161708 -4.600000000000002 75.5384214710615
    vertex 3.345407008384068 -4.600000000000004 79.07752547996752
  endloop
endfacet
facet normal -4.188897629042246e-32 -0.9999999999999999 -6.158268339717677e-16
  outer loop
    vertex 3.345407008384068 -4.600000000000004 79.07752547996752
    vertex 4.661587991161708 -4.600000000000002 75.5384214710615
    vertex 4.9398698616316175 -4.600000000000002 75.3929392249321
  endloop
endfacet
facet normal -4.188897629042246e-32 -0.9999999999999999 -6.158268339717677e-16
  outer loop
    vertex 3.345407008384068 -4.600000000000004 79.07752547996752
    vertex 4.9398698616316175 -4.600000000000002 75.3929392249321
    vertex 3.4610039112716184 -4.600000000000005 79.3694899288545
  endloop
endfacet
facet normal -4.188897629042246e-32 -0.9999999999999999 -6.158268339717677e-16
  outer loop
    vertex 3.4610039112716184 -4.600000000000005 79.3694899288545
    vertex 4.9398698616316175 -4.600000000000002 75.3929392249321
    vertex 5.231834310518612 -4.600000000000002 75.27734232204456
  endloop
endfacet
facet normal -4.188897629042246e-32 -0.9999999999999999 -6.158268339717677e-16
  outer loop
    vertex 3.4610039112716184 -4.600000000000005 79.3694899288545
    vertex 5.231834310518612 -4.600000000000002 75.27734232204456
    vertex 3.606486157400994 -4.600000000000005 79.64777179932442
  endloop
endfacet
facet normal -4.188897629042246e-32 -0.9999999999999999 -6.158268339717677e-16
  outer loop
    vertex 3.606486157400994 -4.600000000000005 79.64777179932442
    vertex 5.231834310518612 -4.600000000000002 75.27734232204456
    vertex 5.534282514223192 -4.600000000000002 75.19289726625708
  endloop
endfacet
facet normal -4.188897629042246e-32 -0.9999999999999999 -6.158268339717677e-16
  outer loop
    vertex 3.606486157400994 -4.600000000000005 79.64777179932442
    vertex 5.534282514223192 -4.600000000000002 75.19289726625708
    vertex 3.7802598128394806 -4.600000000000005 79.90932217697015
  endloop
endfacet
facet normal -4.188897629042246e-32 -0.9999999999999999 -6.158268339717677e-16
  outer loop
    vertex 3.7802598128394806 -4.600000000000005 79.90932217697015
    vertex 5.534282514223192 -4.600000000000002 75.19289726625708
    vertex 5.8439007869342205 -4.600000000000002 75.14052925527213
  endloop
endfacet
facet normal -4.188897629042246e-32 -0.9999999999999999 -6.158268339717677e-16
  outer loop
    vertex 3.7802598128394806 -4.600000000000005 79.90932217697015
    vertex 5.8439007869342205 -4.600000000000002 75.14052925527213
    vertex 3.9804209770536207 -4.600000000000005 80.15127546112129
  endloop
endfacet
facet normal -4.188897629042246e-32 -0.9999999999999999 -6.158268339717677e-16
  outer loop
    vertex 3.9804209770536207 -4.600000000000005 80.15127546112129
    vertex 5.8439007869342205 -4.600000000000002 75.14052925527213
    vertex 6.157296886064082 -4.600000000000002 75.12081204397678
  endloop
endfacet
facet normal -4.188897629042246e-32 -0.9999999999999999 -6.158268339717677e-16
  outer loop
    vertex 3.9804209770536207 -4.600000000000005 80.15127546112129
    vertex 6.157296886064082 -4.600000000000002 75.12081204397678
    vertex 4.204776642441869 -4.600000000000006 80.37098076096468
  endloop
endfacet
facet normal -4.188897629042246e-32 -0.9999999999999999 -6.158268339717677e-16
  outer loop
    vertex 4.204776642441869 -4.600000000000006 80.37098076096468
    vertex 6.157296886064082 -4.600000000000002 75.12081204397678
    vertex 6.471037178368363 -4.600000000000002 75.13396165826408
  endloop
endfacet
facet normal -4.188897629042246e-32 -0.9999999999999999 -6.158268339717677e-16
  outer loop
    vertex 4.204776642441869 -4.600000000000006 80.37098076096468
    vertex 6.471037178368363 -4.600000000000002 75.13396165826408
    vertex 4.450868721384787 -4.600000000000006 80.56603093925897
  endloop
endfacet
facet normal -4.188897629042246e-32 -0.9999999999999999 -6.158268339717677e-16
  outer loop
    vertex 4.450868721384787 -4.600000000000006 80.56603093925897
    vertex 6.471037178368363 -4.600000000000002 75.13396165826408
    vertex 6.781684259550197 -4.600000000000002 75.17983402820815
  endloop
endfacet
facet normal -4.188897629042246e-32 -0.9999999999999999 -6.158268339717677e-16
  outer loop
    vertex 4.450868721384787 -4.600000000000006 80.56603093925897
    vertex 6.781684259550197 -4.600000000000002 75.17983402820815
    vertex 4.556643967221311 -4.600000000000006 80.6331579514693
  endloop
endfacet
facet normal -4.188897629042246e-32 -0.9999999999999999 -6.158268339717677e-16
  outer loop
    vertex 4.556643967221311 -4.600000000000006 80.6331579514693
    vertex 6.781684259550197 -4.600000000000002 75.17983402820815
    vertex 6.903025883920351 -4.600000000000002 75.21098926204255
  endloop
endfacet
facet normal 0.46329603511986306 -5.457479444524074e-16 0.8862035792312141
  outer loop
    vertex 4.661587991161708 -4.600000000000002 75.5384214710615
    vertex 4.939869861631615 -5.000000000000001 75.3929392249321
    vertex 4.9398698616316175 -4.600000000000002 75.3929392249321
  endloop
endfacet
facet normal 0.46329603511986306 -5.457479444524074e-16 0.8862035792312141
  outer loop
    vertex 4.939869861631615 -5.000000000000001 75.3929392249321
    vertex 4.661587991161708 -4.600000000000002 75.5384214710615
    vertex 4.6615879911617055 -5.000000000000001 75.5384214710615
  endloop
endfacet
facet normal -0.7705132427757895 -3.925427975045877e-16 0.6374239897486893
  outer loop
    vertex 2.977442337648369 -4.000000000000007 80.50554705193576
    vertex 3.2443238899338898 -1.4480077157745663e-14 80.82815143080396
    vertex 2.977442337648369 -1.4281408724481846e-14 80.50554705193578
  endloop
endfacet
facet normal -0.7705132427757895 -3.925427975045877e-16 0.6374239897486893
  outer loop
    vertex 3.2443238899338898 -1.4480077157745663e-14 80.82815143080396
    vertex 2.977442337648369 -4.000000000000007 80.50554705193576
    vertex 3.2443238899338898 -4.000000000000007 80.82815143080394
  endloop
endfacet
facet normal -0.6996633405133659 -4.39991448257594e-16 0.7144726796328028
  outer loop
    vertex 3.2443238899338898 -4.000000000000007 80.82815143080394
    vertex 3.5434647771182193 -1.4660477716691498e-14 81.12109183059515
    vertex 3.2443238899338898 -1.4480077157745663e-14 80.82815143080396
  endloop
endfacet
facet normal -0.6996633405133659 -4.39991448257594e-16 0.7144726796328028
  outer loop
    vertex 3.5434647771182193 -1.4660477716691498e-14 81.12109183059515
    vertex 3.2443238899338898 -4.000000000000007 80.82815143080394
    vertex 3.5434647771182193 -4.000000000000007 81.12109183059515
  endloop
endfacet
facet normal -0.62114778027831 -4.826194606293608e-16 0.7836934573258402
  outer loop
    vertex 3.5434647771182193 -4.000000000000007 81.12109183059515
    vertex 3.871587549042112 -1.4820633895044293e-14 81.38115873498752
    vertex 3.5434647771182193 -1.4660477716691498e-14 81.12109183059515
  endloop
endfacet
facet normal -0.62114778027831 -4.826194606293608e-16 0.7836934573258402
  outer loop
    vertex 3.871587549042112 -1.4820633895044293e-14 81.38115873498752
    vertex 3.5434647771182193 -4.000000000000007 81.12109183059515
    vertex 3.871587549042112 -4.000000000000007 81.38115873498752
  endloop
endfacet
facet normal -0.5358267949789974 -5.199597931958563e-16 0.8443279255020146
  outer loop
    vertex 3.871587549042112 -4.000000000000007 81.38115873498752
    vertex 4.225097223952264 -1.4958790988199187e-14 81.60550279655406
    vertex 3.871587549042112 -1.4820633895044293e-14 81.38115873498752
  endloop
endfacet
facet normal -0.5358267949789974 -5.199597931958563e-16 0.8443279255020146
  outer loop
    vertex 4.225097223952264 -1.4958790988199187e-14 81.60550279655406
    vertex 3.871587549042112 -4.000000000000007 81.38115873498752
    vertex 4.225097223952264 -4.000000000000007 81.60550279655406
  endloop
endfacet
facet normal -0.4446351791849269 -5.516033374595168e-16 0.8957117602394132
  outer loop
    vertex 4.225097223952264 -4.000000000000007 81.60550279655406
    vertex 4.600120675873703 -1.5073435318132333e-14 81.79166605480923
    vertex 4.225097223952264 -1.4958790988199187e-14 81.60550279655406
  endloop
endfacet
facet normal -0.4446351791849269 -5.516033374595168e-16 0.8957117602394132
  outer loop
    vertex 4.600120675873703 -1.5073435318132333e-14 81.79166605480923
    vertex 4.225097223952264 -4.000000000000007 81.60550279655406
    vertex 4.600120675873703 -4.000000000000007 81.79166605480923
  endloop
endfacet
facet normal -0.34857204732181446 -5.772034001275514e-16 0.9372819894918918
  outer loop
    vertex 4.600120675873703 -4.000000000000007 81.79166605480923
    vertex 4.992549069388479 -1.5163310817574122e-14 81.93760886613842
    vertex 4.600120675873703 -1.5073435318132333e-14 81.79166605480923
  endloop
endfacet
facet normal -0.34857204732181446 -5.772034001275514e-16 0.9372819894918918
  outer loop
    vertex 4.992549069388479 -1.5163310817574122e-14 81.93760886613842
    vertex 4.600120675873703 -4.000000000000007 81.79166605480923
    vertex 4.992549069388479 -4.000000000000007 81.93760886613842
  endloop
endfacet
facet normal -0.30868966971167344 -0.9478548683898348 -0.0792580360782859
  outer loop
    vertex 3.0784910693658625 -4.967097829163192 77.14596331929769
    vertex 2.8719030608460314 -4.925396619700811 77.45186150841971
    vertex 2.959980065962178 -4.925396619700811 77.10882422205998
  endloop
endfacet
facet normal -0.30868966971167344 -0.9478548683898348 -0.0792580360782859
  outer loop
    vertex 2.8719030608460314 -4.925396619700811 77.45186150841971
    vertex 3.0784910693658625 -4.967097829163192 77.14596331929769
    vertex 2.9936469413344646 -4.967097829163192 77.47640938073071
  endloop
endfacet
facet normal -0.4268140889730177 -0.8976749812868237 -0.10958723203838003
  outer loop
    vertex 2.959980065962178 -4.925396619700811 77.10882422205998
    vertex 2.756589729079515 -4.86773054295719 77.42861026217551
    vertex 2.8477288497314768 -4.86773054295719 77.07364682321169
  endloop
endfacet
facet normal -0.4268140889730177 -0.8976749812868237 -0.10958723203838003
  outer loop
    vertex 2.756589729079515 -4.86773054295719 77.42861026217551
    vertex 2.959980065962178 -4.925396619700811 77.10882422205998
    vertex 2.8719030608460314 -4.925396619700811 77.45186150841971
  endloop
endfacet
facet normal -0.5374854321242312 -0.8319042231740211 -0.1380028033028935
  outer loop
    vertex 2.8477288497314768 -4.86773054295719 77.07364682321169
    vertex 2.649708501291682 -4.795100539910061 77.40705922633163
    vertex 2.7436858251512204 -4.795100539910061 77.04104171570427
  endloop
endfacet
facet normal -0.5374854321242312 -0.8319042231740211 -0.1380028033028935
  outer loop
    vertex 2.649708501291682 -4.795100539910061 77.40705922633163
    vertex 2.8477288497314768 -4.86773054295719 77.07364682321169
    vertex 2.756589729079515 -4.86773054295719 77.42861026217551
  endloop
endfacet
facet normal -0.6387826544085937 -0.7517026973525589 -0.16401150941198772
  outer loop
    vertex 2.7436858251512204 -4.795100539910061 77.04104171570427
    vertex 2.553114572194645 -4.708767288420093 77.3875824737591
    vertex 2.6496569227204168 -4.708767288420093 77.01157484385071
  endloop
endfacet
facet normal -0.6387826544085937 -0.7517026973525589 -0.16401150941198772
  outer loop
    vertex 2.553114572194645 -4.708767288420093 77.3875824737591
    vertex 2.7436858251512204 -4.795100539910061 77.04104171570427
    vertex 2.649708501291682 -4.795100539910061 77.40705922633163
  endloop
endfacet
facet normal -0.7289543284474019 -0.6584795754774373 -0.18716366024645728
  outer loop
    vertex 2.553114572194645 -4.708767288420093 77.3875824737591
    vertex 2.567274252456752 -4.610229320970105 76.98575767992712
    vertex 2.6496569227204168 -4.708767288420093 77.01157484385071
  endloop
endfacet
facet normal -0.7289543284474019 -0.6584795754774373 -0.18716366024645728
  outer loop
    vertex 2.567274252456752 -4.610229320970105 76.98575767992712
    vertex 2.553114572194645 -4.708767288420093 77.3875824737591
    vertex 2.4684845743476616 -4.610229320970105 77.3705180728833
  endloop
endfacet
facet normal -0.8064479764097119 -0.5538660033848954 -0.20706064724887716
  outer loop
    vertex 2.4684845743476616 -4.610229320970105 77.3705180728833
    vertex 2.49796777448892 -4.501197013834197 76.96403834627432
    vertex 2.567274252456752 -4.610229320970105 76.98575767992712
  endloop
endfacet
facet normal -0.8064479764097119 -0.5538660033848954 -0.20706064724887716
  outer loop
    vertex 2.49796777448892 -4.501197013834197 76.96403834627432
    vertex 2.4684845743476616 -4.610229320970105 77.3705180728833
    vertex 2.397287475947873 -4.501197013834197 77.35616221964929
  endloop
endfacet
facet normal -0.8699350509020214 -0.43968478620592377 -0.22336135742591723
  outer loop
    vertex 2.397287475947873 -4.501197013834197 77.35616221964929
    vertex 2.442940478472843 -4.383562899160758 76.94679383699862
    vertex 2.49796777448892 -4.501197013834197 76.96403834627432
  endloop
endfacet
facet normal -0.8699350509020214 -0.43968478620592377 -0.22336135742591723
  outer loop
    vertex 2.442940478472843 -4.383562899160758 76.94679383699862
    vertex 2.397287475947873 -4.501197013834197 77.35616221964929
    vertex 2.3407590831625766 -4.383562899160758 77.34476409629004
  endloop
endfacet
facet normal -0.9183314380568708 -0.3179176845102869 -0.23578743764674442
  outer loop
    vertex 2.3407590831625766 -4.383562899160758 77.34476409629004
    vertex 2.403147502655933 -4.259368815278394 76.93432347428295
    vertex 2.442940478472843 -4.383562899160758 76.94679383699862
  endloop
endfacet
facet normal -0.9183314380568708 -0.3179176845102869 -0.23578743764674442
  outer loop
    vertex 2.403147502655933 -4.259368815278394 76.93432347428295
    vertex 2.3407590831625766 -4.383562899160758 77.34476409629004
    vertex 2.2998805895797414 -4.259368815278394 77.3365215461371
  endloop
endfacet
facet normal -0.9508135223972691 -0.19067104846833258 -0.24412741939914182
  outer loop
    vertex 2.2998805895797414 -4.259368815278394 77.3365215461371
    vertex 2.3792795550310033 -4.130770465414535 76.92684371289162
    vertex 2.403147502655933 -4.259368815278394 76.93432347428295
  endloop
endfacet
facet normal -0.9508135223972691 -0.19067104846833258 -0.24412741939914182
  outer loop
    vertex 2.3792795550310033 -4.130770465414535 76.92684371289162
    vertex 2.2998805895797414 -4.259368815278394 77.3365215461371
    vertex 2.275361545105401 -4.130770465414535 77.33157763954789
  endloop
endfacet
facet normal -0.9668299571672289 -0.06014037714823749 -0.2482397408967435
  outer loop
    vertex 2.275361545105401 -4.130770465414535 77.33157763954789
    vertex 2.371750924347717 -4.000000000000004 76.92448438304896
    vertex 2.3792795550310033 -4.130770465414535 76.92684371289162
  endloop
endfacet
facet normal -0.9668299571672289 -0.06014037714823749 -0.2482397408967435
  outer loop
    vertex 2.371750924347717 -4.000000000000004 76.92448438304896
    vertex 2.275361545105401 -4.130770465414535 77.33157763954789
    vertex 2.267627539925937 -4.000000000000004 77.33001819055681
  endloop
endfacet
facet normal 0.9685831611286307 -1.5314990585352953e-16 0.24868988716485577
  outer loop
    vertex 3.247898714547659 -4.600000000000003 77.52767553093594
    vertex 3.3259912528639917 -5.000000000000002 77.22352517530504
    vertex 3.325991252863993 -4.600000000000003 77.22352517530504
  endloop
endfacet
facet normal 0.9685831611286307 -1.5314990585352953e-16 0.24868988716485577
  outer loop
    vertex 3.3259912528639917 -5.000000000000002 77.22352517530504
    vertex 3.247898714547659 -4.600000000000003 77.52767553093594
    vertex 3.2478987145476568 -5.000000000000002 77.52767553093594
  endloop
endfacet
facet normal -0.05652275038786544 -0.9981799998601127 -0.021020622442173988
  outer loop
    vertex 3.435448361360879 -5.000000000000002 76.92920388016897
    vertex 3.2012048009866034 -4.992110341118164 77.18441947172379
    vertex 3.3154331618238464 -4.992110341118164 76.87726866567226
  endloop
endfacet
facet normal -0.05652275038786544 -0.9981799998601127 -0.021020622442173988
  outer loop
    vertex 3.2012048009866034 -4.992110341118164 77.18441947172379
    vertex 3.435448361360879 -5.000000000000002 76.92920388016897
    vertex 3.3259912528639917 -5.000000000000002 77.22352517530504
  endloop
endfacet
facet normal -0.17918547122084877 -0.9815558465853602 -0.06663847940536592
  outer loop
    vertex 3.3154331618238464 -4.992110341118164 76.87726866567226
    vertex 3.0784910693658625 -4.967097829163192 77.14596331929769
    vertex 3.1974114313809614 -4.967097829163191 76.82619610228471
  endloop
endfacet
facet normal -0.17918547122084877 -0.9815558465853602 -0.06663847940536592
  outer loop
    vertex 3.0784910693658625 -4.967097829163192 77.14596331929769
    vertex 3.3154331618238464 -4.992110341118164 76.87726866567226
    vertex 3.2012048009866034 -4.992110341118164 77.18441947172379
  endloop
endfacet
facet normal -0.29871391468938546 -0.9478548683898345 -0.11109070906530431
  outer loop
    vertex 3.1974114313809614 -4.967097829163191 76.82619610228471
    vertex 2.959980065962178 -4.925396619700811 77.10882422205998
    vertex 3.0834317364153385 -4.92539661970081 76.77687268384152
  endloop
endfacet
facet normal -0.29871391468938546 -0.9478548683898345 -0.11109070906530431
  outer loop
    vertex 2.959980065962178 -4.925396619700811 77.10882422205998
    vertex 3.1974114313809614 -4.967097829163191 76.82619610228471
    vertex 3.0784910693658625 -4.967097829163192 77.14596331929769
  endloop
endfacet
facet normal -0.4130209717766005 -0.8976749812868238 -0.153601122536305
  outer loop
    vertex 3.0834317364153385 -4.92539661970081 76.77687268384152
    vertex 2.8477288497314768 -4.86773054295719 77.07364682321169
    vertex 2.975472483535552 -4.867730542957189 76.73015454333228
  endloop
endfacet
facet normal -0.4130209717766005 -0.8976749812868238 -0.153601122536305
  outer loop
    vertex 2.8477288497314768 -4.86773054295719 77.07364682321169
    vertex 3.0834317364153385 -4.92539661970081 76.77687268384152
    vertex 2.959980065962178 -4.925396619700811 77.10882422205998
  endloop
endfacet
facet normal -0.5201158097331492 -0.831904223174019 -0.1934293357556256
  outer loop
    vertex 2.975472483535552 -4.867730542957189 76.73015454333228
    vertex 2.7436858251512204 -4.795100539910061 77.04104171570427
    vertex 2.875407579312576 -4.79510053991006 76.68685259254221
  endloop
endfacet
facet normal -0.5201158097331492 -0.831904223174019 -0.1934293357556256
  outer loop
    vertex 2.7436858251512204 -4.795100539910061 77.04104171570427
    vertex 2.975472483535552 -4.867730542957189 76.73015454333228
    vertex 2.8477288497314768 -4.86773054295719 77.07364682321169
  endloop
endfacet
facet normal -0.6181394651537664 -0.7517026973525611 -0.22988400642998166
  outer loop
    vertex 2.875407579312576 -4.79510053991006 76.68685259254221
    vertex 2.6496569227204168 -4.708767288420093 77.01157484385071
    vertex 2.784973903879851 -4.708767288420093 76.647718446622
  endloop
endfacet
facet normal -0.6181394651537664 -0.7517026973525611 -0.22988400642998166
  outer loop
    vertex 2.6496569227204168 -4.708767288420093 77.01157484385071
    vertex 2.875407579312576 -4.79510053991006 76.68685259254221
    vertex 2.7436858251512204 -4.795100539910061 77.04104171570427
  endloop
endfacet
facet normal -0.7053971105793071 -0.6584795754774365 -0.2623348338772799
  outer loop
    vertex 2.6496569227204168 -4.708767288420093 77.01157484385071
    vertex 2.7057411629745944 -4.610229320970104 76.61343137790112
    vertex 2.784973903879851 -4.708767288420093 76.647718446622
  endloop
endfacet
facet normal -0.7053971105793071 -0.6584795754774365 -0.2623348338772799
  outer loop
    vertex 2.7057411629745944 -4.610229320970104 76.61343137790112
    vertex 2.6496569227204168 -4.708767288420093 77.01157484385071
    vertex 2.567274252456752 -4.610229320970105 76.98575767992712
  endloop
endfacet
facet normal -0.7803864387547628 -0.5538660033848988 -0.2902231150375486
  outer loop
    vertex 2.567274252456752 -4.610229320970105 76.98575767992712
    vertex 2.639084641714649 -4.501197013834196 76.58458652539416
    vertex 2.7057411629745944 -4.610229320970104 76.61343137790112
  endloop
endfacet
facet normal -0.7803864387547628 -0.5538660033848988 -0.2902231150375486
  outer loop
    vertex 2.639084641714649 -4.501197013834196 76.58458652539416
    vertex 2.567274252456752 -4.610229320970105 76.98575767992712
    vertex 2.49796777448892 -4.501197013834197 76.96403834627432
  endloop
endfacet
facet normal -0.841821836225268 -0.43968478620591983 -0.31307073455270895
  outer loop
    vertex 2.49796777448892 -4.501197013834197 76.96403834627432
    vertex 2.586161333038144 -4.383562899160757 76.56168456465424
    vertex 2.639084641714649 -4.501197013834196 76.58458652539416
  endloop
endfacet
facet normal -0.841821836225268 -0.43968478620591983 -0.31307073455270895
  outer loop
    vertex 2.586161333038144 -4.383562899160757 76.56168456465424
    vertex 2.49796777448892 -4.501197013834197 76.96403834627432
    vertex 2.442940478472843 -4.383562899160758 76.94679383699862
  endloop
endfacet
facet normal -0.8886542238375595 -0.3179176845102887 -0.33048754338292546
  outer loop
    vertex 2.442940478472843 -4.383562899160758 76.94679383699862
    vertex 2.547889855157426 -4.2593688152783935 76.54512301727934
    vertex 2.586161333038144 -4.383562899160757 76.56168456465424
  endloop
endfacet
facet normal -0.8886542238375595 -0.3179176845102887 -0.33048754338292546
  outer loop
    vertex 2.547889855157426 -4.2593688152783935 76.54512301727934
    vertex 2.442940478472843 -4.383562899160758 76.94679383699862
    vertex 2.403147502655933 -4.259368815278394 76.93432347428295
  endloop
endfacet
facet normal -0.9200866024450267 -0.19067104846833233 -0.3421771402024898
  outer loop
    vertex 2.403147502655933 -4.259368815278394 76.93432347428295
    vertex 2.5249345066107747 -4.1307704654145345 76.53518935091694
    vertex 2.547889855157426 -4.2593688152783935 76.54512301727934
  endloop
endfacet
facet normal -0.9200866024450267 -0.19067104846833233 -0.3421771402024898
  outer loop
    vertex 2.5249345066107747 -4.1307704654145345 76.53518935091694
    vertex 2.403147502655933 -4.259368815278394 76.93432347428295
    vertex 2.3792795550310033 -4.130770465414535 76.92684371289162
  endloop
endfacet
facet normal -0.935585442862882 -0.060140377148237036 -0.3479411072861793
  outer loop
    vertex 2.3792795550310033 -4.130770465414535 76.92684371289162
    vertex 2.517693735676899 -4.0000000000000036 76.5320559895342
    vertex 2.5249345066107747 -4.1307704654145345 76.53518935091694
  endloop
endfacet
facet normal -0.935585442862882 -0.060140377148237036 -0.3479411072861793
  outer loop
    vertex 2.517693735676899 -4.0000000000000036 76.5320559895342
    vertex 2.3792795550310033 -4.130770465414535 76.92684371289162
    vertex 2.371750924347717 -4.000000000000004 76.92448438304896
  endloop
endfacet
facet normal 0.9372819894918917 -2.1466002031325074e-16 0.34857204732181496
  outer loop
    vertex 3.325991252863993 -4.600000000000003 77.22352517530504
    vertex 3.435448361360879 -5.000000000000002 76.92920388016897
    vertex 3.4354483613608804 -4.600000000000003 76.92920388016897
  endloop
endfacet
facet normal 0.9372819894918917 -2.1466002031325074e-16 0.34857204732181496
  outer loop
    vertex 3.435448361360879 -5.000000000000002 76.92920388016897
    vertex 3.325991252863993 -4.600000000000003 77.22352517530504
    vertex 3.3259912528639917 -5.000000000000002 77.22352517530504
  endloop
endfacet
facet normal -0.0540158594863578 -0.9981799998601126 -0.026813705510716424
  outer loop
    vertex 3.4611417694964985 -4.992110341118163 76.5837405788939
    vertex 3.435448361360879 -5.000000000000002 76.92920388016897
    vertex 3.3154331618238464 -4.992110341118164 76.87726866567226
  endloop
endfacet
facet normal -0.0540158594863578 -0.9981799998601126 -0.026813705510716424
  outer loop
    vertex 3.435448361360879 -5.000000000000002 76.92920388016897
    vertex 3.4611417694964985 -4.992110341118163 76.5837405788939
    vertex 3.575070805052253 -5.000000000000002 76.6479362912279
  endloop
endfacet
facet normal -0.17123825661427963 -0.98155584658536 -0.08500340878929001
  outer loop
    vertex 3.349105111007838 -4.967097829163191 76.52061116623702
    vertex 3.3154331618238464 -4.992110341118164 76.87726866567226
    vertex 3.1974114313809614 -4.967097829163191 76.82619610228471
  endloop
endfacet
facet normal -0.17123825661427963 -0.98155584658536 -0.08500340878929001
  outer loop
    vertex 3.3154331618238464 -4.992110341118164 76.87726866567226
    vertex 3.349105111007838 -4.967097829163191 76.52061116623702
    vertex 3.4611417694964985 -4.992110341118163 76.5837405788939
  endloop
endfacet
facet normal -0.28546538750785416 -0.9478548683898343 -0.14170624899657858
  outer loop
    vertex 3.240905509870103 -4.92539661970081 76.45964382428237
    vertex 3.1974114313809614 -4.967097829163191 76.82619610228471
    vertex 3.0834317364153385 -4.92539661970081 76.77687268384152
  endloop
endfacet
facet normal -0.28546538750785416 -0.9478548683898343 -0.14170624899657858
  outer loop
    vertex 3.1974114313809614 -4.967097829163191 76.82619610228471
    vertex 3.240905509870103 -4.92539661970081 76.45964382428237
    vertex 3.349105111007838 -4.967097829163191 76.52061116623702
  endloop
endfacet
facet normal -0.39470271038320465 -0.8976749812868239 -0.19593212699262091
  outer loop
    vertex 3.138421044507709 -4.867730542957189 76.401896795836
    vertex 3.0834317364153385 -4.92539661970081 76.77687268384152
    vertex 2.975472483535552 -4.867730542957189 76.73015454333228
  endloop
endfacet
facet normal -0.39470271038320465 -0.8976749812868239 -0.19593212699262091
  outer loop
    vertex 3.0834317364153385 -4.92539661970081 76.77687268384152
    vertex 3.138421044507709 -4.867730542957189 76.401896795836
    vertex 3.240905509870103 -4.92539661970081 76.45964382428237
  endloop
endfacet
facet normal -0.4970476896893964 -0.8319042231740196 -0.2467366159281278
  outer loop
    vertex 3.043430592672608 -4.79510053991006 76.34837242699766
    vertex 2.975472483535552 -4.867730542957189 76.73015454333228
    vertex 2.875407579312576 -4.79510053991006 76.68685259254221
  endloop
endfacet
facet normal -0.4970476896893964 -0.8319042231740196 -0.2467366159281278
  outer loop
    vertex 2.975472483535552 -4.867730542957189 76.73015454333228
    vertex 3.043430592672608 -4.79510053991006 76.34837242699766
    vertex 3.138421044507709 -4.867730542957189 76.401896795836
  endloop
endfacet
facet normal -0.5907238105647178 -0.75170269735256 -0.2932378461672114
  outer loop
    vertex 2.9575829545104653 -4.708767288420093 76.29999976890285
    vertex 2.875407579312576 -4.79510053991006 76.68685259254221
    vertex 2.784973903879851 -4.708767288420093 76.647718446622
  endloop
endfacet
facet normal -0.5907238105647178 -0.75170269735256 -0.2932378461672114
  outer loop
    vertex 2.875407579312576 -4.79510053991006 76.68685259254221
    vertex 2.9575829545104653 -4.708767288420093 76.29999976890285
    vertex 3.043430592672608 -4.79510053991006 76.34837242699766
  endloop
endfacet
facet normal -0.6741114143538688 -0.6584795754774363 -0.33463181217105153
  outer loop
    vertex 2.9575829545104653 -4.708767288420093 76.29999976890285
    vertex 2.7057411629745944 -4.610229320970104 76.61343137790112
    vertex 2.8823682334534935 -4.610229320970104 76.25761845168462
  endloop
endfacet
facet normal -0.6741114143538688 -0.6584795754774363 -0.33463181217105153
  outer loop
    vertex 2.7057411629745944 -4.610229320970104 76.61343137790112
    vertex 2.9575829545104653 -4.708767288420093 76.29999976890285
    vertex 2.784973903879851 -4.708767288420093 76.647718446622
  endloop
endfacet
facet normal -0.7457748239704571 -0.5538660033848988 -0.37020583764477966
  outer loop
    vertex 2.8823682334534935 -4.610229320970104 76.25761845168462
    vertex 2.639084641714649 -4.501197013834196 76.58458652539416
    vertex 2.8190919716971323 -4.501197013834196 76.2219641105637
  endloop
endfacet
facet normal -0.7457748239704571 -0.5538660033848988 -0.37020583764477966
  outer loop
    vertex 2.639084641714649 -4.501197013834196 76.58458652539416
    vertex 2.8823682334534935 -4.610229320970104 76.25761845168462
    vertex 2.7057411629745944 -4.610229320970104 76.61343137790112
  endloop
endfacet
facet normal -0.8044854453482834 -0.4396847862059198 -0.3993500431974795
  outer loop
    vertex 2.8190919716971323 -4.501197013834196 76.2219641105637
    vertex 2.586161333038144 -4.383562899160757 76.56168456465424
    vertex 2.768852489204973 -4.383562899160757 76.193655617034
  endloop
endfacet
facet normal -0.8044854453482834 -0.4396847862059198 -0.3993500431974795
  outer loop
    vertex 2.586161333038144 -4.383562899160757 76.56168456465424
    vertex 2.8190919716971323 -4.501197013834196 76.2219641105637
    vertex 2.639084641714649 -4.501197013834196 76.58458652539416
  endloop
endfacet
facet normal -0.8492407279790324 -0.3179176845102887 -0.4215667584348412
  outer loop
    vertex 2.768852489204973 -4.383562899160757 76.193655617034
    vertex 2.547889855157426 -4.2593688152783935 76.54512301727934
    vertex 2.73252181958093 -4.2593688152783935 76.17318433677863
  endloop
endfacet
facet normal -0.8492407279790324 -0.3179176845102887 -0.4215667584348412
  outer loop
    vertex 2.547889855157426 -4.2593688152783935 76.54512301727934
    vertex 2.768852489204973 -4.383562899160757 76.193655617034
    vertex 2.586161333038144 -4.383562899160757 76.56168456465424
  endloop
endfacet
facet normal -0.8792790211358964 -0.19067104846833227 -0.43647789665261055
  outer loop
    vertex 2.73252181958093 -4.2593688152783935 76.17318433677863
    vertex 2.5249345066107747 -4.1307704654145345 76.53518935091694
    vertex 2.710730573714949 -4.1307704654145345 76.1609056007726
  endloop
endfacet
facet normal -0.8792790211358964 -0.19067104846833227 -0.43647789665261055
  outer loop
    vertex 2.5249345066107747 -4.1307704654145345 76.53518935091694
    vertex 2.73252181958093 -4.2593688152783935 76.17318433677863
    vertex 2.547889855157426 -4.2593688152783935 76.54512301727934
  endloop
endfacet
facet normal -0.8940904586626892 -0.060140377148236925 -0.4438303580928301
  outer loop
    vertex 2.710730573714949 -4.1307704654145345 76.1609056007726
    vertex 2.517693735676899 -4.0000000000000036 76.5320559895342
    vertex 2.7038569939320647 -4.0000000000000036 76.15703253761275
  endloop
endfacet
facet normal -0.8940904586626892 -0.060140377148236925 -0.4438303580928301
  outer loop
    vertex 2.517693735676899 -4.0000000000000036 76.5320559895342
    vertex 2.710730573714949 -4.1307704654145345 76.1609056007726
    vertex 2.5249345066107747 -4.1307704654145345 76.53518935091694
  endloop
endfacet
facet normal 0.8957117602394135 -2.738182746699232e-16 0.44463517918492645
  outer loop
    vertex 3.4354483613608804 -4.600000000000003 76.92920388016897
    vertex 3.575070805052253 -5.000000000000002 76.6479362912279
    vertex 3.5750708050522553 -4.600000000000003 76.6479362912279
  endloop
endfacet
facet normal 0.8957117602394135 -2.738182746699232e-16 0.44463517918492645
  outer loop
    vertex 3.575070805052253 -5.000000000000002 76.6479362912279
    vertex 3.4354483613608804 -4.600000000000003 76.92920388016897
    vertex 3.435448361360879 -5.000000000000002 76.92920388016897
  endloop
endfacet
facet normal -0.05091715952477211 -0.9981799998601126 -0.032313012010554906
  outer loop
    vertex 3.636734210007415 -4.992110341118163 76.30705116653215
    vertex 3.575070805052253 -5.000000000000002 76.6479362912279
    vertex 3.4611417694964985 -4.992110341118163 76.5837405788939
  endloop
endfacet
facet normal -0.05091715952477211 -0.9981799998601126 -0.032313012010554906
  outer loop
    vertex 3.575070805052253 -5.000000000000002 76.6479362912279
    vertex 3.636734210007415 -4.992110341118163 76.30705116653215
    vertex 3.7433288512271585 -5.000000000000002 76.38280403504528
  endloop
endfacet
facet normal -0.16141491983433606 -0.9815558465853601 -0.10243702303841201
  outer loop
    vertex 3.531910120548557 -4.967097829163191 76.23255656366167
    vertex 3.4611417694964985 -4.992110341118163 76.5837405788939
    vertex 3.349105111007838 -4.967097829163191 76.52061116623702
  endloop
endfacet
facet normal -0.16141491983433606 -0.9815558465853601 -0.10243702303841201
  outer loop
    vertex 3.4611417694964985 -4.992110341118163 76.5837405788939
    vertex 3.531910120548557 -4.967097829163191 76.23255656366167
    vertex 3.636734210007415 -4.992110341118163 76.30705116653215
  endloop
endfacet
facet normal -0.2690892418033136 -0.9478548683898346 -0.1707692256099068
  outer loop
    vertex 3.430676070710999 -4.92539661970081 76.16061326915228
    vertex 3.349105111007838 -4.967097829163191 76.52061116623702
    vertex 3.240905509870103 -4.92539661970081 76.45964382428237
  endloop
endfacet
facet normal -0.2690892418033136 -0.9478548683898346 -0.1707692256099068
  outer loop
    vertex 3.349105111007838 -4.967097829163191 76.52061116623702
    vertex 3.430676070710999 -4.92539661970081 76.16061326915228
    vertex 3.531910120548557 -4.967097829163191 76.23255656366167
  endloop
endfacet
facet normal -0.3720600034979966 -0.8976749812868244 -0.23611645806417278
  outer loop
    vertex 3.3347892341147607 -4.867730542957189 76.09247004129676
    vertex 3.240905509870103 -4.92539661970081 76.45964382428237
    vertex 3.138421044507709 -4.867730542957189 76.401896795836
  endloop
endfacet
facet normal -0.3720600034979966 -0.8976749812868244 -0.23611645806417278
  outer loop
    vertex 3.240905509870103 -4.92539661970081 76.45964382428237
    vertex 3.3347892341147607 -4.867730542957189 76.09247004129676
    vertex 3.430676070710999 -4.92539661970081 76.16061326915228
  endloop
endfacet
facet normal -0.468533811143493 -0.8319042231740182 -0.29734059810356683
  outer loop
    vertex 3.2459139699358692 -4.79510053991006 76.02930967859585
    vertex 3.138421044507709 -4.867730542957189 76.401896795836
    vertex 3.043430592672608 -4.79510053991006 76.34837242699766
  endloop
endfacet
facet normal -0.468533811143493 -0.8319042231740182 -0.29734059810356683
  outer loop
    vertex 3.138421044507709 -4.867730542957189 76.401896795836
    vertex 3.2459139699358692 -4.79510053991006 76.02930967859585
    vertex 3.3347892341147607 -4.867730542957189 76.09247004129676
  endloop
endfacet
facet normal -0.5568360622902166 -0.7517026973525606 -0.3533789106978667
  outer loop
    vertex 3.165592933732788 -4.708767288420093 75.97222848929114
    vertex 3.043430592672608 -4.79510053991006 76.34837242699766
    vertex 2.9575829545104653 -4.708767288420093 76.29999976890285
  endloop
endfacet
facet normal -0.5568360622902166 -0.7517026973525606 -0.3533789106978667
  outer loop
    vertex 3.043430592672608 -4.79510053991006 76.34837242699766
    vertex 3.165592933732788 -4.708767288420093 75.97222848929114
    vertex 3.2459139699358692 -4.79510053991006 76.02930967859585
  endloop
endfacet
facet normal -0.6354400124058864 -0.6584795754774372 -0.40326249430446826
  outer loop
    vertex 3.165592933732788 -4.708767288420093 75.97222848929114
    vertex 2.8823682334534935 -4.610229320970104 76.25761845168462
    vertex 3.0952203007476915 -4.610229320970104 75.92221726215588
  endloop
endfacet
facet normal -0.6354400124058864 -0.6584795754774372 -0.40326249430446826
  outer loop
    vertex 2.8823682334534935 -4.610229320970104 76.25761845168462
    vertex 3.165592933732788 -4.708767288420093 75.97222848929114
    vertex 2.9575829545104653 -4.708767288420093 76.29999976890285
  endloop
endfacet
facet normal -0.7029923441513178 -0.5538660033848954 -0.4461325076242238
  outer loop
    vertex 3.0952203007476915 -4.610229320970104 75.92221726215588
    vertex 2.8190919716971323 -4.501197013834196 76.2219641105637
    vertex 3.036017566460127 -4.501197013834196 75.88014406884349
  endloop
endfacet
facet normal -0.7029923441513178 -0.5538660033848954 -0.4461325076242238
  outer loop
    vertex 2.8190919716971323 -4.501197013834196 76.2219641105637
    vertex 3.0952203007476915 -4.610229320970104 75.92221726215588
    vertex 2.8823682334534935 -4.610229320970104 76.25761845168462
  endloop
endfacet
facet normal -0.7583349435826587 -0.4396847862059235 -0.4812539891996086
  outer loop
    vertex 3.036017566460127 -4.501197013834196 75.88014406884349
    vertex 2.768852489204973 -4.383562899160757 76.193655617034
    vertex 2.989012344435785 -4.383562899160757 75.84673919630305
  endloop
endfacet
facet normal -0.7583349435826587 -0.4396847862059235 -0.4812539891996086
  outer loop
    vertex 2.768852489204973 -4.383562899160757 76.193655617034
    vertex 3.036017566460127 -4.501197013834196 75.88014406884349
    vertex 2.8190919716971323 -4.501197013834196 76.2219641105637
  endloop
endfacet
facet normal -0.80052277298972 -0.31791768451028674 -0.5080271998628293
  outer loop
    vertex 2.989012344435785 -4.383562899160757 75.84673919630305
    vertex 2.73252181958093 -4.2593688152783935 76.17318433677863
    vertex 2.955020529487499 -4.2593688152783935 75.82258247079757
  endloop
endfacet
facet normal -0.80052277298972 -0.31791768451028674 -0.5080271998628293
  outer loop
    vertex 2.73252181958093 -4.2593688152783935 76.17318433677863
    vertex 2.989012344435785 -4.383562899160757 75.84673919630305
    vertex 2.768852489204973 -4.383562899160757 76.193655617034
  endloop
endfacet
facet normal -0.8288378748702361 -0.1906710484683325 -0.5259965099281342
  outer loop
    vertex 2.955020529487499 -4.2593688152783935 75.82258247079757
    vertex 2.710730573714949 -4.1307704654145345 76.1609056007726
    vertex 2.934632135752009 -4.1307704654145345 75.80809319354906
  endloop
endfacet
facet normal -0.8288378748702361 -0.1906710484683325 -0.5259965099281342
  outer loop
    vertex 2.710730573714949 -4.1307704654145345 76.1609056007726
    vertex 2.955020529487499 -4.2593688152783935 75.82258247079757
    vertex 2.73252181958093 -4.2593688152783935 76.17318433677863
  endloop
endfacet
facet normal -0.8427996322969298 -0.06014037714823722 -0.5348569106187445
  outer loop
    vertex 2.934632135752009 -4.1307704654145345 75.80809319354906
    vertex 2.7038569939320647 -4.0000000000000036 76.15703253761275
    vertex 2.928201055498606 -4.0000000000000036 75.8035228627026
  endloop
endfacet
facet normal -0.8427996322969298 -0.06014037714823722 -0.5348569106187445
  outer loop
    vertex 2.7038569939320647 -4.0000000000000036 76.15703253761275
    vertex 2.934632135752009 -4.1307704654145345 75.80809319354906
    vertex 2.710730573714949 -4.1307704654145345 76.1609056007726
  endloop
endfacet
facet normal 0.8443279255020147 -3.2997651870915567e-16 0.5358267949789972
  outer loop
    vertex 3.5750708050522553 -4.600000000000003 76.6479362912279
    vertex 3.7433288512271585 -5.000000000000002 76.38280403504528
    vertex 3.7433288512271607 -4.600000000000003 76.38280403504528
  endloop
endfacet
facet normal 0.8443279255020147 -3.2997651870915567e-16 0.5358267949789972
  outer loop
    vertex 3.7433288512271585 -5.000000000000002 76.38280403504528
    vertex 3.5750708050522553 -4.600000000000003 76.6479362912279
    vertex 3.575070805052253 -5.000000000000002 76.6479362912279
  endloop
endfacet
facet normal -0.04726060050833272 -0.9981799998601126 -0.03745829038887321
  outer loop
    vertex 3.8402866558332764 -4.992110341118163 76.05023189568983
    vertex 3.7433288512271585 -5.000000000000002 76.38280403504528
    vertex 3.636734210007415 -4.992110341118163 76.30705116653215
  endloop
endfacet
facet normal -0.04726060050833272 -0.9981799998601126 -0.03745829038887321
  outer loop
    vertex 3.7433288512271585 -5.000000000000002 76.38280403504528
    vertex 3.8402866558332764 -4.992110341118163 76.05023189568983
    vertex 3.9383790295214434 -5.000000000000002 76.13671195610236
  endloop
endfacet
facet normal -0.149823087414443 -0.9815558465853601 -0.11874831582679893
  outer loop
    vertex 3.743823610064183 -4.967097829163191 75.96518828106382
    vertex 3.636734210007415 -4.992110341118163 76.30705116653215
    vertex 3.531910120548557 -4.967097829163191 76.23255656366167
  endloop
endfacet
facet normal -0.149823087414443 -0.9815558465853601 -0.11874831582679893
  outer loop
    vertex 3.636734210007415 -4.992110341118163 76.30705116653215
    vertex 3.743823610064183 -4.967097829163191 75.96518828106382
    vertex 3.8402866558332764 -4.992110341118163 76.05023189568983
  endloop
endfacet
facet normal -0.24976489805503282 -0.9478548683898345 -0.19796121885169493
  outer loop
    vertex 3.6506642529614086 -4.92539661970081 75.88305725978941
    vertex 3.531910120548557 -4.967097829163191 76.23255656366167
    vertex 3.430676070710999 -4.92539661970081 76.16061326915228
  endloop
endfacet
facet normal -0.24976489805503282 -0.9478548683898345 -0.19796121885169493
  outer loop
    vertex 3.531910120548557 -4.967097829163191 76.23255656366167
    vertex 3.6506642529614086 -4.92539661970081 75.88305725978941
    vertex 3.743823610064183 -4.967097829163191 75.96518828106382
  endloop
endfacet
facet normal -0.3453409293559065 -0.8976749812868237 -0.27371384781062824
  outer loop
    vertex 3.5624256013786857 -4.867730542957189 75.80526442398903
    vertex 3.430676070710999 -4.92539661970081 76.16061326915228
    vertex 3.3347892341147607 -4.867730542957189 76.09247004129676
  endloop
endfacet
facet normal -0.3453409293559065 -0.8976749812868237 -0.27371384781062824
  outer loop
    vertex 3.430676070710999 -4.92539661970081 76.16061326915228
    vertex 3.5624256013786857 -4.867730542957189 75.80526442398903
    vertex 3.6506642529614086 -4.92539661970081 75.88305725978941
  endloop
endfacet
facet normal -0.4348865781156968 -0.8319042231740185 -0.34468685446366054
  outer loop
    vertex 3.480639260848693 -4.79510053991006 75.73316006557644
    vertex 3.3347892341147607 -4.867730542957189 76.09247004129676
    vertex 3.2459139699358692 -4.79510053991006 76.02930967859585
  endloop
endfacet
facet normal -0.4348865781156968 -0.8319042231740185 -0.34468685446366054
  outer loop
    vertex 3.3347892341147607 -4.867730542957189 76.09247004129676
    vertex 3.480639260848693 -4.79510053991006 75.73316006557644
    vertex 3.5624256013786857 -4.867730542957189 75.80526442398903
  endloop
endfacet
facet normal -0.5168475015918264 -0.7517026973525615 -0.4096482819336247
  outer loop
    vertex 3.4067248406855697 -4.708767288420092 75.66799573851688
    vertex 3.2459139699358692 -4.79510053991006 76.02930967859585
    vertex 3.165592933732788 -4.708767288420093 75.97222848929114
  endloop
endfacet
facet normal -0.5168475015918264 -0.7517026973525615 -0.4096482819336247
  outer loop
    vertex 3.2459139699358692 -4.79510053991006 76.02930967859585
    vertex 3.4067248406855697 -4.708767288420092 75.66799573851688
    vertex 3.480639260848693 -4.79510053991006 75.73316006557644
  endloop
endfacet
facet normal -0.5898065967076144 -0.6584795754774376 -0.46747494816218255
  outer loop
    vertex 3.4067248406855697 -4.708767288420092 75.66799573851688
    vertex 3.0952203007476915 -4.610229320970104 75.92221726215588
    vertex 3.3419653130657543 -4.610229320970103 75.6109025349346
  endloop
endfacet
facet normal -0.5898065967076144 -0.6584795754774376 -0.46747494816218255
  outer loop
    vertex 3.0952203007476915 -4.610229320970104 75.92221726215588
    vertex 3.4067248406855697 -4.708767288420092 75.66799573851688
    vertex 3.165592933732788 -4.708767288420093 75.97222848929114
  endloop
endfacet
facet normal -0.6525077330990515 -0.5538660033848923 -0.517171256490907
  outer loop
    vertex 3.3419653130657543 -4.610229320970103 75.6109025349346
    vertex 3.036017566460127 -4.501197013834196 75.88014406884349
    vertex 3.287484743792809 -4.501197013834196 75.56287145214104
  endloop
endfacet
facet normal -0.6525077330990515 -0.5538660033848923 -0.517171256490907
  outer loop
    vertex 3.036017566460127 -4.501197013834196 75.88014406884349
    vertex 3.3419653130657543 -4.610229320970103 75.6109025349346
    vertex 3.0952203007476915 -4.610229320970104 75.92221726215588
  endloop
endfacet
facet normal 0.12185993036365994 -0.9815558465853597 0.14730335164503874
  outer loop
    vertex 8.307855533044117 -4.992110341118166 80.42519857210544
    vertex 8.132029002769007 -4.967097829163194 80.73732579507177
    vertex 8.055355467700645 -4.992110341118166 80.63408479252031
  endloop
endfacet
facet normal 0.12185993036365994 -0.9815558465853597 0.14730335164503874
  outer loop
    vertex 8.132029002769007 -4.967097829163194 80.73732579507177
    vertex 8.307855533044117 -4.992110341118166 80.42519857210544
    vertex 8.394900665807807 -4.967097829163194 80.51985944284863
  endloop
endfacet
facet normal 0.20314848405225153 -0.9478548683898358 0.245564333519669
  outer loop
    vertex 8.394900665807807 -4.967097829163194 80.51985944284863
    vertex 8.20607660490324 -4.9253966197008126 80.83703097592787
    vertex 8.132029002769007 -4.967097829163194 80.73732579507177
  endloop
endfacet
facet normal 0.20314848405225153 -0.9478548683898358 0.245564333519669
  outer loop
    vertex 8.20607660490324 -4.9253966197008126 80.83703097592787
    vertex 8.394900665807807 -4.967097829163194 80.51985944284863
    vertex 8.478964656764532 -4.9253966197008126 80.61127834623194
  endloop
endfacet
facet normal 0.2808860925861158 -0.8976749812868275 0.33953296005454026
  outer loop
    vertex 8.478964656764532 -4.9253966197008126 80.61127834623194
    vertex 8.276212990216102 -4.867730542957192 80.93146969886634
    vertex 8.20607660490324 -4.9253966197008126 80.83703097592787
  endloop
endfacet
facet normal 0.2808860925861158 -0.8976749812868275 0.33953296005454026
  outer loop
    vertex 8.276212990216102 -4.867730542957192 80.93146969886634
    vertex 8.478964656764532 -4.9253966197008126 80.61127834623194
    vertex 8.558588362201876 -4.867730542957192 80.69786847538897
  endloop
endfacet
facet normal 0.353718836261007 -0.8319042231740217 0.42757262346809166
  outer loop
    vertex 8.558588362201876 -4.867730542957192 80.69786847538897
    vertex 8.34122076390542 -4.795100539910063 81.01900274039546
    vertex 8.276212990216102 -4.867730542957192 80.93146969886634
  endloop
endfacet
facet normal 0.353718836261007 -0.8319042231740217 0.42757262346809166
  outer loop
    vertex 8.34122076390542 -4.795100539910063 81.01900274039546
    vertex 8.558588362201876 -4.867730542957192 80.69786847538897
    vertex 8.632389710821231 -4.795100539910063 80.77812683907365
  endloop
endfacet
facet normal 0.4203824766899002 -0.7517026973525576 0.5081551220689946
  outer loop
    vertex 8.632389710821231 -4.795100539910063 80.77812683907365
    vertex 8.399971551227658 -4.708767288420096 81.09811074263412
    vertex 8.34122076390542 -4.795100539910063 81.01900274039546
  endloop
endfacet
facet normal 0.4203824766899002 -0.7517026973525576 0.5081551220689946
  outer loop
    vertex 8.399971551227658 -4.708767288420096 81.09811074263412
    vertex 8.632389710821231 -4.795100539910063 80.77812683907365
    vertex 8.699087693089504 -4.708767288420096 80.8506603498843
  endloop
endfacet
facet normal 0.47972440057918075 -0.6584795754774376 0.579887185724947
  outer loop
    vertex 8.757524596407631 -4.610229320970107 80.91421000482764
    vertex 8.399971551227658 -4.708767288420096 81.09811074263412
    vertex 8.699087693089504 -4.708767288420096 80.8506603498843
  endloop
endfacet
facet normal 0.47972440057918075 -0.6584795754774376 0.579887185724947
  outer loop
    vertex 8.399971551227658 -4.708767288420096 81.09811074263412
    vertex 8.757524596407631 -4.610229320970107 80.91421000482764
    vertex 8.451445583302636 -4.610229320970107 81.16742058562035
  endloop
endfacet
facet normal 0.5307229232117245 -0.5538660033848886 0.6415338097653568
  outer loop
    vertex 8.80668610014821 -4.5011970138342 80.96767273850811
    vertex 8.451445583302636 -4.610229320970107 81.16742058562035
    vertex 8.757524596407631 -4.610229320970107 80.91421000482764
  endloop
endfacet
facet normal 0.5307229232117245 -0.5538660033848886 0.6415338097653568
  outer loop
    vertex 8.451445583302636 -4.610229320970107 81.16742058562035
    vertex 8.80668610014821 -4.5011970138342 80.96767273850811
    vertex 8.494749397788164 -4.5011970138342 81.22572922128975
  endloop
endfacet
facet normal 0.572503728355188 -0.4396847862059331 0.6920381274167287
  outer loop
    vertex 8.845718881761846 -4.3835628991607605 81.01012056962472
    vertex 8.494749397788164 -4.5011970138342 81.22572922128975
    vertex 8.80668610014821 -4.5011970138342 80.96767273850811
  endloop
endfacet
facet normal 0.572503728355188 -0.4396847862059331 0.6920381274167287
  outer loop
    vertex 8.494749397788164 -4.5011970138342 81.22572922128975
    vertex 8.845718881761846 -4.3835628991607605 81.01012056962472
    vertex 8.52913134718439 -4.3835628991607605 81.27202455542525
  endloop
endfacet
facet normal 0.604353361332208 -0.31791768451028596 0.7305377201227051
  outer loop
    vertex 8.873945428353634 -4.259368815278397 81.04081670843935
    vertex 8.52913134718439 -4.3835628991607605 81.27202455542525
    vertex 8.845718881761846 -4.3835628991607605 81.01012056962472
  endloop
endfacet
facet normal 0.604353361332208 -0.31791768451028596 0.7305377201227051
  outer loop
    vertex 8.52913134718439 -4.3835628991607605 81.27202455542525
    vertex 8.873945428353634 -4.259368815278397 81.04081670843935
    vertex 8.553994645582012 -4.259368815278397 81.30550301511825
  endloop
endfacet
facet normal 0.6257298012978626 -0.19067104846833205 0.7563773972321781
  outer loop
    vertex 8.890875796637356 -4.130770465414537 81.05922834563096
    vertex 8.553994645582012 -4.259368815278397 81.30550301511825
    vertex 8.873945428353634 -4.259368815278397 81.04081670843935
  endloop
endfacet
facet normal 0.6257298012978626 -0.19067104846833205 0.7563773972321781
  outer loop
    vertex 8.553994645582012 -4.259368815278397 81.30550301511825
    vertex 8.890875796637356 -4.130770465414537 81.05922834563096
    vertex 8.56890772739494 -4.130770465414537 81.32558349681412
  endloop
endfacet
facet normal 0.6362702072870823 -0.06014037714823206 0.7691185593621581
  outer loop
    vertex 8.896216117143464 -4.000000000000007 81.06503590055225
    vertex 8.56890772739494 -4.130770465414537 81.32558349681412
    vertex 8.890875796637356 -4.130770465414537 81.05922834563096
  endloop
endfacet
facet normal 0.6362702072870823 -0.06014037714823206 0.7691185593621581
  outer loop
    vertex 8.56890772739494 -4.130770465414537 81.32558349681412
    vertex 8.896216117143464 -4.000000000000007 81.06503590055225
    vertex 8.573611738275284 -4.000000000000007 81.33191745283776
  endloop
endfacet
facet normal -0.6374239897486912 4.745027308319337e-16 -0.7705132427757879
  outer loop
    vertex 7.977386863309669 -5.000000000000004 80.52909997764665
    vertex 8.219340147460802 -4.600000000000006 80.32893881343252
    vertex 8.219340147460803 -5.000000000000004 80.32893881343252
  endloop
endfacet
facet normal -0.6374239897486912 4.745027308319337e-16 -0.7705132427757879
  outer loop
    vertex 8.219340147460802 -4.600000000000006 80.32893881343252
    vertex 7.977386863309669 -5.000000000000004 80.52909997764665
    vertex 7.977386863309669 -4.600000000000006 80.52909997764665
  endloop
endfacet
facet normal 0.03337225376707838 -0.9981799998601129 0.050229279885052595
  outer loop
    vertex 7.977386863309669 -5.000000000000004 80.52909997764665
    vertex 7.782404068516884 -4.992110341118166 80.8154332685583
    vertex 7.715836485663936 -5.000000000000004 80.70287363308513
  endloop
endfacet
facet normal 0.03337225376707838 -0.9981799998601129 0.050229279885052595
  outer loop
    vertex 7.782404068516884 -4.992110341118166 80.8154332685583
    vertex 7.977386863309669 -5.000000000000004 80.52909997764665
    vertex 8.055355467700645 -4.992110341118166 80.63408479252031
  endloop
endfacet
facet normal 0.10579497593308188 -0.9815558465853595 0.1592342397269397
  outer loop
    vertex 8.055355467700645 -4.992110341118166 80.63408479252031
    vertex 7.847865954594744 -4.967097829163194 80.92612327288947
    vertex 7.782404068516884 -4.992110341118166 80.8154332685583
  endloop
endfacet
facet normal 0.10579497593308188 -0.9815558465853595 0.1592342397269397
  outer loop
    vertex 7.847865954594744 -4.967097829163194 80.92612327288947
    vertex 8.055355467700645 -4.992110341118166 80.63408479252031
    vertex 8.132029002769007 -4.967097829163194 80.73732579507177
  endloop
endfacet
facet normal 0.17636715298467986 -0.9478548683898358 0.2654539052599635
  outer loop
    vertex 8.132029002769007 -4.967097829163194 80.73732579507177
    vertex 7.911085886882042 -4.9253966197008126 81.03302234039228
    vertex 7.847865954594744 -4.967097829163194 80.92612327288947
  endloop
endfacet
facet normal 0.17636715298467986 -0.9478548683898358 0.2654539052599635
  outer loop
    vertex 7.911085886882042 -4.9253966197008126 81.03302234039228
    vertex 8.132029002769007 -4.967097829163194 80.73732579507177
    vertex 8.20607660490324 -4.9253966197008126 80.83703097592787
  endloop
endfacet
facet normal 0.24385651063811317 -0.8976749812868272 0.3670335545847246
  outer loop
    vertex 8.20607660490324 -4.9253966197008126 80.83703097592787
    vertex 7.970966523155953 -4.867730542957192 81.1342749667011
    vertex 7.911085886882042 -4.9253966197008126 81.03302234039228
  endloop
endfacet
facet normal 0.24385651063811317 -0.8976749812868272 0.3670335545847246
  outer loop
    vertex 7.970966523155953 -4.867730542957192 81.1342749667011
    vertex 8.20607660490324 -4.9253966197008126 80.83703097592787
    vertex 8.276212990216102 -4.867730542957192 80.93146969886634
  endloop
endfacet
facet normal 0.30708761819931596 -0.8319042231740229 0.4622040222822565
  outer loop
    vertex 8.276212990216102 -4.867730542957192 80.93146969886634
    vertex 8.026468483142946 -4.795100539910063 81.22812365575419
    vertex 7.970966523155953 -4.867730542957192 81.1342749667011
  endloop
endfacet
facet normal 0.30708761819931596 -0.8319042231740229 0.4622040222822565
  outer loop
    vertex 8.026468483142946 -4.795100539910063 81.22812365575419
    vertex 8.276212990216102 -4.867730542957192 80.93146969886634
    vertex 8.34122076390542 -4.795100539910063 81.01900274039546
  endloop
endfacet
facet normal 0.36496290348579025 -0.7517026973525553 0.5493133294142009
  outer loop
    vertex 8.34122076390542 -4.795100539910063 81.01900274039546
    vertex 8.07662838959885 -4.708767288420096 81.31293942559392
    vertex 8.026468483142946 -4.795100539910063 81.22812365575419
  endloop
endfacet
facet normal 0.36496290348579025 -0.7517026973525553 0.5493133294142009
  outer loop
    vertex 8.07662838959885 -4.708767288420096 81.31293942559392
    vertex 8.34122076390542 -4.795100539910063 81.01900274039546
    vertex 8.399971551227658 -4.708767288420096 81.09811074263412
  endloop
endfacet
facet normal 0.41648170372598237 -0.6584795754774382 0.6268553574314859
  outer loop
    vertex 8.399971551227658 -4.708767288420096 81.09811074263412
    vertex 8.12057559016364 -4.610229320970107 81.38725008347926
    vertex 8.07662838959885 -4.708767288420096 81.31293942559392
  endloop
endfacet
facet normal 0.41648170372598237 -0.6584795754774382 0.6268553574314859
  outer loop
    vertex 8.12057559016364 -4.610229320970107 81.38725008347926
    vertex 8.399971551227658 -4.708767288420096 81.09811074263412
    vertex 8.451445583302636 -4.610229320970107 81.16742058562035
  endloop
endfacet
facet normal 0.46075702423889925 -0.5538660033848887 0.69349507201491
  outer loop
    vertex 8.494749397788164 -4.5011970138342 81.22572922128975
    vertex 8.12057559016364 -4.610229320970107 81.38725008347926
    vertex 8.451445583302636 -4.610229320970107 81.16742058562035
  endloop
endfacet
facet normal 0.46075702423889925 -0.5538660033848887 0.69349507201491
  outer loop
    vertex 8.12057559016364 -4.610229320970107 81.38725008347926
    vertex 8.494749397788164 -4.5011970138342 81.22572922128975
    vertex 8.1575472697407 -4.5011970138342 81.44976577952333
  endloop
endfacet
facet normal 0.4970298110477084 -0.4396847862059353 0.7480900050855649
  outer loop
    vertex 8.52913134718439 -4.3835628991607605 81.27202455542525
    vertex 8.1575472697407 -4.5011970138342 81.44976577952333
    vertex 8.494749397788164 -4.5011970138342 81.22572922128975
  endloop
endfacet
facet normal 0.4970298110477084 -0.4396847862059353 0.7480900050855649
  outer loop
    vertex 8.1575472697407 -4.5011970138342 81.44976577952333
    vertex 8.52913134718439 -4.3835628991607605 81.27202455542525
    vertex 8.186901691087044 -4.3835628991607605 81.49940139530901
  endloop
endfacet
facet normal 0.5246806651408131 -0.31791768451028307 0.7897078861851475
  outer loop
    vertex 8.553994645582012 -4.259368815278397 81.30550301511825
    vertex 8.186901691087044 -4.3835628991607605 81.49940139530901
    vertex 8.52913134718439 -4.3835628991607605 81.27202455542525
  endloop
endfacet
facet normal 0.5246806651408131 -0.31791768451028307 0.7897078861851475
  outer loop
    vertex 8.186901691087044 -4.3835628991607605 81.49940139530901
    vertex 8.553994645582012 -4.259368815278397 81.30550301511825
    vertex 8.208129333790279 -4.259368815278397 81.53529537887017
  endloop
endfacet
facet normal 0.5432390209920958 -0.19067104846833413 0.817640457259507
  outer loop
    vertex 8.56890772739494 -4.130770465414537 81.32558349681412
    vertex 8.208129333790279 -4.259368815278397 81.53529537887017
    vertex 8.553994645582012 -4.259368815278397 81.30550301511825
  endloop
endfacet
facet normal 0.5432390209920958 -0.19067104846833413 0.817640457259507
  outer loop
    vertex 8.208129333790279 -4.259368815278397 81.53529537887017
    vertex 8.56890772739494 -4.130770465414537 81.32558349681412
    vertex 8.22086173828731 -4.130770465414538 81.55682469911076
  endloop
endfacet
facet normal 0.5523898714367546 -0.06014037714823159 0.83141359441048
  outer loop
    vertex 8.573611738275284 -4.000000000000007 81.33191745283776
    vertex 8.22086173828731 -4.130770465414538 81.55682469911076
    vertex 8.56890772739494 -4.130770465414537 81.32558349681412
  endloop
endfacet
facet normal 0.5523898714367546 -0.06014037714823159 0.83141359441048
  outer loop
    vertex 8.22086173828731 -4.130770465414538 81.55682469911076
    vertex 8.573611738275284 -4.000000000000007 81.33191745283776
    vertex 8.224877901414308 -4.000000000000007 81.56361566008908
  endloop
endfacet
facet normal -0.5533915492433449 5.129352506143371e-16 -0.832921240710099
  outer loop
    vertex 7.715836485663936 -5.000000000000004 80.70287363308513
    vertex 7.977386863309669 -4.600000000000006 80.52909997764665
    vertex 7.977386863309669 -5.000000000000004 80.52909997764665
  endloop
endfacet
facet normal -0.5533915492433449 5.129352506143371e-16 -0.832921240710099
  outer loop
    vertex 7.977386863309669 -4.600000000000006 80.52909997764665
    vertex 7.715836485663936 -5.000000000000004 80.70287363308513
    vertex 7.715836485663935 -4.600000000000006 80.70287363308513
  endloop
endfacet
facet normal 0.027939047631720292 -0.9981799998601127 0.05344246903631684
  outer loop
    vertex 7.715836485663936 -5.000000000000004 80.70287363308513
    vertex 7.4919918481410495 -4.992110341118166 80.9672571083663
    vertex 7.437554615194027 -5.000000000000004 80.84835587921451
  endloop
endfacet
facet normal 0.027939047631720292 -0.9981799998601127 0.05344246903631684
  outer loop
    vertex 7.4919918481410495 -4.992110341118166 80.9672571083663
    vertex 7.715836485663936 -5.000000000000004 80.70287363308513
    vertex 7.782404068516884 -4.992110341118166 80.8154332685583
  endloop
endfacet
facet normal 0.08857090960715952 -0.9815558465853597 0.1694205241564858
  outer loop
    vertex 7.782404068516884 -4.992110341118166 80.8154332685583
    vertex 7.545524871105757 -4.967097829163194 81.08418337162638
    vertex 7.4919918481410495 -4.992110341118166 80.9672571083663
  endloop
endfacet
facet normal 0.08857090960715952 -0.9815558465853597 0.1694205241564858
  outer loop
    vertex 7.545524871105757 -4.967097829163194 81.08418337162638
    vertex 7.782404068516884 -4.992110341118166 80.8154332685583
    vertex 7.847865954594744 -4.967097829163194 80.92612327288947
  endloop
endfacet
facet normal 0.1476535064818084 -0.9478548683898362 0.2824351084644273
  outer loop
    vertex 7.847865954594744 -4.967097829163194 80.92612327288947
    vertex 7.597224482738363 -4.9253966197008126 81.19710511722225
    vertex 7.545524871105757 -4.967097829163194 81.08418337162638
  endloop
endfacet
facet normal 0.1476535064818084 -0.9478548683898362 0.2824351084644273
  outer loop
    vertex 7.597224482738363 -4.9253966197008126 81.19710511722225
    vertex 7.847865954594744 -4.967097829163194 80.92612327288947
    vertex 7.911085886882042 -4.9253966197008126 81.03302234039228
  endloop
endfacet
facet normal 0.2041551857293051 -0.8976749812868264 0.3905128526841706
  outer loop
    vertex 7.911085886882042 -4.9253966197008126 81.03302234039228
    vertex 7.6461933051914714 -4.867730542957192 81.30406230193913
    vertex 7.597224482738363 -4.9253966197008126 81.19710511722225
  endloop
endfacet
facet normal 0.2041551857293051 -0.8976749812868264 0.3905128526841706
  outer loop
    vertex 7.6461933051914714 -4.867730542957192 81.30406230193913
    vertex 7.911085886882042 -4.9253966197008126 81.03302234039228
    vertex 7.970966523155953 -4.867730542957192 81.1342749667011
  endloop
endfacet
facet normal 0.2023886797849928 -0.6584795754774375 0.724874796757303
  outer loop
    vertex 7.371658091074571 -4.708767288420097 81.63570002811478
    vertex 7.016587771614573 -4.610229320970108 81.82434978221433
    vertex 6.997754756294247 -4.708767288420097 81.74009571497258
  endloop
endfacet
facet normal 0.2023886797849928 -0.6584795754774375 0.724874796757303
  outer loop
    vertex 7.016587771614573 -4.610229320970108 81.82434978221433
    vertex 7.371658091074571 -4.708767288420097 81.63570002811478
    vertex 7.399194885339267 -4.610229320970108 81.71752395661038
  endloop
endfacet
facet normal 0.2239042075632836 -0.5538660033848914 0.8019347580258045
  outer loop
    vertex 7.016587771614573 -4.610229320970108 81.82434978221433
    vertex 7.422360900945497 -4.5011970138342 81.78636037911735
    vertex 7.032431515901915 -4.5011970138342 81.89523061960767
  endloop
endfacet
facet normal 0.2239042075632836 -0.5538660033848914 0.8019347580258045
  outer loop
    vertex 7.422360900945497 -4.5011970138342 81.78636037911735
    vertex 7.016587771614573 -4.610229320970108 81.82434978221433
    vertex 7.399194885339267 -4.610229320970108 81.71752395661038
  endloop
endfacet
facet normal 0.24153091569639218 -0.43968478620593443 0.865066532436612
  outer loop
    vertex 7.032431515901915 -4.5011970138342 81.89523061960767
    vertex 7.440754032953572 -4.3835628991607605 81.84101446498414
    vertex 7.045010980801389 -4.3835628991607605 81.95150791049701
  endloop
endfacet
facet normal 0.24153091569639218 -0.43968478620593443 0.865066532436612
  outer loop
    vertex 7.440754032953572 -4.3835628991607605 81.84101446498414
    vertex 7.032431515901915 -4.5011970138342 81.89523061960767
    vertex 7.422360900945497 -4.5011970138342 81.78636037911735
  endloop
endfacet
facet normal 0.25496780813311953 -0.3179176845102802 0.913192073274519
  outer loop
    vertex 7.045010980801389 -4.3835628991607605 81.95150791049701
    vertex 7.454055021920588 -4.259368815278397 81.88053755397178
    vertex 7.054107817803669 -4.259368815278397 81.99220481980448
  endloop
endfacet
facet normal 0.25496780813311953 -0.3179176845102802 0.913192073274519
  outer loop
    vertex 7.454055021920588 -4.259368815278397 81.88053755397178
    vertex 7.045010980801389 -4.3835628991607605 81.95150791049701
    vertex 7.440754032953572 -4.3835628991607605 81.84101446498414
  endloop
endfacet
facet normal 0.263986214238643 -0.19067104846833635 0.9454923743573688
  outer loop
    vertex 7.054107817803669 -4.259368815278397 81.99220481980448
    vertex 7.462032995457554 -4.130770465414538 81.90424362265769
    vertex 7.059564128236997 -4.130770465414538 82.01661494947953
  endloop
endfacet
facet normal 0.263986214238643 -0.19067104846833635 0.9454923743573688
  outer loop
    vertex 7.462032995457554 -4.130770465414538 81.90424362265769
    vertex 7.054107817803669 -4.259368815278397 81.99220481980448
    vertex 7.454055021920588 -4.259368815278397 81.88053755397178
  endloop
endfacet
facet normal 0.2684330567381712 -0.06014037714823221 0.961419174495012
  outer loop
    vertex 7.059564128236997 -4.130770465414538 82.01661494947953
    vertex 7.464549475605104 -4.000000000000007 81.91172119211164
    vertex 7.061285203998994 -4.000000000000007 82.02431459982829
  endloop
endfacet
facet normal 0.2684330567381712 -0.06014037714823221 0.961419174495012
  outer loop
    vertex 7.464549475605104 -4.000000000000007 81.91172119211164
    vertex 7.059564128236997 -4.130770465414538 82.01661494947953
    vertex 7.462032995457554 -4.130770465414538 81.90424362265769
  endloop
endfacet
facet normal -0.26891982061526776 5.931413541111229e-16 -0.9631625667976577
  outer loop
    vertex 7.1455901663070325 -5.000000000000004 80.96395278210207
    vertex 6.8431419626024494 -4.600000000000006 81.04839783788954
    vertex 7.145590166307031 -4.600000000000006 80.96395278210207
  endloop
endfacet
facet normal -0.26891982061526776 5.931413541111229e-16 -0.9631625667976577
  outer loop
    vertex 6.8431419626024494 -4.600000000000006 81.04839783788954
    vertex 7.1455901663070325 -5.000000000000004 80.96395278210207
    vertex 6.8431419626024494 -5.000000000000004 81.04839783788955
  endloop
endfacet
facet normal 0.010056982155649227 -0.9981799998601127 0.059460448948743805
  outer loop
    vertex 6.8431419626024494 -5.000000000000004 81.04839783788955
    vertex 6.548554074554797 -4.992110341118166 81.23066966776219
    vertex 6.533523689891424 -5.000000000000004 81.10076584887449
  endloop
endfacet
facet normal 0.010056982155649227 -0.9981799998601127 0.059460448948743805
  outer loop
    vertex 6.548554074554797 -4.992110341118166 81.23066966776219
    vertex 6.8431419626024494 -5.000000000000004 81.04839783788955
    vertex 6.87166865580691 -4.992110341118166 81.17601892705412
  endloop
endfacet
facet normal 0.0318821195758123 -0.9815558465853595 0.18849840976902554
  outer loop
    vertex 6.87166865580691 -4.992110341118166 81.17601892705412
    vertex 6.563334802446233 -4.967097829163194 81.35841576621809
    vertex 6.548554074554797 -4.992110341118166 81.23066966776219
  endloop
endfacet
facet normal 0.0318821195758123 -0.9815558465853595 0.18849840976902554
  outer loop
    vertex 6.563334802446233 -4.967097829163194 81.35841576621809
    vertex 6.87166865580691 -4.992110341118166 81.17601892705412
    vertex 6.899721516684459 -4.967097829163194 81.30152021224393
  endloop
endfacet
facet normal 0.05314958116971246 -0.9478548683898365 0.3142391931175519
  outer loop
    vertex 6.899721516684459 -4.967097829163194 81.30152021224393
    vertex 6.577609316555743 -4.925396619700813 81.48178678679552
    vertex 6.563334802446233 -4.967097829163194 81.35841576621809
  endloop
endfacet
facet normal 0.05314958116971246 -0.9478548683898365 0.3142391931175519
  outer loop
    vertex 6.577609316555743 -4.925396619700813 81.48178678679552
    vertex 6.899721516684459 -4.967097829163194 81.30152021224393
    vertex 6.926813616704832 -4.9253966197008126 81.42272330043835
  endloop
endfacet
facet normal 0.07348801172205356 -0.897674981286826 0.43448721512241956
  outer loop
    vertex 6.926813616704832 -4.9253966197008126 81.42272330043835
    vertex 6.59112984649706 -4.867730542957193 81.59864131261763
    vertex 6.577609316555743 -4.925396619700813 81.48178678679552
  endloop
endfacet
facet normal 0.07348801172205356 -0.897674981286826 0.43448721512241956
  outer loop
    vertex 6.59112984649706 -4.867730542957193 81.59864131261763
    vertex 6.926813616704832 -4.9253966197008126 81.42272330043835
    vertex 6.952474703778511 -4.867730542957193 81.53752440472398
  endloop
endfacet
facet normal 0.09254318626505222 -0.8319042231740248 0.5471481720166248
  outer loop
    vertex 6.952474703778511 -4.867730542957193 81.53752440472398
    vertex 6.603661709190925 -4.795100539910064 81.70695103709701
    vertex 6.59112984649706 -4.867730542957193 81.59864131261763
  endloop
endfacet
facet normal 0.09254318626505222 -0.8319042231740248 0.5471481720166248
  outer loop
    vertex 6.603661709190925 -4.795100539910064 81.70695103709701
    vertex 6.952474703778511 -4.867730542957193 81.53752440472398
    vertex 6.976259364674078 -4.795100539910064 81.64393086085077
  endloop
endfacet
facet normal 0.10998434308477541 -0.7517026973525545 0.6502664831198854
  outer loop
    vertex 6.976259364674078 -4.795100539910064 81.64393086085077
    vertex 6.614987382384985 -4.708767288420097 81.80483597033945
    vertex 6.603661709190925 -4.795100539910064 81.70695103709701
  endloop
endfacet
facet normal 0.10998434308477541 -0.7517026973525545 0.6502664831198854
  outer loop
    vertex 6.614987382384985 -4.708767288420097 81.80483597033945
    vertex 6.976259364674078 -4.795100539910064 81.64393086085077
    vertex 6.997754756294247 -4.708767288420097 81.74009571497258
  endloop
endfacet
facet normal 0.12550992485435894 -0.6584795754774384 0.7420592344564587
  outer loop
    vertex 6.997754756294247 -4.708767288420097 81.74009571497258
    vertex 6.624910280304025 -4.610229320970108 81.89059707113532
    vertex 6.614987382384985 -4.708767288420097 81.80483597033945
  endloop
endfacet
facet normal 0.12550992485435894 -0.6584795754774384 0.7420592344564587
  outer loop
    vertex 6.624910280304025 -4.610229320970108 81.89059707113532
    vertex 6.997754756294247 -4.708767288420097 81.74009571497258
    vertex 7.016587771614573 -4.610229320970108 81.82434978221433
  endloop
endfacet
facet normal 0.13885262898941142 -0.5538660033848913 0.8209460382492727
  outer loop
    vertex 6.624910280304025 -4.610229320970108 81.89059707113532
    vertex 7.032431515901915 -4.5011970138342 81.89523061960767
    vertex 6.633258165894553 -4.5011970138342 81.96274573812781
  endloop
endfacet
facet normal 0.13885262898941142 -0.5538660033848913 0.8209460382492727
  outer loop
    vertex 7.032431515901915 -4.5011970138342 81.89523061960767
    vertex 6.624910280304025 -4.610229320970108 81.89059707113532
    vertex 7.016587771614573 -4.610229320970108 81.82434978221433
  endloop
endfacet
facet normal 0.25709188393041976 -0.8319042231740237 0.4917714171058866
  outer loop
    vertex 7.970966523155953 -4.867730542957192 81.1342749667011
    vertex 7.691581360387988 -4.795100539910063 81.40319841263981
    vertex 7.6461933051914714 -4.867730542957192 81.30406230193913
  endloop
endfacet
facet normal 0.25709188393041976 -0.8319042231740237 0.4917714171058866
  outer loop
    vertex 7.691581360387988 -4.795100539910063 81.40319841263981
    vertex 7.970966523155953 -4.867730542957192 81.1342749667011
    vertex 8.026468483142946 -4.795100539910063 81.22812365575419
  endloop
endfacet
facet normal 0.3055447203376917 -0.751702697352556 0.5844531449711373
  outer loop
    vertex 8.026468483142946 -4.795100539910063 81.22812365575419
    vertex 7.732600823545799 -4.708767288420097 81.49279269075743
    vertex 7.691581360387988 -4.795100539910063 81.40319841263981
  endloop
endfacet
facet normal 0.3055447203376917 -0.751702697352556 0.5844531449711373
  outer loop
    vertex 7.732600823545799 -4.708767288420097 81.49279269075743
    vertex 8.026468483142946 -4.795100539910063 81.22812365575419
    vertex 8.07662838959885 -4.708767288420096 81.31293942559392
  endloop
endfacet
facet normal 0.34867594617236264 -0.6584795754774379 0.6669555706640891
  outer loop
    vertex 8.07662838959885 -4.708767288420096 81.31293942559392
    vertex 7.768539697874457 -4.610229320970108 81.57129000042356
    vertex 7.732600823545799 -4.708767288420097 81.49279269075743
  endloop
endfacet
facet normal 0.34867594617236264 -0.6584795754774379 0.6669555706640891
  outer loop
    vertex 7.768539697874457 -4.610229320970108 81.57129000042356
    vertex 8.07662838959885 -4.708767288420096 81.31293942559392
    vertex 8.12057559016364 -4.610229320970107 81.38725008347926
  endloop
endfacet
facet normal 0.3857429748889042 -0.5538660033848919 0.7378582571322931
  outer loop
    vertex 8.1575472697407 -4.5011970138342 81.44976577952333
    vertex 7.768539697874457 -4.610229320970108 81.57129000042356
    vertex 8.12057559016364 -4.610229320970107 81.38725008347926
  endloop
endfacet
facet normal 0.3857429748889042 -0.5538660033848919 0.7378582571322931
  outer loop
    vertex 7.768539697874457 -4.610229320970108 81.57129000042356
    vertex 8.1575472697407 -4.5011970138342 81.44976577952333
    vertex 7.7987741730847935 -4.5011970138342 81.6373278217942
  endloop
endfacet
facet normal 0.4161103311202168 -0.4396847862059332 0.7959456521107872
  outer loop
    vertex 8.186901691087044 -4.3835628991607605 81.49940139530901
    vertex 7.7987741730847935 -4.5011970138342 81.6373278217942
    vertex 8.1575472697407 -4.5011970138342 81.44976577952333
  endloop
endfacet
facet normal 0.4161103311202168 -0.4396847862059332 0.7959456521107872
  outer loop
    vertex 7.7987741730847935 -4.5011970138342 81.6373278217942
    vertex 8.186901691087044 -4.3835628991607605 81.49940139530901
    vertex 7.8227794531981765 -4.3835628991607605 81.68975990103658
  endloop
endfacet
facet normal 0.4392594577856476 -0.31791768451028224 0.8402258473895453
  outer loop
    vertex 8.208129333790279 -4.259368815278397 81.53529537887017
    vertex 7.8227794531981765 -4.3835628991607605 81.68975990103658
    vertex 8.186901691087044 -4.3835628991607605 81.49940139530901
  endloop
endfacet
facet normal 0.4392594577856476 -0.31791768451028224 0.8402258473895453
  outer loop
    vertex 7.8227794531981765 -4.3835628991607605 81.68975990103658
    vertex 8.208129333790279 -4.259368815278397 81.53529537887017
    vertex 7.840138865711393 -4.259368815278397 81.72767614647073
  endloop
endfacet
facet normal 0.45479640029226603 -0.19067104846833388 0.8699452773348351
  outer loop
    vertex 8.22086173828731 -4.130770465414538 81.55682469911076
    vertex 7.840138865711393 -4.259368815278397 81.72767614647073
    vertex 8.208129333790279 -4.259368815278397 81.53529537887017
  endloop
endfacet
facet normal 0.45479640029226603 -0.19067104846833388 0.8699452773348351
  outer loop
    vertex 7.840138865711393 -4.259368815278397 81.72767614647073
    vertex 8.22086173828731 -4.130770465414538 81.55682469911076
    vertex 7.850551094004433 -4.130770465414538 81.75041842551815
  endloop
endfacet
facet normal 0.46245743655995447 -0.06014037714823201 0.8845994881339602
  outer loop
    vertex 8.224877901414308 -4.000000000000007 81.56361566008908
    vertex 7.850551094004433 -4.130770465414538 81.75041842551815
    vertex 8.22086173828731 -4.130770465414538 81.55682469911076
  endloop
endfacet
facet normal 0.46245743655995447 -0.06014037714823201 0.8845994881339602
  outer loop
    vertex 7.850551094004433 -4.130770465414538 81.75041842551815
    vertex 8.224877901414308 -4.000000000000007 81.56361566008908
    vertex 7.853835407454429 -4.000000000000007 81.75759198826158
  endloop
endfacet
facet normal -0.4632960351198622 5.457479444524076e-16 -0.8862035792312144
  outer loop
    vertex 7.437554615194027 -5.000000000000004 80.84835587921451
    vertex 7.715836485663935 -4.600000000000006 80.70287363308513
    vertex 7.715836485663936 -5.000000000000004 80.70287363308513
  endloop
endfacet
facet normal -0.4632960351198622 5.457479444524076e-16 -0.8862035792312144
  outer loop
    vertex 7.715836485663935 -4.600000000000006 80.70287363308513
    vertex 7.437554615194027 -5.000000000000004 80.84835587921451
    vertex 7.437554615194024 -4.600000000000006 80.84835587921451
  endloop
endfacet
facet normal 0.022199735443887425 -0.9981799998601126 0.05607013131326359
  outer loop
    vertex 7.437554615194027 -5.000000000000004 80.84835587921451
    vertex 7.18730062363224 -4.992110341118166 81.08789289818421
    vertex 7.1455901663070325 -5.000000000000004 80.96395278210207
  endloop
endfacet
facet normal 0.022199735443887425 -0.9981799998601126 0.05607013131326359
  outer loop
    vertex 7.18730062363224 -4.992110341118166 81.08789289818421
    vertex 7.437554615194027 -5.000000000000004 80.84835587921451
    vertex 7.4919918481410495 -4.992110341118166 80.9672571083663
  endloop
endfacet
facet normal 0.07037644186092605 -0.9815558465853595 0.17775060186984934
  outer loop
    vertex 7.4919918481410495 -4.992110341118166 80.9672571083663
    vertex 7.228318264481686 -4.967097829163194 81.20977435176454
    vertex 7.18730062363224 -4.992110341118166 81.08789289818421
  endloop
endfacet
facet normal 0.07037644186092605 -0.9815558465853595 0.17775060186984934
  outer loop
    vertex 7.228318264481686 -4.967097829163194 81.20977435176454
    vertex 7.4919918481410495 -4.992110341118166 80.9672571083663
    vertex 7.545524871105757 -4.967097829163194 81.08418337162638
  endloop
endfacet
facet normal 0.11732213726343925 -0.9478548683898362 0.29632189351721
  outer loop
    vertex 7.545524871105757 -4.967097829163194 81.08418337162638
    vertex 7.267931123695712 -4.9253966197008126 81.32748158117832
    vertex 7.228318264481686 -4.967097829163194 81.20977435176454
  endloop
endfacet
facet normal 0.11732213726343925 -0.9478548683898362 0.29632189351721
  outer loop
    vertex 7.267931123695712 -4.9253966197008126 81.32748158117832
    vertex 7.545524871105757 -4.967097829163194 81.08418337162638
    vertex 7.597224482738363 -4.9253966197008126 81.19710511722225
  endloop
endfacet
facet normal 0.1622170938834255 -0.8976749812868265 0.40971361024953934
  outer loop
    vertex 7.597224482738363 -4.9253966197008126 81.19710511722225
    vertex 7.305451619661842 -4.867730542957192 81.43897147900525
    vertex 7.267931123695712 -4.9253966197008126 81.32748158117832
  endloop
endfacet
facet normal 0.1622170938834255 -0.8976749812868265 0.40971361024953934
  outer loop
    vertex 7.305451619661842 -4.867730542957192 81.43897147900525
    vertex 7.597224482738363 -4.9253966197008126 81.19710511722225
    vertex 7.6461933051914714 -4.867730542957192 81.30406230193913
  endloop
endfacet
facet normal 0.20427939718124555 -0.8319042231740237 0.5159508613739212
  outer loop
    vertex 7.6461933051914714 -4.867730542957192 81.30406230193913
    vertex 7.340228489037088 -4.795100539910064 81.54230885537913
    vertex 7.305451619661842 -4.867730542957192 81.43897147900525
  endloop
endfacet
facet normal 0.20427939718124555 -0.8319042231740237 0.5159508613739212
  outer loop
    vertex 7.340228489037088 -4.795100539910064 81.54230885537913
    vertex 7.6461933051914714 -4.867730542957192 81.30406230193913
    vertex 7.691581360387988 -4.795100539910063 81.40319841263981
  endloop
endfacet
facet normal 0.24277892529422898 -0.7517026973525561 0.613189569567088
  outer loop
    vertex 7.691581360387988 -4.795100539910063 81.40319841263981
    vertex 7.371658091074571 -4.708767288420097 81.63570002811478
    vertex 7.340228489037088 -4.795100539910064 81.54230885537913
  endloop
endfacet
facet normal 0.24277892529422898 -0.7517026973525561 0.613189569567088
  outer loop
    vertex 7.371658091074571 -4.708767288420097 81.63570002811478
    vertex 7.691581360387988 -4.795100539910063 81.40319841263981
    vertex 7.732600823545799 -4.708767288420097 81.49279269075743
  endloop
endfacet
facet normal 0.2770500219873448 -0.6584795754774384 0.6997484790950703
  outer loop
    vertex 7.732600823545799 -4.708767288420097 81.49279269075743
    vertex 7.399194885339267 -4.610229320970108 81.71752395661038
    vertex 7.371658091074571 -4.708767288420097 81.63570002811478
  endloop
endfacet
facet normal 0.2770500219873448 -0.6584795754774384 0.6997484790950703
  outer loop
    vertex 7.399194885339267 -4.610229320970108 81.71752395661038
    vertex 7.732600823545799 -4.708767288420097 81.49279269075743
    vertex 7.768539697874457 -4.610229320970108 81.57129000042356
  endloop
endfacet
facet normal 0.3065026447841206 -0.5538660033848909 0.7741373127777702
  outer loop
    vertex 7.399194885339267 -4.610229320970108 81.71752395661038
    vertex 7.7987741730847935 -4.5011970138342 81.6373278217942
    vertex 7.422360900945497 -4.5011970138342 81.78636037911735
  endloop
endfacet
facet normal 0.3065026447841206 -0.5538660033848909 0.7741373127777702
  outer loop
    vertex 7.7987741730847935 -4.5011970138342 81.6373278217942
    vertex 7.399194885339267 -4.610229320970108 81.71752395661038
    vertex 7.768539697874457 -4.610229320970108 81.57129000042356
  endloop
endfacet
facet normal 0.33063185932828454 -0.43968478620593493 0.8350807520091472
  outer loop
    vertex 7.422360900945497 -4.5011970138342 81.78636037911735
    vertex 7.8227794531981765 -4.3835628991607605 81.68975990103658
    vertex 7.440754032953572 -4.3835628991607605 81.84101446498414
  endloop
endfacet
facet normal 0.33063185932828454 -0.43968478620593493 0.8350807520091472
  outer loop
    vertex 7.8227794531981765 -4.3835628991607605 81.68975990103658
    vertex 7.422360900945497 -4.5011970138342 81.78636037911735
    vertex 7.7987741730847935 -4.5011970138342 81.6373278217942
  endloop
endfacet
facet normal 0.34902563189002966 -0.3179176845102803 0.881538118381382
  outer loop
    vertex 7.440754032953572 -4.3835628991607605 81.84101446498414
    vertex 7.840138865711393 -4.259368815278397 81.72767614647073
    vertex 7.454055021920588 -4.259368815278397 81.88053755397178
  endloop
endfacet
facet normal 0.34902563189002966 -0.3179176845102803 0.881538118381382
  outer loop
    vertex 7.840138865711393 -4.259368815278397 81.72767614647073
    vertex 7.440754032953572 -4.3835628991607605 81.84101446498414
    vertex 7.8227794531981765 -4.3835628991607605 81.68975990103658
  endloop
endfacet
facet normal 0.3613709350585678 -0.19067104846833438 0.9127187949039302
  outer loop
    vertex 7.454055021920588 -4.259368815278397 81.88053755397178
    vertex 7.850551094004433 -4.130770465414538 81.75041842551815
    vertex 7.462032995457554 -4.130770465414538 81.90424362265769
  endloop
endfacet
facet normal 0.3613709350585678 -0.19067104846833438 0.9127187949039302
  outer loop
    vertex 7.850551094004433 -4.130770465414538 81.75041842551815
    vertex 7.454055021920588 -4.259368815278397 81.88053755397178
    vertex 7.840138865711393 -4.259368815278397 81.72767614647073
  endloop
endfacet
facet normal 0.3674582212327612 -0.060140377148232595 0.9280935247511015
  outer loop
    vertex 7.462032995457554 -4.130770465414538 81.90424362265769
    vertex 7.853835407454429 -4.000000000000007 81.75759198826158
    vertex 7.464549475605104 -4.000000000000007 81.91172119211164
  endloop
endfacet
facet normal 0.3674582212327612 -0.060140377148232595 0.9280935247511015
  outer loop
    vertex 7.853835407454429 -4.000000000000007 81.75759198826158
    vertex 7.462032995457554 -4.130770465414538 81.90424362265769
    vertex 7.850551094004433 -4.130770465414538 81.75041842551815
  endloop
endfacet
facet normal -0.36812455268467775 5.7258130960595805e-16 -0.9297764858882515
  outer loop
    vertex 7.437554615194027 -5.000000000000004 80.84835587921451
    vertex 7.145590166307031 -4.600000000000006 80.96395278210207
    vertex 7.437554615194024 -4.600000000000006 80.84835587921451
  endloop
endfacet
facet normal -0.36812455268467775 5.7258130960595805e-16 -0.9297764858882515
  outer loop
    vertex 7.145590166307031 -4.600000000000006 80.96395278210207
    vertex 7.437554615194027 -5.000000000000004 80.84835587921451
    vertex 7.1455901663070325 -5.000000000000004 80.96395278210207
  endloop
endfacet
facet normal 0.016217198308938283 -0.9981799998601126 0.058083477498112844
  outer loop
    vertex 7.1455901663070325 -5.000000000000004 80.96395278210207
    vertex 6.87166865580691 -4.992110341118166 81.17601892705412
    vertex 6.8431419626024494 -5.000000000000004 81.04839783788955
  endloop
endfacet
facet normal 0.016217198308938283 -0.9981799998601126 0.058083477498112844
  outer loop
    vertex 6.87166865580691 -4.992110341118166 81.17601892705412
    vertex 7.1455901663070325 -5.000000000000004 80.96395278210207
    vertex 7.18730062363224 -4.992110341118166 81.08789289818421
  endloop
endfacet
facet normal 0.05141091509044799 -0.9815558465853595 0.1841332067924215
  outer loop
    vertex 7.18730062363224 -4.992110341118166 81.08789289818421
    vertex 6.899721516684459 -4.967097829163194 81.30152021224393
    vertex 6.87166865580691 -4.992110341118166 81.17601892705412
  endloop
endfacet
facet normal 0.05141091509044799 -0.9815558465853595 0.1841332067924215
  outer loop
    vertex 6.899721516684459 -4.967097829163194 81.30152021224393
    vertex 7.18730062363224 -4.992110341118166 81.08789289818421
    vertex 7.228318264481686 -4.967097829163194 81.20977435176454
  endloop
endfacet
facet normal 0.08570536215797853 -0.9478548683898361 0.3069621138952754
  outer loop
    vertex 7.228318264481686 -4.967097829163194 81.20977435176454
    vertex 6.926813616704832 -4.9253966197008126 81.42272330043835
    vertex 6.899721516684459 -4.967097829163194 81.30152021224393
  endloop
endfacet
facet normal 0.08570536215797853 -0.9478548683898361 0.3069621138952754
  outer loop
    vertex 6.926813616704832 -4.9253966197008126 81.42272330043835
    vertex 7.228318264481686 -4.967097829163194 81.20977435176454
    vertex 7.267931123695712 -4.9253966197008126 81.32748158117832
  endloop
endfacet
facet normal 0.11850171761085253 -0.8976749812868264 0.4244254597629287
  outer loop
    vertex 7.267931123695712 -4.9253966197008126 81.32748158117832
    vertex 6.952474703778511 -4.867730542957193 81.53752440472398
    vertex 6.926813616704832 -4.9253966197008126 81.42272330043835
  endloop
endfacet
facet normal 0.11850171761085253 -0.8976749812868264 0.4244254597629287
  outer loop
    vertex 6.952474703778511 -4.867730542957193 81.53752440472398
    vertex 7.267931123695712 -4.9253966197008126 81.32748158117832
    vertex 7.305451619661842 -4.867730542957192 81.43897147900525
  endloop
endfacet
facet normal 0.1492287826083438 -0.8319042231740246 0.5344774400350816
  outer loop
    vertex 7.305451619661842 -4.867730542957192 81.43897147900525
    vertex 6.976259364674078 -4.795100539910064 81.64393086085077
    vertex 6.952474703778511 -4.867730542957193 81.53752440472398
  endloop
endfacet
facet normal 0.1492287826083438 -0.8319042231740246 0.5344774400350816
  outer loop
    vertex 6.976259364674078 -4.795100539910064 81.64393086085077
    vertex 7.305451619661842 -4.867730542957192 81.43897147900525
    vertex 7.340228489037088 -4.795100539910064 81.54230885537913
  endloop
endfacet
facet normal 0.17735319354048928 -0.7517026973525557 0.6352077609206942
  outer loop
    vertex 7.340228489037088 -4.795100539910064 81.54230885537913
    vertex 6.997754756294247 -4.708767288420097 81.74009571497258
    vertex 6.976259364674078 -4.795100539910064 81.64393086085077
  endloop
endfacet
facet normal 0.17735319354048928 -0.7517026973525557 0.6352077609206942
  outer loop
    vertex 6.997754756294247 -4.708767288420097 81.74009571497258
    vertex 7.340228489037088 -4.795100539910064 81.54230885537913
    vertex 7.371658091074571 -4.708767288420097 81.63570002811478
  endloop
endfacet
endsolid Attitude indicator1
