solid Attitude indicator1
facet normal 4.3114282964246854e-17 -0.9922252253260393 -0.12445522177349833
  outer loop
    vertex 5.008543487003293 17.698138001847347 53.624873094178696
    vertex 2.0085434870032928 17.635334590494946 54.12557630367356
    vertex 2.008543487003292 17.698138001847344 53.6248730941787
  endloop
endfacet
facet normal 4.3114282964246854e-17 -0.9922252253260393 -0.12445522177349833
  outer loop
    vertex 2.0085434870032928 17.635334590494946 54.12557630367356
    vertex 5.008543487003293 17.698138001847347 53.624873094178696
    vertex 5.008543487003293 17.63533459049494 54.12557630367356
  endloop
endfacet
facet normal 8.478745613435586e-17 -0.9991193869892632 -0.04195772327234937
  outer loop
    vertex 2.0085434870032928 17.635334590494946 54.12557630367356
    vertex 5.008543487003293 17.62585217335056 54.35137661087747
    vertex 2.0085434870032923 17.625852173350555 54.35137661087748
  endloop
endfacet
facet normal 8.478745613435586e-17 -0.9991193869892632 -0.04195772327234937
  outer loop
    vertex 5.008543487003293 17.62585217335056 54.35137661087747
    vertex 2.0085434870032928 17.635334590494946 54.12557630367356
    vertex 5.008543487003293 17.63533459049494 54.12557630367356
  endloop
endfacet
facet normal 4.759963885389763e-16 -0.534352349389826 0.8452618332218564
  outer loop
    vertex 5.008543487003293 18.18841542799056 54.707014337534865
    vertex 2.0085434870032923 17.625852173350555 54.35137661087748
    vertex 5.008543487003293 17.62585217335056 54.35137661087747
  endloop
endfacet
facet normal 4.759963885389763e-16 -0.534352349389826 0.8452618332218564
  outer loop
    vertex 2.0085434870032923 17.625852173350555 54.35137661087748
    vertex 5.008543487003293 18.18841542799056 54.707014337534865
    vertex 2.008543487003293 18.18841542799056 54.707014337534865
  endloop
endfacet
facet normal 3.897014800854892e-16 0.4664592997840197 0.8845426624222272
  outer loop
    vertex 5.008543487003293 18.18841542799056 54.707014337534865
    vertex 2.008543487003293 18.38832147276443 54.60159485057371
    vertex 2.008543487003293 18.18841542799056 54.707014337534865
  endloop
endfacet
facet normal 3.897014800854892e-16 0.4664592997840197 0.8845426624222272
  outer loop
    vertex 2.008543487003293 18.38832147276443 54.60159485057371
    vertex 5.008543487003293 18.18841542799056 54.707014337534865
    vertex 5.008543487003293 18.38832147276443 54.60159485057371
  endloop
endfacet
facet normal 3.6148324835024944e-16 0.53802505360032 0.8429288473521195
  outer loop
    vertex 2.008543487003293 18.38832147276443 54.60159485057371
    vertex 5.008543487003293 18.813685763524443 54.3300931146268
    vertex 2.0085434870032928 18.813685763524443 54.3300931146268
  endloop
endfacet
facet normal 3.6148324835024944e-16 0.53802505360032 0.8429288473521195
  outer loop
    vertex 5.008543487003293 18.813685763524443 54.3300931146268
    vertex 2.008543487003293 18.38832147276443 54.60159485057371
    vertex 5.008543487003293 18.38832147276443 54.60159485057371
  endloop
endfacet
facet normal 3.156445274939545e-16 0.6362431895962254 0.771488563552579
  outer loop
    vertex 5.008543487003293 18.813685763524443 54.3300931146268
    vertex 2.0085434870032928 19.116485756439204 54.0803753062193
    vertex 2.0085434870032928 18.813685763524443 54.3300931146268
  endloop
endfacet
facet normal 3.156445274939545e-16 0.6362431895962254 0.771488563552579
  outer loop
    vertex 2.0085434870032928 19.116485756439204 54.0803753062193
    vertex 5.008543487003293 18.813685763524443 54.3300931146268
    vertex 5.008543487003293 19.116485756439204 54.0803753062193
  endloop
endfacet
facet normal 2.653736456557431e-16 0.7247200969899031 0.6890433810863765
  outer loop
    vertex 2.0085434870032928 19.116485756439204 54.0803753062193
    vertex 5.008543487003293 19.309658862297976 53.87720024372456
    vertex 2.0085434870032928 19.309658862297976 53.87720024372456
  endloop
endfacet
facet normal 2.653736456557431e-16 0.7247200969899031 0.6890433810863765
  outer loop
    vertex 5.008543487003293 19.309658862297976 53.87720024372456
    vertex 2.0085434870032928 19.116485756439204 54.0803753062193
    vertex 5.008543487003293 19.116485756439204 54.0803753062193
  endloop
endfacet
facet normal 2.1193727529234726e-16 0.8016711035069166 0.5977653735388182
  outer loop
    vertex 5.008543487003293 19.309658862297976 53.87720024372456
    vertex 2.0085434870032928 19.41021035154772 53.74234930234451
    vertex 2.0085434870032928 19.309658862297976 53.87720024372456
  endloop
endfacet
facet normal 2.1193727529234726e-16 0.8016711035069166 0.5977653735388182
  outer loop
    vertex 2.0085434870032928 19.41021035154772 53.74234930234451
    vertex 5.008543487003293 19.309658862297976 53.87720024372456
    vertex 5.008543487003293 19.41021035154772 53.74234930234451
  endloop
endfacet
facet normal 1.2494040958321724e-16 0.896664740060593 0.44271022569178314
  outer loop
    vertex 5.008543487003293 19.41021035154772 53.74234930234451
    vertex 2.0085434870032923 19.664084432777493 53.2281530542269
    vertex 2.0085434870032928 19.41021035154772 53.74234930234451
  endloop
endfacet
facet normal 1.2494040958321724e-16 0.896664740060593 0.44271022569178314
  outer loop
    vertex 2.0085434870032923 19.664084432777493 53.2281530542269
    vertex 5.008543487003293 19.41021035154772 53.74234930234451
    vertex 5.008543487003293 19.664084432777493 53.2281530542269
  endloop
endfacet
facet normal 2.444453774365329e-16 0.7567550377952298 0.6536985641498233
  outer loop
    vertex 5.008543487003293 19.664084432777493 53.2281530542269
    vertex 2.0085434870032923 19.71720997915915 53.16665219272168
    vertex 2.0085434870032923 19.664084432777493 53.2281530542269
  endloop
endfacet
facet normal 2.444453774365329e-16 0.7567550377952298 0.6536985641498233
  outer loop
    vertex 2.0085434870032923 19.71720997915915 53.16665219272168
    vertex 5.008543487003293 19.664084432777493 53.2281530542269
    vertex 5.008543487003293 19.717209979159154 53.16665219272166
  endloop
endfacet
facet normal 4.340383697924665e-16 0.3285198050975096 0.9444970818688083
  outer loop
    vertex 5.008543487003293 19.717209979159154 53.16665219272166
    vertex 2.0085434870032923 19.79396848266821 53.13995365749436
    vertex 2.0085434870032923 19.71720997915915 53.16665219272168
  endloop
endfacet
facet normal 4.340383697924665e-16 0.3285198050975096 0.9444970818688083
  outer loop
    vertex 2.0085434870032923 19.79396848266821 53.13995365749436
    vertex 5.008543487003293 19.717209979159154 53.16665219272166
    vertex 5.008543487003293 19.7939684826682 53.13995365749436
  endloop
endfacet
facet normal 5.073311314783376e-16 -0.18774204407340345 0.9822183692474603
  outer loop
    vertex 5.008543487003293 19.873792564277196 53.155211299498184
    vertex 2.0085434870032923 19.79396848266821 53.13995365749436
    vertex 5.008543487003293 19.7939684826682 53.13995365749436
  endloop
endfacet
facet normal 5.073311314783376e-16 -0.18774204407340345 0.9822183692474603
  outer loop
    vertex 2.0085434870032923 19.79396848266821 53.13995365749436
    vertex 5.008543487003293 19.873792564277196 53.155211299498184
    vertex 2.0085434870032923 19.873792564277196 53.155211299498184
  endloop
endfacet
facet normal 5.011582389466696e-16 -0.35918251559922865 0.9332673360231836
  outer loop
    vertex 5.008543487003291 20.64412069565812 53.451684116435366
    vertex 2.0085434870032923 19.873792564277196 53.155211299498184
    vertex 5.008543487003293 19.873792564277196 53.155211299498184
  endloop
endfacet
facet normal 5.011582389466696e-16 -0.35918251559922865 0.9332673360231836
  outer loop
    vertex 2.0085434870032923 19.873792564277196 53.155211299498184
    vertex 5.008543487003291 20.64412069565812 53.451684116435366
    vertex 2.0085434870032923 20.64412069565812 53.451684116435366
  endloop
endfacet
facet normal 4.790545088049302e-16 -0.5192052793358639 0.8546495643886842
  outer loop
    vertex 5.008543487003291 20.71357736508197 53.493879503822875
    vertex 2.0085434870032923 20.64412069565812 53.451684116435366
    vertex 5.008543487003291 20.64412069565812 53.451684116435366
  endloop
endfacet
facet normal 4.790545088049302e-16 -0.5192052793358639 0.8546495643886842
  outer loop
    vertex 2.0085434870032923 20.64412069565812 53.451684116435366
    vertex 5.008543487003291 20.71357736508197 53.493879503822875
    vertex 2.0085434870032923 20.71357736508197 53.493879503822875
  endloop
endfacet
facet normal 3.3119989636072625e-16 -0.8769697438781466 0.48054559442606287
  outer loop
    vertex 5.008543487003291 20.752630911571533 53.5651501159349
    vertex 2.0085434870032923 20.71357736508197 53.493879503822875
    vertex 5.008543487003291 20.71357736508197 53.493879503822875
  endloop
endfacet
facet normal 3.3119989636072625e-16 -0.8769697438781466 0.48054559442606287
  outer loop
    vertex 2.0085434870032923 20.71357736508197 53.493879503822875
    vertex 5.008543487003291 20.752630911571533 53.5651501159349
    vertex 2.0085434870032923 20.752630911571533 53.5651501159349
  endloop
endfacet
facet normal 9.460053915328778e-17 -0.9997508737618351 -0.022320179489588143
  outer loop
    vertex 2.0085434870032923 20.752630911571533 53.5651501159349
    vertex 5.008543487003291 20.750816968883328 53.64639904981197
    vertex 2.0085434870032914 20.75081696888333 53.64639904981197
  endloop
endfacet
facet normal 9.460053915328778e-17 -0.9997508737618351 -0.022320179489588143
  outer loop
    vertex 5.008543487003291 20.750816968883328 53.64639904981197
    vertex 2.0085434870032923 20.752630911571533 53.5651501159349
    vertex 5.008543487003291 20.752630911571533 53.5651501159349
  endloop
endfacet
facet normal -3.362868085741702e-17 -0.9621082943686712 -0.2726676180022233
  outer loop
    vertex 5.008543487003291 20.750816968883328 53.64639904981197
    vertex 2.0085434870032928 20.594454551698917 54.19812418535569
    vertex 2.0085434870032914 20.75081696888333 53.64639904981197
  endloop
endfacet
facet normal -3.362868085741702e-17 -0.9621082943686712 -0.2726676180022233
  outer loop
    vertex 2.0085434870032928 20.594454551698917 54.19812418535569
    vertex 5.008543487003291 20.750816968883328 53.64639904981197
    vertex 5.008543487003293 20.594454551698917 54.19812418535569
  endloop
endfacet
facet normal 5.861666255628884e-17 -0.9955784095226704 -0.0939341817035208
  outer loop
    vertex 2.0085434870032928 20.594454551698917 54.19812418535569
    vertex 5.008543487003293 20.57865366680351 54.36559272096145
    vertex 2.0085434870032923 20.57865366680351 54.36559272096145
  endloop
endfacet
facet normal 5.861666255628884e-17 -0.9955784095226704 -0.0939341817035208
  outer loop
    vertex 5.008543487003293 20.57865366680351 54.36559272096145
    vertex 2.0085434870032928 20.594454551698917 54.19812418535569
    vertex 5.008543487003293 20.594454551698917 54.19812418535569
  endloop
endfacet
facet normal 1.182678907214936e-16 -0.9996778277336924 0.025381897833812055
  outer loop
    vertex 5.008543487003293 20.57865366680351 54.36559272096145
    vertex 2.0085434870032928 20.585769474271856 54.64585210105594
    vertex 2.0085434870032923 20.57865366680351 54.36559272096145
  endloop
endfacet
facet normal 1.182678907214936e-16 -0.9996778277336924 0.025381897833812055
  outer loop
    vertex 2.0085434870032928 20.585769474271856 54.64585210105594
    vertex 5.008543487003293 20.57865366680351 54.36559272096145
    vertex 5.008543487003293 20.585769474271856 54.64585210105594
  endloop
endfacet
facet normal 1.7697161671764584e-16 -0.9893035448936072 0.145871505308415
  outer loop
    vertex 5.008543487003293 20.585769474271856 54.64585210105594
    vertex 2.008543487003293 20.643022287677756 55.034141857426306
    vertex 2.0085434870032928 20.585769474271856 54.64585210105594
  endloop
endfacet
facet normal 1.7697161671764584e-16 -0.9893035448936072 0.145871505308415
  outer loop
    vertex 2.008543487003293 20.643022287677756 55.034141857426306
    vertex 5.008543487003293 20.585769474271856 54.64585210105594
    vertex 5.008543487003293 20.643022287677756 55.034141857426306
  endloop
endfacet
facet normal 2.333201838890555e-16 -0.9643235287641581 0.2647265227963416
  outer loop
    vertex 5.008543487003293 20.776610324163105 55.520765129561866
    vertex 2.008543487003293 20.643022287677756 55.034141857426306
    vertex 5.008543487003293 20.643022287677756 55.034141857426306
  endloop
endfacet
facet normal 2.333201838890555e-16 -0.9643235287641581 0.2647265227963416
  outer loop
    vertex 2.008543487003293 20.643022287677756 55.034141857426306
    vertex 5.008543487003293 20.776610324163105 55.520765129561866
    vertex 2.008543487003293 20.776610324163105 55.520765129561866
  endloop
endfacet
facet normal 2.697934440466002e-16 -0.9391224777307008 0.34358255459343295
  outer loop
    vertex 5.008543487003293 20.854259749634558 55.733006175762256
    vertex 2.008543487003293 20.776610324163105 55.520765129561866
    vertex 5.008543487003293 20.776610324163105 55.520765129561866
  endloop
endfacet
facet normal 2.697934440466002e-16 -0.9391224777307008 0.34358255459343295
  outer loop
    vertex 2.008543487003293 20.776610324163105 55.520765129561866
    vertex 5.008543487003293 20.854259749634558 55.733006175762256
    vertex 2.008543487003293 20.85425974963456 55.733006175762256
  endloop
endfacet
facet normal 5.070608592844204e-16 -0.17020949916603328 0.98540789848349
  outer loop
    vertex 5.008543487003293 21.510097092255144 55.84628895520175
    vertex 2.008543487003293 20.85425974963456 55.733006175762256
    vertex 5.008543487003293 20.854259749634558 55.733006175762256
  endloop
endfacet
facet normal 5.070608592844204e-16 -0.17020949916603328 0.98540789848349
  outer loop
    vertex 2.008543487003293 20.85425974963456 55.733006175762256
    vertex 5.008543487003293 21.510097092255144 55.84628895520175
    vertex 2.0085434870032928 21.510097092255144 55.84628895520175
  endloop
endfacet
facet normal 2.356615835830354e-16 0.7694520219491071 0.6387046155449568
  outer loop
    vertex 5.008543487003293 21.510097092255144 55.84628895520175
    vertex 2.008543487003293 21.65444390433855 55.67239331750589
    vertex 2.0085434870032928 21.510097092255144 55.84628895520175
  endloop
endfacet
facet normal 2.356615835830354e-16 0.7694520219491071 0.6387046155449568
  outer loop
    vertex 2.008543487003293 21.65444390433855 55.67239331750589
    vertex 5.008543487003293 21.510097092255144 55.84628895520175
    vertex 5.008543487003293 21.654443904338546 55.67239331750589
  endloop
endfacet
facet normal 1.9768218678522266e-16 0.8196452395438768 0.572871435221779
  outer loop
    vertex 5.008543487003293 21.654443904338546 55.67239331750589
    vertex 2.0085434870032928 21.94353005022766 55.2587785538297
    vertex 2.008543487003293 21.65444390433855 55.67239331750589
  endloop
endfacet
facet normal 1.9768218678522266e-16 0.8196452395438768 0.572871435221779
  outer loop
    vertex 2.0085434870032928 21.94353005022766 55.2587785538297
    vertex 5.008543487003293 21.654443904338546 55.67239331750589
    vertex 5.008543487003293 21.94353005022766 55.2587785538297
  endloop
endfacet
facet normal 1.3956801503328853e-16 0.8830479520983707 0.4692827658191529
  outer loop
    vertex 5.008543487003293 21.94353005022766 55.2587785538297
    vertex 2.0085434870032937 22.127717898082118 54.91219284112967
    vertex 2.0085434870032928 21.94353005022766 55.2587785538297
  endloop
endfacet
facet normal 1.3956801503328853e-16 0.8830479520983707 0.4692827658191529
  outer loop
    vertex 2.0085434870032937 22.127717898082118 54.91219284112967
    vertex 5.008543487003293 21.94353005022766 55.2587785538297
    vertex 5.008543487003293 22.127717898082107 54.91219284112965
  endloop
endfacet
facet normal 7.965437620696778e-17 0.9332395505311463 0.3592547025780233
  outer loop
    vertex 2.0085434870032937 22.127717898082118 54.91219284112967
    vertex 5.008543487003293 22.228434846530188 54.65055941218341
    vertex 2.0085434870032928 22.228434846530195 54.65055941218342
  endloop
endfacet
facet normal 7.965437620696778e-17 0.9332395505311463 0.3592547025780233
  outer loop
    vertex 5.008543487003293 22.228434846530188 54.65055941218341
    vertex 2.0085434870032937 22.127717898082118 54.91219284112967
    vertex 5.008543487003293 22.127717898082107 54.91219284112965
  endloop
endfacet
facet normal 1.936262252787519e-17 0.9694024292306209 0.24547694433850809
  outer loop
    vertex 5.008543487003293 22.228434846530188 54.65055941218341
    vertex 2.0085434870032928 22.269727088306553 54.48749399846701
    vertex 2.0085434870032928 22.228434846530195 54.65055941218342
  endloop
endfacet
facet normal 1.936262252787519e-17 0.9694024292306209 0.24547694433850809
  outer loop
    vertex 2.0085434870032928 22.269727088306553 54.48749399846701
    vertex 5.008543487003293 22.228434846530188 54.65055941218341
    vertex 5.008543487003293 22.269727088306553 54.48749399846701
  endloop
endfacet
facet normal -7.27819483937232e-17 0.9978280695773896 0.0658721759429594
  outer loop
    vertex 5.008543487003293 22.269727088306553 54.48749399846701
    vertex 2.0085434870032923 22.30750177065095 53.91528520434352
    vertex 2.0085434870032928 22.269727088306553 54.48749399846701
  endloop
endfacet
facet normal -7.27819483937232e-17 0.9978280695773896 0.0658721759429594
  outer loop
    vertex 2.0085434870032923 22.30750177065095 53.91528520434352
    vertex 5.008543487003293 22.269727088306553 54.48749399846701
    vertex 5.008543487003291 22.30750177065095 53.91528520434352
  endloop
endfacet
facet normal 5.566452715540073e-17 0.949310100804811 0.31434110852696256
  outer loop
    vertex 5.008543487003291 22.30750177065095 53.91528520434352
    vertex 2.0085434870032923 22.333048014832208 53.83813555073143
    vertex 2.0085434870032923 22.30750177065095 53.91528520434352
  endloop
endfacet
facet normal 5.566452715540073e-17 0.949310100804811 0.31434110852696256
  outer loop
    vertex 2.0085434870032923 22.333048014832208 53.83813555073143
    vertex 5.008543487003291 22.30750177065095 53.91528520434352
    vertex 5.008543487003291 22.333048014832208 53.83813555073143
  endloop
endfacet
facet normal 3.0039714349919275e-16 0.6649561091026384 0.7468824358405279
  outer loop
    vertex 5.008543487003291 22.333048014832208 53.83813555073143
    vertex 2.0085434870032923 22.393746538070516 53.784095112900815
    vertex 2.0085434870032923 22.333048014832208 53.83813555073143
  endloop
endfacet
facet normal 3.0039714349919275e-16 0.6649561091026384 0.7468824358405279
  outer loop
    vertex 2.0085434870032923 22.393746538070516 53.784095112900815
    vertex 5.008543487003291 22.333048014832208 53.83813555073143
    vertex 5.008543487003291 22.393746538070523 53.78409511290081
  endloop
endfacet
facet normal 4.646385878337472e-16 0.2024276649642966 0.9792972176296135
  outer loop
    vertex 5.008543487003291 22.473333220082402 53.76764398252702
    vertex 2.0085434870032923 22.393746538070516 53.784095112900815
    vertex 5.008543487003291 22.393746538070523 53.78409511290081
  endloop
endfacet
facet normal 4.646385878337472e-16 0.2024276649642966 0.9792972176296135
  outer loop
    vertex 2.0085434870032923 22.393746538070516 53.784095112900815
    vertex 5.008543487003291 22.473333220082402 53.76764398252702
    vertex 2.0085434870032923 22.473333220082402 53.76764398252702
  endloop
endfacet
facet normal 4.93477415162877e-16 0.025304572865529174 0.9996797880281931
  outer loop
    vertex 5.008543487003291 23.298478849171364 53.74675733667701
    vertex 2.0085434870032923 22.473333220082402 53.76764398252702
    vertex 5.008543487003291 22.473333220082402 53.76764398252702
  endloop
endfacet
facet normal 4.93477415162877e-16 0.025304572865529174 0.9996797880281931
  outer loop
    vertex 2.0085434870032923 22.473333220082402 53.76764398252702
    vertex 5.008543487003291 23.298478849171364 53.74675733667701
    vertex 2.0085434870032923 23.29847884917136 53.746757336677014
  endloop
endfacet
facet normal -1.0 -1.0570462690826147e-16 4.963111503687898e-16
  outer loop
    vertex 2.0085434870032928 21.510097092255144 55.84628895520175
    vertex 2.008543487003293 20.776610324163105 55.520765129561866
    vertex 2.008543487003293 20.85425974963456 55.733006175762256
  endloop
endfacet
facet normal -1.0 -1.0570462690826147e-16 4.963111503687898e-16
  outer loop
    vertex 2.008543487003293 20.776610324163105 55.520765129561866
    vertex 2.0085434870032928 21.510097092255144 55.84628895520175
    vertex 2.008543487003293 20.643022287677756 55.034141857426306
  endloop
endfacet
facet normal -1.0 -1.0570462690826147e-16 4.963111503687898e-16
  outer loop
    vertex 2.008543487003293 20.643022287677756 55.034141857426306
    vertex 2.0085434870032928 21.510097092255144 55.84628895520175
    vertex 2.008543487003293 21.65444390433855 55.67239331750589
  endloop
endfacet
facet normal -1.0 -1.0570462690826147e-16 4.963111503687898e-16
  outer loop
    vertex 2.008543487003293 20.643022287677756 55.034141857426306
    vertex 2.008543487003293 21.65444390433855 55.67239331750589
    vertex 2.0085434870032928 20.585769474271856 54.64585210105594
  endloop
endfacet
facet normal -1.0 -1.0570462690826147e-16 4.963111503687898e-16
  outer loop
    vertex 2.0085434870032928 20.585769474271856 54.64585210105594
    vertex 2.008543487003293 21.65444390433855 55.67239331750589
    vertex 2.0085434870032928 21.94353005022766 55.2587785538297
  endloop
endfacet
facet normal -1.0 -1.0570462690826147e-16 4.963111503687898e-16
  outer loop
    vertex 2.0085434870032928 20.585769474271856 54.64585210105594
    vertex 2.0085434870032928 21.94353005022766 55.2587785538297
    vertex 2.0085434870032923 20.57865366680351 54.36559272096145
  endloop
endfacet
facet normal -1.0 -1.0570462690826147e-16 4.963111503687898e-16
  outer loop
    vertex 2.0085434870032923 20.57865366680351 54.36559272096145
    vertex 2.0085434870032928 21.94353005022766 55.2587785538297
    vertex 2.0085434870032937 22.127717898082118 54.91219284112967
  endloop
endfacet
facet normal -1.0 -1.0570462690826147e-16 4.963111503687898e-16
  outer loop
    vertex 2.0085434870032923 20.57865366680351 54.36559272096145
    vertex 2.0085434870032937 22.127717898082118 54.91219284112967
    vertex 2.0085434870032928 20.594454551698917 54.19812418535569
  endloop
endfacet
facet normal -1.0 -1.0570462690826147e-16 4.963111503687898e-16
  outer loop
    vertex 2.0085434870032928 20.594454551698917 54.19812418535569
    vertex 2.0085434870032937 22.127717898082118 54.91219284112967
    vertex 2.0085434870032914 20.75081696888333 53.64639904981197
  endloop
endfacet
facet normal -1.0 -1.0570462690826147e-16 4.963111503687898e-16
  outer loop
    vertex 2.0085434870032914 20.75081696888333 53.64639904981197
    vertex 2.0085434870032937 22.127717898082118 54.91219284112967
    vertex 2.0085434870032928 22.228434846530195 54.65055941218342
  endloop
endfacet
facet normal -1.0 -1.0570462690826147e-16 4.963111503687898e-16
  outer loop
    vertex 2.0085434870032914 20.75081696888333 53.64639904981197
    vertex 2.0085434870032928 22.228434846530195 54.65055941218342
    vertex 2.0085434870032928 22.269727088306553 54.48749399846701
  endloop
endfacet
facet normal -1.0 -1.0570462690826147e-16 4.963111503687898e-16
  outer loop
    vertex 2.0085434870032914 20.75081696888333 53.64639904981197
    vertex 2.0085434870032928 22.269727088306553 54.48749399846701
    vertex 2.0085434870032923 20.752630911571533 53.5651501159349
  endloop
endfacet
facet normal -1.0 -1.0570462690826147e-16 4.963111503687898e-16
  outer loop
    vertex 2.0085434870032923 20.752630911571533 53.5651501159349
    vertex 2.0085434870032928 22.269727088306553 54.48749399846701
    vertex 2.0085434870032923 20.71357736508197 53.493879503822875
  endloop
endfacet
facet normal -1.0 -1.0570462690826147e-16 4.963111503687898e-16
  outer loop
    vertex 2.0085434870032923 20.71357736508197 53.493879503822875
    vertex 2.0085434870032928 22.269727088306553 54.48749399846701
    vertex 2.0085434870032923 22.30750177065095 53.91528520434352
  endloop
endfacet
facet normal -1.0 -1.0570462690826147e-16 4.963111503687898e-16
  outer loop
    vertex 2.0085434870032923 20.71357736508197 53.493879503822875
    vertex 2.0085434870032923 22.30750177065095 53.91528520434352
    vertex 2.008543487003291 17.63858901129363 51.54995256117351
  endloop
endfacet
facet normal -1.0 -1.0570462690826147e-16 4.963111503687898e-16
  outer loop
    vertex 2.008543487003291 17.63858901129363 51.54995256117351
    vertex 2.0085434870032923 22.30750177065095 53.91528520434352
    vertex 2.008543487003291 16.574228191862264 50.29086010183656
  endloop
endfacet
facet normal -1.0 -1.0570462690826147e-16 4.963111503687898e-16
  outer loop
    vertex 2.008543487003291 16.574228191862264 50.29086010183656
    vertex 2.0085434870032923 22.30750177065095 53.91528520434352
    vertex 2.008543487003291 16.6329625151464 50.2346910809034
  endloop
endfacet
facet normal -1.0 -1.0570462690826147e-16 4.963111503687898e-16
  outer loop
    vertex 2.008543487003291 16.6329625151464 50.2346910809034
    vertex 2.0085434870032923 22.30750177065095 53.91528520434352
    vertex 2.0085434870032923 22.333048014832208 53.83813555073143
  endloop
endfacet
facet normal -1.0 -1.0570462690826147e-16 4.963111503687898e-16
  outer loop
    vertex 2.008543487003291 16.6329625151464 50.2346910809034
    vertex 2.0085434870032923 22.333048014832208 53.83813555073143
    vertex 2.0085434870032923 22.393746538070516 53.784095112900815
  endloop
endfacet
facet normal -1.0 -1.0570462690826147e-16 4.963111503687898e-16
  outer loop
    vertex 2.008543487003291 16.6329625151464 50.2346910809034
    vertex 2.0085434870032923 22.393746538070516 53.784095112900815
    vertex 2.008543487003291 16.65574342071799 50.15668012022752
  endloop
endfacet
facet normal -1.0 -1.0570462690826147e-16 4.963111503687898e-16
  outer loop
    vertex 2.008543487003291 16.65574342071799 50.15668012022752
    vertex 2.0085434870032923 22.393746538070516 53.784095112900815
    vertex 2.0085434870032923 22.473333220082402 53.76764398252702
  endloop
endfacet
facet normal -1.0 -1.0570462690826147e-16 4.963111503687898e-16
  outer loop
    vertex 2.008543487003291 16.65574342071799 50.15668012022752
    vertex 2.0085434870032923 22.473333220082402 53.76764398252702
    vertex 2.008543487003291 16.63646678332625 50.077730193722786
  endloop
endfacet
facet normal -1.0 -1.0570462690826147e-16 4.963111503687898e-16
  outer loop
    vertex 2.008543487003291 16.63646678332625 50.077730193722786
    vertex 2.0085434870032923 22.473333220082402 53.76764398252702
    vertex 2.0085434870032923 23.29847884917136 53.746757336677014
  endloop
endfacet
facet normal -1.0 -1.0570462690826147e-16 4.963111503687898e-16
  outer loop
    vertex 2.008543487003291 16.63646678332625 50.077730193722786
    vertex 2.0085434870032923 23.29847884917136 53.746757336677014
    vertex 2.0085434870032914 16.301400477181794 49.32338800899082
  endloop
endfacet
facet normal -1.0 -1.0570462690826147e-16 4.963111503687898e-16
  outer loop
    vertex 2.0085434870032914 16.301400477181794 49.32338800899082
    vertex 2.0085434870032923 23.29847884917136 53.746757336677014
    vertex 2.0085434870032923 23.37879592012388 53.75916087479492
  endloop
endfacet
facet normal -1.0 -1.0570462690826147e-16 4.963111503687898e-16
  outer loop
    vertex 2.0085434870032914 16.301400477181794 49.32338800899082
    vertex 2.0085434870032923 23.37879592012388 53.75916087479492
    vertex 2.0085434870032914 16.255745109899916 49.256155077457294
  endloop
endfacet
facet normal -1.0 -1.0570462690826147e-16 4.963111503687898e-16
  outer loop
    vertex 2.0085434870032937 25.0149123164824 55.62768891586887
    vertex 2.0085434870032928 24.212686329161823 55.607637350023225
    vertex 2.0085434870032923 24.3656461761149 55.774007359905966
  endloop
endfacet
facet normal -1.0 -1.0570462690826147e-16 4.963111503687898e-16
  outer loop
    vertex 2.0085434870032928 24.212686329161823 55.607637350023225
    vertex 2.0085434870032937 25.0149123164824 55.62768891586887
    vertex 2.0085434870032928 23.903044412415074 55.20917799717863
  endloop
endfacet
facet normal -1.0 -1.0570462690826147e-16 4.963111503687898e-16
  outer loop
    vertex 2.0085434870032928 23.903044412415074 55.20917799717863
    vertex 2.0085434870032937 25.0149123164824 55.62768891586887
    vertex 2.0085434870032928 23.70155765321066 54.872354741730994
  endloop
endfacet
facet normal -1.0 -1.0570462690826147e-16 4.963111503687898e-16
  outer loop
    vertex 2.0085434870032928 23.70155765321066 54.872354741730994
    vertex 2.0085434870032937 25.0149123164824 55.62768891586887
    vertex 2.0085434870032928 23.587732882806318 54.61615193829344
  endloop
endfacet
facet normal -1.0 -1.0570462690826147e-16 4.963111503687898e-16
  outer loop
    vertex 2.0085434870032928 23.587732882806318 54.61615193829344
    vertex 2.0085434870032937 25.0149123164824 55.62768891586887
    vertex 2.0085434870032937 25.081724402242735 55.411791161909626
  endloop
endfacet
facet normal -1.0 -1.0570462690826147e-16 4.963111503687898e-16
  outer loop
    vertex 2.0085434870032928 23.587732882806318 54.61615193829344
    vertex 2.0085434870032937 25.081724402242735 55.411791161909626
    vertex 2.0085434870032928 23.538243562937975 54.45538444904143
  endloop
endfacet
facet normal -1.0 -1.0570462690826147e-16 4.963111503687898e-16
  outer loop
    vertex 2.0085434870032928 23.538243562937975 54.45538444904143
    vertex 2.0085434870032937 25.081724402242735 55.411791161909626
    vertex 2.0085434870032923 23.47156753123668 53.88581958223956
  endloop
endfacet
facet normal -1.0 -1.0570462690826147e-16 4.963111503687898e-16
  outer loop
    vertex 2.0085434870032923 23.47156753123668 53.88581958223956
    vertex 2.0085434870032937 25.081724402242735 55.411791161909626
    vertex 2.008543487003293 25.19052165812179 54.91903246884665
  endloop
endfacet
facet normal -1.0 -1.0570462690826147e-16 4.963111503687898e-16
  outer loop
    vertex 2.0085434870032923 23.47156753123668 53.88581958223956
    vertex 2.008543487003293 25.19052165812179 54.91903246884665
    vertex 2.0085434870032923 23.44215077486738 53.810061189378146
  endloop
endfacet
facet normal -1.0 -1.0570462690826147e-16 4.963111503687898e-16
  outer loop
    vertex 2.0085434870032923 23.44215077486738 53.810061189378146
    vertex 2.008543487003293 25.19052165812179 54.91903246884665
    vertex 2.0085434870032923 25.228056430747063 54.52834338480537
  endloop
endfacet
facet normal -1.0 -1.0570462690826147e-16 4.963111503687898e-16
  outer loop
    vertex 2.0085434870032923 23.44215077486738 53.810061189378146
    vertex 2.0085434870032923 25.228056430747063 54.52834338480537
    vertex 2.0085434870032923 23.37879592012388 53.75916087479492
  endloop
endfacet
facet normal -1.0 -1.0570462690826147e-16 4.963111503687898e-16
  outer loop
    vertex 2.0085434870032923 23.37879592012388 53.75916087479492
    vertex 2.0085434870032923 25.228056430747063 54.52834338480537
    vertex 2.00854348700329 14.767702598132997 47.91558219505565
  endloop
endfacet
facet normal -1.0 -1.0570462690826147e-16 4.963111503687898e-16
  outer loop
    vertex 2.00854348700329 14.767702598132997 47.91558219505565
    vertex 2.0085434870032923 25.228056430747063 54.52834338480537
    vertex 2.008543487003291 15.023905401570554 47.8017574246513
  endloop
endfacet
facet normal -1.0 -1.0570462690826147e-16 4.963111503687898e-16
  outer loop
    vertex 2.008543487003291 15.023905401570554 47.8017574246513
    vertex 2.0085434870032923 25.228056430747063 54.52834338480537
    vertex 2.0085434870032928 25.220983979384627 54.248082907251735
  endloop
endfacet
facet normal -1.0 -1.0570462690826147e-16 4.963111503687898e-16
  outer loop
    vertex 2.008543487003291 15.023905401570554 47.8017574246513
    vertex 2.0085434870032928 25.220983979384627 54.248082907251735
    vertex 2.008543487003291 15.184672890822547 47.75226810478294
  endloop
endfacet
facet normal -1.0 -1.0570462690826147e-16 4.963111503687898e-16
  outer loop
    vertex 2.008543487003291 15.184672890822547 47.75226810478294
    vertex 2.0085434870032928 25.220983979384627 54.248082907251735
    vertex 2.0085434870032928 25.196730604192318 54.08162825224562
  endloop
endfacet
facet normal -1.0 -1.0570462690826147e-16 4.963111503687898e-16
  outer loop
    vertex 2.008543487003291 15.184672890822547 47.75226810478294
    vertex 2.0085434870032928 25.196730604192318 54.08162825224562
    vertex 2.00854348700329 15.754237757624441 47.68559207308165
  endloop
endfacet
facet normal -1.0 -1.0570462690826147e-16 4.963111503687898e-16
  outer loop
    vertex 2.00854348700329 15.754237757624441 47.68559207308165
    vertex 2.0085434870032928 25.196730604192318 54.08162825224562
    vertex 2.0085434870032928 25.012655034692752 53.53852051393591
  endloop
endfacet
facet normal -1.0 -1.0570462690826147e-16 4.963111503687898e-16
  outer loop
    vertex 2.00854348700329 15.754237757624441 47.68559207308165
    vertex 2.0085434870032928 25.012655034692752 53.53852051393591
    vertex 2.008543487003292 25.006732792574308 53.45746740361606
  endloop
endfacet
facet normal -1.0 -1.0570462690826147e-16 4.963111503687898e-16
  outer loop
    vertex 2.00854348700329 15.754237757624441 47.68559207308165
    vertex 2.008543487003292 25.006732792574308 53.45746740361606
    vertex 2.0085434870032897 15.829996150485847 47.65617531671235
  endloop
endfacet
facet normal -1.0 -1.0570462690826147e-16 4.963111503687898e-16
  outer loop
    vertex 2.0085434870032897 15.829996150485847 47.65617531671235
    vertex 2.008543487003292 25.006732792574308 53.45746740361606
    vertex 2.0085434870032928 25.04213053561231 53.38431222996406
  endloop
endfacet
facet normal -1.0 -1.0570462690826147e-16 4.963111503687898e-16
  outer loop
    vertex 2.0085434870032897 15.829996150485847 47.65617531671235
    vertex 2.0085434870032928 25.04213053561231 53.38431222996406
    vertex 2.0085434870032897 15.880896465069045 47.59282046196888
  endloop
endfacet
facet normal -1.0 -1.0570462690826147e-16 4.963111503687898e-16
  outer loop
    vertex 2.0085434870032897 15.880896465069045 47.59282046196888
    vertex 2.0085434870032928 25.04213053561231 53.38431222996406
    vertex 2.0085434870032897 15.89330000318699 47.512503391016374
  endloop
endfacet
facet normal -1.0 -1.0570462690826147e-16 4.963111503687898e-16
  outer loop
    vertex 2.0085434870032897 15.89330000318699 47.512503391016374
    vertex 2.0085434870032928 25.04213053561231 53.38431222996406
    vertex 2.0085434870032928 25.109363467145823 53.3386568626822
  endloop
endfacet
facet normal -1.0 -1.0570462690826147e-16 4.963111503687898e-16
  outer loop
    vertex 2.0085434870032897 15.89330000318699 47.512503391016374
    vertex 2.0085434870032928 25.109363467145823 53.3386568626822
    vertex 2.008543487003289 15.872413357336981 46.68735776192738
  endloop
endfacet
facet normal -1.0 -1.0570462690826147e-16 4.963111503687898e-16
  outer loop
    vertex 2.008543487003289 15.872413357336981 46.68735776192738
    vertex 2.0085434870032928 25.109363467145823 53.3386568626822
    vertex 2.0085434870032914 25.8637056518778 53.00359055653773
  endloop
endfacet
facet normal -1.0 -1.0570462690826147e-16 4.963111503687898e-16
  outer loop
    vertex 2.008543487003289 15.872413357336981 46.68735776192738
    vertex 2.0085434870032914 25.8637056518778 53.00359055653773
    vertex 2.0085434870032914 25.94265557838253 52.984313919146
  endloop
endfacet
facet normal -1.0 -1.0570462690826147e-16 4.963111503687898e-16
  outer loop
    vertex 2.008543487003289 15.872413357336981 46.68735776192738
    vertex 2.0085434870032914 25.94265557838253 52.984313919146
    vertex 2.008543487003289 15.855962226963186 46.607771079915494
  endloop
endfacet
facet normal -1.0 -1.0570462690826147e-16 4.963111503687898e-16
  outer loop
    vertex 2.008543487003289 15.855962226963186 46.607771079915494
    vertex 2.0085434870032914 25.94265557838253 52.984313919146
    vertex 2.0085434870032914 26.0206665390584 53.00709482471758
  endloop
endfacet
facet normal -1.0 -1.0570462690826147e-16 4.963111503687898e-16
  outer loop
    vertex 2.008543487003289 15.855962226963186 46.607771079915494
    vertex 2.0085434870032914 26.0206665390584 53.00709482471758
    vertex 2.008543487003289 15.801921789132566 46.54707255667721
  endloop
endfacet
facet normal -1.0 -1.0570462690826147e-16 4.963111503687898e-16
  outer loop
    vertex 2.0085434870032914 27.42045118183663 54.37296745699105
    vertex 2.008543487003292 26.666849387346154 53.889255380671585
    vertex 2.008543487003292 26.98189555974221 54.12333384786497
  endloop
endfacet
facet normal -1.0 -1.0570462690826147e-16 4.963111503687898e-16
  outer loop
    vertex 2.008543487003292 26.666849387346154 53.889255380671585
    vertex 2.0085434870032914 27.42045118183663 54.37296745699105
    vertex 2.0085434870032914 27.625434700157175 54.468138104699385
  endloop
endfacet
facet normal -1.0 -1.0570462690826147e-16 4.963111503687898e-16
  outer loop
    vertex 2.008543487003292 26.666849387346154 53.889255380671585
    vertex 2.0085434870032914 27.625434700157175 54.468138104699385
    vertex 2.008543487003292 26.463644443475708 53.696113708230094
  endloop
endfacet
facet normal -1.0 -1.0570462690826147e-16 4.963111503687898e-16
  outer loop
    vertex 2.008543487003292 26.463644443475708 53.696113708230094
    vertex 2.0085434870032914 27.625434700157175 54.468138104699385
    vertex 2.008543487003292 28.16928475401287 54.08449409391032
  endloop
endfacet
facet normal -1.0 -1.0570462690826147e-16 4.963111503687898e-16
  outer loop
    vertex 2.008543487003292 26.463644443475708 53.696113708230094
    vertex 2.008543487003292 28.16928475401287 54.08449409391032
    vertex 2.0085434870032928 26.35639921917178 53.56652265820958
  endloop
endfacet
facet normal -1.0 -1.0570462690826147e-16 4.963111503687898e-16
  outer loop
    vertex 2.0085434870032928 26.35639921917178 53.56652265820958
    vertex 2.008543487003292 28.16928475401287 54.08449409391032
    vertex 2.0085434870032914 26.07683555999156 53.06582914800172
  endloop
endfacet
facet normal -1.0 -1.0570462690826147e-16 4.963111503687898e-16
  outer loop
    vertex 2.0085434870032914 26.07683555999156 53.06582914800172
    vertex 2.008543487003292 28.16928475401287 54.08449409391032
    vertex 2.0085434870032914 26.0206665390584 53.00709482471758
  endloop
endfacet
facet normal -1.0 -1.0570462690826147e-16 4.963111503687898e-16
  outer loop
    vertex 2.0085434870032906 28.768556883903013 51.745545511131255
    vertex 2.0085434870032906 28.169992614583585 51.31126385747941
    vertex 2.0085434870032906 28.619882868383385 51.66685996296204
  endloop
endfacet
facet normal -1.0 -1.0570462690826147e-16 4.963111503687898e-16
  outer loop
    vertex 2.0085434870032906 28.169992614583585 51.31126385747941
    vertex 2.0085434870032906 28.768556883903013 51.745545511131255
    vertex 2.0085434870032906 29.030205890592647 51.846221983781035
  endloop
endfacet
facet normal -1.0 -1.0570462690826147e-16 4.963111503687898e-16
  outer loop
    vertex 2.0085434870032897 29.663175701879585 50.330398477565986
    vertex 2.0085434870032906 29.01412851238192 49.9759729070865
    vertex 2.0085434870032897 29.866350764374314 50.523571583424776
  endloop
endfacet
facet normal -1.0 -1.0570462690826147e-16 4.963111503687898e-16
  outer loop
    vertex 2.0085434870032906 29.01412851238192 49.9759729070865
    vertex 2.0085434870032897 29.663175701879585 50.330398477565986
    vertex 2.0085434870032897 29.52832476049955 50.229846988316254
  endloop
endfacet
facet normal -1.0 -1.0570462690826147e-16 4.963111503687898e-16
  outer loop
    vertex 2.008543487003288 16.411904285637075 43.878108974622485
    vertex 2.0085434870032888 15.762857096139436 43.52368340414299
    vertex 2.0085434870032888 15.897708037519473 43.624234893392725
  endloop
endfacet
facet normal -1.0 -1.0570462690826147e-16 4.963111503687898e-16
  outer loop
    vertex 2.0085434870032888 15.762857096139436 43.52368340414299
    vertex 2.008543487003288 16.411904285637075 43.878108974622485
    vertex 2.008543487003288 15.559682033644684 43.330510298284196
  endloop
endfacet
facet normal -1.0 -1.0570462690826147e-16 4.963111503687898e-16
  outer loop
    vertex 2.008543487003291 14.22826617795436 49.29574894408775
    vertex 2.0085434870032906 13.866049979958003 48.57967071795988
    vertex 2.008543487003291 14.012368423995138 49.22893685832739
  endloop
endfacet
facet normal -1.0 -1.0570462690826147e-16 4.963111503687898e-16
  outer loop
    vertex 2.0085434870032906 13.866049979958003 48.57967071795988
    vertex 2.008543487003291 14.22826617795436 49.29574894408775
    vertex 2.00854348700329 14.721024871017345 49.40454619996678
  endloop
endfacet
facet normal -1.0 -1.0570462690826147e-16 4.963111503687898e-16
  outer loop
    vertex 2.0085434870032906 13.866049979958003 48.57967071795988
    vertex 2.00854348700329 14.721024871017345 49.40454619996678
    vertex 2.008543487003291 15.111713955058603 49.442080972592045
  endloop
endfacet
facet normal -1.0 -1.0570462690826147e-16 4.963111503687898e-16
  outer loop
    vertex 2.0085434870032906 13.866049979958003 48.57967071795988
    vertex 2.008543487003291 15.111713955058603 49.442080972592045
    vertex 2.008543487003291 15.391974432612258 49.43500852122962
  endloop
endfacet
facet normal -1.0 -1.0570462690826147e-16 4.963111503687898e-16
  outer loop
    vertex 2.0085434870032906 13.866049979958003 48.57967071795988
    vertex 2.008543487003291 15.391974432612258 49.43500852122962
    vertex 2.0085434870032906 14.032419989840756 48.426710871006804
  endloop
endfacet
facet normal -1.0 -1.0570462690826147e-16 4.963111503687898e-16
  outer loop
    vertex 2.0085434870032906 14.032419989840756 48.426710871006804
    vertex 2.008543487003291 15.391974432612258 49.43500852122962
    vertex 2.008543487003291 15.558429087618352 49.41075514603732
  endloop
endfacet
facet normal -1.0 -1.0570462690826147e-16 4.963111503687898e-16
  outer loop
    vertex 2.0085434870032906 14.032419989840756 48.426710871006804
    vertex 2.008543487003291 15.558429087618352 49.41075514603732
    vertex 2.0085434870032914 16.101536825928076 49.22667957653775
  endloop
endfacet
facet normal -1.0 -1.0570462690826147e-16 4.963111503687898e-16
  outer loop
    vertex 2.0085434870032906 14.032419989840756 48.426710871006804
    vertex 2.0085434870032914 16.101536825928076 49.22667957653775
    vertex 2.0085434870032906 14.430879342685353 48.117068954260056
  endloop
endfacet
facet normal -1.0 -1.0570462690826147e-16 4.963111503687898e-16
  outer loop
    vertex 2.0085434870032906 14.430879342685353 48.117068954260056
    vertex 2.0085434870032914 16.101536825928076 49.22667957653775
    vertex 2.0085434870032914 16.182589936247957 49.22075733441929
  endloop
endfacet
facet normal -1.0 -1.0570462690826147e-16 4.963111503687898e-16
  outer loop
    vertex 2.0085434870032906 14.430879342685353 48.117068954260056
    vertex 2.0085434870032914 16.182589936247957 49.22075733441929
    vertex 2.00854348700329 14.767702598132997 47.91558219505565
  endloop
endfacet
facet normal -1.0 -1.0570462690826147e-16 4.963111503687898e-16
  outer loop
    vertex 2.00854348700329 14.767702598132997 47.91558219505565
    vertex 2.0085434870032914 16.182589936247957 49.22075733441929
    vertex 2.0085434870032914 16.255745109899916 49.256155077457294
  endloop
endfacet
facet normal -1.0 -1.0570462690826147e-16 4.963111503687898e-16
  outer loop
    vertex 2.00854348700329 14.767702598132997 47.91558219505565
    vertex 2.0085434870032914 16.255745109899916 49.256155077457294
    vertex 2.0085434870032923 23.37879592012388 53.75916087479492
  endloop
endfacet
facet normal -1.0 -1.0570462690826147e-16 4.963111503687898e-16
  outer loop
    vertex 2.0085434870032923 15.780594640254016 52.362415120891185
    vertex 2.0085434870032928 15.17191923516462 51.83945924200214
    vertex 2.0085434870032923 15.555563245953673 52.383309295857856
  endloop
endfacet
facet normal -1.0 -1.0570462690826147e-16 4.963111503687898e-16
  outer loop
    vertex 2.0085434870032928 15.17191923516462 51.83945924200214
    vertex 2.0085434870032923 15.780594640254016 52.362415120891185
    vertex 2.0085434870032923 16.277479218553577 52.27436009080216
  endloop
endfacet
facet normal -1.0 -1.0570462690826147e-16 4.963111503687898e-16
  outer loop
    vertex 2.0085434870032928 15.17191923516462 51.83945924200214
    vertex 2.0085434870032923 16.277479218553577 52.27436009080216
    vertex 2.008543487003292 15.26708988287294 51.63447572368161
  endloop
endfacet
facet normal -1.0 -1.0570462690826147e-16 4.963111503687898e-16
  outer loop
    vertex 2.008543487003292 15.26708988287294 51.63447572368161
    vertex 2.0085434870032923 16.277479218553577 52.27436009080216
    vertex 2.0085434870032928 16.652792802496187 52.159527459319634
  endloop
endfacet
facet normal -1.0 -1.0570462690826147e-16 4.963111503687898e-16
  outer loop
    vertex 2.008543487003292 15.26708988287294 51.63447572368161
    vertex 2.0085434870032928 16.652792802496187 52.159527459319634
    vertex 2.0085434870032928 15.516723491999 51.19592010158717
  endloop
endfacet
facet normal -1.0 -1.0570462690826147e-16 4.963111503687898e-16
  outer loop
    vertex 2.0085434870032928 15.516723491999 51.19592010158717
    vertex 2.0085434870032928 16.652792802496187 52.159527459319634
    vertex 2.008543487003292 16.909013211517234 52.045742324754706
  endloop
endfacet
facet normal -1.0 -1.0570462690826147e-16 4.963111503687898e-16
  outer loop
    vertex 2.0085434870032928 15.516723491999 51.19592010158717
    vertex 2.008543487003292 16.909013211517234 52.045742324754706
    vertex 2.0085434870032914 15.750801959192442 50.88087392919112
  endloop
endfacet
facet normal -1.0 -1.0570462690826147e-16 4.963111503687898e-16
  outer loop
    vertex 2.0085434870032914 15.750801959192442 50.88087392919112
    vertex 2.008543487003292 16.909013211517234 52.045742324754706
    vertex 2.008543487003292 17.053515895503555 51.95963568910932
  endloop
endfacet
facet normal -1.0 -1.0570462690826147e-16 4.963111503687898e-16
  outer loop
    vertex 2.0085434870032914 15.750801959192442 50.88087392919112
    vertex 2.008543487003292 17.053515895503555 51.95963568910932
    vertex 2.008543487003291 17.48483934812575 51.5817337045729
  endloop
endfacet
facet normal -1.0 -1.0570462690826147e-16 4.963111503687898e-16
  outer loop
    vertex 2.0085434870032914 15.750801959192442 50.88087392919112
    vertex 2.008543487003291 17.48483934812575 51.5817337045729
    vertex 2.0085434870032923 15.943943631633898 50.67766898532069
  endloop
endfacet
facet normal -1.0 -1.0570462690826147e-16 4.963111503687898e-16
  outer loop
    vertex 2.0085434870032923 15.943943631633898 50.67766898532069
    vertex 2.008543487003291 17.48483934812575 51.5817337045729
    vertex 2.0085434870032914 16.073534681654404 50.57042376101676
  endloop
endfacet
facet normal -1.0 -1.0570462690826147e-16 4.963111503687898e-16
  outer loop
    vertex 2.0085434870032914 16.073534681654404 50.57042376101676
    vertex 2.008543487003291 17.48483934812575 51.5817337045729
    vertex 2.008543487003291 17.557456313855486 51.545244583831995
  endloop
endfacet
facet normal -1.0 -1.0570462690826147e-16 4.963111503687898e-16
  outer loop
    vertex 2.0085434870032914 16.073534681654404 50.57042376101676
    vertex 2.008543487003291 17.557456313855486 51.545244583831995
    vertex 2.008543487003291 17.63858901129363 51.54995256117351
  endloop
endfacet
facet normal -1.0 -1.0570462690826147e-16 4.963111503687898e-16
  outer loop
    vertex 2.0085434870032914 16.073534681654404 50.57042376101676
    vertex 2.008543487003291 17.63858901129363 51.54995256117351
    vertex 2.008543487003291 16.574228191862264 50.29086010183656
  endloop
endfacet
facet normal -1.0 -1.0570462690826147e-16 4.963111503687898e-16
  outer loop
    vertex 2.008543487003293 18.38832147276443 54.60159485057371
    vertex 2.0085434870032923 17.625852173350555 54.35137661087748
    vertex 2.008543487003293 18.18841542799056 54.707014337534865
  endloop
endfacet
facet normal -1.0 -1.0570462690826147e-16 4.963111503687898e-16
  outer loop
    vertex 2.0085434870032923 17.625852173350555 54.35137661087748
    vertex 2.008543487003293 18.38832147276443 54.60159485057371
    vertex 2.0085434870032928 17.635334590494946 54.12557630367356
  endloop
endfacet
facet normal -1.0 -1.0570462690826147e-16 4.963111503687898e-16
  outer loop
    vertex 2.0085434870032928 17.635334590494946 54.12557630367356
    vertex 2.008543487003293 18.38832147276443 54.60159485057371
    vertex 2.0085434870032928 18.813685763524443 54.3300931146268
  endloop
endfacet
facet normal -1.0 -1.0570462690826147e-16 4.963111503687898e-16
  outer loop
    vertex 2.0085434870032928 17.635334590494946 54.12557630367356
    vertex 2.0085434870032928 18.813685763524443 54.3300931146268
    vertex 2.008543487003292 17.698138001847344 53.6248730941787
  endloop
endfacet
facet normal -1.0 -1.0570462690826147e-16 4.963111503687898e-16
  outer loop
    vertex 2.008543487003292 17.698138001847344 53.6248730941787
    vertex 2.0085434870032928 18.813685763524443 54.3300931146268
    vertex 2.0085434870032928 17.793835356082965 53.24423043243763
  endloop
endfacet
facet normal -1.0 -1.0570462690826147e-16 4.963111503687898e-16
  outer loop
    vertex 2.0085434870032928 17.793835356082965 53.24423043243763
    vertex 2.0085434870032928 18.813685763524443 54.3300931146268
    vertex 2.0085434870032928 19.116485756439204 54.0803753062193
  endloop
endfacet
facet normal -1.0 -1.0570462690826147e-16 4.963111503687898e-16
  outer loop
    vertex 2.0085434870032928 17.793835356082965 53.24423043243763
    vertex 2.0085434870032928 19.116485756439204 54.0803753062193
    vertex 2.0085434870032928 19.309658862297976 53.87720024372456
  endloop
endfacet
facet normal -1.0 -1.0570462690826147e-16 4.963111503687898e-16
  outer loop
    vertex 2.0085434870032928 17.793835356082965 53.24423043243763
    vertex 2.0085434870032928 19.309658862297976 53.87720024372456
    vertex 2.0085434870032914 17.894511828732742 52.982581425747995
  endloop
endfacet
facet normal -1.0 -1.0570462690826147e-16 4.963111503687898e-16
  outer loop
    vertex 2.0085434870032914 17.894511828732742 52.982581425747995
    vertex 2.0085434870032928 19.309658862297976 53.87720024372456
    vertex 2.0085434870032928 19.41021035154772 53.74234930234451
  endloop
endfacet
facet normal -1.0 -1.0570462690826147e-16 4.963111503687898e-16
  outer loop
    vertex 2.0085434870032914 17.894511828732742 52.982581425747995
    vertex 2.0085434870032928 19.41021035154772 53.74234930234451
    vertex 2.0085434870032923 17.973197376901943 52.833907410228356
  endloop
endfacet
facet normal -1.0 -1.0570462690826147e-16 4.963111503687898e-16
  outer loop
    vertex 2.0085434870032923 17.973197376901943 52.833907410228356
    vertex 2.0085434870032928 19.41021035154772 53.74234930234451
    vertex 2.0085434870032923 19.664084432777493 53.2281530542269
  endloop
endfacet
facet normal -1.0 -1.0570462690826147e-16 4.963111503687898e-16
  outer loop
    vertex 2.0085434870032923 17.973197376901943 52.833907410228356
    vertex 2.0085434870032923 19.664084432777493 53.2281530542269
    vertex 2.008543487003291 18.328793482384576 52.384017156428534
  endloop
endfacet
facet normal -1.0 -1.0570462690826147e-16 4.963111503687898e-16
  outer loop
    vertex 2.008543487003291 18.328793482384576 52.384017156428534
    vertex 2.0085434870032923 19.664084432777493 53.2281530542269
    vertex 2.0085434870032923 19.71720997915915 53.16665219272168
  endloop
endfacet
facet normal -1.0 -1.0570462690826147e-16 4.963111503687898e-16
  outer loop
    vertex 2.008543487003291 18.328793482384576 52.384017156428534
    vertex 2.0085434870032923 19.71720997915915 53.16665219272168
    vertex 2.008543487003292 18.36156196779942 52.30964709519519
  endloop
endfacet
facet normal -1.0 -1.0570462690826147e-16 4.963111503687898e-16
  outer loop
    vertex 2.008543487003292 18.36156196779942 52.30964709519519
    vertex 2.0085434870032923 19.71720997915915 53.16665219272168
    vertex 2.0085434870032923 19.79396848266821 53.13995365749436
  endloop
endfacet
facet normal -1.0 -1.0570462690826147e-16 4.963111503687898e-16
  outer loop
    vertex 2.008543487003292 18.36156196779942 52.30964709519519
    vertex 2.0085434870032923 19.79396848266821 53.13995365749436
    vertex 2.008543487003292 18.352755277995545 52.22885649017869
  endloop
endfacet
facet normal -1.0 -1.0570462690826147e-16 4.963111503687898e-16
  outer loop
    vertex 2.008543487003292 18.352755277995545 52.22885649017869
    vertex 2.0085434870032923 19.79396848266821 53.13995365749436
    vertex 2.0085434870032923 19.873792564277196 53.155211299498184
  endloop
endfacet
facet normal -1.0 -1.0570462690826147e-16 4.963111503687898e-16
  outer loop
    vertex 2.008543487003292 18.352755277995545 52.22885649017869
    vertex 2.0085434870032923 19.873792564277196 53.155211299498184
    vertex 2.008543487003292 18.30473315839387 52.16329311874922
  endloop
endfacet
facet normal -1.0 -1.0570462690826147e-16 4.963111503687898e-16
  outer loop
    vertex 2.008543487003292 18.30473315839387 52.16329311874922
    vertex 2.0085434870032923 19.873792564277196 53.155211299498184
    vertex 2.0085434870032923 20.64412069565812 53.451684116435366
  endloop
endfacet
facet normal -1.0 -1.0570462690826147e-16 4.963111503687898e-16
  outer loop
    vertex 2.008543487003292 18.30473315839387 52.16329311874922
    vertex 2.0085434870032923 20.64412069565812 53.451684116435366
    vertex 2.008543487003291 17.706497999681847 51.59459613787074
  endloop
endfacet
facet normal -1.0 -1.0570462690826147e-16 4.963111503687898e-16
  outer loop
    vertex 2.008543487003291 17.706497999681847 51.59459613787074
    vertex 2.0085434870032923 20.64412069565812 53.451684116435366
    vertex 2.0085434870032923 20.71357736508197 53.493879503822875
  endloop
endfacet
facet normal -1.0 -1.0570462690826147e-16 4.963111503687898e-16
  outer loop
    vertex 2.008543487003291 17.706497999681847 51.59459613787074
    vertex 2.0085434870032923 20.71357736508197 53.493879503822875
    vertex 2.008543487003291 17.63858901129363 51.54995256117351
  endloop
endfacet
facet normal -1.0 -1.0570462690826147e-16 4.963111503687898e-16
  outer loop
    vertex 2.0085434870032874 31.632264413356765 48.12996024760885
    vertex 2.0085434870032883 29.624111008886445 47.30700932503177
    vertex 2.008543487003288 31.51898163391729 48.78579759022943
  endloop
endfacet
facet normal -1.0 -1.0570462690826147e-16 4.963111503687898e-16
  outer loop
    vertex 2.0085434870032883 29.624111008886445 47.30700932503177
    vertex 2.0085434870032874 31.632264413356765 48.12996024760885
    vertex 2.0085434870032883 29.70126066249853 47.332555569213035
  endloop
endfacet
facet normal -1.0 -1.0570462690826147e-16 4.963111503687898e-16
  outer loop
    vertex 2.0085434870032883 29.70126066249853 47.332555569213035
    vertex 2.0085434870032874 31.632264413356765 48.12996024760885
    vertex 2.0085434870032883 30.273469456622042 47.370330251557434
  endloop
endfacet
facet normal -1.0 -1.0570462690826147e-16 4.963111503687898e-16
  outer loop
    vertex 2.0085434870032883 30.273469456622042 47.370330251557434
    vertex 2.0085434870032874 31.632264413356765 48.12996024760885
    vertex 2.0085434870032883 30.436534870338438 47.41162249333381
  endloop
endfacet
facet normal -1.0 -1.0570462690826147e-16 4.963111503687898e-16
  outer loop
    vertex 2.0085434870032883 30.436534870338438 47.41162249333381
    vertex 2.0085434870032874 31.632264413356765 48.12996024760885
    vertex 2.0085434870032883 30.69816829928469 47.512339441781876
  endloop
endfacet
facet normal -1.0 -1.0570462690826147e-16 4.963111503687898e-16
  outer loop
    vertex 2.0085434870032883 30.69816829928469 47.512339441781876
    vertex 2.0085434870032874 31.632264413356765 48.12996024760885
    vertex 2.0085434870032874 31.458368775660933 47.98561343552546
  endloop
endfacet
facet normal -1.0 -1.0570462690826147e-16 4.963111503687898e-16
  outer loop
    vertex 2.0085434870032883 30.69816829928469 47.512339441781876
    vertex 2.0085434870032874 31.458368775660933 47.98561343552546
    vertex 2.0085434870032883 31.044754011984715 47.69652728963633
  endloop
endfacet
facet normal -1.0 -1.0570462690826147e-16 4.963111503687898e-16
  outer loop
    vertex 2.008543487003291 27.380571596025767 51.93355934018216
    vertex 2.0085434870032843 23.54139630066657 49.58023863474488
    vertex 2.008543487003291 27.335928019328524 52.00146832857039
  endloop
endfacet
facet normal -1.0 -1.0570462690826147e-16 4.963111503687898e-16
  outer loop
    vertex 2.0085434870032843 23.54139630066657 49.58023863474488
    vertex 2.008543487003291 27.380571596025767 51.93355934018216
    vertex 2.0085434870032843 24.01457412703837 49.40614309296686
  endloop
endfacet
facet normal -1.0 -1.0570462690826147e-16 4.963111503687898e-16
  outer loop
    vertex 2.0085434870032843 24.01457412703837 49.40614309296686
    vertex 2.008543487003291 27.380571596025767 51.93355934018216
    vertex 2.0085434870032906 27.949268576904252 51.33532418147014
  endloop
endfacet
facet normal -1.0 -1.0570462690826147e-16 4.963111503687898e-16
  outer loop
    vertex 2.0085434870032843 24.01457412703837 49.40614309296686
    vertex 2.0085434870032906 27.949268576904252 51.33532418147014
    vertex 2.0085434870032843 24.611863474640028 48.98480180727438
  endloop
endfacet
facet normal -1.0 -1.0570462690826147e-16 4.963111503687898e-16
  outer loop
    vertex 2.0085434870032843 24.611863474640028 48.98480180727438
    vertex 2.0085434870032906 27.949268576904252 51.33532418147014
    vertex 2.0085434870032906 28.0148319483337 51.28730206186843
  endloop
endfacet
facet normal -1.0 -1.0570462690826147e-16 4.963111503687898e-16
  outer loop
    vertex 2.0085434870032843 24.611863474640028 48.98480180727438
    vertex 2.0085434870032906 28.0148319483337 51.28730206186843
    vertex 2.0085434870032906 28.095622553350204 51.27849537206457
  endloop
endfacet
facet normal -1.0 -1.0570462690826147e-16 4.963111503687898e-16
  outer loop
    vertex 2.0085434870032843 24.611863474640028 48.98480180727438
    vertex 2.0085434870032906 28.095622553350204 51.27849537206457
    vertex 2.0085434870032906 28.169992614583585 51.31126385747941
  endloop
endfacet
facet normal -1.0 -1.0570462690826147e-16 4.963111503687898e-16
  outer loop
    vertex 2.0085434870032843 24.611863474640028 48.98480180727438
    vertex 2.0085434870032906 28.169992614583585 51.31126385747941
    vertex 2.0085434870032906 29.030205890592647 51.846221983781035
  endloop
endfacet
facet normal -1.0 -1.0570462690826147e-16 4.963111503687898e-16
  outer loop
    vertex 2.0085434870032843 24.611863474640028 48.98480180727438
    vertex 2.0085434870032906 29.030205890592647 51.846221983781035
    vertex 2.008543487003291 29.41084855233374 51.941919338016625
  endloop
endfacet
facet normal -1.0 -1.0570462690826147e-16 4.963111503687898e-16
  outer loop
    vertex 2.0085434870032843 24.611863474640028 48.98480180727438
    vertex 2.008543487003291 29.41084855233374 51.941919338016625
    vertex 2.0085434870032848 25.079749532030633 48.42322751914601
  endloop
endfacet
facet normal -1.0 -1.0570462690826147e-16 4.963111503687898e-16
  outer loop
    vertex 2.0085434870032848 25.079749532030633 48.42322751914601
    vertex 2.008543487003291 29.41084855233374 51.941919338016625
    vertex 2.008543487003291 29.911551761828566 52.00472274936903
  endloop
endfacet
facet normal -1.0 -1.0570462690826147e-16 4.963111503687898e-16
  outer loop
    vertex 2.0085434870032848 25.079749532030633 48.42322751914601
    vertex 2.008543487003291 29.911551761828566 52.00472274936903
    vertex 2.0085434870032906 30.137352069032517 52.01420516651343
  endloop
endfacet
facet normal -1.0 -1.0570462690826147e-16 4.963111503687898e-16
  outer loop
    vertex 2.0085434870032848 25.079749532030633 48.42322751914601
    vertex 2.0085434870032906 30.137352069032517 52.01420516651343
    vertex 2.00854348700329 30.49298979568988 51.45164191187344
  endloop
endfacet
facet normal -1.0 -1.0570462690826147e-16 4.963111503687898e-16
  outer loop
    vertex 2.0085434870032848 25.079749532030633 48.42322751914601
    vertex 2.00854348700329 30.49298979568988 51.45164191187344
    vertex 2.0085434870032848 25.38634663761727 47.759690588272285
  endloop
endfacet
facet normal -1.0 -1.0570462690826147e-16 4.963111503687898e-16
  outer loop
    vertex 2.0085434870032848 25.38634663761727 47.759690588272285
    vertex 2.00854348700329 30.49298979568988 51.45164191187344
    vertex 2.00854348700329 30.387570308728733 51.251735867099555
  endloop
endfacet
facet normal -1.0 -1.0570462690826147e-16 4.963111503687898e-16
  outer loop
    vertex 2.0085434870032848 25.38634663761727 47.759690588272285
    vertex 2.00854348700329 30.387570308728733 51.251735867099555
    vertex 2.00854348700329 30.116068572781856 50.82637157633955
  endloop
endfacet
facet normal -1.0 -1.0570462690826147e-16 4.963111503687898e-16
  outer loop
    vertex 2.0085434870032848 25.38634663761727 47.759690588272285
    vertex 2.00854348700329 30.116068572781856 50.82637157633955
    vertex 2.0085434870032897 29.866350764374314 50.523571583424776
  endloop
endfacet
facet normal -1.0 -1.0570462690826147e-16 4.963111503687898e-16
  outer loop
    vertex 2.0085434870032848 25.38634663761727 47.759690588272285
    vertex 2.0085434870032897 29.866350764374314 50.523571583424776
    vertex 2.0085434870032906 29.01412851238192 49.9759729070865
  endloop
endfacet
facet normal -1.0 -1.0570462690826147e-16 4.963111503687898e-16
  outer loop
    vertex 2.0085434870032848 25.38634663761727 47.759690588272285
    vertex 2.0085434870032906 29.01412851238192 49.9759729070865
    vertex 2.0085434870032848 25.510760705329883 47.03940995994565
  endloop
endfacet
facet normal -1.0 -1.0570462690826147e-16 4.963111503687898e-16
  outer loop
    vertex 2.0085434870032848 25.510760705329883 47.03940995994565
    vertex 2.0085434870032906 29.01412851238192 49.9759729070865
    vertex 2.0085434870032906 28.952627650876693 49.92284736070483
  endloop
endfacet
facet normal -1.0 -1.0570462690826147e-16 4.963111503687898e-16
  outer loop
    vertex 2.0085434870032848 25.510760705329883 47.03940995994565
    vertex 2.0085434870032906 28.952627650876693 49.92284736070483
    vertex 2.0085434870032906 28.925929115649367 49.84608885719577
  endloop
endfacet
facet normal -1.0 -1.0570462690826147e-16 4.963111503687898e-16
  outer loop
    vertex 2.0085434870032848 25.510760705329883 47.03940995994565
    vertex 2.0085434870032906 28.925929115649367 49.84608885719577
    vertex 2.0085434870032897 28.941186757653213 49.7662647755868
  endloop
endfacet
facet normal -1.0 -1.0570462690826147e-16 4.963111503687898e-16
  outer loop
    vertex 2.0085434870032848 25.510760705329883 47.03940995994565
    vertex 2.0085434870032897 28.941186757653213 49.7662647755868
    vertex 2.008543487003289 29.237659574590392 48.995936644205855
  endloop
endfacet
facet normal -1.0 -1.0570462690826147e-16 4.963111503687898e-16
  outer loop
    vertex 2.0085434870032848 25.510760705329883 47.03940995994565
    vertex 2.008543487003289 29.237659574590392 48.995936644205855
    vertex 2.0085434870032843 25.465064758469936 46.5372960351462
  endloop
endfacet
facet normal -1.0 -1.0570462690826147e-16 4.963111503687898e-16
  outer loop
    vertex 2.0085434870032843 25.465064758469936 46.5372960351462
    vertex 2.008543487003289 29.237659574590392 48.995936644205855
    vertex 2.008543487003289 29.2798549619779 48.92647997478201
  endloop
endfacet
facet normal -1.0 -1.0570462690826147e-16 4.963111503687898e-16
  outer loop
    vertex 2.0085434870032843 25.465064758469936 46.5372960351462
    vertex 2.008543487003289 29.2798549619779 48.92647997478201
    vertex 2.0085434870032848 21.884636497352318 44.27384324696409
  endloop
endfacet
facet normal -1.0 -1.0570462690826147e-16 4.963111503687898e-16
  outer loop
    vertex 2.0085434870032848 21.884636497352318 44.27384324696409
    vertex 2.008543487003289 29.2798549619779 48.92647997478201
    vertex 2.008543487003287 18.09010477869048 41.85261355313858
  endloop
endfacet
facet normal -1.0 -1.0570462690826147e-16 4.963111503687898e-16
  outer loop
    vertex 2.008543487003287 18.09010477869048 41.85261355313858
    vertex 2.008543487003289 29.2798549619779 48.92647997478201
    vertex 2.008543487003286 18.094812756031974 41.77148085570046
  endloop
endfacet
facet normal -1.0 -1.0570462690826147e-16 4.963111503687898e-16
  outer loop
    vertex 2.008543487003286 18.094812756031974 41.77148085570046
    vertex 2.008543487003289 29.2798549619779 48.92647997478201
    vertex 2.008543487003289 29.351125574089913 48.887426428292464
  endloop
endfacet
facet normal -1.0 -1.0570462690826147e-16 4.963111503687898e-16
  outer loop
    vertex 2.008543487003286 18.094812756031974 41.77148085570046
    vertex 2.008543487003289 29.351125574089913 48.887426428292464
    vertex 2.0085434870032857 18.0583236352911 41.69886388997073
  endloop
endfacet
facet normal -1.0 -1.0570462690826147e-16 4.963111503687898e-16
  outer loop
    vertex 2.0085434870032857 18.0583236352911 41.69886388997073
    vertex 2.008543487003289 29.351125574089913 48.887426428292464
    vertex 2.008543487003289 29.432374507966983 48.88924037098066
  endloop
endfacet
facet normal -1.0 -1.0570462690826147e-16 4.963111503687898e-16
  outer loop
    vertex 2.0085434870032857 18.0583236352911 41.69886388997073
    vertex 2.008543487003289 29.432374507966983 48.88924037098066
    vertex 2.008543487003289 29.984099643510707 49.04560278816506
  endloop
endfacet
facet normal -1.0 -1.0570462690826147e-16 4.963111503687898e-16
  outer loop
    vertex 2.0085434870032857 18.0583236352911 41.69886388997073
    vertex 2.008543487003289 29.984099643510707 49.04560278816506
    vertex 2.0085434870032866 17.680421650754674 41.26754043734853
  endloop
endfacet
facet normal -1.0 -1.0570462690826147e-16 4.963111503687898e-16
  outer loop
    vertex 2.0085434870032866 17.680421650754674 41.26754043734853
    vertex 2.008543487003289 29.984099643510707 49.04560278816506
    vertex 2.0085434870032866 17.594315015109302 41.123037753362205
  endloop
endfacet
facet normal -1.0 -1.0570462690826147e-16 4.963111503687898e-16
  outer loop
    vertex 2.0085434870032866 17.594315015109302 41.123037753362205
    vertex 2.008543487003289 29.984099643510707 49.04560278816506
    vertex 2.008543487003289 30.15156817911649 49.06140367306046
  endloop
endfacet
facet normal -1.0 -1.0570462690826147e-16 4.963111503687898e-16
  outer loop
    vertex 2.0085434870032866 17.594315015109302 41.123037753362205
    vertex 2.008543487003289 30.15156817911649 49.06140367306046
    vertex 2.0085434870032857 17.48052988054436 40.866817344341165
  endloop
endfacet
facet normal -1.0 -1.0570462690826147e-16 4.963111503687898e-16
  outer loop
    vertex 2.0085434870032857 17.48052988054436 40.866817344341165
    vertex 2.008543487003289 30.15156817911649 49.06140367306046
    vertex 2.008543487003289 30.431827559210962 49.05428786559213
  endloop
endfacet
facet normal -1.0 -1.0570462690826147e-16 4.963111503687898e-16
  outer loop
    vertex 2.0085434870032857 17.48052988054436 40.866817344341165
    vertex 2.008543487003289 30.431827559210962 49.05428786559213
    vertex 2.008543487003289 30.820117315581307 48.99703505218624
  endloop
endfacet
facet normal -1.0 -1.0570462690826147e-16 4.963111503687898e-16
  outer loop
    vertex 2.0085434870032857 17.48052988054436 40.866817344341165
    vertex 2.008543487003289 30.820117315581307 48.99703505218624
    vertex 2.008543487003286 17.365697249061842 40.491503760398565
  endloop
endfacet
facet normal -1.0 -1.0570462690826147e-16 4.963111503687898e-16
  outer loop
    vertex 2.008543487003286 17.365697249061842 40.491503760398565
    vertex 2.008543487003289 30.820117315581307 48.99703505218624
    vertex 2.0085434870032883 31.30674058771689 48.86344701570091
  endloop
endfacet
facet normal -1.0 -1.0570462690826147e-16 4.963111503687898e-16
  outer loop
    vertex 2.008543487003286 17.365697249061842 40.491503760398565
    vertex 2.0085434870032883 31.30674058771689 48.86344701570091
    vertex 2.0085434870032857 17.27764221897279 39.994619182098994
  endloop
endfacet
facet normal -1.0 -1.0570462690826147e-16 4.963111503687898e-16
  outer loop
    vertex 2.0085434870032857 17.27764221897279 39.994619182098994
    vertex 2.0085434870032883 31.30674058771689 48.86344701570091
    vertex 2.0085434870032857 17.25674804400613 39.769587787798656
  endloop
endfacet
facet normal -1.0 -1.0570462690826147e-16 4.963111503687898e-16
  outer loop
    vertex 2.0085434870032857 17.25674804400613 39.769587787798656
    vertex 2.0085434870032883 31.30674058771689 48.86344701570091
    vertex 2.008543487003288 31.51898163391729 48.78579759022943
  endloop
endfacet
facet normal -1.0 -1.0570462690826147e-16 4.963111503687898e-16
  outer loop
    vertex 2.0085434870032857 17.25674804400613 39.769587787798656
    vertex 2.008543487003288 31.51898163391729 48.78579759022943
    vertex 2.008543487003286 19.4053662589606 40.84698705699138
  endloop
endfacet
facet normal -1.0 -1.0570462690826147e-16 4.963111503687898e-16
  outer loop
    vertex 2.0085434870032857 17.25674804400613 39.769587787798656
    vertex 2.008543487003286 19.4053662589606 40.84698705699138
    vertex 2.0085434870032857 17.800598097861844 39.385943777009594
  endloop
endfacet
facet normal -1.0 -1.0570462690826147e-16 4.963111503687898e-16
  outer loop
    vertex 2.008543487003286 19.4053662589606 40.84698705699138
    vertex 2.008543487003288 31.51898163391729 48.78579759022943
    vertex 2.0085434870032883 29.624111008886445 47.30700932503177
  endloop
endfacet
facet normal -1.0 -1.0570462690826147e-16 4.963111503687898e-16
  outer loop
    vertex 2.0085434870032857 17.800598097861844 39.385943777009594
    vertex 2.008543487003286 19.4053662589606 40.84698705699138
    vertex 2.008543487003287 19.349197238027447 40.78825273370726
  endloop
endfacet
facet normal -1.0 -1.0570462690826147e-16 4.963111503687898e-16
  outer loop
    vertex 2.0085434870032857 17.800598097861844 39.385943777009594
    vertex 2.008543487003287 19.349197238027447 40.78825273370726
    vertex 2.0085434870032857 19.06963357884724 40.2875592234994
  endloop
endfacet
facet normal -1.0 -1.0570462690826147e-16 4.963111503687898e-16
  outer loop
    vertex 2.0085434870032857 17.800598097861844 39.385943777009594
    vertex 2.0085434870032857 19.06963357884724 40.2875592234994
    vertex 2.0085434870032857 18.962388354543304 40.15796817347888
  endloop
endfacet
facet normal -1.0 -1.0570462690826147e-16 4.963111503687898e-16
  outer loop
    vertex 2.0085434870032857 17.800598097861844 39.385943777009594
    vertex 2.0085434870032857 18.962388354543304 40.15796817347888
    vertex 2.0085434870032866 18.75918341067286 39.96482650103743
  endloop
endfacet
facet normal -1.0 -1.0570462690826147e-16 4.963111503687898e-16
  outer loop
    vertex 2.0085434870032857 17.800598097861844 39.385943777009594
    vertex 2.0085434870032866 18.75918341067286 39.96482650103743
    vertex 2.008543487003285 18.00558161618237 39.481114424717916
  endloop
endfacet
facet normal -1.0 -1.0570462690826147e-16 4.963111503687898e-16
  outer loop
    vertex 2.008543487003285 18.00558161618237 39.481114424717916
    vertex 2.0085434870032866 18.75918341067286 39.96482650103743
    vertex 2.0085434870032857 18.444137238276795 39.730748033844
  endloop
endfacet
facet normal -1.0 -1.0570462690826147e-16 4.963111503687898e-16
  outer loop
    vertex 2.008543487003289 14.727864498734322 46.341742439927096
    vertex 2.0085434870032888 13.967664022358099 45.86846844618353
    vertex 2.008543487003289 14.381278786034288 46.15755459207265
  endloop
endfacet
facet normal -1.0 -1.0570462690826147e-16 4.963111503687898e-16
  outer loop
    vertex 2.0085434870032888 13.967664022358099 45.86846844618353
    vertex 2.008543487003289 14.727864498734322 46.341742439927096
    vertex 2.008543487003289 13.793768384662233 45.72412163410014
  endloop
endfacet
facet normal -1.0 -1.0570462690826147e-16 4.963111503687898e-16
  outer loop
    vertex 2.008543487003289 13.793768384662233 45.72412163410014
    vertex 2.008543487003289 14.727864498734322 46.341742439927096
    vertex 2.008543487003289 14.989497927680572 46.44245938837518
  endloop
endfacet
facet normal -1.0 -1.0570462690826147e-16 4.963111503687898e-16
  outer loop
    vertex 2.008543487003289 13.793768384662233 45.72412163410014
    vertex 2.008543487003289 14.989497927680572 46.44245938837518
    vertex 2.0085434870032888 13.907051164101727 45.068284291479536
  endloop
endfacet
facet normal -1.0 -1.0570462690826147e-16 4.963111503687898e-16
  outer loop
    vertex 2.0085434870032888 13.907051164101727 45.068284291479536
    vertex 2.008543487003289 14.989497927680572 46.44245938837518
    vertex 2.00854348700329 15.152563341396982 46.483751630151545
  endloop
endfacet
facet normal -1.0 -1.0570462690826147e-16 4.963111503687898e-16
  outer loop
    vertex 2.0085434870032888 13.907051164101727 45.068284291479536
    vertex 2.00854348700329 15.152563341396982 46.483751630151545
    vertex 2.008543487003289 15.724772135520475 46.52152631249596
  endloop
endfacet
facet normal -1.0 -1.0570462690826147e-16 4.963111503687898e-16
  outer loop
    vertex 2.0085434870032888 13.907051164101727 45.068284291479536
    vertex 2.008543487003289 15.724772135520475 46.52152631249596
    vertex 2.008543487003289 15.801921789132566 46.54707255667721
  endloop
endfacet
facet normal -1.0 -1.0570462690826147e-16 4.963111503687898e-16
  outer loop
    vertex 2.0085434870032888 13.907051164101727 45.068284291479536
    vertex 2.008543487003289 15.801921789132566 46.54707255667721
    vertex 2.0085434870032914 26.0206665390584 53.00709482471758
  endloop
endfacet
facet normal -1.0 -1.0570462690826147e-16 4.963111503687898e-16
  outer loop
    vertex 2.0085434870032888 13.907051164101727 45.068284291479536
    vertex 2.0085434870032914 26.0206665390584 53.00709482471758
    vertex 2.008543487003292 28.16928475401287 54.08449409391032
  endloop
endfacet
facet normal -1.0 -1.0570462690826147e-16 4.963111503687898e-16
  outer loop
    vertex 2.0085434870032888 13.907051164101727 45.068284291479536
    vertex 2.008543487003292 28.16928475401287 54.08449409391032
    vertex 2.008543487003291 28.148390579046204 53.85946269960998
  endloop
endfacet
facet normal -1.0 -1.0570462690826147e-16 4.963111503687898e-16
  outer loop
    vertex 2.0085434870032888 13.907051164101727 45.068284291479536
    vertex 2.008543487003291 28.148390579046204 53.85946269960998
    vertex 2.0085434870032888 14.11929221030213 44.99063486600807
  endloop
endfacet
facet normal -1.0 -1.0570462690826147e-16 4.963111503687898e-16
  outer loop
    vertex 2.0085434870032888 14.11929221030213 44.99063486600807
    vertex 2.008543487003291 28.148390579046204 53.85946269960998
    vertex 2.0085434870032914 28.06033554895718 53.362578121310406
  endloop
endfacet
facet normal -1.0 -1.0570462690826147e-16 4.963111503687898e-16
  outer loop
    vertex 2.0085434870032888 14.11929221030213 44.99063486600807
    vertex 2.0085434870032914 28.06033554895718 53.362578121310406
    vertex 2.0085434870032888 14.605915482437695 44.857046829522744
  endloop
endfacet
facet normal -1.0 -1.0570462690826147e-16 4.963111503687898e-16
  outer loop
    vertex 2.0085434870032888 14.605915482437695 44.857046829522744
    vertex 2.0085434870032914 28.06033554895718 53.362578121310406
    vertex 2.0085434870032888 14.99420523880805 44.79979401611685
  endloop
endfacet
facet normal -1.0 -1.0570462690826147e-16 4.963111503687898e-16
  outer loop
    vertex 2.0085434870032888 14.99420523880805 44.79979401611685
    vertex 2.0085434870032914 28.06033554895718 53.362578121310406
    vertex 2.0085434870032906 27.945502917474638 52.98726453736781
  endloop
endfacet
facet normal -1.0 -1.0570462690826147e-16 4.963111503687898e-16
  outer loop
    vertex 2.0085434870032888 14.99420523880805 44.79979401611685
    vertex 2.0085434870032906 27.945502917474638 52.98726453736781
    vertex 2.008543487003291 27.83171778290971 52.73104412834677
  endloop
endfacet
facet normal -1.0 -1.0570462690826147e-16 4.963111503687898e-16
  outer loop
    vertex 2.0085434870032888 14.99420523880805 44.79979401611685
    vertex 2.008543487003291 27.83171778290971 52.73104412834677
    vertex 2.008543487003289 15.274464618902527 44.7926782086485
  endloop
endfacet
facet normal -1.0 -1.0570462690826147e-16 4.963111503687898e-16
  outer loop
    vertex 2.008543487003289 15.274464618902527 44.7926782086485
    vertex 2.008543487003291 27.83171778290971 52.73104412834677
    vertex 2.008543487003291 27.745611147264334 52.58654144436044
  endloop
endfacet
facet normal -1.0 -1.0570462690826147e-16 4.963111503687898e-16
  outer loop
    vertex 2.008543487003289 15.274464618902527 44.7926782086485
    vertex 2.008543487003291 27.745611147264334 52.58654144436044
    vertex 2.008543487003289 15.441933154508304 44.80847909354391
  endloop
endfacet
facet normal -1.0 -1.0570462690826147e-16 4.963111503687898e-16
  outer loop
    vertex 2.008543487003289 15.441933154508304 44.80847909354391
    vertex 2.008543487003291 27.745611147264334 52.58654144436044
    vertex 2.008543487003291 27.367709162727923 52.155217991738226
  endloop
endfacet
facet normal -1.0 -1.0570462690826147e-16 4.963111503687898e-16
  outer loop
    vertex 2.008543487003289 15.441933154508304 44.80847909354391
    vertex 2.008543487003291 27.367709162727923 52.155217991738226
    vertex 2.008543487003289 15.993658290052018 44.96484151072833
  endloop
endfacet
facet normal -1.0 -1.0570462690826147e-16 4.963111503687898e-16
  outer loop
    vertex 2.008543487003289 15.993658290052018 44.96484151072833
    vertex 2.008543487003291 27.367709162727923 52.155217991738226
    vertex 2.008543487003289 16.074907223929088 44.96665545341651
  endloop
endfacet
facet normal -1.0 -1.0570462690826147e-16 4.963111503687898e-16
  outer loop
    vertex 2.008543487003289 16.074907223929088 44.96665545341651
    vertex 2.008543487003291 27.367709162727923 52.155217991738226
    vertex 2.008543487003291 27.331220041987024 52.082601026008504
  endloop
endfacet
facet normal -1.0 -1.0570462690826147e-16 4.963111503687898e-16
  outer loop
    vertex 2.008543487003289 16.074907223929088 44.96665545341651
    vertex 2.008543487003291 27.331220041987024 52.082601026008504
    vertex 2.0085434870032888 16.14617783604111 44.92760190692697
  endloop
endfacet
facet normal -1.0 -1.0570462690826147e-16 4.963111503687898e-16
  outer loop
    vertex 2.0085434870032888 16.14617783604111 44.92760190692697
    vertex 2.008543487003291 27.331220041987024 52.082601026008504
    vertex 2.008543487003291 27.335928019328524 52.00146832857039
  endloop
endfacet
facet normal -1.0 -1.0570462690826147e-16 4.963111503687898e-16
  outer loop
    vertex 2.0085434870032888 16.14617783604111 44.92760190692697
    vertex 2.008543487003291 27.335928019328524 52.00146832857039
    vertex 2.0085434870032843 19.960968039548934 47.31678584656276
  endloop
endfacet
facet normal -1.0 -1.0570462690826147e-16 4.963111503687898e-16
  outer loop
    vertex 2.0085434870032888 16.14617783604111 44.92760190692697
    vertex 2.0085434870032843 19.960968039548934 47.31678584656276
    vertex 2.0085434870032883 16.188373223428627 44.8581452375031
  endloop
endfacet
facet normal -1.0 -1.0570462690826147e-16 4.963111503687898e-16
  outer loop
    vertex 2.0085434870032843 19.960968039548934 47.31678584656276
    vertex 2.008543487003291 27.335928019328524 52.00146832857039
    vertex 2.0085434870032843 23.54139630066657 49.58023863474488
  endloop
endfacet
facet normal -1.0 -1.0570462690826147e-16 4.963111503687898e-16
  outer loop
    vertex 2.0085434870032883 16.188373223428627 44.8581452375031
    vertex 2.0085434870032843 19.960968039548934 47.31678584656276
    vertex 2.0085434870032843 19.915272092688983 46.81467192176332
  endloop
endfacet
facet normal -1.0 -1.0570462690826147e-16 4.963111503687898e-16
  outer loop
    vertex 2.0085434870032883 16.188373223428627 44.8581452375031
    vertex 2.0085434870032843 19.915272092688983 46.81467192176332
    vertex 2.008543487003288 16.4848460403658 44.087817106122195
  endloop
endfacet
facet normal -1.0 -1.0570462690826147e-16 4.963111503687898e-16
  outer loop
    vertex 2.008543487003288 16.4848460403658 44.087817106122195
    vertex 2.0085434870032843 19.915272092688983 46.81467192176332
    vertex 2.0085434870032843 20.039686160401597 46.09439129343669
  endloop
endfacet
facet normal -1.0 -1.0570462690826147e-16 4.963111503687898e-16
  outer loop
    vertex 2.008543487003288 16.4848460403658 44.087817106122195
    vertex 2.0085434870032843 20.039686160401597 46.09439129343669
    vertex 2.008543487003288 16.50010368236963 44.007993024513205
  endloop
endfacet
facet normal -1.0 -1.0570462690826147e-16 4.963111503687898e-16
  outer loop
    vertex 2.008543487003288 16.50010368236963 44.007993024513205
    vertex 2.0085434870032843 20.039686160401597 46.09439129343669
    vertex 2.008543487003288 16.473405147142316 43.93123452100413
  endloop
endfacet
facet normal -1.0 -1.0570462690826147e-16 4.963111503687898e-16
  outer loop
    vertex 2.008543487003288 16.473405147142316 43.93123452100413
    vertex 2.0085434870032843 20.039686160401597 46.09439129343669
    vertex 2.008543487003288 16.411904285637075 43.878108974622485
  endloop
endfacet
facet normal -1.0 -1.0570462690826147e-16 4.963111503687898e-16
  outer loop
    vertex 2.008543487003288 16.411904285637075 43.878108974622485
    vertex 2.0085434870032843 20.039686160401597 46.09439129343669
    vertex 2.008543487003288 15.559682033644684 43.330510298284196
  endloop
endfacet
facet normal -1.0 -1.0570462690826147e-16 4.963111503687898e-16
  outer loop
    vertex 2.008543487003288 15.559682033644684 43.330510298284196
    vertex 2.0085434870032843 20.039686160401597 46.09439129343669
    vertex 2.0085434870032874 15.309964225237168 43.027710305369425
  endloop
endfacet
facet normal -1.0 -1.0570462690826147e-16 4.963111503687898e-16
  outer loop
    vertex 2.0085434870032874 15.309964225237168 43.027710305369425
    vertex 2.0085434870032843 20.039686160401597 46.09439129343669
    vertex 2.0085434870032843 20.346283265988234 45.43085436256298
  endloop
endfacet
facet normal -1.0 -1.0570462690826147e-16 4.963111503687898e-16
  outer loop
    vertex 2.0085434870032874 15.309964225237168 43.027710305369425
    vertex 2.0085434870032843 20.346283265988234 45.43085436256298
    vertex 2.0085434870032883 15.038462489290282 42.60234601460941
  endloop
endfacet
facet normal -1.0 -1.0570462690826147e-16 4.963111503687898e-16
  outer loop
    vertex 2.0085434870032883 15.038462489290282 42.60234601460941
    vertex 2.0085434870032843 20.346283265988234 45.43085436256298
    vertex 2.0085434870032866 14.933043002329116 42.40243996983553
  endloop
endfacet
facet normal -1.0 -1.0570462690826147e-16 4.963111503687898e-16
  outer loop
    vertex 2.0085434870032866 14.933043002329116 42.40243996983553
    vertex 2.0085434870032843 20.346283265988234 45.43085436256298
    vertex 2.008543487003287 15.288680728986506 41.83987671519555
  endloop
endfacet
facet normal -1.0 -1.0570462690826147e-16 4.963111503687898e-16
  outer loop
    vertex 2.008543487003287 15.288680728986506 41.83987671519555
    vertex 2.0085434870032843 20.346283265988234 45.43085436256298
    vertex 2.0085434870032843 20.81416932337883 44.869280074434606
  endloop
endfacet
facet normal -1.0 -1.0570462690826147e-16 4.963111503687898e-16
  outer loop
    vertex 2.008543487003287 15.288680728986506 41.83987671519555
    vertex 2.0085434870032843 20.81416932337883 44.869280074434606
    vertex 2.0085434870032874 15.514481036190428 41.849359132339934
  endloop
endfacet
facet normal -1.0 -1.0570462690826147e-16 4.963111503687898e-16
  outer loop
    vertex 2.0085434870032874 15.514481036190428 41.849359132339934
    vertex 2.0085434870032843 20.81416932337883 44.869280074434606
    vertex 2.008543487003287 16.015184245685273 41.912162543692325
  endloop
endfacet
facet normal -1.0 -1.0570462690826147e-16 4.963111503687898e-16
  outer loop
    vertex 2.008543487003287 16.015184245685273 41.912162543692325
    vertex 2.0085434870032843 20.81416932337883 44.869280074434606
    vertex 2.008543487003287 16.395826907426372 42.00785989792794
  endloop
endfacet
facet normal -1.0 -1.0570462690826147e-16 4.963111503687898e-16
  outer loop
    vertex 2.008543487003287 16.395826907426372 42.00785989792794
    vertex 2.0085434870032843 20.81416932337883 44.869280074434606
    vertex 2.0085434870032874 17.256040183435456 42.54281802422956
  endloop
endfacet
facet normal -1.0 -1.0570462690826147e-16 4.963111503687898e-16
  outer loop
    vertex 2.0085434870032874 17.256040183435456 42.54281802422956
    vertex 2.0085434870032843 20.81416932337883 44.869280074434606
    vertex 2.0085434870032843 21.411458670980494 44.44793878874213
  endloop
endfacet
facet normal -1.0 -1.0570462690826147e-16 4.963111503687898e-16
  outer loop
    vertex 2.0085434870032874 17.256040183435456 42.54281802422956
    vertex 2.0085434870032843 21.411458670980494 44.44793878874213
    vertex 2.0085434870032874 17.330410244668798 42.57558650964441
  endloop
endfacet
facet normal -1.0 -1.0570462690826147e-16 4.963111503687898e-16
  outer loop
    vertex 2.0085434870032874 17.330410244668798 42.57558650964441
    vertex 2.0085434870032843 21.411458670980494 44.44793878874213
    vertex 2.0085434870032874 17.411200849685304 42.56677981984051
  endloop
endfacet
facet normal -1.0 -1.0570462690826147e-16 4.963111503687898e-16
  outer loop
    vertex 2.0085434870032874 17.411200849685304 42.56677981984051
    vertex 2.0085434870032843 21.411458670980494 44.44793878874213
    vertex 2.0085434870032874 17.47676422111477 42.51875770023885
  endloop
endfacet
facet normal -1.0 -1.0570462690826147e-16 4.963111503687898e-16
  outer loop
    vertex 2.0085434870032874 17.47676422111477 42.51875770023885
    vertex 2.0085434870032843 21.411458670980494 44.44793878874213
    vertex 2.008543487003287 18.045461201993234 41.920522541526815
  endloop
endfacet
facet normal -1.0 -1.0570462690826147e-16 4.963111503687898e-16
  outer loop
    vertex 2.008543487003287 18.045461201993234 41.920522541526815
    vertex 2.0085434870032843 21.411458670980494 44.44793878874213
    vertex 2.0085434870032848 21.884636497352318 44.27384324696409
  endloop
endfacet
facet normal -1.0 -1.0570462690826147e-16 4.963111503687898e-16
  outer loop
    vertex 2.008543487003287 18.045461201993234 41.920522541526815
    vertex 2.0085434870032848 21.884636497352318 44.27384324696409
    vertex 2.008543487003287 18.09010477869048 41.85261355313858
  endloop
endfacet
facet normal -1.0 -1.0570462690826147e-16 4.963111503687898e-16
  outer loop
    vertex 2.0085434870032883 29.570070571055833 47.24631080179347
    vertex 2.008543487003286 19.4053662589606 40.84698705699138
    vertex 2.0085434870032883 29.624111008886445 47.30700932503177
  endloop
endfacet
facet normal -1.0 -1.0570462690826147e-16 4.963111503687898e-16
  outer loop
    vertex 2.008543487003286 19.4053662589606 40.84698705699138
    vertex 2.0085434870032883 29.570070571055833 47.24631080179347
    vertex 2.008543487003286 19.48337721963647 40.869767962562975
  endloop
endfacet
facet normal -1.0 -1.0570462690826147e-16 4.963111503687898e-16
  outer loop
    vertex 2.008543487003286 19.48337721963647 40.869767962562975
    vertex 2.0085434870032883 29.570070571055833 47.24631080179347
    vertex 2.008543487003286 19.562327146141207 40.85049132517125
  endloop
endfacet
facet normal -1.0 -1.0570462690826147e-16 4.963111503687898e-16
  outer loop
    vertex 2.008543487003286 19.562327146141207 40.85049132517125
    vertex 2.0085434870032883 29.570070571055833 47.24631080179347
    vertex 2.008543487003289 29.553619440682045 47.166724119781605
  endloop
endfacet
facet normal -1.0 -1.0570462690826147e-16 4.963111503687898e-16
  outer loop
    vertex 2.008543487003286 19.562327146141207 40.85049132517125
    vertex 2.008543487003289 29.553619440682045 47.166724119781605
    vertex 2.0085434870032874 29.53273279483202 46.34157849069262
  endloop
endfacet
facet normal -1.0 -1.0570462690826147e-16 4.963111503687898e-16
  outer loop
    vertex 2.008543487003286 19.562327146141207 40.85049132517125
    vertex 2.0085434870032874 29.53273279483202 46.34157849069262
    vertex 2.0085434870032857 20.316669330873175 40.51542501902678
  endloop
endfacet
facet normal -1.0 -1.0570462690826147e-16 4.963111503687898e-16
  outer loop
    vertex 2.0085434870032857 20.316669330873175 40.51542501902678
    vertex 2.0085434870032874 29.53273279483202 46.34157849069262
    vertex 2.0085434870032874 29.545136332949948 46.261261419740094
  endloop
endfacet
facet normal -1.0 -1.0570462690826147e-16 4.963111503687898e-16
  outer loop
    vertex 2.0085434870032857 20.316669330873175 40.51542501902678
    vertex 2.0085434870032874 29.545136332949948 46.261261419740094
    vertex 2.0085434870032857 20.38390226240671 40.46976965174491
  endloop
endfacet
facet normal -1.0 -1.0570462690826147e-16 4.963111503687898e-16
  outer loop
    vertex 2.0085434870032857 20.38390226240671 40.46976965174491
    vertex 2.0085434870032874 29.545136332949948 46.261261419740094
    vertex 2.0085434870032874 29.596036647533165 46.19790656499662
  endloop
endfacet
facet normal -1.0 -1.0570462690826147e-16 4.963111503687898e-16
  outer loop
    vertex 2.0085434870032857 20.38390226240671 40.46976965174491
    vertex 2.0085434870032874 29.596036647533165 46.19790656499662
    vertex 2.0085434870032857 20.41930000544471 40.396614478092935
  endloop
endfacet
facet normal -1.0 -1.0570462690826147e-16 4.963111503687898e-16
  outer loop
    vertex 2.0085434870032857 20.41930000544471 40.396614478092935
    vertex 2.0085434870032874 29.596036647533165 46.19790656499662
    vertex 2.0085434870032857 20.413377763326245 40.315561367773064
  endloop
endfacet
facet normal -1.0 -1.0570462690826147e-16 4.963111503687898e-16
  outer loop
    vertex 2.0085434870032857 20.413377763326245 40.315561367773064
    vertex 2.0085434870032874 29.596036647533165 46.19790656499662
    vertex 2.0085434870032874 29.67179504039456 46.16848980862731
  endloop
endfacet
facet normal -1.0 -1.0570462690826147e-16 4.963111503687898e-16
  outer loop
    vertex 2.0085434870032857 20.413377763326245 40.315561367773064
    vertex 2.0085434870032874 29.67179504039456 46.16848980862731
    vertex 2.0085434870032857 20.229302193826683 39.77245362946334
  endloop
endfacet
facet normal -1.0 -1.0570462690826147e-16 4.963111503687898e-16
  outer loop
    vertex 2.0085434870032857 20.229302193826683 39.77245362946334
    vertex 2.0085434870032874 29.67179504039456 46.16848980862731
    vertex 2.0085434870032874 30.241359907196447 46.10181377692603
  endloop
endfacet
facet normal -1.0 -1.0570462690826147e-16 4.963111503687898e-16
  outer loop
    vertex 2.0085434870032857 20.229302193826683 39.77245362946334
    vertex 2.0085434870032874 30.241359907196447 46.10181377692603
    vertex 2.0085434870032874 30.402127396448456 46.05232445705768
  endloop
endfacet
facet normal -1.0 -1.0570462690826147e-16 4.963111503687898e-16
  outer loop
    vertex 2.0085434870032857 20.229302193826683 39.77245362946334
    vertex 2.0085434870032874 30.402127396448456 46.05232445705768
    vertex 2.0085434870032857 20.20504881863437 39.605998974457236
  endloop
endfacet
facet normal -1.0 -1.0570462690826147e-16 4.963111503687898e-16
  outer loop
    vertex 2.0085434870032857 20.20504881863437 39.605998974457236
    vertex 2.0085434870032874 30.402127396448456 46.05232445705768
    vertex 2.0085434870032874 30.658330199886002 45.93849968665332
  endloop
endfacet
facet normal -1.0 -1.0570462690826147e-16 4.963111503687898e-16
  outer loop
    vertex 2.0085434870032857 20.20504881863437 39.605998974457236
    vertex 2.0085434870032874 30.658330199886002 45.93849968665332
    vertex 2.008543487003285 20.197976367271934 39.3257384969036
  endloop
endfacet
facet normal -1.0 -1.0570462690826147e-16 4.963111503687898e-16
  outer loop
    vertex 2.008543487003285 20.197976367271934 39.3257384969036
    vertex 2.0085434870032874 30.658330199886002 45.93849968665332
    vertex 2.0085434870032874 30.995153455333643 45.73701292744891
  endloop
endfacet
facet normal -1.0 -1.0570462690826147e-16 4.963111503687898e-16
  outer loop
    vertex 2.008543487003285 20.197976367271934 39.3257384969036
    vertex 2.0085434870032874 30.995153455333643 45.73701292744891
    vertex 2.008543487003287 29.170287688119096 44.597926804251685
  endloop
endfacet
facet normal -1.0 -1.0570462690826147e-16 4.963111503687898e-16
  outer loop
    vertex 2.008543487003285 20.197976367271934 39.3257384969036
    vertex 2.008543487003287 29.170287688119096 44.597926804251685
    vertex 2.008543487003286 22.0472368778951 40.094921006914035
  endloop
endfacet
facet normal -1.0 -1.0570462690826147e-16 4.963111503687898e-16
  outer loop
    vertex 2.008543487003287 29.170287688119096 44.597926804251685
    vertex 2.0085434870032874 30.995153455333643 45.73701292744891
    vertex 2.008543487003287 29.243442861771065 44.633324547289696
  endloop
endfacet
facet normal -1.0 -1.0570462690826147e-16 4.963111503687898e-16
  outer loop
    vertex 2.008543487003287 29.243442861771065 44.633324547289696
    vertex 2.0085434870032874 30.995153455333643 45.73701292744891
    vertex 2.008543487003287 29.32449597209093 44.62740230517124
  endloop
endfacet
facet normal -1.0 -1.0570462690826147e-16 4.963111503687898e-16
  outer loop
    vertex 2.008543487003287 29.32449597209093 44.62740230517124
    vertex 2.0085434870032874 30.995153455333643 45.73701292744891
    vertex 2.0085434870032874 31.393612808178247 45.42737101070217
  endloop
endfacet
facet normal -1.0 -1.0570462690826147e-16 4.963111503687898e-16
  outer loop
    vertex 2.008543487003287 29.32449597209093 44.62740230517124
    vertex 2.0085434870032874 31.393612808178247 45.42737101070217
    vertex 2.008543487003287 29.86760371040066 44.44332673567166
  endloop
endfacet
facet normal -1.0 -1.0570462690826147e-16 4.963111503687898e-16
  outer loop
    vertex 2.008543487003287 29.86760371040066 44.44332673567166
    vertex 2.0085434870032874 31.393612808178247 45.42737101070217
    vertex 2.008543487003286 31.559982818061005 45.2744111637491
  endloop
endfacet
facet normal -1.0 -1.0570462690826147e-16 4.963111503687898e-16
  outer loop
    vertex 2.008543487003287 29.86760371040066 44.44332673567166
    vertex 2.008543487003286 31.559982818061005 45.2744111637491
    vertex 2.008543487003287 30.03405836540674 44.41907336047935
  endloop
endfacet
facet normal -1.0 -1.0570462690826147e-16 4.963111503687898e-16
  outer loop
    vertex 2.008543487003287 30.03405836540674 44.41907336047935
    vertex 2.008543487003286 31.559982818061005 45.2744111637491
    vertex 2.008543487003287 30.314318842960397 44.412000909116934
  endloop
endfacet
facet normal -1.0 -1.0570462690826147e-16 4.963111503687898e-16
  outer loop
    vertex 2.008543487003287 30.314318842960397 44.412000909116934
    vertex 2.008543487003286 31.559982818061005 45.2744111637491
    vertex 2.008543487003286 31.413664374023877 44.6251450233816
  endloop
endfacet
facet normal -1.0 -1.0570462690826147e-16 4.963111503687898e-16
  outer loop
    vertex 2.008543487003287 30.314318842960397 44.412000909116934
    vertex 2.008543487003286 31.413664374023877 44.6251450233816
    vertex 2.008543487003286 30.705007927001688 44.44953568174221
  endloop
endfacet
facet normal -1.0 -1.0570462690826147e-16 4.963111503687898e-16
  outer loop
    vertex 2.008543487003286 30.705007927001688 44.44953568174221
    vertex 2.008543487003286 31.413664374023877 44.6251450233816
    vertex 2.008543487003286 31.19776662006464 44.55833293762124
  endloop
endfacet
facet normal -1.0 -1.0570462690826147e-16 4.963111503687898e-16
  outer loop
    vertex 2.008543487003287 29.170287688119096 44.597926804251685
    vertex 2.008543487003286 22.12755394884763 40.10732454503195
    vertex 2.008543487003286 22.0472368778951 40.094921006914035
  endloop
endfacet
facet normal -1.0 -1.0570462690826147e-16 4.963111503687898e-16
  outer loop
    vertex 2.008543487003286 22.12755394884763 40.10732454503195
    vertex 2.008543487003287 29.170287688119096 44.597926804251685
    vertex 2.008543487003287 29.1246323208372 44.53069387271815
  endloop
endfacet
facet normal -1.0 -1.0570462690826147e-16 4.963111503687898e-16
  outer loop
    vertex 2.008543487003286 22.12755394884763 40.10732454503195
    vertex 2.008543487003287 29.1246323208372 44.53069387271815
    vertex 2.0085434870032866 28.78956601469275 43.77635168798619
  endloop
endfacet
facet normal -1.0 -1.0570462690826147e-16 4.963111503687898e-16
  outer loop
    vertex 2.008543487003286 22.12755394884763 40.10732454503195
    vertex 2.0085434870032866 28.78956601469275 43.77635168798619
    vertex 2.008543487003286 22.952699577936613 40.08643789918195
  endloop
endfacet
facet normal -1.0 -1.0570462690826147e-16 4.963111503687898e-16
  outer loop
    vertex 2.008543487003286 22.952699577936613 40.08643789918195
    vertex 2.0085434870032866 28.78956601469275 43.77635168798619
    vertex 2.0085434870032866 28.77028937730101 43.697401761481444
  endloop
endfacet
facet normal -1.0 -1.0570462690826147e-16 4.963111503687898e-16
  outer loop
    vertex 2.008543487003286 22.952699577936613 40.08643789918195
    vertex 2.0085434870032866 28.77028937730101 43.697401761481444
    vertex 2.008543487003286 23.03228625994849 40.06998676880816
  endloop
endfacet
facet normal -1.0 -1.0570462690826147e-16 4.963111503687898e-16
  outer loop
    vertex 2.008543487003286 23.03228625994849 40.06998676880816
    vertex 2.0085434870032866 28.77028937730101 43.697401761481444
    vertex 2.0085434870032874 28.793070282872613 43.619390800805576
  endloop
endfacet
facet normal -1.0 -1.0570462690826147e-16 4.963111503687898e-16
  outer loop
    vertex 2.008543487003286 23.03228625994849 40.06998676880816
    vertex 2.0085434870032874 28.793070282872613 43.619390800805576
    vertex 2.0085434870032857 23.092984783186775 40.01594633097757
  endloop
endfacet
facet normal -1.0 -1.0570462690826147e-16 4.963111503687898e-16
  outer loop
    vertex 2.0085434870032857 23.092984783186775 40.01594633097757
    vertex 2.0085434870032874 28.793070282872613 43.619390800805576
    vertex 2.008543487003285 23.118531027368043 39.93879667736546
  endloop
endfacet
facet normal -1.0 -1.0570462690826147e-16 4.963111503687898e-16
  outer loop
    vertex 2.008543487003285 23.118531027368043 39.93879667736546
    vertex 2.0085434870032874 28.793070282872613 43.619390800805576
    vertex 2.0085434870032874 28.851804606156747 43.563221779872435
  endloop
endfacet
facet normal -1.0 -1.0570462690826147e-16 4.963111503687898e-16
  outer loop
    vertex 2.008543487003285 23.118531027368043 39.93879667736546
    vertex 2.0085434870032874 28.851804606156747 43.563221779872435
    vertex 2.008543487003286 29.352498116364604 43.28365812069221
  endloop
endfacet
facet normal -1.0 -1.0570462690826147e-16 4.963111503687898e-16
  outer loop
    vertex 2.008543487003285 23.118531027368043 39.93879667736546
    vertex 2.008543487003286 29.352498116364604 43.28365812069221
    vertex 2.008543487003285 27.787443786725408 42.304129320535466
  endloop
endfacet
facet normal -1.0 -1.0570462690826147e-16 4.963111503687898e-16
  outer loop
    vertex 2.008543487003285 27.787443786725408 42.304129320535466
    vertex 2.008543487003286 29.352498116364604 43.28365812069221
    vertex 2.008543487003285 27.86857648416354 42.30883729787695
  endloop
endfacet
facet normal -1.0 -1.0570462690826147e-16 4.963111503687898e-16
  outer loop
    vertex 2.008543487003285 27.86857648416354 42.30883729787695
    vertex 2.008543487003286 29.352498116364604 43.28365812069221
    vertex 2.008543487003286 29.482089166385098 43.176412896388285
  endloop
endfacet
facet normal -1.0 -1.0570462690826147e-16 4.963111503687898e-16
  outer loop
    vertex 2.008543487003285 27.86857648416354 42.30883729787695
    vertex 2.008543487003286 29.482089166385098 43.176412896388285
    vertex 2.008543487003285 27.941193449893277 42.27234817713607
  endloop
endfacet
facet normal -1.0 -1.0570462690826147e-16 4.963111503687898e-16
  outer loop
    vertex 2.008543487003285 27.941193449893277 42.27234817713607
    vertex 2.008543487003286 29.482089166385098 43.176412896388285
    vertex 2.0085434870032866 28.37251690251546 41.89444619259965
  endloop
endfacet
facet normal -1.0 -1.0570462690826147e-16 4.963111503687898e-16
  outer loop
    vertex 2.0085434870032866 28.37251690251546 41.89444619259965
    vertex 2.008543487003286 29.482089166385098 43.176412896388285
    vertex 2.008543487003286 29.67523083882658 42.97320795251787
  endloop
endfacet
facet normal -1.0 -1.0570462690826147e-16 4.963111503687898e-16
  outer loop
    vertex 2.0085434870032866 28.37251690251546 41.89444619259965
    vertex 2.008543487003286 29.67523083882658 42.97320795251787
    vertex 2.0085434870032857 29.90930930601999 42.658161780121794
  endloop
endfacet
facet normal -1.0 -1.0570462690826147e-16 4.963111503687898e-16
  outer loop
    vertex 2.0085434870032866 28.37251690251546 41.89444619259965
    vertex 2.0085434870032857 29.90930930601999 42.658161780121794
    vertex 2.0085434870032857 28.517019586501775 41.80833955695427
  endloop
endfacet
facet normal -1.0 -1.0570462690826147e-16 4.963111503687898e-16
  outer loop
    vertex 2.0085434870032857 28.517019586501775 41.80833955695427
    vertex 2.0085434870032857 29.90930930601999 42.658161780121794
    vertex 2.0085434870032857 28.77323999552282 41.694554422389345
  endloop
endfacet
facet normal -1.0 -1.0570462690826147e-16 4.963111503687898e-16
  outer loop
    vertex 2.0085434870032857 28.77323999552282 41.694554422389345
    vertex 2.0085434870032857 29.90930930601999 42.658161780121794
    vertex 2.0085434870032857 30.158942915146078 42.21960615802737
  endloop
endfacet
facet normal -1.0 -1.0570462690826147e-16 4.963111503687898e-16
  outer loop
    vertex 2.0085434870032857 28.77323999552282 41.694554422389345
    vertex 2.0085434870032857 30.158942915146078 42.21960615802737
    vertex 2.0085434870032857 29.148553579465432 41.57972179090681
  endloop
endfacet
facet normal -1.0 -1.0570462690826147e-16 4.963111503687898e-16
  outer loop
    vertex 2.0085434870032857 29.148553579465432 41.57972179090681
    vertex 2.0085434870032857 30.158942915146078 42.21960615802737
    vertex 2.0085434870032857 30.254113562854407 42.01462263970683
  endloop
endfacet
facet normal -1.0 -1.0570462690826147e-16 4.963111503687898e-16
  outer loop
    vertex 2.0085434870032857 29.148553579465432 41.57972179090681
    vertex 2.0085434870032857 30.254113562854407 42.01462263970683
    vertex 2.008543487003286 29.645438157765003 41.491666760817786
  endloop
endfacet
facet normal -1.0 -1.0570462690826147e-16 4.963111503687898e-16
  outer loop
    vertex 2.008543487003286 29.645438157765003 41.491666760817786
    vertex 2.0085434870032857 30.254113562854407 42.01462263970683
    vertex 2.008543487003286 29.870469552065337 41.470772585851115
  endloop
endfacet
facet normal -1.0 -1.0570462690826147e-16 4.963111503687898e-16
  outer loop
    vertex 2.008543487003285 27.719534798337165 42.25948574383823
    vertex 2.0085434870032848 24.71245543293703 40.36020237788609
    vertex 2.008543487003285 27.787443786725408 42.304129320535466
  endloop
endfacet
facet normal -1.0 -1.0570462690826147e-16 4.963111503687898e-16
  outer loop
    vertex 2.0085434870032848 24.71245543293703 40.36020237788609
    vertex 2.008543487003285 27.719534798337165 42.25948574383823
    vertex 2.0085434870032857 24.78191210236088 40.402397765273605
  endloop
endfacet
facet normal -1.0 -1.0570462690826147e-16 4.963111503687898e-16
  outer loop
    vertex 2.0085434870032857 24.78191210236088 40.402397765273605
    vertex 2.008543487003285 27.719534798337165 42.25948574383823
    vertex 2.0085434870032857 27.12129963962513 41.690788762959755
  endloop
endfacet
facet normal -1.0 -1.0570462690826147e-16 4.963111503687898e-16
  outer loop
    vertex 2.0085434870032857 24.78191210236088 40.402397765273605
    vertex 2.0085434870032857 27.12129963962513 41.690788762959755
    vertex 2.008543487003286 25.55224023374182 40.698870582210795
  endloop
endfacet
facet normal -1.0 -1.0570462690826147e-16 4.963111503687898e-16
  outer loop
    vertex 2.008543487003286 25.55224023374182 40.698870582210795
    vertex 2.0085434870032857 27.12129963962513 41.690788762959755
    vertex 2.0085434870032857 27.073277520023474 41.625225391530286
  endloop
endfacet
facet normal -1.0 -1.0570462690826147e-16 4.963111503687898e-16
  outer loop
    vertex 2.008543487003286 25.55224023374182 40.698870582210795
    vertex 2.0085434870032857 27.073277520023474 41.625225391530286
    vertex 2.008543487003286 25.632064315350807 40.71412822421462
  endloop
endfacet
facet normal -1.0 -1.0570462690826147e-16 4.963111503687898e-16
  outer loop
    vertex 2.008543487003286 25.632064315350807 40.71412822421462
    vertex 2.0085434870032857 27.073277520023474 41.625225391530286
    vertex 2.008543487003286 25.70882281885985 40.6874296889873
  endloop
endfacet
facet normal -1.0 -1.0570462690826147e-16 4.963111503687898e-16
  outer loop
    vertex 2.008543487003286 25.70882281885985 40.6874296889873
    vertex 2.0085434870032857 27.073277520023474 41.625225391530286
    vertex 2.008543487003285 27.06447083021959 41.54443478651378
  endloop
endfacet
facet normal -1.0 -1.0570462690826147e-16 4.963111503687898e-16
  outer loop
    vertex 2.008543487003286 25.70882281885985 40.6874296889873
    vertex 2.008543487003285 27.06447083021959 41.54443478651378
    vertex 2.008543487003286 25.76194836524152 40.62592882748207
  endloop
endfacet
facet normal -1.0 -1.0570462690826147e-16 4.963111503687898e-16
  outer loop
    vertex 2.008543487003286 25.76194836524152 40.62592882748207
    vertex 2.008543487003285 27.06447083021959 41.54443478651378
    vertex 2.0085434870032857 27.097239315634425 41.47006472528043
  endloop
endfacet
facet normal -1.0 -1.0570462690826147e-16 4.963111503687898e-16
  outer loop
    vertex 2.008543487003286 25.76194836524152 40.62592882748207
    vertex 2.0085434870032857 27.097239315634425 41.47006472528043
    vertex 2.0085434870032857 26.015822446471283 40.11173257936445
  endloop
endfacet
facet normal -1.0 -1.0570462690826147e-16 4.963111503687898e-16
  outer loop
    vertex 2.0085434870032857 26.015822446471283 40.11173257936445
    vertex 2.0085434870032857 27.097239315634425 41.47006472528043
    vertex 2.0085434870032857 27.452835421117058 41.02017447148061
  endloop
endfacet
facet normal -1.0 -1.0570462690826147e-16 4.963111503687898e-16
  outer loop
    vertex 2.0085434870032857 26.015822446471283 40.11173257936445
    vertex 2.0085434870032857 27.452835421117058 41.02017447148061
    vertex 2.0085434870032843 27.53152096928627 40.87150045596097
  endloop
endfacet
facet normal -1.0 -1.0570462690826147e-16 4.963111503687898e-16
  outer loop
    vertex 2.0085434870032857 26.015822446471283 40.11173257936445
    vertex 2.0085434870032843 27.53152096928627 40.87150045596097
    vertex 2.0085434870032857 26.116373935721015 39.97688163798442
  endloop
endfacet
facet normal -1.0 -1.0570462690826147e-16 4.963111503687898e-16
  outer loop
    vertex 2.0085434870032857 26.116373935721015 39.97688163798442
    vertex 2.0085434870032843 27.53152096928627 40.87150045596097
    vertex 2.0085434870032848 26.3095470415798 39.773706575489655
  endloop
endfacet
facet normal -1.0 -1.0570462690826147e-16 4.963111503687898e-16
  outer loop
    vertex 2.0085434870032848 26.3095470415798 39.773706575489655
    vertex 2.0085434870032843 27.53152096928627 40.87150045596097
    vertex 2.008543487003285 27.63219744193604 40.609851449271346
  endloop
endfacet
facet normal -1.0 -1.0570462690826147e-16 4.963111503687898e-16
  outer loop
    vertex 2.0085434870032848 26.3095470415798 39.773706575489655
    vertex 2.008543487003285 27.63219744193604 40.609851449271346
    vertex 2.0085434870032843 27.727894796171654 40.229208787530276
  endloop
endfacet
facet normal -1.0 -1.0570462690826147e-16 4.963111503687898e-16
  outer loop
    vertex 2.0085434870032848 26.3095470415798 39.773706575489655
    vertex 2.0085434870032843 27.727894796171654 40.229208787530276
    vertex 2.0085434870032848 26.612347034494558 39.523988767082166
  endloop
endfacet
facet normal -1.0 -1.0570462690826147e-16 4.963111503687898e-16
  outer loop
    vertex 2.0085434870032848 26.612347034494558 39.523988767082166
    vertex 2.0085434870032843 27.727894796171654 40.229208787530276
    vertex 2.0085434870032848 27.790698207524056 39.72850557803541
  endloop
endfacet
facet normal -1.0 -1.0570462690826147e-16 4.963111503687898e-16
  outer loop
    vertex 2.0085434870032848 26.612347034494558 39.523988767082166
    vertex 2.0085434870032848 27.790698207524056 39.72850557803541
    vertex 2.0085434870032843 27.03771132525457 39.25248703113527
  endloop
endfacet
facet normal -1.0 -1.0570462690826147e-16 4.963111503687898e-16
  outer loop
    vertex 2.0085434870032843 27.03771132525457 39.25248703113527
    vertex 2.0085434870032848 27.790698207524056 39.72850557803541
    vertex 2.008543487003284 27.800180624668435 39.5027052708315
  endloop
endfacet
facet normal -1.0 -1.0570462690826147e-16 4.963111503687898e-16
  outer loop
    vertex 2.0085434870032843 27.03771132525457 39.25248703113527
    vertex 2.008543487003284 27.800180624668435 39.5027052708315
    vertex 2.0085434870032843 27.237617370028445 39.147067544174114
  endloop
endfacet
facet normal -1.0 -1.0570462690826147e-16 4.963111503687898e-16
  outer loop
    vertex 2.008543487003285 23.118531027368043 39.93879667736546
    vertex 2.0085434870032848 24.71245543293703 40.36020237788609
    vertex 2.0085434870032857 23.156305709712438 39.36658788324194
  endloop
endfacet
facet normal -1.0 -1.0570462690826147e-16 4.963111503687898e-16
  outer loop
    vertex 2.0085434870032848 24.71245543293703 40.36020237788609
    vertex 2.008543487003285 23.118531027368043 39.93879667736546
    vertex 2.008543487003285 27.787443786725408 42.304129320535466
  endloop
endfacet
facet normal -1.0 -1.0570462690826147e-16 4.963111503687898e-16
  outer loop
    vertex 2.0085434870032857 23.156305709712438 39.36658788324194
    vertex 2.0085434870032848 24.71245543293703 40.36020237788609
    vertex 2.0085434870032843 24.673401886447476 40.28893176577408
  endloop
endfacet
facet normal -1.0 -1.0570462690826147e-16 4.963111503687898e-16
  outer loop
    vertex 2.0085434870032857 23.156305709712438 39.36658788324194
    vertex 2.0085434870032843 24.673401886447476 40.28893176577408
    vertex 2.0085434870032848 23.197597951488824 39.203522469525566
  endloop
endfacet
facet normal -1.0 -1.0570462690826147e-16 4.963111503687898e-16
  outer loop
    vertex 2.0085434870032848 23.197597951488824 39.203522469525566
    vertex 2.0085434870032843 24.673401886447476 40.28893176577408
    vertex 2.0085434870032843 24.67521582913567 40.207682831897
  endloop
endfacet
facet normal -1.0 -1.0570462690826147e-16 4.963111503687898e-16
  outer loop
    vertex 2.0085434870032848 23.197597951488824 39.203522469525566
    vertex 2.0085434870032843 24.67521582913567 40.207682831897
    vertex 2.0085434870032843 24.83157824632009 39.65595769635329
  endloop
endfacet
facet normal -1.0 -1.0570462690826147e-16 4.963111503687898e-16
  outer loop
    vertex 2.0085434870032848 23.197597951488824 39.203522469525566
    vertex 2.0085434870032843 24.83157824632009 39.65595769635329
    vertex 2.0085434870032848 23.298314899936905 38.94188904057931
  endloop
endfacet
facet normal -1.0 -1.0570462690826147e-16 4.963111503687898e-16
  outer loop
    vertex 2.0085434870032848 23.298314899936905 38.94188904057931
    vertex 2.0085434870032843 24.83157824632009 39.65595769635329
    vertex 2.0085434870032843 23.48250274779134 38.59530332787928
  endloop
endfacet
facet normal -1.0 -1.0570462690826147e-16 4.963111503687898e-16
  outer loop
    vertex 2.0085434870032843 23.48250274779134 38.59530332787928
    vertex 2.0085434870032843 24.83157824632009 39.65595769635329
    vertex 2.0085434870032843 24.84737913121549 39.48848916074751
  endloop
endfacet
facet normal -1.0 -1.0570462690826147e-16 4.963111503687898e-16
  outer loop
    vertex 2.0085434870032843 23.48250274779134 38.59530332787928
    vertex 2.0085434870032843 24.84737913121549 39.48848916074751
    vertex 2.0085434870032848 24.84026332374714 39.208229780653035
  endloop
endfacet
facet normal -1.0 -1.0570462690826147e-16 4.963111503687898e-16
  outer loop
    vertex 2.0085434870032843 23.48250274779134 38.59530332787928
    vertex 2.0085434870032848 24.84026332374714 39.208229780653035
    vertex 2.0085434870032843 23.771588893680473 38.181688564203085
  endloop
endfacet
facet normal -1.0 -1.0570462690826147e-16 4.963111503687898e-16
  outer loop
    vertex 2.0085434870032843 23.771588893680473 38.181688564203085
    vertex 2.0085434870032848 24.84026332374714 39.208229780653035
    vertex 2.008543487003284 24.78301051034126 38.819940024282666
  endloop
endfacet
facet normal -1.0 -1.0570462690826147e-16 4.963111503687898e-16
  outer loop
    vertex 2.0085434870032843 23.771588893680473 38.181688564203085
    vertex 2.008543487003284 24.78301051034126 38.819940024282666
    vertex 2.008543487003284 23.915935705763857 38.00779292650722
  endloop
endfacet
facet normal -1.0 -1.0570462690826147e-16 4.963111503687898e-16
  outer loop
    vertex 2.008543487003284 23.915935705763857 38.00779292650722
    vertex 2.008543487003284 24.78301051034126 38.819940024282666
    vertex 2.0085434870032843 24.649422473855903 38.33331675214711
  endloop
endfacet
facet normal -1.0 -1.0570462690826147e-16 4.963111503687898e-16
  outer loop
    vertex 2.008543487003284 23.915935705763857 38.00779292650722
    vertex 2.0085434870032843 24.649422473855903 38.33331675214711
    vertex 2.008543487003284 24.571773048384454 38.12107570594671
  endloop
endfacet
facet normal -1.0 -1.0570462690826147e-16 4.963111503687898e-16
  outer loop
    vertex 2.008543487003286 22.0472368778951 40.094921006914035
    vertex 2.008543487003285 20.235511139897223 38.93504941286232
    vertex 2.008543487003285 20.197976367271934 39.3257384969036
  endloop
endfacet
facet normal -1.0 -1.0570462690826147e-16 4.963111503687898e-16
  outer loop
    vertex 2.008543487003285 20.235511139897223 38.93504941286232
    vertex 2.008543487003286 22.0472368778951 40.094921006914035
    vertex 2.008543487003286 21.983882023151644 40.04402069233083
  endloop
endfacet
facet normal -1.0 -1.0570462690826147e-16 4.963111503687898e-16
  outer loop
    vertex 2.008543487003285 20.235511139897223 38.93504941286232
    vertex 2.008543487003286 21.983882023151644 40.04402069233083
    vertex 2.008543487003286 21.95446526678232 39.96826229946942
  endloop
endfacet
facet normal -1.0 -1.0570462690826147e-16 4.963111503687898e-16
  outer loop
    vertex 2.008543487003285 20.235511139897223 38.93504941286232
    vertex 2.008543487003286 21.95446526678232 39.96826229946942
    vertex 2.0085434870032848 20.344308395776256 38.44229071979935
  endloop
endfacet
facet normal -1.0 -1.0570462690826147e-16 4.963111503687898e-16
  outer loop
    vertex 2.0085434870032848 20.344308395776256 38.44229071979935
    vertex 2.008543487003286 21.95446526678232 39.96826229946942
    vertex 2.0085434870032857 21.887789235081033 39.39869743266753
  endloop
endfacet
facet normal -1.0 -1.0570462690826147e-16 4.963111503687898e-16
  outer loop
    vertex 2.0085434870032848 20.344308395776256 38.44229071979935
    vertex 2.0085434870032857 21.887789235081033 39.39869743266753
    vertex 2.0085434870032848 20.411120481536596 38.226392965840134
  endloop
endfacet
facet normal -1.0 -1.0570462690826147e-16 4.963111503687898e-16
  outer loop
    vertex 2.0085434870032848 20.411120481536596 38.226392965840134
    vertex 2.0085434870032857 21.887789235081033 39.39869743266753
    vertex 2.0085434870032857 21.838299915212698 39.237929943415544
  endloop
endfacet
facet normal -1.0 -1.0570462690826147e-16 4.963111503687898e-16
  outer loop
    vertex 2.0085434870032848 20.411120481536596 38.226392965840134
    vertex 2.0085434870032857 21.838299915212698 39.237929943415544
    vertex 2.008543487003285 21.72447514480834 38.98172713997798
  endloop
endfacet
facet normal -1.0 -1.0570462690826147e-16 4.963111503687898e-16
  outer loop
    vertex 2.0085434870032848 20.411120481536596 38.226392965840134
    vertex 2.008543487003285 21.72447514480834 38.98172713997798
    vertex 2.008543487003284 21.060386621904104 38.080074521803
  endloop
endfacet
facet normal -1.0 -1.0570462690826147e-16 4.963111503687898e-16
  outer loop
    vertex 2.008543487003284 21.060386621904104 38.080074521803
    vertex 2.008543487003285 21.72447514480834 38.98172713997798
    vertex 2.0085434870032848 21.522988385603924 38.64490388453035
  endloop
endfacet
facet normal -1.0 -1.0570462690826147e-16 4.963111503687898e-16
  outer loop
    vertex 2.008543487003284 21.060386621904104 38.080074521803
    vertex 2.0085434870032848 21.522988385603924 38.64490388453035
    vertex 2.0085434870032848 21.21334646885719 38.246444531685746
  endloop
endfacet
facet normal -1.0 -1.0570462690826147e-16 4.963111503687898e-16
  outer loop
    vertex 2.0085434870032874 17.256040183435456 42.54281802422956
    vertex 2.008543487003287 16.657475914115988 42.10853637057771
    vertex 2.008543487003287 16.395826907426372 42.00785989792794
  endloop
endfacet
facet normal -1.0 -1.0570462690826147e-16 4.963111503687898e-16
  outer loop
    vertex 2.008543487003287 16.657475914115988 42.10853637057771
    vertex 2.0085434870032874 17.256040183435456 42.54281802422956
    vertex 2.008543487003287 16.806149929635634 42.187221918746914
  endloop
endfacet
facet normal -4.506217015637278e-16 -0.26472652279631553 -0.9643235287641654
  outer loop
    vertex 5.008543487003289 14.605915482437695 44.85704682952273
    vertex 2.0085434870032888 14.11929221030213 44.99063486600807
    vertex 2.0085434870032888 14.605915482437695 44.857046829522744
  endloop
endfacet
facet normal -4.506217015637278e-16 -0.26472652279631553 -0.9643235287641654
  outer loop
    vertex 2.0085434870032888 14.11929221030213 44.99063486600807
    vertex 5.008543487003289 14.605915482437695 44.85704682952273
    vertex 5.008543487003289 14.119292210302131 44.990634866008065
  endloop
endfacet
facet normal -4.297786915142202e-16 -0.34358255459345427 -0.939122477730693
  outer loop
    vertex 5.008543487003289 14.119292210302131 44.990634866008065
    vertex 2.0085434870032888 13.907051164101727 45.068284291479536
    vertex 2.0085434870032888 14.11929221030213 44.99063486600807
  endloop
endfacet
facet normal -4.297786915142202e-16 -0.34358255459345427 -0.939122477730693
  outer loop
    vertex 2.0085434870032888 13.907051164101727 45.068284291479536
    vertex 5.008543487003289 14.119292210302131 44.990634866008065
    vertex 5.008543487003289 13.907051164101727 45.06828429147953
  endloop
endfacet
facet normal 1.9685301926859738e-17 -0.9854078984834893 -0.1702094991660373
  outer loop
    vertex 5.008543487003289 13.907051164101727 45.06828429147953
    vertex 2.008543487003289 13.793768384662233 45.72412163410014
    vertex 2.0085434870032888 13.907051164101727 45.068284291479536
  endloop
endfacet
facet normal 1.9685301926859738e-17 -0.9854078984834893 -0.1702094991660373
  outer loop
    vertex 2.008543487003289 13.793768384662233 45.72412163410014
    vertex 5.008543487003289 13.907051164101727 45.06828429147953
    vertex 5.008543487003289 13.79376838466224 45.72412163410015
  endloop
endfacet
facet normal 4.494016512579344e-16 -0.6387046155449003 0.7694520219491539
  outer loop
    vertex 5.008543487003289 13.79376838466224 45.72412163410015
    vertex 2.0085434870032888 13.967664022358099 45.86846844618353
    vertex 2.008543487003289 13.793768384662233 45.72412163410014
  endloop
endfacet
facet normal 4.494016512579344e-16 -0.6387046155449003 0.7694520219491539
  outer loop
    vertex 2.0085434870032888 13.967664022358099 45.86846844618353
    vertex 5.008543487003289 13.79376838466224 45.72412163410015
    vertex 5.008543487003289 13.967664022358097 45.86846844618352
  endloop
endfacet
facet normal 4.673542330588369e-16 -0.5728714352218022 0.8196452395438607
  outer loop
    vertex 5.0085434870032906 14.381278786034292 46.15755459207264
    vertex 2.0085434870032888 13.967664022358099 45.86846844618353
    vertex 5.008543487003289 13.967664022358097 45.86846844618352
  endloop
endfacet
facet normal 4.673542330588369e-16 -0.5728714352218022 0.8196452395438607
  outer loop
    vertex 2.0085434870032888 13.967664022358099 45.86846844618353
    vertex 5.0085434870032906 14.381278786034292 46.15755459207264
    vertex 2.008543487003289 14.381278786034288 46.15755459207265
  endloop
endfacet
facet normal 4.87871904612138e-16 -0.469282765819147 0.8830479520983736
  outer loop
    vertex 5.008543487003289 14.727864498734329 46.34174243992709
    vertex 2.008543487003289 14.381278786034288 46.15755459207265
    vertex 5.0085434870032906 14.381278786034292 46.15755459207264
  endloop
endfacet
facet normal 4.87871904612138e-16 -0.469282765819147 0.8830479520983736
  outer loop
    vertex 2.008543487003289 14.381278786034288 46.15755459207265
    vertex 5.008543487003289 14.727864498734329 46.34174243992709
    vertex 2.008543487003289 14.727864498734322 46.341742439927096
  endloop
endfacet
facet normal 5.011520791948141e-16 -0.3592547025780242 0.9332395505311459
  outer loop
    vertex 5.008543487003289 14.727864498734329 46.34174243992709
    vertex 2.008543487003289 14.989497927680572 46.44245938837518
    vertex 2.008543487003289 14.727864498734322 46.341742439927096
  endloop
endfacet
facet normal 5.011520791948141e-16 -0.3592547025780242 0.9332395505311459
  outer loop
    vertex 2.008543487003289 14.989497927680572 46.44245938837518
    vertex 5.008543487003289 14.727864498734329 46.34174243992709
    vertex 5.008543487003289 14.989497927680576 46.44245938837517
  endloop
endfacet
facet normal 5.070732836376315e-16 -0.24547694433848966 0.9694024292306257
  outer loop
    vertex 5.008543487003289 15.152563341396982 46.483751630151545
    vertex 2.008543487003289 14.989497927680572 46.44245938837518
    vertex 5.008543487003289 14.989497927680576 46.44245938837517
  endloop
endfacet
facet normal 5.070732836376315e-16 -0.24547694433848966 0.9694024292306257
  outer loop
    vertex 2.008543487003289 14.989497927680572 46.44245938837518
    vertex 5.008543487003289 15.152563341396982 46.483751630151545
    vertex 2.00854348700329 15.152563341396982 46.483751630151545
  endloop
endfacet
facet normal 5.021961908639101e-16 -0.06587217594297518 0.9978280695773887
  outer loop
    vertex 5.008543487003289 15.724772135520478 46.52152631249595
    vertex 2.00854348700329 15.152563341396982 46.483751630151545
    vertex 5.008543487003289 15.152563341396982 46.483751630151545
  endloop
endfacet
facet normal 5.021961908639101e-16 -0.06587217594297518 0.9978280695773887
  outer loop
    vertex 2.00854348700329 15.152563341396982 46.483751630151545
    vertex 5.008543487003289 15.724772135520478 46.52152631249595
    vertex 2.008543487003289 15.724772135520475 46.52152631249596
  endloop
endfacet
facet normal 5.043804977859215e-16 -0.3143411085269264 0.949310100804823
  outer loop
    vertex 5.008543487003289 15.801921789132566 46.54707255667721
    vertex 2.008543487003289 15.724772135520475 46.52152631249596
    vertex 5.008543487003289 15.724772135520478 46.52152631249595
  endloop
endfacet
facet normal 5.043804977859215e-16 -0.3143411085269264 0.949310100804823
  outer loop
    vertex 2.008543487003289 15.724772135520475 46.52152631249596
    vertex 5.008543487003289 15.801921789132566 46.54707255667721
    vertex 2.008543487003289 15.801921789132566 46.54707255667721
  endloop
endfacet
facet normal 4.0897406067837647e-16 -0.7468824358404503 0.6649561091027254
  outer loop
    vertex 5.008543487003289 15.855962226963186 46.607771079915494
    vertex 2.008543487003289 15.801921789132566 46.54707255667721
    vertex 5.008543487003289 15.801921789132566 46.54707255667721
  endloop
endfacet
facet normal 4.0897406067837647e-16 -0.7468824358404503 0.6649561091027254
  outer loop
    vertex 2.008543487003289 15.801921789132566 46.54707255667721
    vertex 5.008543487003289 15.855962226963186 46.607771079915494
    vertex 2.008543487003289 15.855962226963186 46.607771079915494
  endloop
endfacet
facet normal 2.0398335428673164e-16 -0.9792972176296149 0.20242766496428977
  outer loop
    vertex 5.008543487003289 15.855962226963186 46.607771079915494
    vertex 2.008543487003289 15.872413357336981 46.68735776192738
    vertex 2.008543487003289 15.855962226963186 46.607771079915494
  endloop
endfacet
facet normal 2.0398335428673164e-16 -0.9792972176296149 0.20242766496428977
  outer loop
    vertex 2.008543487003289 15.872413357336981 46.68735776192738
    vertex 5.008543487003289 15.855962226963186 46.607771079915494
    vertex 5.008543487003289 15.872413357336978 46.68735776192738
  endloop
endfacet
facet normal 1.1822972068973035e-16 -0.9996797880281931 0.025304572865526502
  outer loop
    vertex 5.008543487003289 15.872413357336978 46.68735776192738
    vertex 2.0085434870032897 15.89330000318699 47.512503391016374
    vertex 2.008543487003289 15.872413357336981 46.68735776192738
  endloop
endfacet
facet normal 1.1822972068973035e-16 -0.9996797880281931 0.025304572865526502
  outer loop
    vertex 2.0085434870032897 15.89330000318699 47.512503391016374
    vertex 5.008543487003289 15.872413357336978 46.68735776192738
    vertex 5.0085434870032906 15.89330000318699 47.51250339101636
  endloop
endfacet
facet normal 2.87177961286982e-17 -0.9882844984067227 -0.15262290198057618
  outer loop
    vertex 5.0085434870032906 15.89330000318699 47.51250339101636
    vertex 2.0085434870032897 15.880896465069045 47.59282046196888
    vertex 2.0085434870032897 15.89330000318699 47.512503391016374
  endloop
endfacet
facet normal 2.87177961286982e-17 -0.9882844984067227 -0.15262290198057618
  outer loop
    vertex 2.0085434870032897 15.880896465069045 47.59282046196888
    vertex 5.0085434870032906 15.89330000318699 47.51250339101636
    vertex 5.008543487003289 15.880896465069045 47.59282046196888
  endloop
endfacet
facet normal -2.284444406155393e-16 -0.7795680307963003 -0.6263175595178364
  outer loop
    vertex 5.008543487003289 15.880896465069045 47.59282046196888
    vertex 2.0085434870032897 15.829996150485847 47.65617531671235
    vertex 2.0085434870032897 15.880896465069045 47.59282046196888
  endloop
endfacet
facet normal -2.284444406155393e-16 -0.7795680307963003 -0.6263175595178364
  outer loop
    vertex 2.0085434870032897 15.829996150485847 47.65617531671235
    vertex 5.008543487003289 15.880896465069045 47.59282046196888
    vertex 5.008543487003289 15.829996150485853 47.65617531671234
  endloop
endfacet
facet normal -4.2439517398148496e-16 -0.36196693888882897 -0.9321909327768914
  outer loop
    vertex 5.008543487003289 15.829996150485853 47.65617531671234
    vertex 2.00854348700329 15.754237757624441 47.68559207308165
    vertex 2.0085434870032897 15.829996150485847 47.65617531671235
  endloop
endfacet
facet normal -4.2439517398148496e-16 -0.36196693888882897 -0.9321909327768914
  outer loop
    vertex 2.00854348700329 15.754237757624441 47.68559207308165
    vertex 5.008543487003289 15.829996150485853 47.65617531671234
    vertex 5.008543487003289 15.754237757624436 47.68559207308166
  endloop
endfacet
facet normal -4.806545711837889e-16 -0.1162708729450605 -0.9932175411784641
  outer loop
    vertex 2.00854348700329 15.754237757624441 47.68559207308165
    vertex 5.0085434870032906 15.184672890822547 47.75226810478295
    vertex 2.008543487003291 15.184672890822547 47.75226810478294
  endloop
endfacet
facet normal -4.806545711837889e-16 -0.1162708729450605 -0.9932175411784641
  outer loop
    vertex 5.0085434870032906 15.184672890822547 47.75226810478295
    vertex 2.00854348700329 15.754237757624441 47.68559207308165
    vertex 5.008543487003289 15.754237757624436 47.68559207308166
  endloop
endfacet
facet normal -4.432461048795044e-16 -0.2942074950656626 -0.9557415706388355
  outer loop
    vertex 5.0085434870032906 15.184672890822547 47.75226810478295
    vertex 2.008543487003291 15.023905401570554 47.8017574246513
    vertex 2.008543487003291 15.184672890822547 47.75226810478294
  endloop
endfacet
facet normal -4.432461048795044e-16 -0.2942074950656626 -0.9557415706388355
  outer loop
    vertex 2.008543487003291 15.023905401570554 47.8017574246513
    vertex 5.0085434870032906 15.184672890822547 47.75226810478295
    vertex 5.0085434870032906 15.023905401570554 47.8017574246513
  endloop
endfacet
facet normal -4.1064607098034e-16 -0.40600995828134817 -0.9138686523655235
  outer loop
    vertex 2.008543487003291 15.023905401570554 47.8017574246513
    vertex 5.0085434870032906 14.767702598132997 47.91558219505565
    vertex 2.00854348700329 14.767702598132997 47.91558219505565
  endloop
endfacet
facet normal -4.1064607098034e-16 -0.40600995828134817 -0.9138686523655235
  outer loop
    vertex 5.0085434870032906 14.767702598132997 47.91558219505565
    vertex 2.008543487003291 15.023905401570554 47.8017574246513
    vertex 5.0085434870032906 15.023905401570554 47.8017574246513
  endloop
endfacet
facet normal -3.7165737472671826e-16 -0.5133577743419062 -0.8581746882323695
  outer loop
    vertex 5.0085434870032906 14.767702598132997 47.91558219505565
    vertex 2.0085434870032906 14.430879342685353 48.117068954260056
    vertex 2.00854348700329 14.767702598132997 47.91558219505565
  endloop
endfacet
facet normal -3.7165737472671826e-16 -0.5133577743419062 -0.8581746882323695
  outer loop
    vertex 2.0085434870032906 14.430879342685353 48.117068954260056
    vertex 5.0085434870032906 14.767702598132997 47.91558219505565
    vertex 5.0085434870032906 14.43087934268536 48.117068954260056
  endloop
endfacet
facet normal -3.2703239816942537e-16 -0.613606054022283 -0.7896123165625035
  outer loop
    vertex 5.0085434870032906 14.43087934268536 48.117068954260056
    vertex 2.0085434870032906 14.032419989840756 48.426710871006804
    vertex 2.0085434870032906 14.430879342685353 48.117068954260056
  endloop
endfacet
facet normal -3.2703239816942537e-16 -0.613606054022283 -0.7896123165625035
  outer loop
    vertex 2.0085434870032906 14.032419989840756 48.426710871006804
    vertex 5.0085434870032906 14.43087934268536 48.117068954260056
    vertex 5.0085434870032906 14.032419989840756 48.426710871006804
  endloop
endfacet
facet normal -2.938182554021264e-16 -0.6768155031060025 -0.7361526844041043
  outer loop
    vertex 5.0085434870032906 14.032419989840756 48.426710871006804
    vertex 2.0085434870032906 13.866049979958003 48.57967071795988
    vertex 2.0085434870032906 14.032419989840756 48.426710871006804
  endloop
endfacet
facet normal -2.938182554021264e-16 -0.6768155031060025 -0.7361526844041043
  outer loop
    vertex 2.0085434870032906 13.866049979958003 48.57967071795988
    vertex 5.0085434870032906 14.032419989840756 48.426710871006804
    vertex 5.0085434870032906 13.866049979958003 48.57967071795988
  endloop
endfacet
facet normal 2.1223063759049537e-16 -0.9755345439458525 0.2198462043528559
  outer loop
    vertex 5.0085434870032906 14.012368423995142 49.22893685832739
    vertex 2.0085434870032906 13.866049979958003 48.57967071795988
    vertex 5.0085434870032906 13.866049979958003 48.57967071795988
  endloop
endfacet
facet normal 2.1223063759049537e-16 -0.9755345439458525 0.2198462043528559
  outer loop
    vertex 2.0085434870032906 13.866049979958003 48.57967071795988
    vertex 5.0085434870032906 14.012368423995142 49.22893685832739
    vertex 2.008543487003291 14.012368423995138 49.22893685832739
  endloop
endfacet
facet normal 5.053767711561095e-16 -0.2956295808228072 0.9553026488723516
  outer loop
    vertex 5.0085434870032906 14.012368423995142 49.22893685832739
    vertex 2.008543487003291 14.22826617795436 49.29574894408775
    vertex 2.008543487003291 14.012368423995138 49.22893685832739
  endloop
endfacet
facet normal 5.053767711561095e-16 -0.2956295808228072 0.9553026488723516
  outer loop
    vertex 2.008543487003291 14.22826617795436 49.29574894408775
    vertex 5.0085434870032906 14.012368423995142 49.22893685832739
    vertex 5.0085434870032906 14.22826617795436 49.295748944087734
  endloop
endfacet
facet normal 5.074287081119803e-16 -0.21559954017138178 0.9764818678694905
  outer loop
    vertex 5.0085434870032906 14.721024871017345 49.404546199966774
    vertex 2.008543487003291 14.22826617795436 49.29574894408775
    vertex 5.0085434870032906 14.22826617795436 49.295748944087734
  endloop
endfacet
facet normal 5.074287081119803e-16 -0.21559954017138178 0.9764818678694905
  outer loop
    vertex 2.008543487003291 14.22826617795436 49.29574894408775
    vertex 5.0085434870032906 14.721024871017345 49.404546199966774
    vertex 2.00854348700329 14.721024871017345 49.40454619996678
  endloop
endfacet
facet normal 5.041452341997747e-16 -0.09563292104865612 0.9954166687431458
  outer loop
    vertex 5.0085434870032906 15.111713955058603 49.442080972592045
    vertex 2.00854348700329 14.721024871017345 49.40454619996678
    vertex 5.0085434870032906 14.721024871017345 49.404546199966774
  endloop
endfacet
facet normal 5.041452341997747e-16 -0.09563292104865612 0.9954166687431458
  outer loop
    vertex 2.00854348700329 14.721024871017345 49.40454619996678
    vertex 5.0085434870032906 15.111713955058603 49.442080972592045
    vertex 2.008543487003291 15.111713955058603 49.442080972592045
  endloop
endfacet
facet normal 4.934865587333435e-16 0.025227247745873364 0.9996817423416156
  outer loop
    vertex 5.0085434870032906 15.391974432612258 49.43500852122962
    vertex 2.008543487003291 15.111713955058603 49.442080972592045
    vertex 5.0085434870032906 15.111713955058603 49.442080972592045
  endloop
endfacet
facet normal 4.934865587333435e-16 0.025227247745873364 0.9996817423416156
  outer loop
    vertex 2.008543487003291 15.111713955058603 49.442080972592045
    vertex 5.0085434870032906 15.391974432612258 49.43500852122962
    vertex 2.008543487003291 15.391974432612258 49.43500852122962
  endloop
endfacet
facet normal 4.758843830846732e-16 0.14418312438316527 0.9895510227588614
  outer loop
    vertex 5.0085434870032906 15.558429087618352 49.41075514603732
    vertex 2.008543487003291 15.391974432612258 49.43500852122962
    vertex 5.0085434870032906 15.391974432612258 49.43500852122962
  endloop
endfacet
facet normal 4.758843830846732e-16 0.14418312438316527 0.9895510227588614
  outer loop
    vertex 2.008543487003291 15.391974432612258 49.43500852122962
    vertex 5.0085434870032906 15.558429087618352 49.41075514603732
    vertex 2.008543487003291 15.558429087618352 49.41075514603732
  endloop
endfacet
facet normal 4.3611633621876406e-16 0.3209943154604402 0.9470811208350018
  outer loop
    vertex 5.0085434870032906 15.558429087618352 49.41075514603732
    vertex 2.0085434870032914 16.101536825928076 49.22667957653775
    vertex 2.008543487003291 15.558429087618352 49.41075514603732
  endloop
endfacet
facet normal 4.3611633621876406e-16 0.3209943154604402 0.9470811208350018
  outer loop
    vertex 2.0085434870032914 16.101536825928076 49.22667957653775
    vertex 5.0085434870032906 15.558429087618352 49.41075514603732
    vertex 5.0085434870032906 16.10153682592808 49.226679576537734
  endloop
endfacet
facet normal 4.872887108150679e-16 0.07287193135990876 0.9973413064843333
  outer loop
    vertex 5.0085434870032906 16.18258993624795 49.22075733441929
    vertex 2.0085434870032914 16.101536825928076 49.22667957653775
    vertex 5.0085434870032906 16.10153682592808 49.226679576537734
  endloop
endfacet
facet normal 4.872887108150679e-16 0.07287193135990876 0.9973413064843333
  outer loop
    vertex 2.0085434870032914 16.101536825928076 49.22667957653775
    vertex 5.0085434870032906 16.18258993624795 49.22075733441929
    vertex 2.0085434870032914 16.182589936247957 49.22075733441929
  endloop
endfacet
facet normal 4.927997739356629e-16 -0.4355617094618931 0.9001588733388308
  outer loop
    vertex 5.0085434870032906 16.255745109899916 49.256155077457294
    vertex 2.0085434870032914 16.182589936247957 49.22075733441929
    vertex 5.0085434870032906 16.18258993624795 49.22075733441929
  endloop
endfacet
facet normal 4.927997739356629e-16 -0.4355617094618931 0.9001588733388308
  outer loop
    vertex 2.0085434870032914 16.182589936247957 49.22075733441929
    vertex 5.0085434870032906 16.255745109899916 49.256155077457294
    vertex 2.0085434870032914 16.255745109899916 49.256155077457294
  endloop
endfacet
facet normal 3.662655356000067e-16 -0.8272869419790518 0.561779597022666
  outer loop
    vertex 5.0085434870032906 16.301400477181794 49.32338800899082
    vertex 2.0085434870032914 16.255745109899916 49.256155077457294
    vertex 5.0085434870032906 16.255745109899916 49.256155077457294
  endloop
endfacet
facet normal 3.662655356000067e-16 -0.8272869419790518 0.561779597022666
  outer loop
    vertex 2.0085434870032914 16.255745109899916 49.256155077457294
    vertex 5.0085434870032906 16.301400477181794 49.32338800899082
    vertex 2.0085434870032914 16.301400477181794 49.32338800899082
  endloop
endfacet
facet normal 2.9807565010895303e-16 -0.9139000544257546 0.4059392694980408
  outer loop
    vertex 5.008543487003291 16.63646678332625 50.077730193722786
    vertex 2.0085434870032914 16.301400477181794 49.32338800899082
    vertex 5.0085434870032906 16.301400477181794 49.32338800899082
  endloop
endfacet
facet normal 2.9807565010895303e-16 -0.9139000544257546 0.4059392694980408
  outer loop
    vertex 2.0085434870032914 16.301400477181794 49.32338800899082
    vertex 5.008543487003291 16.63646678332625 50.077730193722786
    vertex 2.008543487003291 16.63646678332625 50.077730193722786
  endloop
endfacet
facet normal 2.204105242479529e-16 -0.9714620763636104 0.23719492867113162
  outer loop
    vertex 5.008543487003291 16.65574342071799 50.15668012022751
    vertex 2.008543487003291 16.63646678332625 50.077730193722786
    vertex 5.008543487003291 16.63646678332625 50.077730193722786
  endloop
endfacet
facet normal 2.204105242479529e-16 -0.9714620763636104 0.23719492867113162
  outer loop
    vertex 2.008543487003291 16.63646678332625 50.077730193722786
    vertex 5.008543487003291 16.65574342071799 50.15668012022751
    vertex 2.008543487003291 16.65574342071799 50.15668012022752
  endloop
endfacet
facet normal -3.7656316349798425e-17 -0.9599083012796361 -0.2803142043037485
  outer loop
    vertex 5.008543487003291 16.65574342071799 50.15668012022751
    vertex 2.008543487003291 16.6329625151464 50.2346910809034
    vertex 2.008543487003291 16.65574342071799 50.15668012022752
  endloop
endfacet
facet normal -3.7656316349798425e-17 -0.9599083012796361 -0.2803142043037485
  outer loop
    vertex 2.008543487003291 16.6329625151464 50.2346910809034
    vertex 5.008543487003291 16.65574342071799 50.15668012022751
    vertex 5.008543487003291 16.6329625151464 50.2346910809034
  endloop
endfacet
facet normal -2.8563317739170654e-16 -0.6911478720598445 -0.7227133726084976
  outer loop
    vertex 5.008543487003291 16.6329625151464 50.2346910809034
    vertex 2.008543487003291 16.574228191862264 50.29086010183656
    vertex 2.008543487003291 16.6329625151464 50.2346910809034
  endloop
endfacet
facet normal -2.8563317739170654e-16 -0.6911478720598445 -0.7227133726084976
  outer loop
    vertex 2.008543487003291 16.574228191862264 50.29086010183656
    vertex 5.008543487003291 16.6329625151464 50.2346910809034
    vertex 5.008543487003291 16.574228191862264 50.29086010183654
  endloop
endfacet
facet normal -3.8180653786102374e-16 -0.4875081774845543 -0.8731184208832663
  outer loop
    vertex 5.008543487003291 16.574228191862264 50.29086010183654
    vertex 2.0085434870032914 16.073534681654404 50.57042376101676
    vertex 2.008543487003291 16.574228191862264 50.29086010183656
  endloop
endfacet
facet normal -3.8180653786102374e-16 -0.4875081774845543 -0.8731184208832663
  outer loop
    vertex 2.0085434870032914 16.073534681654404 50.57042376101676
    vertex 5.008543487003291 16.574228191862264 50.29086010183654
    vertex 5.0085434870032906 16.073534681654404 50.57042376101676
  endloop
endfacet
facet normal -3.1496606498365375e-16 -0.6375587477085912 -0.7704017414441979
  outer loop
    vertex 5.0085434870032906 16.073534681654404 50.57042376101676
    vertex 2.0085434870032923 15.943943631633898 50.67766898532069
    vertex 2.0085434870032914 16.073534681654404 50.57042376101676
  endloop
endfacet
facet normal -3.1496606498365375e-16 -0.6375587477085912 -0.7704017414441979
  outer loop
    vertex 2.0085434870032923 15.943943631633898 50.67766898532069
    vertex 5.0085434870032906 16.073534681654404 50.57042376101676
    vertex 5.008543487003291 15.943943631633898 50.677668985320686
  endloop
endfacet
facet normal -2.6530673152988165e-16 -0.7248266830700099 -0.6889312589146522
  outer loop
    vertex 2.0085434870032923 15.943943631633898 50.67766898532069
    vertex 5.008543487003291 15.75080195919244 50.88087392919111
    vertex 2.0085434870032914 15.750801959192442 50.88087392919112
  endloop
endfacet
facet normal -2.6530673152988165e-16 -0.7248266830700099 -0.6889312589146522
  outer loop
    vertex 5.008543487003291 15.75080195919244 50.88087392919111
    vertex 2.0085434870032923 15.943943631633898 50.67766898532069
    vertex 5.008543487003291 15.943943631633898 50.677668985320686
  endloop
endfacet
facet normal -2.1115019584889465e-16 -0.8026899758316363 -0.5963965146606806
  outer loop
    vertex 5.008543487003291 15.75080195919244 50.88087392919111
    vertex 2.0085434870032928 15.516723491999 51.19592010158717
    vertex 2.0085434870032914 15.750801959192442 50.88087392919112
  endloop
endfacet
facet normal -2.1115019584889465e-16 -0.8026899758316363 -0.5963965146606806
  outer loop
    vertex 2.0085434870032928 15.516723491999 51.19592010158717
    vertex 5.008543487003291 15.75080195919244 50.88087392919111
    vertex 5.008543487003291 15.516723491998997 51.19592010158717
  endloop
endfacet
facet normal -1.5365537670989916e-16 -0.8690696258760906 -0.4946897870176745
  outer loop
    vertex 2.0085434870032928 15.516723491999 51.19592010158717
    vertex 5.008543487003291 15.267089882872936 51.6344757236816
    vertex 2.008543487003292 15.26708988287294 51.63447572368161
  endloop
endfacet
facet normal -1.5365537670989916e-16 -0.8690696258760906 -0.4946897870176745
  outer loop
    vertex 5.008543487003291 15.267089882872936 51.6344757236816
    vertex 2.0085434870032928 15.516723491999 51.19592010158717
    vertex 5.008543487003291 15.516723491998997 51.19592010158717
  endloop
endfacet
facet normal -1.1312665337416417e-16 -0.9070094266185065 -0.42111031811767347
  outer loop
    vertex 5.008543487003291 15.267089882872936 51.6344757236816
    vertex 2.0085434870032928 15.17191923516462 51.83945924200214
    vertex 2.008543487003292 15.26708988287294 51.63447572368161
  endloop
endfacet
facet normal -1.1312665337416417e-16 -0.9070094266185065 -0.42111031811767347
  outer loop
    vertex 2.0085434870032928 15.17191923516462 51.83945924200214
    vertex 5.008543487003291 15.267089882872936 51.6344757236816
    vertex 5.008543487003293 15.17191923516462 51.83945924200214
  endloop
endfacet
facet normal 3.724657825564806e-16 -0.8171448983351277 0.5764323161697944
  outer loop
    vertex 5.008543487003291 15.555563245953673 52.383309295857856
    vertex 2.0085434870032928 15.17191923516462 51.83945924200214
    vertex 5.008543487003293 15.17191923516462 51.83945924200214
  endloop
endfacet
facet normal 3.724657825564806e-16 -0.8171448983351277 0.5764323161697944
  outer loop
    vertex 2.0085434870032928 15.17191923516462 51.83945924200214
    vertex 5.008543487003291 15.555563245953673 52.383309295857856
    vertex 2.0085434870032923 15.555563245953673 52.383309295857856
  endloop
endfacet
facet normal 4.844128588976291e-16 0.09245237769093234 0.9957171073448992
  outer loop
    vertex 5.008543487003291 15.780594640254012 52.362415120891185
    vertex 2.0085434870032923 15.555563245953673 52.383309295857856
    vertex 5.008543487003291 15.555563245953673 52.383309295857856
  endloop
endfacet
facet normal 4.844128588976291e-16 0.09245237769093234 0.9957171073448992
  outer loop
    vertex 2.0085434870032923 15.555563245953673 52.383309295857856
    vertex 5.008543487003291 15.780594640254012 52.362415120891185
    vertex 2.0085434870032923 15.780594640254016 52.362415120891185
  endloop
endfacet
facet normal 4.70251762207767e-16 0.17449543045533317 0.9846579836421416
  outer loop
    vertex 5.008543487003291 16.277479218553577 52.27436009080216
    vertex 2.0085434870032923 15.780594640254016 52.362415120891185
    vertex 5.008543487003291 15.780594640254012 52.362415120891185
  endloop
endfacet
facet normal 4.70251762207767e-16 0.17449543045533317 0.9846579836421416
  outer loop
    vertex 2.0085434870032923 15.780594640254016 52.362415120891185
    vertex 5.008543487003291 16.277479218553577 52.27436009080216
    vertex 2.0085434870032923 16.277479218553577 52.27436009080216
  endloop
endfacet
facet normal 4.4366702196842156e-16 0.2925761690369556 0.9562422210463514
  outer loop
    vertex 5.008543487003291 16.277479218553577 52.27436009080216
    vertex 2.0085434870032928 16.652792802496187 52.159527459319634
    vertex 2.0085434870032923 16.277479218553577 52.27436009080216
  endloop
endfacet
facet normal 4.4366702196842156e-16 0.2925761690369556 0.9562422210463514
  outer loop
    vertex 2.0085434870032928 16.652792802496187 52.159527459319634
    vertex 5.008543487003291 16.277479218553577 52.27436009080216
    vertex 5.008543487003291 16.652792802496187 52.159527459319634
  endloop
endfacet
facet normal 4.1069218317152083e-16 0.4058685782859865 0.9139314510181342
  outer loop
    vertex 2.0085434870032928 16.652792802496187 52.159527459319634
    vertex 5.008543487003291 16.909013211517237 52.04574232475469
    vertex 2.008543487003292 16.909013211517234 52.045742324754706
  endloop
endfacet
facet normal 4.1069218317152083e-16 0.4058685782859865 0.9139314510181342
  outer loop
    vertex 5.008543487003291 16.909013211517237 52.04574232475469
    vertex 2.0085434870032928 16.652792802496187 52.159527459319634
    vertex 5.008543487003291 16.652792802496187 52.159527459319634
  endloop
endfacet
facet normal 5.066295632073908e-16 -0.15262290198039336 0.9882844984067509
  outer loop
    vertex 5.008543487003293 23.37879592012388 53.75916087479492
    vertex 2.0085434870032923 23.29847884917136 53.746757336677014
    vertex 5.008543487003291 23.298478849171364 53.74675733667701
  endloop
endfacet
facet normal 5.066295632073908e-16 -0.15262290198039336 0.9882844984067509
  outer loop
    vertex 2.0085434870032923 23.29847884917136 53.746757336677014
    vertex 5.008543487003293 23.37879592012388 53.75916087479492
    vertex 2.0085434870032923 23.37879592012388 53.75916087479492
  endloop
endfacet
facet normal 4.531129701101495e-16 -0.6263175595179066 0.779568030796244
  outer loop
    vertex 5.008543487003293 23.442150774867375 53.810061189378146
    vertex 2.0085434870032923 23.37879592012388 53.75916087479492
    vertex 5.008543487003293 23.37879592012388 53.75916087479492
  endloop
endfacet
facet normal 4.531129701101495e-16 -0.6263175595179066 0.779568030796244
  outer loop
    vertex 2.0085434870032923 23.37879592012388 53.75916087479492
    vertex 5.008543487003293 23.442150774867375 53.810061189378146
    vertex 2.0085434870032923 23.44215077486738 53.810061189378146
  endloop
endfacet
facet normal 2.781851225918118e-16 -0.9321909327769067 0.36196693888878956
  outer loop
    vertex 5.008543487003293 23.47156753123668 53.88581958223954
    vertex 2.0085434870032923 23.44215077486738 53.810061189378146
    vertex 5.008543487003293 23.442150774867375 53.810061189378146
  endloop
endfacet
facet normal 2.781851225918118e-16 -0.9321909327769067 0.36196693888878956
  outer loop
    vertex 2.0085434870032923 23.44215077486738 53.810061189378146
    vertex 5.008543487003293 23.47156753123668 53.88581958223954
    vertex 2.0085434870032923 23.47156753123668 53.88581958223956
  endloop
endfacet
facet normal 1.6269422033476436e-16 -0.9932175411784622 0.11627087294507615
  outer loop
    vertex 5.008543487003293 23.47156753123668 53.88581958223954
    vertex 2.0085434870032928 23.538243562937975 54.45538444904143
    vertex 2.0085434870032923 23.47156753123668 53.88581958223956
  endloop
endfacet
facet normal 1.6269422033476436e-16 -0.9932175411784622 0.11627087294507615
  outer loop
    vertex 2.0085434870032928 23.538243562937975 54.45538444904143
    vertex 5.008543487003293 23.47156753123668 53.88581958223954
    vertex 5.008543487003294 23.53824356293797 54.45538444904143
  endloop
endfacet
facet normal 2.470447664682211e-16 -0.9557415706388568 0.2942074950655937
  outer loop
    vertex 5.008543487003294 23.587732882806318 54.61615193829344
    vertex 2.0085434870032928 23.538243562937975 54.45538444904143
    vertex 5.008543487003294 23.53824356293797 54.45538444904143
  endloop
endfacet
facet normal 2.470447664682211e-16 -0.9557415706388568 0.2942074950655937
  outer loop
    vertex 2.0085434870032928 23.538243562937975 54.45538444904143
    vertex 5.008543487003294 23.587732882806318 54.61615193829344
    vertex 2.0085434870032928 23.587732882806318 54.61615193829344
  endloop
endfacet
facet normal 2.981074143972478e-16 -0.9138686523655295 0.4060099582813349
  outer loop
    vertex 5.008543487003293 23.70155765321066 54.872354741730994
    vertex 2.0085434870032928 23.587732882806318 54.61615193829344
    vertex 5.008543487003294 23.587732882806318 54.61615193829344
  endloop
endfacet
facet normal 2.981074143972478e-16 -0.9138686523655295 0.4060099582813349
  outer loop
    vertex 2.0085434870032928 23.587732882806318 54.61615193829344
    vertex 5.008543487003293 23.70155765321066 54.872354741730994
    vertex 2.0085434870032928 23.70155765321066 54.872354741730994
  endloop
endfacet
facet normal 3.4549822277611405e-16 -0.8581746882323631 0.5133577743419171
  outer loop
    vertex 5.008543487003293 23.903044412415074 55.20917799717863
    vertex 2.0085434870032928 23.70155765321066 54.872354741730994
    vertex 5.008543487003293 23.70155765321066 54.872354741730994
  endloop
endfacet
facet normal 3.4549822277611405e-16 -0.8581746882323631 0.5133577743419171
  outer loop
    vertex 2.0085434870032928 23.70155765321066 54.872354741730994
    vertex 5.008543487003293 23.903044412415074 55.20917799717863
    vertex 2.0085434870032928 23.903044412415074 55.20917799717863
  endloop
endfacet
facet normal 3.8800520186946554e-16 -0.789612316562494 0.6136060540222953
  outer loop
    vertex 5.008543487003293 24.212686329161823 55.607637350023225
    vertex 2.0085434870032928 23.903044412415074 55.20917799717863
    vertex 5.008543487003293 23.903044412415074 55.20917799717863
  endloop
endfacet
facet normal 3.8800520186946554e-16 -0.789612316562494 0.6136060540222953
  outer loop
    vertex 2.0085434870032928 23.903044412415074 55.20917799717863
    vertex 5.008543487003293 24.212686329161823 55.607637350023225
    vertex 2.0085434870032928 24.212686329161823 55.607637350023225
  endloop
endfacet
facet normal 4.137258257864194e-16 -0.736152684404111 0.6768155031059953
  outer loop
    vertex 5.008543487003293 24.365646176114897 55.774007359905966
    vertex 2.0085434870032928 24.212686329161823 55.607637350023225
    vertex 5.008543487003293 24.212686329161823 55.607637350023225
  endloop
endfacet
facet normal 4.137258257864194e-16 -0.736152684404111 0.6768155031059953
  outer loop
    vertex 2.0085434870032928 24.212686329161823 55.607637350023225
    vertex 5.008543487003293 24.365646176114897 55.774007359905966
    vertex 2.0085434870032923 24.3656461761149 55.774007359905966
  endloop
endfacet
facet normal 4.609299107219507e-16 0.21984620435282043 0.9755345439458606
  outer loop
    vertex 5.008543487003293 25.0149123164824 55.62768891586887
    vertex 2.0085434870032923 24.3656461761149 55.774007359905966
    vertex 5.008543487003293 24.365646176114897 55.774007359905966
  endloop
endfacet
facet normal 4.609299107219507e-16 0.21984620435282043 0.9755345439458606
  outer loop
    vertex 2.0085434870032923 24.3656461761149 55.774007359905966
    vertex 5.008543487003293 25.0149123164824 55.62768891586887
    vertex 2.0085434870032937 25.0149123164824 55.62768891586887
  endloop
endfacet
facet normal 4.5744347257646657e-17 0.9553026488723738 0.29562958082273527
  outer loop
    vertex 5.008543487003293 25.0149123164824 55.62768891586887
    vertex 2.0085434870032937 25.081724402242735 55.411791161909626
    vertex 2.0085434870032937 25.0149123164824 55.62768891586887
  endloop
endfacet
facet normal 4.5744347257646657e-17 0.9553026488723738 0.29562958082273527
  outer loop
    vertex 2.0085434870032937 25.081724402242735 55.411791161909626
    vertex 5.008543487003293 25.0149123164824 55.62768891586887
    vertex 5.008543487003293 25.081724402242735 55.411791161909626
  endloop
endfacet
facet normal 3.785804275630088e-18 0.9764818678694835 0.21559954017141303
  outer loop
    vertex 5.008543487003293 25.081724402242735 55.411791161909626
    vertex 2.008543487003293 25.19052165812179 54.91903246884665
    vertex 2.0085434870032937 25.081724402242735 55.411791161909626
  endloop
endfacet
facet normal 3.785804275630088e-18 0.9764818678694835 0.21559954017141303
  outer loop
    vertex 2.008543487003293 25.19052165812179 54.91903246884665
    vertex 5.008543487003293 25.081724402242735 55.411791161909626
    vertex 5.008543487003293 25.190521658121785 54.91903246884665
  endloop
endfacet
facet normal -5.775646252898418e-17 0.995416668743148 0.09563292104863319
  outer loop
    vertex 2.008543487003293 25.19052165812179 54.91903246884665
    vertex 5.008543487003293 25.228056430747063 54.52834338480537
    vertex 2.0085434870032923 25.228056430747063 54.52834338480537
  endloop
endfacet
facet normal -5.775646252898418e-17 0.995416668743148 0.09563292104863319
  outer loop
    vertex 5.008543487003293 25.228056430747063 54.52834338480537
    vertex 2.008543487003293 25.19052165812179 54.91903246884665
    vertex 5.008543487003293 25.190521658121785 54.91903246884665
  endloop
endfacet
facet normal -1.1819154995060742e-16 0.999681742341616 -0.025227247745859542
  outer loop
    vertex 5.008543487003293 25.228056430747063 54.52834338480537
    vertex 2.0085434870032928 25.220983979384627 54.248082907251735
    vertex 2.0085434870032923 25.228056430747063 54.52834338480537
  endloop
endfacet
facet normal -1.1819154995060742e-16 0.999681742341616 -0.025227247745859542
  outer loop
    vertex 2.0085434870032928 25.220983979384627 54.248082907251735
    vertex 5.008543487003293 25.228056430747063 54.52834338480537
    vertex 5.008543487003293 25.220983979384627 54.248082907251735
  endloop
endfacet
facet normal -1.7615981399379334e-16 0.9895510227588602 -0.14418312438317427
  outer loop
    vertex 5.008543487003293 25.220983979384627 54.248082907251735
    vertex 2.0085434870032928 25.196730604192318 54.08162825224562
    vertex 2.0085434870032928 25.220983979384627 54.248082907251735
  endloop
endfacet
facet normal -1.7615981399379334e-16 0.9895510227588602 -0.14418312438317427
  outer loop
    vertex 2.0085434870032928 25.196730604192318 54.08162825224562
    vertex 5.008543487003293 25.220983979384627 54.248082907251735
    vertex 5.008543487003293 25.196730604192318 54.08162825224562
  endloop
endfacet
facet normal -2.594239144977313e-16 0.947081120835005 -0.32099431546043145
  outer loop
    vertex 2.0085434870032928 25.196730604192318 54.08162825224562
    vertex 5.008543487003291 25.01265503469275 53.53852051393591
    vertex 2.0085434870032928 25.012655034692752 53.53852051393591
  endloop
endfacet
facet normal -2.594239144977313e-16 0.947081120835005 -0.32099431546043145
  outer loop
    vertex 5.008543487003291 25.01265503469275 53.53852051393591
    vertex 2.0085434870032928 25.196730604192318 54.08162825224562
    vertex 5.008543487003293 25.196730604192318 54.08162825224562
  endloop
endfacet
facet normal -1.4159074278495933e-16 0.9973413064843328 -0.07287193135991482
  outer loop
    vertex 2.0085434870032928 25.012655034692752 53.53852051393591
    vertex 5.008543487003291 25.0067327925743 53.45746740361604
    vertex 2.008543487003292 25.006732792574308 53.45746740361606
  endloop
endfacet
facet normal -1.4159074278495933e-16 0.9973413064843328 -0.07287193135991482
  outer loop
    vertex 5.008543487003291 25.0067327925743 53.45746740361604
    vertex 2.0085434870032928 25.012655034692752 53.53852051393591
    vertex 5.008543487003291 25.01265503469275 53.53852051393591
  endloop
endfacet
facet normal 1.2102317521510365e-16 0.9001588733389042 0.43556170946174144
  outer loop
    vertex 5.008543487003291 25.0067327925743 53.45746740361604
    vertex 2.0085434870032928 25.04213053561231 53.38431222996406
    vertex 2.008543487003292 25.006732792574308 53.45746740361606
  endloop
endfacet
facet normal 1.2102317521510365e-16 0.9001588733389042 0.43556170946174144
  outer loop
    vertex 2.0085434870032928 25.04213053561231 53.38431222996406
    vertex 5.008543487003291 25.0067327925743 53.45746740361604
    vertex 5.008543487003291 25.04213053561231 53.38431222996406
  endloop
endfacet
facet normal 3.512090311507704e-16 0.5617795970226135 0.8272869419790876
  outer loop
    vertex 5.008543487003291 25.04213053561231 53.38431222996406
    vertex 2.0085434870032928 25.109363467145823 53.3386568626822
    vertex 2.0085434870032928 25.04213053561231 53.38431222996406
  endloop
endfacet
facet normal 3.512090311507704e-16 0.5617795970226135 0.8272869419790876
  outer loop
    vertex 2.0085434870032928 25.109363467145823 53.3386568626822
    vertex 5.008543487003291 25.04213053561231 53.38431222996406
    vertex 5.008543487003291 25.109363467145823 53.3386568626822
  endloop
endfacet
facet normal 4.1066912830444217e-16 0.40593926949804404 0.913900054425753
  outer loop
    vertex 2.0085434870032928 25.109363467145823 53.3386568626822
    vertex 5.008543487003291 25.8637056518778 53.00359055653773
    vertex 2.0085434870032914 25.8637056518778 53.00359055653773
  endloop
endfacet
facet normal 4.1066912830444217e-16 0.40593926949804404 0.913900054425753
  outer loop
    vertex 5.008543487003291 25.8637056518778 53.00359055653773
    vertex 2.0085434870032928 25.109363467145823 53.3386568626822
    vertex 5.008543487003291 25.109363467145823 53.3386568626822
  endloop
endfacet
facet normal 4.570748592199627e-16 0.23719492867113234 0.9714620763636099
  outer loop
    vertex 5.008543487003291 25.8637056518778 53.00359055653773
    vertex 2.0085434870032914 25.94265557838253 52.984313919146
    vertex 2.0085434870032914 25.8637056518778 53.00359055653773
  endloop
endfacet
facet normal 4.570748592199627e-16 0.23719492867113234 0.9714620763636099
  outer loop
    vertex 2.0085434870032914 25.94265557838253 52.984313919146
    vertex 5.008543487003291 25.8637056518778 53.00359055653773
    vertex 5.008543487003291 25.94265557838253 52.984313919146
  endloop
endfacet
facet normal 5.060437016396564e-16 -0.28031420430386716 0.9599083012796013
  outer loop
    vertex 5.008543487003291 26.0206665390584 53.00709482471758
    vertex 2.0085434870032914 25.94265557838253 52.984313919146
    vertex 5.008543487003291 25.94265557838253 52.984313919146
  endloop
endfacet
facet normal 5.060437016396564e-16 -0.28031420430386716 0.9599083012796013
  outer loop
    vertex 2.0085434870032914 25.94265557838253 52.984313919146
    vertex 5.008543487003291 26.0206665390584 53.00709482471758
    vertex 2.0085434870032914 26.0206665390584 53.00709482471758
  endloop
endfacet
facet normal 4.1941854287021763e-16 -0.7227133726083462 0.6911478720600026
  outer loop
    vertex 5.008543487003291 26.07683555999156 53.06582914800172
    vertex 2.0085434870032914 26.0206665390584 53.00709482471758
    vertex 5.008543487003291 26.0206665390584 53.00709482471758
  endloop
endfacet
facet normal 4.1941854287021763e-16 -0.7227133726083462 0.6911478720600026
  outer loop
    vertex 2.0085434870032914 26.0206665390584 53.00709482471758
    vertex 5.008543487003291 26.07683555999156 53.06582914800172
    vertex 2.0085434870032914 26.07683555999156 53.06582914800172
  endloop
endfacet
facet normal 3.342484013077433e-16 -0.8731184208832716 0.4875081774845448
  outer loop
    vertex 5.008543487003291 26.356399219171774 53.56652265820958
    vertex 2.0085434870032914 26.07683555999156 53.06582914800172
    vertex 5.008543487003291 26.07683555999156 53.06582914800172
  endloop
endfacet
facet normal 3.342484013077433e-16 -0.8731184208832716 0.4875081774845448
  outer loop
    vertex 2.0085434870032914 26.07683555999156 53.06582914800172
    vertex 5.008543487003291 26.356399219171774 53.56652265820958
    vertex 2.0085434870032928 26.35639921917178 53.56652265820958
  endloop
endfacet
facet normal 3.978625441517605e-16 -0.7704017414442168 0.6375587477085686
  outer loop
    vertex 5.008543487003291 26.463644443475708 53.696113708230094
    vertex 2.0085434870032928 26.35639921917178 53.56652265820958
    vertex 5.008543487003291 26.356399219171774 53.56652265820958
  endloop
endfacet
facet normal 3.978625441517605e-16 -0.7704017414442168 0.6375587477085686
  outer loop
    vertex 2.0085434870032928 26.35639921917178 53.56652265820958
    vertex 5.008543487003291 26.463644443475708 53.696113708230094
    vertex 2.008543487003292 26.463644443475708 53.696113708230094
  endloop
endfacet
facet normal 4.3256278658148223e-16 -0.6889312589146545 0.7248266830700077
  outer loop
    vertex 5.008543487003291 26.666849387346137 53.889255380671564
    vertex 2.008543487003292 26.463644443475708 53.696113708230094
    vertex 5.008543487003291 26.463644443475708 53.696113708230094
  endloop
endfacet
facet normal 4.3256278658148223e-16 -0.6889312589146545 0.7248266830700077
  outer loop
    vertex 2.008543487003292 26.463644443475708 53.696113708230094
    vertex 5.008543487003291 26.666849387346137 53.889255380671564
    vertex 2.008543487003292 26.666849387346154 53.889255380671585
  endloop
endfacet
facet normal 4.614258563661001e-16 -0.5963965146606433 0.802689975831664
  outer loop
    vertex 5.008543487003291 26.98189555974221 54.12333384786497
    vertex 2.008543487003292 26.666849387346154 53.889255380671585
    vertex 5.008543487003291 26.666849387346137 53.889255380671564
  endloop
endfacet
facet normal 4.614258563661001e-16 -0.5963965146606433 0.802689975831664
  outer loop
    vertex 2.008543487003292 26.666849387346154 53.889255380671585
    vertex 5.008543487003291 26.98189555974221 54.12333384786497
    vertex 2.008543487003292 26.98189555974221 54.12333384786497
  endloop
endfacet
facet normal 4.836199451411649e-16 -0.49468978701768657 0.8690696258760836
  outer loop
    vertex 5.008543487003291 27.42045118183663 54.37296745699105
    vertex 2.008543487003292 26.98189555974221 54.12333384786497
    vertex 5.008543487003291 26.98189555974221 54.12333384786497
  endloop
endfacet
facet normal 4.836199451411649e-16 -0.49468978701768657 0.8690696258760836
  outer loop
    vertex 2.008543487003292 26.98189555974221 54.12333384786497
    vertex 5.008543487003291 27.42045118183663 54.37296745699105
    vertex 2.0085434870032914 27.42045118183663 54.37296745699105
  endloop
endfacet
facet normal 4.946722009842183e-16 -0.421110318117651 0.9070094266185169
  outer loop
    vertex 5.008543487003291 27.625434700157175 54.468138104699385
    vertex 2.0085434870032914 27.42045118183663 54.37296745699105
    vertex 5.008543487003291 27.42045118183663 54.37296745699105
  endloop
endfacet
facet normal 4.946722009842183e-16 -0.421110318117651 0.9070094266185169
  outer loop
    vertex 2.0085434870032914 27.42045118183663 54.37296745699105
    vertex 5.008543487003291 27.625434700157175 54.468138104699385
    vertex 2.0085434870032914 27.625434700157175 54.468138104699385
  endloop
endfacet
facet normal 3.4462656159210385e-16 0.5764323161697907 0.8171448983351304
  outer loop
    vertex 5.008543487003291 27.625434700157175 54.468138104699385
    vertex 2.008543487003292 28.16928475401287 54.08449409391032
    vertex 2.0085434870032914 27.625434700157175 54.468138104699385
  endloop
endfacet
facet normal 3.4462656159210385e-16 0.5764323161697907 0.8171448983351304
  outer loop
    vertex 2.008543487003292 28.16928475401287 54.08449409391032
    vertex 5.008543487003291 27.625434700157175 54.468138104699385
    vertex 5.008543487003291 28.16928475401288 54.08449409391031
  endloop
endfacet
facet normal -1.5113705126417133e-16 0.9957171073449012 -0.09245237769090947
  outer loop
    vertex 2.008543487003292 28.16928475401287 54.08449409391032
    vertex 5.008543487003291 28.1483905790462 53.85946269960998
    vertex 2.008543487003291 28.148390579046204 53.85946269960998
  endloop
endfacet
facet normal -1.5113705126417133e-16 0.9957171073449012 -0.09245237769090947
  outer loop
    vertex 5.008543487003291 28.1483905790462 53.85946269960998
    vertex 2.008543487003292 28.16928475401287 54.08449409391032
    vertex 5.008543487003291 28.16928475401288 54.08449409391031
  endloop
endfacet
facet normal -1.906869326165278e-16 0.9846579836421376 -0.17449543045535545
  outer loop
    vertex 5.008543487003291 28.1483905790462 53.85946269960998
    vertex 2.0085434870032914 28.06033554895718 53.362578121310406
    vertex 2.008543487003291 28.148390579046204 53.85946269960998
  endloop
endfacet
facet normal -1.906869326165278e-16 0.9846579836421376 -0.17449543045535545
  outer loop
    vertex 2.0085434870032914 28.06033554895718 53.362578121310406
    vertex 5.008543487003291 28.1483905790462 53.85946269960998
    vertex 5.008543487003291 28.06033554895718 53.362578121310406
  endloop
endfacet
facet normal -2.462880422348655e-16 0.9562422210463455 -0.2925761690369744
  outer loop
    vertex 2.0085434870032914 28.06033554895718 53.362578121310406
    vertex 5.008543487003291 27.945502917474638 52.98726453736779
    vertex 2.0085434870032906 27.945502917474638 52.98726453736781
  endloop
endfacet
facet normal -2.462880422348655e-16 0.9562422210463455 -0.2925761690369744
  outer loop
    vertex 5.008543487003291 27.945502917474638 52.98726453736779
    vertex 2.0085434870032914 28.06033554895718 53.362578121310406
    vertex 5.008543487003291 28.06033554895718 53.362578121310406
  endloop
endfacet
facet normal -2.9804388403726907e-16 0.9139314510181262 -0.4058685782860042
  outer loop
    vertex 2.0085434870032906 27.945502917474638 52.98726453736781
    vertex 5.008543487003291 27.83171778290971 52.73104412834677
    vertex 2.008543487003291 27.83171778290971 52.73104412834677
  endloop
endfacet
facet normal -2.9804388403726907e-16 0.9139314510181262 -0.4058685782860042
  outer loop
    vertex 5.008543487003291 27.83171778290971 52.73104412834677
    vertex 2.0085434870032906 27.945502917474638 52.98726453736781
    vertex 5.008543487003291 27.945502917474638 52.98726453736779
  endloop
endfacet
facet normal -3.448635157276559e-16 0.8590494433744327 -0.5118926194409112
  outer loop
    vertex 2.008543487003291 27.83171778290971 52.73104412834677
    vertex 5.008543487003291 27.745611147264334 52.58654144436044
    vertex 2.008543487003291 27.745611147264334 52.58654144436044
  endloop
endfacet
facet normal -3.448635157276559e-16 0.8590494433744327 -0.5118926194409112
  outer loop
    vertex 5.008543487003291 27.745611147264334 52.58654144436044
    vertex 2.008543487003291 27.83171778290971 52.73104412834677
    vertex 5.008543487003291 27.83171778290971 52.73104412834677
  endloop
endfacet
facet normal -4.0657094130308876e-16 0.7521496567572475 -0.6589923321556592
  outer loop
    vertex 2.008543487003291 27.745611147264334 52.58654144436044
    vertex 5.0085434870032906 27.367709162727923 52.155217991738226
    vertex 2.008543487003291 27.367709162727923 52.155217991738226
  endloop
endfacet
facet normal -4.0657094130308876e-16 0.7521496567572475 -0.6589923321556592
  outer loop
    vertex 5.0085434870032906 27.367709162727923 52.155217991738226
    vertex 2.008543487003291 27.745611147264334 52.58654144436044
    vertex 5.008543487003291 27.745611147264334 52.58654144436044
  endloop
endfacet
facet normal -3.172901056595711e-16 0.8935363391730473 -0.4489908802829173
  outer loop
    vertex 2.008543487003291 27.367709162727923 52.155217991738226
    vertex 5.0085434870032906 27.331220041987024 52.08260102600852
    vertex 2.008543487003291 27.331220041987024 52.082601026008504
  endloop
endfacet
facet normal -3.172901056595711e-16 0.8935363391730473 -0.4489908802829173
  outer loop
    vertex 5.0085434870032906 27.331220041987024 52.08260102600852
    vertex 2.008543487003291 27.367709162727923 52.155217991738226
    vertex 5.0085434870032906 27.367709162727923 52.155217991738226
  endloop
endfacet
facet normal -7.677547441772508e-17 0.9983206090698633 0.057930661194029176
  outer loop
    vertex 5.0085434870032906 27.331220041987024 52.08260102600852
    vertex 2.008543487003291 27.335928019328524 52.00146832857039
    vertex 2.008543487003291 27.331220041987024 52.082601026008504
  endloop
endfacet
facet normal -7.677547441772508e-17 0.9983206090698633 0.057930661194029176
  outer loop
    vertex 2.008543487003291 27.335928019328524 52.00146832857039
    vertex 5.0085434870032906 27.331220041987024 52.08260102600852
    vertex 5.0085434870032906 27.335928019328524 52.00146832857039
  endloop
endfacet
facet normal 1.8431108319288339e-16 0.8356056779789981 0.5493297287870545
  outer loop
    vertex 5.0085434870032906 27.335928019328524 52.00146832857039
    vertex 2.008543487003291 27.380571596025767 51.93355934018216
    vertex 2.008543487003291 27.335928019328524 52.00146832857039
  endloop
endfacet
facet normal 1.8431108319288339e-16 0.8356056779789981 0.5493297287870545
  outer loop
    vertex 2.008543487003291 27.380571596025767 51.93355934018216
    vertex 5.0085434870032906 27.335928019328524 52.00146832857039
    vertex 5.0085434870032906 27.380571596025767 51.93355934018216
  endloop
endfacet
facet normal 2.653401893865766e-16 0.724773392198114 0.6889873220616174
  outer loop
    vertex 5.0085434870032906 27.380571596025767 51.93355934018216
    vertex 2.0085434870032906 27.949268576904252 51.33532418147014
    vertex 2.008543487003291 27.380571596025767 51.93355934018216
  endloop
endfacet
facet normal 2.653401893865766e-16 0.724773392198114 0.6889873220616174
  outer loop
    vertex 2.0085434870032906 27.949268576904252 51.33532418147014
    vertex 5.0085434870032906 27.380571596025767 51.93355934018216
    vertex 5.0085434870032906 27.94926857690424 51.33532418147013
  endloop
endfacet
facet normal 3.379346513101744e-16 0.5909019816101437 0.8067433595197455
  outer loop
    vertex 5.0085434870032906 27.94926857690424 51.33532418147013
    vertex 2.0085434870032906 28.0148319483337 51.28730206186843
    vertex 2.0085434870032906 27.949268576904252 51.33532418147014
  endloop
endfacet
facet normal 3.379346513101744e-16 0.5909019816101437 0.8067433595197455
  outer loop
    vertex 2.0085434870032906 28.0148319483337 51.28730206186843
    vertex 5.0085434870032906 27.94926857690424 51.33532418147013
    vertex 5.0085434870032906 28.0148319483337 51.28730206186843
  endloop
endfacet
facet normal 4.819338668921095e-16 0.10836444746093851 0.9941112344835892
  outer loop
    vertex 5.0085434870032906 28.0956225533502 51.27849537206457
    vertex 2.0085434870032906 28.0148319483337 51.28730206186843
    vertex 5.0085434870032906 28.0148319483337 51.28730206186843
  endloop
endfacet
facet normal 4.819338668921095e-16 0.10836444746093851 0.9941112344835892
  outer loop
    vertex 2.0085434870032906 28.0148319483337 51.28730206186843
    vertex 5.0085434870032906 28.0956225533502 51.27849537206457
    vertex 2.0085434870032906 28.095622553350204 51.27849537206457
  endloop
endfacet
facet normal 4.967992920350626e-16 -0.40320925287338283 0.9151078069808434
  outer loop
    vertex 5.0085434870032906 28.169992614583574 51.311263857479396
    vertex 2.0085434870032906 28.095622553350204 51.27849537206457
    vertex 5.0085434870032906 28.0956225533502 51.27849537206457
  endloop
endfacet
facet normal 4.967992920350626e-16 -0.40320925287338283 0.9151078069808434
  outer loop
    vertex 2.0085434870032906 28.095622553350204 51.27849537206457
    vertex 5.0085434870032906 28.169992614583574 51.311263857479396
    vertex 2.0085434870032906 28.169992614583585 51.31126385747941
  endloop
endfacet
facet normal 4.549162931509347e-16 -0.6200949358467867 0.7845267812746546
  outer loop
    vertex 5.0085434870032906 28.6198828683834 51.66685996296203
    vertex 2.0085434870032906 28.169992614583585 51.31126385747941
    vertex 5.0085434870032906 28.169992614583574 51.311263857479396
  endloop
endfacet
facet normal 4.549162931509347e-16 -0.6200949358467867 0.7845267812746546
  outer loop
    vertex 2.0085434870032906 28.169992614583585 51.31126385747941
    vertex 5.0085434870032906 28.6198828683834 51.66685996296203
    vertex 2.0085434870032906 28.619882868383385 51.66685996296204
  endloop
endfacet
facet normal 4.881093561211457e-16 -0.46777523082391925 0.8838474604973581
  outer loop
    vertex 5.0085434870032906 28.768556883903013 51.745545511131255
    vertex 2.0085434870032906 28.619882868383385 51.66685996296204
    vertex 5.0085434870032906 28.6198828683834 51.66685996296203
  endloop
endfacet
facet normal 4.881093561211457e-16 -0.46777523082391925 0.8838474604973581
  outer loop
    vertex 2.0085434870032906 28.619882868383385 51.66685996296204
    vertex 5.0085434870032906 28.768556883903013 51.745545511131255
    vertex 2.0085434870032906 28.768556883903013 51.745545511131255
  endloop
endfacet
facet normal 5.011643957000997e-16 -0.35911032647143615 0.9332951159314928
  outer loop
    vertex 5.008543487003289 29.030205890592647 51.84622198378104
    vertex 2.0085434870032906 28.768556883903013 51.745545511131255
    vertex 5.0085434870032906 28.768556883903013 51.745545511131255
  endloop
endfacet
facet normal 5.011643957000997e-16 -0.35911032647143615 0.9332951159314928
  outer loop
    vertex 2.0085434870032906 28.768556883903013 51.745545511131255
    vertex 5.008543487003289 29.030205890592647 51.84622198378104
    vertex 2.0085434870032906 29.030205890592647 51.846221983781035
  endloop
endfacet
facet normal -4.570748592199616e-16 -0.23719492867113862 -0.9714620763636086
  outer loop
    vertex 5.008543487003286 19.562327146141197 40.85049132517125
    vertex 2.008543487003286 19.48337721963647 40.869767962562975
    vertex 2.008543487003286 19.562327146141207 40.85049132517125
  endloop
endfacet
facet normal -4.570748592199616e-16 -0.23719492867113862 -0.9714620763636086
  outer loop
    vertex 2.008543487003286 19.48337721963647 40.869767962562975
    vertex 5.008543487003286 19.562327146141197 40.85049132517125
    vertex 5.008543487003286 19.48337721963647 40.869767962562975
  endloop
endfacet
facet normal -5.060437016396564e-16 0.28031420430386506 -0.9599083012796019
  outer loop
    vertex 2.008543487003286 19.48337721963647 40.869767962562975
    vertex 5.008543487003286 19.4053662589606 40.84698705699138
    vertex 2.008543487003286 19.4053662589606 40.84698705699138
  endloop
endfacet
facet normal -5.060437016396564e-16 0.28031420430386506 -0.9599083012796019
  outer loop
    vertex 5.008543487003286 19.4053662589606 40.84698705699138
    vertex 2.008543487003286 19.48337721963647 40.869767962562975
    vertex 5.008543487003286 19.48337721963647 40.869767962562975
  endloop
endfacet
facet normal 5.071055861601402e-16 -0.24382237807973017 0.9698199049037636
  outer loop
    vertex 5.008543487003289 29.41084855233374 51.941919338016625
    vertex 2.0085434870032906 29.030205890592647 51.846221983781035
    vertex 5.008543487003289 29.030205890592647 51.84622198378104
  endloop
endfacet
facet normal 5.071055861601402e-16 -0.24382237807973017 0.9698199049037636
  outer loop
    vertex 2.0085434870032906 29.030205890592647 51.846221983781035
    vertex 5.008543487003289 29.41084855233374 51.941919338016625
    vertex 2.008543487003291 29.41084855233374 51.941919338016625
  endloop
endfacet
facet normal 5.056079357908516e-16 -0.12445522177351132 0.9922252253260377
  outer loop
    vertex 5.008543487003289 29.911551761828566 52.00472274936903
    vertex 2.008543487003291 29.41084855233374 51.941919338016625
    vertex 5.008543487003289 29.41084855233374 51.941919338016625
  endloop
endfacet
facet normal 5.056079357908516e-16 -0.12445522177351132 0.9922252253260377
  outer loop
    vertex 2.008543487003291 29.41084855233374 51.941919338016625
    vertex 5.008543487003289 29.911551761828566 52.00472274936903
    vertex 2.008543487003291 29.911551761828566 52.00472274936903
  endloop
endfacet
facet normal 5.003092177968248e-16 -0.04195772327234253 0.9991193869892634
  outer loop
    vertex 5.0085434870032906 30.13735206903251 52.01420516651343
    vertex 2.008543487003291 29.911551761828566 52.00472274936903
    vertex 5.008543487003289 29.911551761828566 52.00472274936903
  endloop
endfacet
facet normal 5.003092177968248e-16 -0.04195772327234253 0.9991193869892634
  outer loop
    vertex 2.008543487003291 29.911551761828566 52.00472274936903
    vertex 5.0085434870032906 30.13735206903251 52.01420516651343
    vertex 2.0085434870032906 30.137352069032517 52.01420516651343
  endloop
endfacet
facet normal 1.7585694250742061e-16 0.8452618332218564 0.534352349389826
  outer loop
    vertex 5.0085434870032906 30.13735206903251 52.01420516651343
    vertex 2.00854348700329 30.49298979568988 51.45164191187344
    vertex 2.0085434870032906 30.137352069032517 52.01420516651343
  endloop
endfacet
facet normal 1.7585694250742061e-16 0.8452618332218564 0.534352349389826
  outer loop
    vertex 2.00854348700329 30.49298979568988 51.45164191187344
    vertex 5.0085434870032906 30.13735206903251 52.01420516651343
    vertex 5.0085434870032906 30.492989795689873 51.45164191187344
  endloop
endfacet
facet normal -3.250092037918016e-16 0.8845426624222359 -0.4664592997840034
  outer loop
    vertex 2.00854348700329 30.49298979568988 51.45164191187344
    vertex 5.0085434870032906 30.387570308728726 51.25173586709956
    vertex 2.00854348700329 30.387570308728733 51.251735867099555
  endloop
endfacet
facet normal -3.250092037918016e-16 0.8845426624222359 -0.4664592997840034
  outer loop
    vertex 5.0085434870032906 30.387570308728726 51.25173586709956
    vertex 2.00854348700329 30.49298979568988 51.45164191187344
    vertex 5.0085434870032906 30.492989795689873 51.45164191187344
  endloop
endfacet
facet normal -3.561293125991623e-16 0.8429288473521328 -0.5380250536002991
  outer loop
    vertex 2.00854348700329 30.387570308728733 51.251735867099555
    vertex 5.0085434870032906 30.11606857278185 50.82637157633956
    vertex 2.00854348700329 30.116068572781856 50.82637157633955
  endloop
endfacet
facet normal -3.561293125991623e-16 0.8429288473521328 -0.5380250536002991
  outer loop
    vertex 5.0085434870032906 30.11606857278185 50.82637157633956
    vertex 2.00854348700329 30.387570308728733 51.251735867099555
    vertex 5.0085434870032906 30.387570308728726 51.25173586709956
  endloop
endfacet
facet normal -3.9732450011713504e-16 0.7714885635525617 -0.6362431895962463
  outer loop
    vertex 2.00854348700329 30.116068572781856 50.82637157633955
    vertex 5.008543487003289 29.866350764374324 50.523571583424776
    vertex 2.0085434870032897 29.866350764374314 50.523571583424776
  endloop
endfacet
facet normal -3.9732450011713504e-16 0.7714885635525617 -0.6362431895962463
  outer loop
    vertex 5.008543487003289 29.866350764374324 50.523571583424776
    vertex 2.00854348700329 30.116068572781856 50.82637157633955
    vertex 5.0085434870032906 30.11606857278185 50.82637157633956
  endloop
endfacet
facet normal -4.3252173855377737e-16 0.6890433810863901 -0.7247200969898904
  outer loop
    vertex 2.0085434870032897 29.663175701879585 50.330398477565986
    vertex 5.008543487003289 29.866350764374324 50.523571583424776
    vertex 5.0085434870032906 29.663175701879567 50.33039847756599
  endloop
endfacet
facet normal -4.3252173855377737e-16 0.6890433810863901 -0.7247200969898904
  outer loop
    vertex 5.008543487003289 29.866350764374324 50.523571583424776
    vertex 2.0085434870032897 29.663175701879585 50.330398477565986
    vertex 2.0085434870032897 29.866350764374314 50.523571583424776
  endloop
endfacet
facet normal -4.610648733875311e-16 0.5977653735388267 -0.8016711035069101
  outer loop
    vertex 2.0085434870032897 29.663175701879585 50.330398477565986
    vertex 5.0085434870032906 29.528324760499544 50.229846988316254
    vertex 2.0085434870032897 29.52832476049955 50.229846988316254
  endloop
endfacet
facet normal -4.610648733875311e-16 0.5977653735388267 -0.8016711035069101
  outer loop
    vertex 5.0085434870032906 29.528324760499544 50.229846988316254
    vertex 2.0085434870032897 29.663175701879585 50.330398477565986
    vertex 5.0085434870032906 29.663175701879567 50.33039847756599
  endloop
endfacet
facet normal -4.9182122786983155e-16 0.4427102256917502 -0.896664740060609
  outer loop
    vertex 2.0085434870032897 29.52832476049955 50.229846988316254
    vertex 5.0085434870032906 29.01412851238192 49.97597290708651
    vertex 2.0085434870032906 29.01412851238192 49.9759729070865
  endloop
endfacet
facet normal -4.9182122786983155e-16 0.4427102256917502 -0.896664740060609
  outer loop
    vertex 5.0085434870032906 29.01412851238192 49.97597290708651
    vertex 2.0085434870032897 29.52832476049955 50.229846988316254
    vertex 5.0085434870032906 29.528324760499544 50.229846988316254
  endloop
endfacet
facet normal -4.446849261894243e-16 0.653698564149905 -0.756755037795159
  outer loop
    vertex 2.0085434870032906 29.01412851238192 49.9759729070865
    vertex 5.0085434870032906 28.952627650876693 49.92284736070483
    vertex 2.0085434870032906 28.952627650876693 49.92284736070483
  endloop
endfacet
facet normal -4.446849261894243e-16 0.653698564149905 -0.756755037795159
  outer loop
    vertex 5.0085434870032906 28.952627650876693 49.92284736070483
    vertex 2.0085434870032906 29.01412851238192 49.9759729070865
    vertex 5.0085434870032906 29.01412851238192 49.97597290708651
  endloop
endfacet
facet normal -2.6288575404174763e-16 0.9444970818688174 -0.32851980509748335
  outer loop
    vertex 2.0085434870032906 28.952627650876693 49.92284736070483
    vertex 5.0085434870032906 28.925929115649367 49.84608885719576
    vertex 2.0085434870032906 28.925929115649367 49.84608885719577
  endloop
endfacet
facet normal -2.6288575404174763e-16 0.9444970818688174 -0.32851980509748335
  outer loop
    vertex 5.0085434870032906 28.925929115649367 49.84608885719576
    vertex 2.0085434870032906 28.952627650876693 49.92284736070483
    vertex 5.0085434870032906 28.952627650876693 49.92284736070483
  endloop
endfacet
facet normal -1.064655639701913e-17 0.9822183692474359 0.1877420440735309
  outer loop
    vertex 2.0085434870032906 28.925929115649367 49.84608885719577
    vertex 5.008543487003289 28.941186757653213 49.766264775586805
    vertex 2.0085434870032897 28.941186757653213 49.7662647755868
  endloop
endfacet
facet normal -1.064655639701913e-17 0.9822183692474359 0.1877420440735309
  outer loop
    vertex 5.008543487003289 28.941186757653213 49.766264775586805
    vertex 2.0085434870032906 28.925929115649367 49.84608885719577
    vertex 5.0085434870032906 28.925929115649367 49.84608885719576
  endloop
endfacet
facet normal 7.961561194941087e-17 0.9332673360231839 0.3591825155992278
  outer loop
    vertex 2.0085434870032897 28.941186757653213 49.7662647755868
    vertex 5.008543487003289 29.237659574590392 48.99593664420586
    vertex 2.008543487003289 29.237659574590392 48.995936644205855
  endloop
endfacet
facet normal 7.961561194941087e-17 0.9332673360231839 0.3591825155992278
  outer loop
    vertex 5.008543487003289 29.237659574590392 48.99593664420586
    vertex 2.0085434870032897 28.941186757653213 49.7662647755868
    vertex 5.008543487003289 28.941186757653213 49.766264775586805
  endloop
endfacet
facet normal 1.6734695612370125e-16 0.8546495643887015 0.519205279335835
  outer loop
    vertex 5.008543487003289 29.237659574590392 48.99593664420586
    vertex 2.008543487003289 29.2798549619779 48.92647997478201
    vertex 2.008543487003289 29.237659574590392 48.995936644205855
  endloop
endfacet
facet normal 1.6734695612370125e-16 0.8546495643887015 0.519205279335835
  outer loop
    vertex 2.008543487003289 29.2798549619779 48.92647997478201
    vertex 5.008543487003289 29.237659574590392 48.99593664420586
    vertex 5.008543487003289 29.2798549619779 48.92647997478201
  endloop
endfacet
facet normal 3.8445396965160687e-16 0.48054559442596545 0.8769697438781998
  outer loop
    vertex 5.008543487003289 29.2798549619779 48.92647997478201
    vertex 2.008543487003289 29.351125574089913 48.887426428292464
    vertex 2.008543487003289 29.2798549619779 48.92647997478201
  endloop
endfacet
facet normal 3.8445396965160687e-16 0.48054559442596545 0.8769697438781998
  outer loop
    vertex 2.008543487003289 29.351125574089913 48.887426428292464
    vertex 5.008543487003289 29.2798549619779 48.92647997478201
    vertex 5.008543487003289 29.351125574089913 48.88742642829247
  endloop
endfacet
facet normal 4.985468524844097e-16 -0.022320179489569936 0.9997508737618355
  outer loop
    vertex 5.008543487003289 29.432374507966983 48.889240370980666
    vertex 2.008543487003289 29.351125574089913 48.887426428292464
    vertex 5.008543487003289 29.351125574089913 48.88742642829247
  endloop
endfacet
facet normal 4.985468524844097e-16 -0.022320179489569936 0.9997508737618355
  outer loop
    vertex 2.008543487003289 29.351125574089913 48.887426428292464
    vertex 5.008543487003289 29.432374507966983 48.889240370980666
    vertex 2.008543487003289 29.432374507966983 48.88924037098066
  endloop
endfacet
facet normal 5.063273031883597e-16 -0.2726676180021994 0.962108294368678
  outer loop
    vertex 5.008543487003287 29.984099643510707 49.04560278816506
    vertex 2.008543487003289 29.432374507966983 48.88924037098066
    vertex 5.008543487003289 29.432374507966983 48.889240370980666
  endloop
endfacet
facet normal 5.063273031883597e-16 -0.2726676180021994 0.962108294368678
  outer loop
    vertex 2.008543487003289 29.432374507966983 48.88924037098066
    vertex 5.008543487003287 29.984099643510707 49.04560278816506
    vertex 2.008543487003289 29.984099643510707 49.04560278816506
  endloop
endfacet
facet normal 5.0404594334343e-16 -0.09393418170352161 0.9955784095226703
  outer loop
    vertex 5.008543487003289 30.151568179116484 49.06140367306047
    vertex 2.008543487003289 29.984099643510707 49.04560278816506
    vertex 5.008543487003287 29.984099643510707 49.04560278816506
  endloop
endfacet
facet normal 5.0404594334343e-16 -0.09393418170352161 0.9955784095226703
  outer loop
    vertex 2.008543487003289 29.984099643510707 49.04560278816506
    vertex 5.008543487003289 30.151568179116484 49.06140367306047
    vertex 2.008543487003289 30.15156817911649 49.06140367306046
  endloop
endfacet
facet normal 4.934682686399367e-16 0.025381897833798017 0.9996778277336927
  outer loop
    vertex 5.008543487003289 30.431827559210962 49.05428786559213
    vertex 2.008543487003289 30.15156817911649 49.06140367306046
    vertex 5.008543487003289 30.151568179116484 49.06140367306047
  endloop
endfacet
facet normal 4.934682686399367e-16 0.025381897833798017 0.9996778277336927
  outer loop
    vertex 2.008543487003289 30.15156817911649 49.06140367306046
    vertex 5.008543487003289 30.431827559210962 49.05428786559213
    vertex 2.008543487003289 30.431827559210962 49.05428786559213
  endloop
endfacet
facet normal 4.755830873848976e-16 0.14587150530840218 0.9893035448936089
  outer loop
    vertex 5.0085434870032906 30.820117315581317 48.99703505218624
    vertex 2.008543487003289 30.431827559210962 49.05428786559213
    vertex 5.008543487003289 30.431827559210962 49.05428786559213
  endloop
endfacet
facet normal 4.755830873848976e-16 0.14587150530840218 0.9893035448936089
  outer loop
    vertex 2.008543487003289 30.431827559210962 49.05428786559213
    vertex 5.0085434870032906 30.820117315581317 48.99703505218624
    vertex 2.008543487003289 30.820117315581307 48.99703505218624
  endloop
endfacet
facet normal 4.506217015637282e-16 0.26472652279631365 0.9643235287641657
  outer loop
    vertex 2.008543487003289 30.820117315581307 48.99703505218624
    vertex 5.008543487003289 31.30674058771689 48.86344701570091
    vertex 2.0085434870032883 31.30674058771689 48.86344701570091
  endloop
endfacet
facet normal 4.506217015637282e-16 0.26472652279631365 0.9643235287641657
  outer loop
    vertex 5.008543487003289 31.30674058771689 48.86344701570091
    vertex 2.008543487003289 30.820117315581307 48.99703505218624
    vertex 5.0085434870032906 30.820117315581317 48.99703505218624
  endloop
endfacet
facet normal 4.297786915142202e-16 0.34358255459345427 0.939122477730693
  outer loop
    vertex 2.0085434870032883 31.30674058771689 48.86344701570091
    vertex 5.008543487003289 31.51898163391729 48.785797590229436
    vertex 2.008543487003288 31.51898163391729 48.78579759022943
  endloop
endfacet
facet normal 4.297786915142202e-16 0.34358255459345427 0.939122477730693
  outer loop
    vertex 5.008543487003289 31.51898163391729 48.785797590229436
    vertex 2.0085434870032883 31.30674058771689 48.86344701570091
    vertex 5.008543487003289 31.30674058771689 48.86344701570091
  endloop
endfacet
facet normal -1.9685301926864314e-17 0.985407898483491 0.1702094991660283
  outer loop
    vertex 5.008543487003289 31.51898163391729 48.785797590229436
    vertex 2.0085434870032874 31.632264413356765 48.12996024760885
    vertex 2.008543487003288 31.51898163391729 48.78579759022943
  endloop
endfacet
facet normal -1.9685301926864314e-17 0.985407898483491 0.1702094991660283
  outer loop
    vertex 2.0085434870032874 31.632264413356765 48.12996024760885
    vertex 5.008543487003289 31.51898163391729 48.785797590229436
    vertex 5.008543487003289 31.632264413356765 48.12996024760885
  endloop
endfacet
facet normal -4.494016512579111e-16 0.6387046155449759 -0.7694520219490911
  outer loop
    vertex 2.0085434870032874 31.458368775660933 47.98561343552546
    vertex 5.008543487003289 31.632264413356765 48.12996024760885
    vertex 5.008543487003289 31.458368775660915 47.98561343552546
  endloop
endfacet
facet normal -4.494016512579111e-16 0.6387046155449759 -0.7694520219490911
  outer loop
    vertex 5.008543487003289 31.632264413356765 48.12996024760885
    vertex 2.0085434870032874 31.458368775660933 47.98561343552546
    vertex 2.0085434870032874 31.632264413356765 48.12996024760885
  endloop
endfacet
facet normal -4.673542330588369e-16 0.5728714352218022 -0.8196452395438607
  outer loop
    vertex 2.0085434870032874 31.458368775660933 47.98561343552546
    vertex 5.008543487003289 31.044754011984715 47.69652728963633
    vertex 2.0085434870032883 31.044754011984715 47.69652728963633
  endloop
endfacet
facet normal -4.673542330588369e-16 0.5728714352218022 -0.8196452395438607
  outer loop
    vertex 5.008543487003289 31.044754011984715 47.69652728963633
    vertex 2.0085434870032874 31.458368775660933 47.98561343552546
    vertex 5.008543487003289 31.458368775660915 47.98561343552546
  endloop
endfacet
facet normal -4.878719046121379e-16 0.4692827658191465 -0.883047952098374
  outer loop
    vertex 2.0085434870032883 31.044754011984715 47.69652728963633
    vertex 5.0085434870032906 30.69816829928469 47.512339441781876
    vertex 2.0085434870032883 30.69816829928469 47.512339441781876
  endloop
endfacet
facet normal -4.878719046121379e-16 0.4692827658191465 -0.883047952098374
  outer loop
    vertex 5.0085434870032906 30.69816829928469 47.512339441781876
    vertex 2.0085434870032883 31.044754011984715 47.69652728963633
    vertex 5.008543487003289 31.044754011984715 47.69652728963633
  endloop
endfacet
facet normal -5.011520791948138e-16 0.35925470257802705 -0.9332395505311449
  outer loop
    vertex 2.0085434870032883 30.69816829928469 47.512339441781876
    vertex 5.0085434870032906 30.436534870338452 47.41162249333381
    vertex 2.0085434870032883 30.436534870338438 47.41162249333381
  endloop
endfacet
facet normal -5.011520791948138e-16 0.35925470257802705 -0.9332395505311449
  outer loop
    vertex 5.0085434870032906 30.436534870338452 47.41162249333381
    vertex 2.0085434870032883 30.69816829928469 47.512339441781876
    vertex 5.0085434870032906 30.69816829928469 47.512339441781876
  endloop
endfacet
facet normal -5.070732836376316e-16 0.2454769443384821 -0.9694024292306276
  outer loop
    vertex 2.0085434870032883 30.273469456622042 47.370330251557434
    vertex 5.0085434870032906 30.436534870338452 47.41162249333381
    vertex 5.0085434870032906 30.273469456622028 47.370330251557434
  endloop
endfacet
facet normal -5.070732836376316e-16 0.2454769443384821 -0.9694024292306276
  outer loop
    vertex 5.0085434870032906 30.436534870338452 47.41162249333381
    vertex 2.0085434870032883 30.273469456622042 47.370330251557434
    vertex 2.0085434870032883 30.436534870338438 47.41162249333381
  endloop
endfacet
facet normal -5.02196190863908e-16 0.06587217594294188 -0.9978280695773909
  outer loop
    vertex 2.0085434870032883 29.70126066249853 47.332555569213035
    vertex 5.0085434870032906 30.273469456622028 47.370330251557434
    vertex 5.008543487003289 29.701260662498516 47.332555569213035
  endloop
endfacet
facet normal -5.02196190863908e-16 0.06587217594294188 -0.9978280695773909
  outer loop
    vertex 5.0085434870032906 30.273469456622028 47.370330251557434
    vertex 2.0085434870032883 29.70126066249853 47.332555569213035
    vertex 2.0085434870032883 30.273469456622042 47.370330251557434
  endloop
endfacet
facet normal -5.043804977859072e-16 0.3143411085271782 -0.9493101008047398
  outer loop
    vertex 2.0085434870032883 29.70126066249853 47.332555569213035
    vertex 5.008543487003289 29.624111008886445 47.30700932503177
    vertex 2.0085434870032883 29.624111008886445 47.30700932503177
  endloop
endfacet
facet normal -5.043804977859072e-16 0.3143411085271782 -0.9493101008047398
  outer loop
    vertex 5.008543487003289 29.624111008886445 47.30700932503177
    vertex 2.0085434870032883 29.70126066249853 47.332555569213035
    vertex 5.008543487003289 29.701260662498516 47.332555569213035
  endloop
endfacet
facet normal -4.0897406067837864e-16 0.7468824358404456 -0.6649561091027308
  outer loop
    vertex 2.0085434870032883 29.624111008886445 47.30700932503177
    vertex 5.008543487003289 29.570070571055833 47.24631080179347
    vertex 2.0085434870032883 29.570070571055833 47.24631080179347
  endloop
endfacet
facet normal -4.0897406067837864e-16 0.7468824358404456 -0.6649561091027308
  outer loop
    vertex 5.008543487003289 29.570070571055833 47.24631080179347
    vertex 2.0085434870032883 29.624111008886445 47.30700932503177
    vertex 5.008543487003289 29.624111008886445 47.30700932503177
  endloop
endfacet
facet normal -2.0398335428672272e-16 0.9792972176296186 -0.20242766496427128
  outer loop
    vertex 5.008543487003289 29.570070571055833 47.24631080179347
    vertex 2.008543487003289 29.553619440682045 47.166724119781605
    vertex 2.0085434870032883 29.570070571055833 47.24631080179347
  endloop
endfacet
facet normal -2.0398335428672272e-16 0.9792972176296186 -0.20242766496427128
  outer loop
    vertex 2.008543487003289 29.553619440682045 47.166724119781605
    vertex 5.008543487003289 29.570070571055833 47.24631080179347
    vertex 5.008543487003289 29.553619440682034 47.166724119781605
  endloop
endfacet
facet normal -1.1822972068973173e-16 0.9996797880281931 -0.025304572865529174
  outer loop
    vertex 2.008543487003289 29.553619440682045 47.166724119781605
    vertex 5.008543487003286 29.53273279483202 46.34157849069262
    vertex 2.0085434870032874 29.53273279483202 46.34157849069262
  endloop
endfacet
facet normal -1.1822972068973173e-16 0.9996797880281931 -0.025304572865529174
  outer loop
    vertex 5.008543487003286 29.53273279483202 46.34157849069262
    vertex 2.008543487003289 29.553619440682045 47.166724119781605
    vertex 5.008543487003289 29.553619440682034 47.166724119781605
  endloop
endfacet
facet normal -2.87177961287022e-17 0.988284498406724 0.15262290198056833
  outer loop
    vertex 5.008543487003286 29.53273279483202 46.34157849069262
    vertex 2.0085434870032874 29.545136332949948 46.261261419740094
    vertex 2.0085434870032874 29.53273279483202 46.34157849069262
  endloop
endfacet
facet normal -2.87177961287022e-17 0.988284498406724 0.15262290198056833
  outer loop
    vertex 2.0085434870032874 29.545136332949948 46.261261419740094
    vertex 5.008543487003286 29.53273279483202 46.34157849069262
    vertex 5.008543487003286 29.545136332949955 46.2612614197401
  endloop
endfacet
facet normal 2.284444406155471e-16 0.7795680307962898 0.6263175595178496
  outer loop
    vertex 5.008543487003286 29.545136332949955 46.2612614197401
    vertex 2.0085434870032874 29.596036647533165 46.19790656499662
    vertex 2.0085434870032874 29.545136332949948 46.261261419740094
  endloop
endfacet
facet normal 2.284444406155471e-16 0.7795680307962898 0.6263175595178496
  outer loop
    vertex 2.0085434870032874 29.596036647533165 46.19790656499662
    vertex 5.008543487003286 29.545136332949955 46.2612614197401
    vertex 5.008543487003286 29.596036647533158 46.19790656499662
  endloop
endfacet
facet normal 4.2439517398148496e-16 0.36196693888882897 0.9321909327768914
  outer loop
    vertex 5.008543487003286 29.596036647533158 46.19790656499662
    vertex 2.0085434870032874 29.67179504039456 46.16848980862731
    vertex 2.0085434870032874 29.596036647533165 46.19790656499662
  endloop
endfacet
facet normal 4.2439517398148496e-16 0.36196693888882897 0.9321909327768914
  outer loop
    vertex 2.0085434870032874 29.67179504039456 46.16848980862731
    vertex 5.008543487003286 29.596036647533158 46.19790656499662
    vertex 5.008543487003286 29.67179504039456 46.168489808627314
  endloop
endfacet
facet normal 4.806545711837888e-16 0.116270872945061 0.993217541178464
  outer loop
    vertex 5.008543487003289 30.241359907196447 46.10181377692603
    vertex 2.0085434870032874 29.67179504039456 46.16848980862731
    vertex 5.008543487003286 29.67179504039456 46.168489808627314
  endloop
endfacet
facet normal 4.806545711837888e-16 0.116270872945061 0.993217541178464
  outer loop
    vertex 2.0085434870032874 29.67179504039456 46.16848980862731
    vertex 5.008543487003289 30.241359907196447 46.10181377692603
    vertex 2.0085434870032874 30.241359907196447 46.10181377692603
  endloop
endfacet
facet normal 4.432461048795052e-16 0.2942074950656594 0.9557415706388364
  outer loop
    vertex 5.008543487003289 30.241359907196447 46.10181377692603
    vertex 2.0085434870032874 30.402127396448456 46.05232445705768
    vertex 2.0085434870032874 30.241359907196447 46.10181377692603
  endloop
endfacet
facet normal 4.432461048795052e-16 0.2942074950656594 0.9557415706388364
  outer loop
    vertex 2.0085434870032874 30.402127396448456 46.05232445705768
    vertex 5.008543487003289 30.241359907196447 46.10181377692603
    vertex 5.008543487003289 30.402127396448456 46.05232445705767
  endloop
endfacet
facet normal 4.1064607098033933e-16 0.40600995828135006 0.9138686523655226
  outer loop
    vertex 5.008543487003289 30.402127396448456 46.05232445705767
    vertex 2.0085434870032874 30.658330199886002 45.93849968665332
    vertex 2.0085434870032874 30.402127396448456 46.05232445705768
  endloop
endfacet
facet normal 4.1064607098033933e-16 0.40600995828135006 0.9138686523655226
  outer loop
    vertex 2.0085434870032874 30.658330199886002 45.93849968665332
    vertex 5.008543487003289 30.402127396448456 46.05232445705767
    vertex 5.008543487003289 30.658330199886002 45.93849968665332
  endloop
endfacet
facet normal 3.7165737472671934e-16 0.5133577743419034 0.8581746882323712
  outer loop
    vertex 5.008543487003289 30.658330199886002 45.93849968665332
    vertex 2.0085434870032874 30.995153455333643 45.73701292744891
    vertex 2.0085434870032874 30.658330199886002 45.93849968665332
  endloop
endfacet
facet normal 3.7165737472671934e-16 0.5133577743419034 0.8581746882323712
  outer loop
    vertex 2.0085434870032874 30.995153455333643 45.73701292744891
    vertex 5.008543487003289 30.658330199886002 45.93849968665332
    vertex 5.008543487003287 30.995153455333643 45.737012927448916
  endloop
endfacet
facet normal 3.2703239816942537e-16 0.613606054022283 0.7896123165625035
  outer loop
    vertex 5.008543487003287 30.995153455333643 45.737012927448916
    vertex 2.0085434870032874 31.393612808178247 45.42737101070217
    vertex 2.0085434870032874 30.995153455333643 45.73701292744891
  endloop
endfacet
facet normal 3.2703239816942537e-16 0.613606054022283 0.7896123165625035
  outer loop
    vertex 2.0085434870032874 31.393612808178247 45.42737101070217
    vertex 5.008543487003287 30.995153455333643 45.737012927448916
    vertex 5.008543487003287 31.393612808178247 45.42737101070217
  endloop
endfacet
facet normal 2.9381825540212153e-16 0.6768155031060114 0.7361526844040962
  outer loop
    vertex 2.0085434870032874 31.393612808178247 45.42737101070217
    vertex 5.008543487003287 31.559982818061 45.2744111637491
    vertex 2.008543487003286 31.559982818061005 45.2744111637491
  endloop
endfacet
facet normal 2.9381825540212153e-16 0.6768155031060114 0.7361526844040962
  outer loop
    vertex 5.008543487003287 31.559982818061 45.2744111637491
    vertex 2.0085434870032874 31.393612808178247 45.42737101070217
    vertex 5.008543487003287 31.393612808178247 45.42737101070217
  endloop
endfacet
facet normal -2.122306375904952e-16 0.9755345439458527 -0.21984620435285546
  outer loop
    vertex 2.008543487003286 31.413664374023877 44.6251450233816
    vertex 5.008543487003287 31.559982818061 45.2744111637491
    vertex 5.008543487003287 31.413664374023874 44.625145023381585
  endloop
endfacet
facet normal -2.122306375904952e-16 0.9755345439458527 -0.21984620435285546
  outer loop
    vertex 5.008543487003287 31.559982818061 45.2744111637491
    vertex 2.008543487003286 31.413664374023877 44.6251450233816
    vertex 2.008543487003286 31.559982818061005 45.2744111637491
  endloop
endfacet
facet normal -5.053767711561097e-16 0.2956295808228065 -0.9553026488723517
  outer loop
    vertex 2.008543487003286 31.413664374023877 44.6251450233816
    vertex 5.008543487003287 31.19776662006464 44.55833293762124
    vertex 2.008543487003286 31.19776662006464 44.55833293762124
  endloop
endfacet
facet normal -5.053767711561097e-16 0.2956295808228065 -0.9553026488723517
  outer loop
    vertex 5.008543487003287 31.19776662006464 44.55833293762124
    vertex 2.008543487003286 31.413664374023877 44.6251450233816
    vertex 5.008543487003287 31.413664374023874 44.625145023381585
  endloop
endfacet
facet normal -5.0742870811198e-16 0.2155995401713825 -0.9764818678694902
  outer loop
    vertex 2.008543487003286 30.705007927001688 44.44953568174221
    vertex 5.008543487003287 31.19776662006464 44.55833293762124
    vertex 5.008543487003287 30.70500792700168 44.44953568174221
  endloop
endfacet
facet normal -5.0742870811198e-16 0.2155995401713825 -0.9764818678694902
  outer loop
    vertex 5.008543487003287 31.19776662006464 44.55833293762124
    vertex 2.008543487003286 30.705007927001688 44.44953568174221
    vertex 2.008543487003286 31.19776662006464 44.55833293762124
  endloop
endfacet
facet normal -4.194185428702182e-16 0.7227133726083449 -0.691147872060004
  outer loop
    vertex 2.008543487003286 19.4053662589606 40.84698705699138
    vertex 5.008543487003286 19.349197238027447 40.78825273370726
    vertex 2.008543487003287 19.349197238027447 40.78825273370726
  endloop
endfacet
facet normal -4.194185428702182e-16 0.7227133726083449 -0.691147872060004
  outer loop
    vertex 5.008543487003286 19.349197238027447 40.78825273370726
    vertex 2.008543487003286 19.4053662589606 40.84698705699138
    vertex 5.008543487003286 19.4053662589606 40.84698705699138
  endloop
endfacet
facet normal -3.342484013077425e-16 0.8731184208832725 -0.48750817748454317
  outer loop
    vertex 2.0085434870032857 19.06963357884724 40.2875592234994
    vertex 5.008543487003286 19.349197238027447 40.78825273370726
    vertex 5.008543487003286 19.06963357884723 40.2875592234994
  endloop
endfacet
facet normal -3.342484013077425e-16 0.8731184208832725 -0.48750817748454317
  outer loop
    vertex 5.008543487003286 19.349197238027447 40.78825273370726
    vertex 2.0085434870032857 19.06963357884724 40.2875592234994
    vertex 2.008543487003287 19.349197238027447 40.78825273370726
  endloop
endfacet
facet normal -3.978625441517622e-16 0.7704017414442134 -0.6375587477085726
  outer loop
    vertex 2.0085434870032857 19.06963357884724 40.2875592234994
    vertex 5.008543487003286 18.962388354543304 40.15796817347888
    vertex 2.0085434870032857 18.962388354543304 40.15796817347888
  endloop
endfacet
facet normal -3.978625441517622e-16 0.7704017414442134 -0.6375587477085726
  outer loop
    vertex 5.008543487003286 18.962388354543304 40.15796817347888
    vertex 2.0085434870032857 19.06963357884724 40.2875592234994
    vertex 5.008543487003286 19.06963357884723 40.2875592234994
  endloop
endfacet
facet normal -4.3256278658150293e-16 0.6889312589145979 -0.7248266830700616
  outer loop
    vertex 2.0085434870032857 18.962388354543304 40.15796817347888
    vertex 5.008543487003286 18.75918341067286 39.96482650103743
    vertex 2.0085434870032866 18.75918341067286 39.96482650103743
  endloop
endfacet
facet normal -4.3256278658150293e-16 0.6889312589145979 -0.7248266830700616
  outer loop
    vertex 5.008543487003286 18.75918341067286 39.96482650103743
    vertex 2.0085434870032857 18.962388354543304 40.15796817347888
    vertex 5.008543487003286 18.962388354543304 40.15796817347888
  endloop
endfacet
facet normal -4.614258563660878e-16 0.5963965146606892 -0.8026899758316298
  outer loop
    vertex 2.0085434870032866 18.75918341067286 39.96482650103743
    vertex 5.008543487003286 18.444137238276795 39.730748033844
    vertex 2.0085434870032857 18.444137238276795 39.730748033844
  endloop
endfacet
facet normal -4.614258563660878e-16 0.5963965146606892 -0.8026899758316298
  outer loop
    vertex 5.008543487003286 18.444137238276795 39.730748033844
    vertex 2.0085434870032866 18.75918341067286 39.96482650103743
    vertex 5.008543487003286 18.75918341067286 39.96482650103743
  endloop
endfacet
facet normal -4.836199451411649e-16 0.49468978701768657 -0.8690696258760836
  outer loop
    vertex 2.0085434870032857 18.444137238276795 39.730748033844
    vertex 5.008543487003286 18.00558161618237 39.481114424717916
    vertex 2.008543487003285 18.00558161618237 39.481114424717916
  endloop
endfacet
facet normal -4.836199451411649e-16 0.49468978701768657 -0.8690696258760836
  outer loop
    vertex 5.008543487003286 18.00558161618237 39.481114424717916
    vertex 2.0085434870032857 18.444137238276795 39.730748033844
    vertex 5.008543487003286 18.444137238276795 39.730748033844
  endloop
endfacet
facet normal -4.946722009842187e-16 0.42111031811764976 -0.9070094266185176
  outer loop
    vertex 2.008543487003285 18.00558161618237 39.481114424717916
    vertex 5.008543487003286 17.800598097861844 39.385943777009594
    vertex 2.0085434870032857 17.800598097861844 39.385943777009594
  endloop
endfacet
facet normal -4.946722009842187e-16 0.42111031811764976 -0.9070094266185176
  outer loop
    vertex 5.008543487003286 17.800598097861844 39.385943777009594
    vertex 2.008543487003285 18.00558161618237 39.481114424717916
    vertex 5.008543487003286 18.00558161618237 39.481114424717916
  endloop
endfacet
facet normal -3.4462656159210385e-16 -0.5764323161697907 -0.8171448983351304
  outer loop
    vertex 5.008543487003286 17.800598097861844 39.385943777009594
    vertex 2.0085434870032857 17.25674804400613 39.769587787798656
    vertex 2.0085434870032857 17.800598097861844 39.385943777009594
  endloop
endfacet
facet normal -3.4462656159210385e-16 -0.5764323161697907 -0.8171448983351304
  outer loop
    vertex 2.0085434870032857 17.25674804400613 39.769587787798656
    vertex 5.008543487003286 17.800598097861844 39.385943777009594
    vertex 5.008543487003286 17.25674804400613 39.769587787798656
  endloop
endfacet
facet normal 1.5113705126416875e-16 -0.9957171073449016 0.09245237769090457
  outer loop
    vertex 5.008543487003286 17.25674804400613 39.769587787798656
    vertex 2.0085434870032857 17.27764221897279 39.994619182098994
    vertex 2.0085434870032857 17.25674804400613 39.769587787798656
  endloop
endfacet
facet normal 1.5113705126416875e-16 -0.9957171073449016 0.09245237769090457
  outer loop
    vertex 2.0085434870032857 17.27764221897279 39.994619182098994
    vertex 5.008543487003286 17.25674804400613 39.769587787798656
    vertex 5.008543487003286 17.27764221897279 39.99461918209899
  endloop
endfacet
facet normal 1.9068693261654193e-16 -0.9846579836421324 0.17449543045538501
  outer loop
    vertex 5.008543487003286 17.27764221897279 39.99461918209899
    vertex 2.008543487003286 17.365697249061842 40.491503760398565
    vertex 2.0085434870032857 17.27764221897279 39.994619182098994
  endloop
endfacet
facet normal 1.9068693261654193e-16 -0.9846579836421324 0.17449543045538501
  outer loop
    vertex 2.008543487003286 17.365697249061842 40.491503760398565
    vertex 5.008543487003286 17.27764221897279 39.99461918209899
    vertex 5.008543487003286 17.365697249061842 40.491503760398565
  endloop
endfacet
facet normal 2.462880422348461e-16 -0.9562422210463581 0.2925761690369326
  outer loop
    vertex 5.008543487003286 17.48052988054436 40.866817344341165
    vertex 2.008543487003286 17.365697249061842 40.491503760398565
    vertex 5.008543487003286 17.365697249061842 40.491503760398565
  endloop
endfacet
facet normal 2.462880422348461e-16 -0.9562422210463581 0.2925761690369326
  outer loop
    vertex 2.008543487003286 17.365697249061842 40.491503760398565
    vertex 5.008543487003286 17.48052988054436 40.866817344341165
    vertex 2.0085434870032857 17.48052988054436 40.866817344341165
  endloop
endfacet
facet normal 2.980438840372679e-16 -0.9139314510181276 0.4058685782860016
  outer loop
    vertex 5.008543487003287 17.594315015109302 41.123037753362205
    vertex 2.0085434870032857 17.48052988054436 40.866817344341165
    vertex 5.008543487003286 17.48052988054436 40.866817344341165
  endloop
endfacet
facet normal 2.980438840372679e-16 -0.9139314510181276 0.4058685782860016
  outer loop
    vertex 2.0085434870032857 17.48052988054436 40.866817344341165
    vertex 5.008543487003287 17.594315015109302 41.123037753362205
    vertex 2.0085434870032866 17.594315015109302 41.123037753362205
  endloop
endfacet
facet normal 3.448635157276587e-16 -0.8590494433744287 0.5118926194409178
  outer loop
    vertex 5.008543487003287 17.680421650754674 41.26754043734853
    vertex 2.0085434870032866 17.594315015109302 41.123037753362205
    vertex 5.008543487003287 17.594315015109302 41.123037753362205
  endloop
endfacet
facet normal 3.448635157276587e-16 -0.8590494433744287 0.5118926194409178
  outer loop
    vertex 2.0085434870032866 17.594315015109302 41.123037753362205
    vertex 5.008543487003287 17.680421650754674 41.26754043734853
    vertex 2.0085434870032866 17.680421650754674 41.26754043734853
  endloop
endfacet
facet normal 4.065709413030994e-16 -0.7521496567572241 0.658992332155686
  outer loop
    vertex 5.008543487003287 18.0583236352911 41.69886388997073
    vertex 2.0085434870032866 17.680421650754674 41.26754043734853
    vertex 5.008543487003287 17.680421650754674 41.26754043734853
  endloop
endfacet
facet normal 4.065709413030994e-16 -0.7521496567572241 0.658992332155686
  outer loop
    vertex 2.0085434870032866 17.680421650754674 41.26754043734853
    vertex 5.008543487003287 18.0583236352911 41.69886388997073
    vertex 2.0085434870032857 18.0583236352911 41.69886388997073
  endloop
endfacet
facet normal 3.1729010565948067e-16 -0.8935363391731501 0.44899088028271306
  outer loop
    vertex 5.008543487003287 18.094812756031974 41.77148085570046
    vertex 2.0085434870032857 18.0583236352911 41.69886388997073
    vertex 5.008543487003287 18.0583236352911 41.69886388997073
  endloop
endfacet
facet normal 3.1729010565948067e-16 -0.8935363391731501 0.44899088028271306
  outer loop
    vertex 2.0085434870032857 18.0583236352911 41.69886388997073
    vertex 5.008543487003287 18.094812756031974 41.77148085570046
    vertex 2.008543487003286 18.094812756031974 41.77148085570046
  endloop
endfacet
facet normal 7.677547441772508e-17 -0.9983206090698633 -0.057930661194029176
  outer loop
    vertex 5.008543487003287 18.094812756031974 41.77148085570046
    vertex 2.008543487003287 18.09010477869048 41.85261355313858
    vertex 2.008543487003286 18.094812756031974 41.77148085570046
  endloop
endfacet
facet normal 7.677547441772508e-17 -0.9983206090698633 -0.057930661194029176
  outer loop
    vertex 2.008543487003287 18.09010477869048 41.85261355313858
    vertex 5.008543487003287 18.094812756031974 41.77148085570046
    vertex 5.008543487003289 18.09010477869048 41.852613553138575
  endloop
endfacet
facet normal -1.8431108319287523e-16 -0.8356056779790078 -0.5493297287870399
  outer loop
    vertex 5.008543487003289 18.09010477869048 41.852613553138575
    vertex 2.008543487003287 18.045461201993234 41.920522541526815
    vertex 2.008543487003287 18.09010477869048 41.85261355313858
  endloop
endfacet
facet normal -1.8431108319287523e-16 -0.8356056779790078 -0.5493297287870399
  outer loop
    vertex 2.008543487003287 18.045461201993234 41.920522541526815
    vertex 5.008543487003289 18.09010477869048 41.852613553138575
    vertex 5.008543487003287 18.045461201993238 41.92052254152681
  endloop
endfacet
facet normal -2.65340189386578e-16 -0.7247733921981117 -0.68898732206162
  outer loop
    vertex 5.008543487003287 18.045461201993238 41.92052254152681
    vertex 2.0085434870032874 17.47676422111477 42.51875770023885
    vertex 2.008543487003287 18.045461201993234 41.920522541526815
  endloop
endfacet
facet normal -2.65340189386578e-16 -0.7247733921981117 -0.68898732206162
  outer loop
    vertex 2.0085434870032874 17.47676422111477 42.51875770023885
    vertex 5.008543487003287 18.045461201993238 41.92052254152681
    vertex 5.008543487003287 17.476764221114767 42.51875770023885
  endloop
endfacet
facet normal -3.379346513102009e-16 -0.5909019816100878 -0.8067433595197866
  outer loop
    vertex 5.008543487003287 17.476764221114767 42.51875770023885
    vertex 2.0085434870032874 17.411200849685304 42.56677981984051
    vertex 2.0085434870032874 17.47676422111477 42.51875770023885
  endloop
endfacet
facet normal -3.379346513102009e-16 -0.5909019816100878 -0.8067433595197866
  outer loop
    vertex 2.0085434870032874 17.411200849685304 42.56677981984051
    vertex 5.008543487003287 17.476764221114767 42.51875770023885
    vertex 5.008543487003287 17.411200849685304 42.56677981984051
  endloop
endfacet
facet normal -4.81933866892075e-16 -0.10836444746115448 -0.9941112344835656
  outer loop
    vertex 2.0085434870032874 17.411200849685304 42.56677981984051
    vertex 5.008543487003287 17.330410244668798 42.57558650964441
    vertex 2.0085434870032874 17.330410244668798 42.57558650964441
  endloop
endfacet
facet normal -4.81933866892075e-16 -0.10836444746115448 -0.9941112344835656
  outer loop
    vertex 5.008543487003287 17.330410244668798 42.57558650964441
    vertex 2.0085434870032874 17.411200849685304 42.56677981984051
    vertex 5.008543487003287 17.411200849685304 42.56677981984051
  endloop
endfacet
facet normal -4.967992920350346e-16 0.40320925287363174 -0.9151078069807336
  outer loop
    vertex 2.0085434870032874 17.330410244668798 42.57558650964441
    vertex 5.008543487003287 17.256040183435456 42.54281802422956
    vertex 2.0085434870032874 17.256040183435456 42.54281802422956
  endloop
endfacet
facet normal -4.967992920350346e-16 0.40320925287363174 -0.9151078069807336
  outer loop
    vertex 5.008543487003287 17.256040183435456 42.54281802422956
    vertex 2.0085434870032874 17.330410244668798 42.57558650964441
    vertex 5.008543487003287 17.330410244668798 42.57558650964441
  endloop
endfacet
facet normal -4.549162931509348e-16 0.6200949358467867 -0.7845267812746546
  outer loop
    vertex 2.008543487003287 16.806149929635634 42.187221918746914
    vertex 5.008543487003287 17.256040183435456 42.54281802422956
    vertex 5.008543487003287 16.806149929635623 42.187221918746914
  endloop
endfacet
facet normal -4.549162931509348e-16 0.6200949358467867 -0.7845267812746546
  outer loop
    vertex 5.008543487003287 17.256040183435456 42.54281802422956
    vertex 2.008543487003287 16.806149929635634 42.187221918746914
    vertex 2.0085434870032874 17.256040183435456 42.54281802422956
  endloop
endfacet
facet normal -4.881093561211641e-16 0.467775230823803 -0.8838474604974198
  outer loop
    vertex 2.008543487003287 16.806149929635634 42.187221918746914
    vertex 5.008543487003286 16.65747591411598 42.10853637057771
    vertex 2.008543487003287 16.657475914115988 42.10853637057771
  endloop
endfacet
facet normal -4.881093561211641e-16 0.467775230823803 -0.8838474604974198
  outer loop
    vertex 5.008543487003286 16.65747591411598 42.10853637057771
    vertex 2.008543487003287 16.806149929635634 42.187221918746914
    vertex 5.008543487003287 16.806149929635623 42.187221918746914
  endloop
endfacet
facet normal -5.011643957000998e-16 0.3591103264714333 -0.933295115931494
  outer loop
    vertex 2.008543487003287 16.657475914115988 42.10853637057771
    vertex 5.008543487003286 16.39582690742637 42.00785989792794
    vertex 2.008543487003287 16.395826907426372 42.00785989792794
  endloop
endfacet
facet normal -5.011643957000998e-16 0.3591103264714333 -0.933295115931494
  outer loop
    vertex 5.008543487003286 16.39582690742637 42.00785989792794
    vertex 2.008543487003287 16.657475914115988 42.10853637057771
    vertex 5.008543487003286 16.65747591411598 42.10853637057771
  endloop
endfacet
facet normal -5.071055861601394e-16 0.24382237807978435 -0.9698199049037501
  outer loop
    vertex 2.008543487003287 16.395826907426372 42.00785989792794
    vertex 5.008543487003286 16.015184245685273 41.912162543692325
    vertex 2.008543487003287 16.015184245685273 41.912162543692325
  endloop
endfacet
facet normal -5.071055861601394e-16 0.24382237807978435 -0.9698199049037501
  outer loop
    vertex 5.008543487003286 16.015184245685273 41.912162543692325
    vertex 2.008543487003287 16.395826907426372 42.00785989792794
    vertex 5.008543487003286 16.39582690742637 42.00785989792794
  endloop
endfacet
facet normal -5.056079357908496e-16 0.12445522177347021 -0.992225225326043
  outer loop
    vertex 2.008543487003287 16.015184245685273 41.912162543692325
    vertex 5.008543487003287 15.514481036190428 41.849359132339934
    vertex 2.0085434870032874 15.514481036190428 41.849359132339934
  endloop
endfacet
facet normal -5.056079357908496e-16 0.12445522177347021 -0.992225225326043
  outer loop
    vertex 5.008543487003287 15.514481036190428 41.849359132339934
    vertex 2.008543487003287 16.015184245685273 41.912162543692325
    vertex 5.008543487003286 16.015184245685273 41.912162543692325
  endloop
endfacet
facet normal -5.003092177968248e-16 0.04195772327234575 -0.9991193869892633
  outer loop
    vertex 2.0085434870032874 15.514481036190428 41.849359132339934
    vertex 5.008543487003287 15.288680728986506 41.83987671519555
    vertex 2.008543487003287 15.288680728986506 41.83987671519555
  endloop
endfacet
facet normal -5.003092177968248e-16 0.04195772327234575 -0.9991193869892633
  outer loop
    vertex 5.008543487003287 15.288680728986506 41.83987671519555
    vertex 2.0085434870032874 15.514481036190428 41.849359132339934
    vertex 5.008543487003287 15.514481036190428 41.849359132339934
  endloop
endfacet
facet normal 3.250092037918028e-16 -0.8845426624222344 0.46645929978400597
  outer loop
    vertex 5.008543487003287 14.933043002329121 42.402439969835534
    vertex 2.0085434870032883 15.038462489290282 42.60234601460941
    vertex 2.0085434870032866 14.933043002329116 42.40243996983553
  endloop
endfacet
facet normal 3.250092037918028e-16 -0.8845426624222344 0.46645929978400597
  outer loop
    vertex 2.0085434870032883 15.038462489290282 42.60234601460941
    vertex 5.008543487003287 14.933043002329121 42.402439969835534
    vertex 5.008543487003287 15.038462489290279 42.60234601460942
  endloop
endfacet
facet normal 3.5612931259916184e-16 -0.8429288473521335 0.5380250536002981
  outer loop
    vertex 5.008543487003287 15.309964225237174 43.02771030536942
    vertex 2.0085434870032883 15.038462489290282 42.60234601460941
    vertex 5.008543487003287 15.038462489290279 42.60234601460942
  endloop
endfacet
facet normal 3.5612931259916184e-16 -0.8429288473521335 0.5380250536002981
  outer loop
    vertex 2.0085434870032883 15.038462489290282 42.60234601460941
    vertex 5.008543487003287 15.309964225237174 43.02771030536942
    vertex 2.0085434870032874 15.309964225237168 43.027710305369425
  endloop
endfacet
facet normal 3.9732450011713573e-16 -0.7714885635525608 0.6362431895962474
  outer loop
    vertex 5.008543487003286 15.559682033644684 43.330510298284196
    vertex 2.0085434870032874 15.309964225237168 43.027710305369425
    vertex 5.008543487003287 15.309964225237174 43.02771030536942
  endloop
endfacet
facet normal 3.9732450011713573e-16 -0.7714885635525608 0.6362431895962474
  outer loop
    vertex 2.0085434870032874 15.309964225237168 43.027710305369425
    vertex 5.008543487003286 15.559682033644684 43.330510298284196
    vertex 2.008543487003288 15.559682033644684 43.330510298284196
  endloop
endfacet
facet normal 4.325217385537768e-16 -0.6890433810863915 0.7247200969898889
  outer loop
    vertex 5.008543487003287 15.762857096139436 43.523683404142986
    vertex 2.008543487003288 15.559682033644684 43.330510298284196
    vertex 5.008543487003286 15.559682033644684 43.330510298284196
  endloop
endfacet
facet normal 4.325217385537768e-16 -0.6890433810863915 0.7247200969898889
  outer loop
    vertex 2.008543487003288 15.559682033644684 43.330510298284196
    vertex 5.008543487003287 15.762857096139436 43.523683404142986
    vertex 2.0085434870032888 15.762857096139436 43.52368340414299
  endloop
endfacet
facet normal 4.610648733875312e-16 -0.5977653735388263 0.8016711035069103
  outer loop
    vertex 5.008543487003287 15.897708037519473 43.62423489339272
    vertex 2.0085434870032888 15.762857096139436 43.52368340414299
    vertex 5.008543487003287 15.762857096139436 43.523683404142986
  endloop
endfacet
facet normal 4.610648733875312e-16 -0.5977653735388263 0.8016711035069103
  outer loop
    vertex 2.0085434870032888 15.762857096139436 43.52368340414299
    vertex 5.008543487003287 15.897708037519473 43.62423489339272
    vertex 2.0085434870032888 15.897708037519473 43.624234893392725
  endloop
endfacet
facet normal 4.918212278698266e-16 -0.4427102256917853 0.8966647400605918
  outer loop
    vertex 5.008543487003287 16.411904285637075 43.878108974622485
    vertex 2.0085434870032888 15.897708037519473 43.624234893392725
    vertex 5.008543487003287 15.897708037519473 43.62423489339272
  endloop
endfacet
facet normal 4.918212278698266e-16 -0.4427102256917853 0.8966647400605918
  outer loop
    vertex 2.0085434870032888 15.897708037519473 43.624234893392725
    vertex 5.008543487003287 16.411904285637075 43.878108974622485
    vertex 2.008543487003288 16.411904285637075 43.878108974622485
  endloop
endfacet
facet normal 4.446849261894914e-16 -0.6536985641496973 0.7567550377953385
  outer loop
    vertex 5.008543487003287 16.47340514714231 43.931234521004136
    vertex 2.008543487003288 16.411904285637075 43.878108974622485
    vertex 5.008543487003287 16.411904285637075 43.878108974622485
  endloop
endfacet
facet normal 4.446849261894914e-16 -0.6536985641496973 0.7567550377953385
  outer loop
    vertex 2.008543487003288 16.411904285637075 43.878108974622485
    vertex 5.008543487003287 16.47340514714231 43.931234521004136
    vertex 2.008543487003288 16.473405147142316 43.93123452100413
  endloop
endfacet
facet normal 2.6288575404174763e-16 -0.9444970818688174 0.32851980509748335
  outer loop
    vertex 5.008543487003287 16.50010368236963 44.007993024513205
    vertex 2.008543487003288 16.473405147142316 43.93123452100413
    vertex 5.008543487003287 16.47340514714231 43.931234521004136
  endloop
endfacet
facet normal 2.6288575404174763e-16 -0.9444970818688174 0.32851980509748335
  outer loop
    vertex 2.008543487003288 16.473405147142316 43.93123452100413
    vertex 5.008543487003287 16.50010368236963 44.007993024513205
    vertex 2.008543487003288 16.50010368236963 44.007993024513205
  endloop
endfacet
facet normal 1.064655639701913e-17 -0.9822183692474359 -0.1877420440735309
  outer loop
    vertex 5.008543487003287 16.50010368236963 44.007993024513205
    vertex 2.008543487003288 16.4848460403658 44.087817106122195
    vertex 2.008543487003288 16.50010368236963 44.007993024513205
  endloop
endfacet
facet normal 1.064655639701913e-17 -0.9822183692474359 -0.1877420440735309
  outer loop
    vertex 2.008543487003288 16.4848460403658 44.087817106122195
    vertex 5.008543487003287 16.50010368236963 44.007993024513205
    vertex 5.008543487003287 16.4848460403658 44.08781710612218
  endloop
endfacet
facet normal -7.961561194941087e-17 -0.9332673360231839 -0.3591825155992278
  outer loop
    vertex 5.008543487003287 16.4848460403658 44.08781710612218
    vertex 2.0085434870032883 16.188373223428627 44.8581452375031
    vertex 2.008543487003288 16.4848460403658 44.087817106122195
  endloop
endfacet
facet normal -7.961561194941087e-17 -0.9332673360231839 -0.3591825155992278
  outer loop
    vertex 2.0085434870032883 16.188373223428627 44.8581452375031
    vertex 5.008543487003287 16.4848460403658 44.08781710612218
    vertex 5.008543487003287 16.188373223428627 44.8581452375031
  endloop
endfacet
facet normal -1.6734695612370125e-16 -0.8546495643887015 -0.519205279335835
  outer loop
    vertex 5.008543487003287 16.188373223428627 44.8581452375031
    vertex 2.0085434870032888 16.14617783604111 44.92760190692697
    vertex 2.0085434870032883 16.188373223428627 44.8581452375031
  endloop
endfacet
facet normal -1.6734695612370125e-16 -0.8546495643887015 -0.519205279335835
  outer loop
    vertex 2.0085434870032888 16.14617783604111 44.92760190692697
    vertex 5.008543487003287 16.188373223428627 44.8581452375031
    vertex 5.008543487003287 16.14617783604111 44.92760190692695
  endloop
endfacet
facet normal -3.8445396965160687e-16 -0.48054559442596545 -0.8769697438781998
  outer loop
    vertex 5.008543487003287 16.14617783604111 44.92760190692695
    vertex 2.008543487003289 16.074907223929088 44.96665545341651
    vertex 2.0085434870032888 16.14617783604111 44.92760190692697
  endloop
endfacet
facet normal -3.8445396965160687e-16 -0.48054559442596545 -0.8769697438781998
  outer loop
    vertex 2.008543487003289 16.074907223929088 44.96665545341651
    vertex 5.008543487003287 16.14617783604111 44.92760190692695
    vertex 5.008543487003289 16.074907223929088 44.96665545341651
  endloop
endfacet
facet normal -4.985468524843874e-16 0.02232017948933207 -0.9997508737618408
  outer loop
    vertex 2.008543487003289 16.074907223929088 44.96665545341651
    vertex 5.008543487003289 15.993658290052018 44.96484151072833
    vertex 2.008543487003289 15.993658290052018 44.96484151072833
  endloop
endfacet
facet normal -4.985468524843874e-16 0.02232017948933207 -0.9997508737618408
  outer loop
    vertex 5.008543487003289 15.993658290052018 44.96484151072833
    vertex 2.008543487003289 16.074907223929088 44.96665545341651
    vertex 5.008543487003289 16.074907223929088 44.96665545341651
  endloop
endfacet
facet normal -5.063273031883584e-16 0.2726676180022356 -0.9621082943686678
  outer loop
    vertex 2.008543487003289 15.993658290052018 44.96484151072833
    vertex 5.008543487003289 15.441933154508304 44.8084790935439
    vertex 2.008543487003289 15.441933154508304 44.80847909354391
  endloop
endfacet
facet normal -5.063273031883584e-16 0.2726676180022356 -0.9621082943686678
  outer loop
    vertex 5.008543487003289 15.441933154508304 44.8084790935439
    vertex 2.008543487003289 15.993658290052018 44.96484151072833
    vertex 5.008543487003289 15.993658290052018 44.96484151072833
  endloop
endfacet
facet normal -5.0404594334343e-16 0.09393418170352161 -0.9955784095226703
  outer loop
    vertex 2.008543487003289 15.441933154508304 44.80847909354391
    vertex 5.008543487003289 15.274464618902527 44.7926782086485
    vertex 2.008543487003289 15.274464618902527 44.7926782086485
  endloop
endfacet
facet normal -5.0404594334343e-16 0.09393418170352161 -0.9955784095226703
  outer loop
    vertex 5.008543487003289 15.274464618902527 44.7926782086485
    vertex 2.008543487003289 15.441933154508304 44.80847909354391
    vertex 5.008543487003289 15.441933154508304 44.8084790935439
  endloop
endfacet
facet normal -4.934682686399367e-16 -0.025381897833798017 -0.9996778277336927
  outer loop
    vertex 2.008543487003289 15.274464618902527 44.7926782086485
    vertex 5.008543487003289 14.99420523880805 44.79979401611685
    vertex 2.0085434870032888 14.99420523880805 44.79979401611685
  endloop
endfacet
facet normal -4.934682686399367e-16 -0.025381897833798017 -0.9996778277336927
  outer loop
    vertex 5.008543487003289 14.99420523880805 44.79979401611685
    vertex 2.008543487003289 15.274464618902527 44.7926782086485
    vertex 5.008543487003289 15.274464618902527 44.7926782086485
  endloop
endfacet
facet normal -4.755830873848976e-16 -0.14587150530840218 -0.9893035448936089
  outer loop
    vertex 2.0085434870032888 14.605915482437695 44.857046829522744
    vertex 5.008543487003289 14.99420523880805 44.79979401611685
    vertex 5.008543487003289 14.605915482437695 44.85704682952273
  endloop
endfacet
facet normal -4.755830873848976e-16 -0.14587150530840218 -0.9893035448936089
  outer loop
    vertex 5.008543487003289 14.99420523880805 44.79979401611685
    vertex 2.0085434870032888 14.605915482437695 44.857046829522744
    vertex 2.0085434870032888 14.99420523880805 44.79979401611685
  endloop
endfacet
facet normal -4.3254226386157995e-16 0.6889873220616216 -0.7247733921981101
  outer loop
    vertex 2.008543487003285 27.719534798337165 42.25948574383823
    vertex 5.008543487003286 27.12129963962513 41.69078876295975
    vertex 2.0085434870032857 27.12129963962513 41.690788762959755
  endloop
endfacet
facet normal -4.3254226386157995e-16 0.6889873220616216 -0.7247733921981101
  outer loop
    vertex 5.008543487003286 27.12129963962513 41.69078876295975
    vertex 2.008543487003285 27.719534798337165 42.25948574383823
    vertex 5.008543487003286 27.71953479833716 42.25948574383824
  endloop
endfacet
facet normal -3.7854774807681072e-16 0.806743359519867 -0.5909019816099781
  outer loop
    vertex 2.0085434870032857 27.12129963962513 41.690788762959755
    vertex 5.008543487003286 27.073277520023474 41.625225391530286
    vertex 2.0085434870032857 27.073277520023474 41.625225391530286
  endloop
endfacet
facet normal -3.7854774807681072e-16 0.806743359519867 -0.5909019816099781
  outer loop
    vertex 5.008543487003286 27.073277520023474 41.625225391530286
    vertex 2.0085434870032857 27.12129963962513 41.690788762959755
    vertex 5.008543487003286 27.12129963962513 41.69078876295975
  endloop
endfacet
facet normal -1.588646407249136e-16 0.9941112344835672 -0.10836444746114046
  outer loop
    vertex 2.0085434870032857 27.073277520023474 41.625225391530286
    vertex 5.008543487003286 27.06447083021959 41.54443478651378
    vertex 2.008543487003285 27.06447083021959 41.54443478651378
  endloop
endfacet
facet normal -1.588646407249136e-16 0.9941112344835672 -0.10836444746114046
  outer loop
    vertex 5.008543487003286 27.06447083021959 41.54443478651378
    vertex 2.0085434870032857 27.073277520023474 41.625225391530286
    vertex 5.008543487003286 27.073277520023474 41.625225391530286
  endloop
endfacet
facet normal 1.0338611881523534e-16 0.9151078069807999 0.40320925287348197
  outer loop
    vertex 5.008543487003286 27.06447083021959 41.54443478651378
    vertex 2.0085434870032857 27.097239315634425 41.47006472528043
    vertex 2.008543487003285 27.06447083021959 41.54443478651378
  endloop
endfacet
facet normal 1.0338611881523534e-16 0.9151078069807999 0.40320925287348197
  outer loop
    vertex 2.0085434870032857 27.097239315634425 41.47006472528043
    vertex 5.008543487003286 27.06447083021959 41.54443478651378
    vertex 5.008543487003286 27.097239315634415 41.47006472528044
  endloop
endfacet
facet normal 2.248319202338053e-16 0.7845267812746514 0.6200949358467905
  outer loop
    vertex 5.008543487003286 27.097239315634415 41.47006472528044
    vertex 2.0085434870032857 27.452835421117058 41.02017447148061
    vertex 2.0085434870032857 27.097239315634425 41.47006472528043
  endloop
endfacet
facet normal 2.248319202338053e-16 0.7845267812746514 0.6200949358467905
  outer loop
    vertex 2.0085434870032857 27.452835421117058 41.02017447148061
    vertex 5.008543487003286 27.097239315634415 41.47006472528044
    vertex 5.008543487003286 27.452835421117058 41.02017447148061
  endloop
endfacet
facet normal 1.38735296868494e-16 0.8838474604974195 0.4677752308238035
  outer loop
    vertex 2.0085434870032857 27.452835421117058 41.02017447148061
    vertex 5.008543487003284 27.531520969286262 40.87150045596097
    vertex 2.0085434870032843 27.53152096928627 40.87150045596097
  endloop
endfacet
facet normal 1.38735296868494e-16 0.8838474604974195 0.4677752308238035
  outer loop
    vertex 5.008543487003284 27.531520969286262 40.87150045596097
    vertex 2.0085434870032857 27.452835421117058 41.02017447148061
    vertex 5.008543487003286 27.452835421117058 41.02017447148061
  endloop
endfacet
facet normal 7.957684721551835e-17 0.9332951159314863 0.3591103264714534
  outer loop
    vertex 5.008543487003284 27.531520969286262 40.87150045596097
    vertex 2.008543487003285 27.63219744193604 40.609851449271346
    vertex 2.0085434870032843 27.53152096928627 40.87150045596097
  endloop
endfacet
facet normal 7.957684721551835e-17 0.9332951159314863 0.3591103264714534
  outer loop
    vertex 2.008543487003285 27.63219744193604 40.609851449271346
    vertex 5.008543487003284 27.531520969286262 40.87150045596097
    vertex 5.008543487003284 27.63219744193604 40.609851449271346
  endloop
endfacet
facet normal 1.8497313734362107e-17 0.9698199049037564 0.24382237807975915
  outer loop
    vertex 2.008543487003285 27.63219744193604 40.609851449271346
    vertex 5.008543487003284 27.727894796171654 40.229208787530276
    vertex 2.0085434870032843 27.727894796171654 40.229208787530276
  endloop
endfacet
facet normal 1.8497313734362107e-17 0.9698199049037564 0.24382237807975915
  outer loop
    vertex 5.008543487003284 27.727894796171654 40.229208787530276
    vertex 2.008543487003285 27.63219744193604 40.609851449271346
    vertex 5.008543487003284 27.63219744193604 40.609851449271346
  endloop
endfacet
facet normal -4.3114282964246854e-17 0.9922252253260393 0.12445522177349833
  outer loop
    vertex 5.008543487003284 27.727894796171654 40.229208787530276
    vertex 2.0085434870032848 27.790698207524056 39.72850557803541
    vertex 2.0085434870032843 27.727894796171654 40.229208787530276
  endloop
endfacet
facet normal -4.3114282964246854e-17 0.9922252253260393 0.12445522177349833
  outer loop
    vertex 2.0085434870032848 27.790698207524056 39.72850557803541
    vertex 5.008543487003284 27.727894796171654 40.229208787530276
    vertex 5.008543487003284 27.790698207524056 39.7285055780354
  endloop
endfacet
facet normal -8.478745613435586e-17 0.9991193869892632 0.04195772327234937
  outer loop
    vertex 2.0085434870032848 27.790698207524056 39.72850557803541
    vertex 5.008543487003284 27.800180624668435 39.5027052708315
    vertex 2.008543487003284 27.800180624668435 39.5027052708315
  endloop
endfacet
facet normal -8.478745613435586e-17 0.9991193869892632 0.04195772327234937
  outer loop
    vertex 5.008543487003284 27.800180624668435 39.5027052708315
    vertex 2.0085434870032848 27.790698207524056 39.72850557803541
    vertex 5.008543487003284 27.790698207524056 39.7285055780354
  endloop
endfacet
facet normal -4.759963885389763e-16 0.534352349389826 -0.8452618332218564
  outer loop
    vertex 2.008543487003284 27.800180624668435 39.5027052708315
    vertex 5.008543487003284 27.23761737002844 39.147067544174114
    vertex 2.0085434870032843 27.237617370028445 39.147067544174114
  endloop
endfacet
facet normal -4.759963885389763e-16 0.534352349389826 -0.8452618332218564
  outer loop
    vertex 5.008543487003284 27.23761737002844 39.147067544174114
    vertex 2.008543487003284 27.800180624668435 39.5027052708315
    vertex 5.008543487003284 27.800180624668435 39.5027052708315
  endloop
endfacet
facet normal -3.8970148008549096e-16 -0.46645929978401485 -0.8845426624222297
  outer loop
    vertex 5.008543487003284 27.23761737002844 39.147067544174114
    vertex 2.0085434870032843 27.03771132525457 39.25248703113527
    vertex 2.0085434870032843 27.237617370028445 39.147067544174114
  endloop
endfacet
facet normal -3.8970148008549096e-16 -0.46645929978401485 -0.8845426624222297
  outer loop
    vertex 2.0085434870032843 27.03771132525457 39.25248703113527
    vertex 5.008543487003284 27.23761737002844 39.147067544174114
    vertex 5.008543487003284 27.03771132525457 39.25248703113527
  endloop
endfacet
facet normal -3.6148324835024825e-16 -0.538025053600322 -0.8429288473521181
  outer loop
    vertex 5.008543487003284 27.03771132525457 39.25248703113527
    vertex 2.0085434870032848 26.612347034494558 39.523988767082166
    vertex 2.0085434870032843 27.03771132525457 39.25248703113527
  endloop
endfacet
facet normal -3.6148324835024825e-16 -0.538025053600322 -0.8429288473521181
  outer loop
    vertex 2.0085434870032848 26.612347034494558 39.523988767082166
    vertex 5.008543487003284 27.03771132525457 39.25248703113527
    vertex 5.008543487003284 26.612347034494558 39.523988767082166
  endloop
endfacet
facet normal -3.156445274939545e-16 -0.6362431895962254 -0.771488563552579
  outer loop
    vertex 5.008543487003284 26.612347034494558 39.523988767082166
    vertex 2.0085434870032848 26.3095470415798 39.773706575489655
    vertex 2.0085434870032848 26.612347034494558 39.523988767082166
  endloop
endfacet
facet normal -3.156445274939545e-16 -0.6362431895962254 -0.771488563552579
  outer loop
    vertex 2.0085434870032848 26.3095470415798 39.773706575489655
    vertex 5.008543487003284 26.612347034494558 39.523988767082166
    vertex 5.008543487003284 26.309547041579794 39.773706575489655
  endloop
endfacet
facet normal -2.653736456557431e-16 -0.7247200969899031 -0.6890433810863765
  outer loop
    vertex 5.008543487003284 26.309547041579794 39.773706575489655
    vertex 2.0085434870032857 26.116373935721015 39.97688163798442
    vertex 2.0085434870032848 26.3095470415798 39.773706575489655
  endloop
endfacet
facet normal -2.653736456557431e-16 -0.7247200969899031 -0.6890433810863765
  outer loop
    vertex 2.0085434870032857 26.116373935721015 39.97688163798442
    vertex 5.008543487003284 26.309547041579794 39.773706575489655
    vertex 5.008543487003286 26.116373935721015 39.97688163798442
  endloop
endfacet
facet normal -2.1193727529234726e-16 -0.8016711035069166 -0.5977653735388182
  outer loop
    vertex 5.008543487003286 26.116373935721015 39.97688163798442
    vertex 2.0085434870032857 26.015822446471283 40.11173257936445
    vertex 2.0085434870032857 26.116373935721015 39.97688163798442
  endloop
endfacet
facet normal -2.1193727529234726e-16 -0.8016711035069166 -0.5977653735388182
  outer loop
    vertex 2.0085434870032857 26.015822446471283 40.11173257936445
    vertex 5.008543487003286 26.116373935721015 39.97688163798442
    vertex 5.008543487003286 26.01582244647129 40.11173257936446
  endloop
endfacet
facet normal -1.2494040958321724e-16 -0.896664740060593 -0.44271022569178314
  outer loop
    vertex 5.008543487003286 26.01582244647129 40.11173257936446
    vertex 2.008543487003286 25.76194836524152 40.62592882748207
    vertex 2.0085434870032857 26.015822446471283 40.11173257936445
  endloop
endfacet
facet normal -1.2494040958321724e-16 -0.896664740060593 -0.44271022569178314
  outer loop
    vertex 2.008543487003286 25.76194836524152 40.62592882748207
    vertex 5.008543487003286 26.01582244647129 40.11173257936446
    vertex 5.008543487003286 25.76194836524152 40.62592882748207
  endloop
endfacet
facet normal -2.444453774365329e-16 -0.7567550377952298 -0.6536985641498233
  outer loop
    vertex 5.008543487003286 25.76194836524152 40.62592882748207
    vertex 2.008543487003286 25.70882281885985 40.6874296889873
    vertex 2.008543487003286 25.76194836524152 40.62592882748207
  endloop
endfacet
facet normal -2.444453774365329e-16 -0.7567550377952298 -0.6536985641498233
  outer loop
    vertex 2.008543487003286 25.70882281885985 40.6874296889873
    vertex 5.008543487003286 25.76194836524152 40.62592882748207
    vertex 5.008543487003286 25.70882281885985 40.687429688987315
  endloop
endfacet
facet normal -4.3403836979246997e-16 -0.3285198050974967 -0.9444970818688128
  outer loop
    vertex 5.008543487003286 25.70882281885985 40.687429688987315
    vertex 2.008543487003286 25.632064315350807 40.71412822421462
    vertex 2.008543487003286 25.70882281885985 40.6874296889873
  endloop
endfacet
facet normal -4.3403836979246997e-16 -0.3285198050974967 -0.9444970818688128
  outer loop
    vertex 2.008543487003286 25.632064315350807 40.71412822421462
    vertex 5.008543487003286 25.70882281885985 40.687429688987315
    vertex 5.008543487003286 25.632064315350803 40.71412822421462
  endloop
endfacet
facet normal -5.070608592844205e-16 0.17020949916603706 -0.9854078984834893
  outer loop
    vertex 2.008543487003284 24.571773048384454 38.12107570594671
    vertex 5.008543487003284 23.91593570576385 38.00779292650722
    vertex 2.008543487003284 23.915935705763857 38.00779292650722
  endloop
endfacet
facet normal -5.070608592844205e-16 0.17020949916603706 -0.9854078984834893
  outer loop
    vertex 5.008543487003284 23.91593570576385 38.00779292650722
    vertex 2.008543487003284 24.571773048384454 38.12107570594671
    vertex 5.008543487003284 24.57177304838445 38.12107570594671
  endloop
endfacet
facet normal -2.3566158358302983e-16 -0.7694520219491149 -0.6387046155449473
  outer loop
    vertex 5.008543487003284 23.91593570576385 38.00779292650722
    vertex 2.0085434870032843 23.771588893680473 38.181688564203085
    vertex 2.008543487003284 23.915935705763857 38.00779292650722
  endloop
endfacet
facet normal -2.3566158358302983e-16 -0.7694520219491149 -0.6387046155449473
  outer loop
    vertex 2.0085434870032843 23.771588893680473 38.181688564203085
    vertex 5.008543487003284 23.91593570576385 38.00779292650722
    vertex 5.008543487003284 23.771588893680462 38.181688564203085
  endloop
endfacet
facet normal -1.9768218678522266e-16 -0.8196452395438768 -0.572871435221779
  outer loop
    vertex 5.008543487003284 23.771588893680462 38.181688564203085
    vertex 2.0085434870032843 23.48250274779134 38.59530332787928
    vertex 2.0085434870032843 23.771588893680473 38.181688564203085
  endloop
endfacet
facet normal -1.9768218678522266e-16 -0.8196452395438768 -0.572871435221779
  outer loop
    vertex 2.0085434870032843 23.48250274779134 38.59530332787928
    vertex 5.008543487003284 23.771588893680462 38.181688564203085
    vertex 5.008543487003284 23.48250274779134 38.59530332787928
  endloop
endfacet
facet normal -1.3956801503328853e-16 -0.8830479520983707 -0.4692827658191529
  outer loop
    vertex 5.008543487003284 23.48250274779134 38.59530332787928
    vertex 2.0085434870032848 23.298314899936905 38.94188904057931
    vertex 2.0085434870032843 23.48250274779134 38.59530332787928
  endloop
endfacet
facet normal -1.3956801503328853e-16 -0.8830479520983707 -0.4692827658191529
  outer loop
    vertex 2.0085434870032848 23.298314899936905 38.94188904057931
    vertex 5.008543487003284 23.48250274779134 38.59530332787928
    vertex 5.008543487003284 23.298314899936905 38.94188904057931
  endloop
endfacet
facet normal -7.965437620696778e-17 -0.9332395505311463 -0.3592547025780233
  outer loop
    vertex 5.008543487003284 23.298314899936905 38.94188904057931
    vertex 2.0085434870032848 23.197597951488824 39.203522469525566
    vertex 2.0085434870032848 23.298314899936905 38.94188904057931
  endloop
endfacet
facet normal -7.965437620696778e-17 -0.9332395505311463 -0.3592547025780233
  outer loop
    vertex 2.0085434870032848 23.197597951488824 39.203522469525566
    vertex 5.008543487003284 23.298314899936905 38.94188904057931
    vertex 5.0085434870032834 23.19759795148882 39.203522469525566
  endloop
endfacet
facet normal -1.936262252787926e-17 -0.9694024292306189 -0.2454769443385159
  outer loop
    vertex 5.0085434870032834 23.19759795148882 39.203522469525566
    vertex 2.0085434870032857 23.156305709712438 39.36658788324194
    vertex 2.0085434870032848 23.197597951488824 39.203522469525566
  endloop
endfacet
facet normal -1.936262252787926e-17 -0.9694024292306189 -0.2454769443385159
  outer loop
    vertex 2.0085434870032857 23.156305709712438 39.36658788324194
    vertex 5.0085434870032834 23.19759795148882 39.203522469525566
    vertex 5.008543487003284 23.156305709712438 39.36658788324194
  endloop
endfacet
facet normal 7.278194839372434e-17 -0.9978280695773899 -0.0658721759429572
  outer loop
    vertex 2.0085434870032857 23.156305709712438 39.36658788324194
    vertex 5.008543487003284 23.118531027368046 39.93879667736545
    vertex 2.008543487003285 23.118531027368043 39.93879667736546
  endloop
endfacet
facet normal 7.278194839372434e-17 -0.9978280695773899 -0.0658721759429572
  outer loop
    vertex 5.008543487003284 23.118531027368046 39.93879667736545
    vertex 2.0085434870032857 23.156305709712438 39.36658788324194
    vertex 5.008543487003284 23.156305709712438 39.36658788324194
  endloop
endfacet
facet normal -5.566452715543457e-17 -0.94931010080479 -0.3143411085270263
  outer loop
    vertex 5.008543487003284 23.118531027368046 39.93879667736545
    vertex 2.0085434870032857 23.092984783186775 40.01594633097757
    vertex 2.008543487003285 23.118531027368043 39.93879667736546
  endloop
endfacet
facet normal -5.566452715543457e-17 -0.94931010080479 -0.3143411085270263
  outer loop
    vertex 2.0085434870032857 23.092984783186775 40.01594633097757
    vertex 5.008543487003284 23.118531027368046 39.93879667736545
    vertex 5.008543487003284 23.092984783186775 40.01594633097757
  endloop
endfacet
facet normal -3.0039714349922406e-16 -0.6649561091025811 -0.7468824358405789
  outer loop
    vertex 5.008543487003284 23.092984783186775 40.01594633097757
    vertex 2.008543487003286 23.03228625994849 40.06998676880816
    vertex 2.0085434870032857 23.092984783186775 40.01594633097757
  endloop
endfacet
facet normal -3.0039714349922406e-16 -0.6649561091025811 -0.7468824358405789
  outer loop
    vertex 2.008543487003286 23.03228625994849 40.06998676880816
    vertex 5.008543487003284 23.092984783186775 40.01594633097757
    vertex 5.008543487003286 23.032286259948492 40.06998676880816
  endloop
endfacet
facet normal -4.646385878337472e-16 -0.2024276649642966 -0.9792972176296135
  outer loop
    vertex 2.008543487003286 23.03228625994849 40.06998676880816
    vertex 5.008543487003286 22.952699577936613 40.08643789918195
    vertex 2.008543487003286 22.952699577936613 40.08643789918195
  endloop
endfacet
facet normal -4.646385878337472e-16 -0.2024276649642966 -0.9792972176296135
  outer loop
    vertex 5.008543487003286 22.952699577936613 40.08643789918195
    vertex 2.008543487003286 23.03228625994849 40.06998676880816
    vertex 5.008543487003286 23.032286259948492 40.06998676880816
  endloop
endfacet
facet normal -4.93477415162877e-16 -0.025304572865529174 -0.9996797880281931
  outer loop
    vertex 2.008543487003286 22.952699577936613 40.08643789918195
    vertex 5.008543487003286 22.127553948847623 40.10732454503196
    vertex 2.008543487003286 22.12755394884763 40.10732454503195
  endloop
endfacet
facet normal -4.93477415162877e-16 -0.025304572865529174 -0.9996797880281931
  outer loop
    vertex 5.008543487003286 22.127553948847623 40.10732454503196
    vertex 2.008543487003286 22.952699577936613 40.08643789918195
    vertex 5.008543487003286 22.952699577936613 40.08643789918195
  endloop
endfacet
facet normal 3.722463991097339e-16 0.5118926194409238 0.859049443374425
  outer loop
    vertex 5.008543487003291 16.909013211517237 52.04574232475469
    vertex 2.008543487003292 17.053515895503555 51.95963568910932
    vertex 2.008543487003292 16.909013211517234 52.045742324754706
  endloop
endfacet
facet normal 3.722463991097339e-16 0.5118926194409238 0.859049443374425
  outer loop
    vertex 2.008543487003292 17.053515895503555 51.95963568910932
    vertex 5.008543487003291 16.909013211517237 52.04574232475469
    vertex 5.008543487003291 17.053515895503555 51.95963568910932
  endloop
endfacet
facet normal 3.0364172278874935e-16 0.6589923321556804 0.7521496567572289
  outer loop
    vertex 2.008543487003292 17.053515895503555 51.95963568910932
    vertex 5.008543487003291 17.48483934812575 51.5817337045729
    vertex 2.008543487003291 17.48483934812575 51.5817337045729
  endloop
endfacet
facet normal 3.0364172278874935e-16 0.6589923321556804 0.7521496567572289
  outer loop
    vertex 5.008543487003291 17.48483934812575 51.5817337045729
    vertex 2.008543487003292 17.053515895503555 51.95963568910932
    vertex 5.008543487003291 17.053515895503555 51.95963568910932
  endloop
endfacet
facet normal 3.960116349057735e-16 0.4489908802829206 0.8935363391730456
  outer loop
    vertex 2.008543487003291 17.48483934812575 51.5817337045729
    vertex 5.008543487003291 17.557456313855482 51.545244583831995
    vertex 2.008543487003291 17.557456313855486 51.545244583831995
  endloop
endfacet
facet normal 3.960116349057735e-16 0.4489908802829206 0.8935363391730456
  outer loop
    vertex 5.008543487003291 17.557456313855482 51.545244583831995
    vertex 2.008543487003291 17.48483934812575 51.5817337045729
    vertex 5.008543487003291 17.48483934812575 51.5817337045729
  endloop
endfacet
facet normal 5.016011888524072e-16 -0.05793066119414031 0.9983206090698569
  outer loop
    vertex 5.008543487003291 17.638589011293618 51.549952561173505
    vertex 2.008543487003291 17.557456313855486 51.545244583831995
    vertex 5.008543487003291 17.557456313855482 51.545244583831995
  endloop
endfacet
facet normal 5.016011888524072e-16 -0.05793066119414031 0.9983206090698569
  outer loop
    vertex 2.008543487003291 17.557456313855486 51.545244583831995
    vertex 5.008543487003291 17.638589011293618 51.549952561173505
    vertex 2.008543487003291 17.63858901129363 51.54995256117351
  endloop
endfacet
facet normal 4.72787109323514e-16 -0.5493297287869978 0.8356056779790355
  outer loop
    vertex 5.008543487003291 17.70649799968184 51.59459613787074
    vertex 2.008543487003291 17.63858901129363 51.54995256117351
    vertex 5.008543487003291 17.638589011293618 51.549952561173505
  endloop
endfacet
facet normal 4.72787109323514e-16 -0.5493297287869978 0.8356056779790355
  outer loop
    vertex 2.008543487003291 17.63858901129363 51.54995256117351
    vertex 5.008543487003291 17.70649799968184 51.59459613787074
    vertex 2.008543487003291 17.706497999681847 51.59459613787074
  endloop
endfacet
facet normal 4.3254226386158005e-16 -0.6889873220616214 0.7247733921981102
  outer loop
    vertex 5.008543487003291 18.30473315839387 52.163293118749216
    vertex 2.008543487003291 17.706497999681847 51.59459613787074
    vertex 5.008543487003291 17.70649799968184 51.59459613787074
  endloop
endfacet
facet normal 4.3254226386158005e-16 -0.6889873220616214 0.7247733921981102
  outer loop
    vertex 2.008543487003291 17.706497999681847 51.59459613787074
    vertex 5.008543487003291 18.30473315839387 52.163293118749216
    vertex 2.008543487003292 18.30473315839387 52.16329311874922
  endloop
endfacet
facet normal 3.7854774807681072e-16 -0.806743359519867 0.5909019816099781
  outer loop
    vertex 5.008543487003291 18.352755277995545 52.22885649017869
    vertex 2.008543487003292 18.30473315839387 52.16329311874922
    vertex 5.008543487003291 18.30473315839387 52.163293118749216
  endloop
endfacet
facet normal 3.7854774807681072e-16 -0.806743359519867 0.5909019816099781
  outer loop
    vertex 2.008543487003292 18.30473315839387 52.16329311874922
    vertex 5.008543487003291 18.352755277995545 52.22885649017869
    vertex 2.008543487003292 18.352755277995545 52.22885649017869
  endloop
endfacet
facet normal 1.588646407249136e-16 -0.9941112344835672 0.10836444746114046
  outer loop
    vertex 5.008543487003291 18.352755277995545 52.22885649017869
    vertex 2.008543487003292 18.36156196779942 52.30964709519519
    vertex 2.008543487003292 18.352755277995545 52.22885649017869
  endloop
endfacet
facet normal 1.588646407249136e-16 -0.9941112344835672 0.10836444746114046
  outer loop
    vertex 2.008543487003292 18.36156196779942 52.30964709519519
    vertex 5.008543487003291 18.352755277995545 52.22885649017869
    vertex 5.008543487003291 18.36156196779942 52.30964709519519
  endloop
endfacet
facet normal -1.0338611881524385e-16 -0.9151078069807927 -0.4032092528734975
  outer loop
    vertex 2.008543487003292 18.36156196779942 52.30964709519519
    vertex 5.008543487003291 18.328793482384576 52.384017156428534
    vertex 2.008543487003291 18.328793482384576 52.384017156428534
  endloop
endfacet
facet normal -1.0338611881524385e-16 -0.9151078069807927 -0.4032092528734975
  outer loop
    vertex 5.008543487003291 18.328793482384576 52.384017156428534
    vertex 2.008543487003292 18.36156196779942 52.30964709519519
    vertex 5.008543487003291 18.36156196779942 52.30964709519519
  endloop
endfacet
facet normal -2.2483192023380304e-16 -0.7845267812746546 -0.6200949358467867
  outer loop
    vertex 5.008543487003291 18.328793482384576 52.384017156428534
    vertex 2.0085434870032923 17.973197376901943 52.833907410228356
    vertex 2.008543487003291 18.328793482384576 52.384017156428534
  endloop
endfacet
facet normal -2.2483192023380304e-16 -0.7845267812746546 -0.6200949358467867
  outer loop
    vertex 2.0085434870032923 17.973197376901943 52.833907410228356
    vertex 5.008543487003291 18.328793482384576 52.384017156428534
    vertex 5.008543487003293 17.973197376901943 52.833907410228356
  endloop
endfacet
facet normal -1.3873529686850225e-16 -0.8838474604974116 -0.4677752308238183
  outer loop
    vertex 2.0085434870032923 17.973197376901943 52.833907410228356
    vertex 5.008543487003293 17.894511828732742 52.982581425747995
    vertex 2.0085434870032914 17.894511828732742 52.982581425747995
  endloop
endfacet
facet normal -1.3873529686850225e-16 -0.8838474604974116 -0.4677752308238183
  outer loop
    vertex 5.008543487003293 17.894511828732742 52.982581425747995
    vertex 2.0085434870032923 17.973197376901943 52.833907410228356
    vertex 5.008543487003293 17.973197376901943 52.833907410228356
  endloop
endfacet
facet normal -7.957684721551596e-17 -0.933295115931488 -0.35911032647144897
  outer loop
    vertex 5.008543487003293 17.894511828732742 52.982581425747995
    vertex 2.0085434870032928 17.793835356082965 53.24423043243763
    vertex 2.0085434870032914 17.894511828732742 52.982581425747995
  endloop
endfacet
facet normal -7.957684721551596e-17 -0.933295115931488 -0.35911032647144897
  outer loop
    vertex 2.0085434870032928 17.793835356082965 53.24423043243763
    vertex 5.008543487003293 17.894511828732742 52.982581425747995
    vertex 5.008543487003294 17.793835356082962 53.24423043243763
  endloop
endfacet
facet normal -1.8497313734362107e-17 -0.9698199049037564 -0.24382237807975915
  outer loop
    vertex 2.0085434870032928 17.793835356082965 53.24423043243763
    vertex 5.008543487003293 17.698138001847347 53.624873094178696
    vertex 2.008543487003292 17.698138001847344 53.6248730941787
  endloop
endfacet
facet normal -1.8497313734362107e-17 -0.9698199049037564 -0.24382237807975915
  outer loop
    vertex 5.008543487003293 17.698138001847347 53.624873094178696
    vertex 2.0085434870032928 17.793835356082965 53.24423043243763
    vertex 5.008543487003294 17.793835356082962 53.24423043243763
  endloop
endfacet
facet normal -2.697934440466002e-16 0.9391224777307008 -0.34358255459343295
  outer loop
    vertex 2.0085434870032843 24.649422473855903 38.33331675214711
    vertex 5.008543487003284 24.57177304838445 38.12107570594671
    vertex 2.008543487003284 24.571773048384454 38.12107570594671
  endloop
endfacet
facet normal -2.697934440466002e-16 0.9391224777307008 -0.34358255459343295
  outer loop
    vertex 5.008543487003284 24.57177304838445 38.12107570594671
    vertex 2.0085434870032843 24.649422473855903 38.33331675214711
    vertex 5.008543487003284 24.649422473855903 38.33331675214711
  endloop
endfacet
facet normal -5.066295632073908e-16 0.15262290198039336 -0.9882844984067509
  outer loop
    vertex 2.008543487003286 22.12755394884763 40.10732454503195
    vertex 5.008543487003286 22.0472368778951 40.094921006914035
    vertex 2.008543487003286 22.0472368778951 40.094921006914035
  endloop
endfacet
facet normal -5.066295632073908e-16 0.15262290198039336 -0.9882844984067509
  outer loop
    vertex 5.008543487003286 22.0472368778951 40.094921006914035
    vertex 2.008543487003286 22.12755394884763 40.10732454503195
    vertex 5.008543487003286 22.127553948847623 40.10732454503196
  endloop
endfacet
facet normal -4.53112970110149e-16 0.6263175595179082 -0.7795680307962428
  outer loop
    vertex 2.008543487003286 22.0472368778951 40.094921006914035
    vertex 5.008543487003286 21.98388202315164 40.04402069233083
    vertex 2.008543487003286 21.983882023151644 40.04402069233083
  endloop
endfacet
facet normal -4.53112970110149e-16 0.6263175595179082 -0.7795680307962428
  outer loop
    vertex 5.008543487003286 21.98388202315164 40.04402069233083
    vertex 2.008543487003286 22.0472368778951 40.094921006914035
    vertex 5.008543487003286 22.0472368778951 40.094921006914035
  endloop
endfacet
facet normal -2.7818512259181595e-16 0.932190932776903 -0.36196693888879883
  outer loop
    vertex 2.008543487003286 21.983882023151644 40.04402069233083
    vertex 5.008543487003286 21.954465266782325 39.968262299469416
    vertex 2.008543487003286 21.95446526678232 39.96826229946942
  endloop
endfacet
facet normal -2.7818512259181595e-16 0.932190932776903 -0.36196693888879883
  outer loop
    vertex 5.008543487003286 21.954465266782325 39.968262299469416
    vertex 2.008543487003286 21.983882023151644 40.04402069233083
    vertex 5.008543487003286 21.98388202315164 40.04402069233083
  endloop
endfacet
facet normal -1.626942203347653e-16 0.9932175411784618 -0.11627087294507824
  outer loop
    vertex 5.008543487003286 21.954465266782325 39.968262299469416
    vertex 2.0085434870032857 21.887789235081033 39.39869743266753
    vertex 2.008543487003286 21.95446526678232 39.96826229946942
  endloop
endfacet
facet normal -1.626942203347653e-16 0.9932175411784618 -0.11627087294507824
  outer loop
    vertex 2.0085434870032857 21.887789235081033 39.39869743266753
    vertex 5.008543487003286 21.954465266782325 39.968262299469416
    vertex 5.008543487003284 21.887789235081026 39.39869743266754
  endloop
endfacet
facet normal -2.4704476646821845e-16 0.9557415706388585 -0.2942074950655884
  outer loop
    vertex 2.0085434870032857 21.887789235081033 39.39869743266753
    vertex 5.008543487003284 21.838299915212694 39.237929943415544
    vertex 2.0085434870032857 21.838299915212698 39.237929943415544
  endloop
endfacet
facet normal -2.4704476646821845e-16 0.9557415706388585 -0.2942074950655884
  outer loop
    vertex 5.008543487003284 21.838299915212694 39.237929943415544
    vertex 2.0085434870032857 21.887789235081033 39.39869743266753
    vertex 5.008543487003284 21.887789235081026 39.39869743266754
  endloop
endfacet
facet normal -2.981074143972478e-16 0.9138686523655295 -0.4060099582813349
  outer loop
    vertex 2.0085434870032857 21.838299915212698 39.237929943415544
    vertex 5.008543487003284 21.724475144808338 38.98172713997797
    vertex 2.008543487003285 21.72447514480834 38.98172713997798
  endloop
endfacet
facet normal -2.981074143972478e-16 0.9138686523655295 -0.4060099582813349
  outer loop
    vertex 5.008543487003284 21.724475144808338 38.98172713997797
    vertex 2.0085434870032857 21.838299915212698 39.237929943415544
    vertex 5.008543487003284 21.838299915212694 39.237929943415544
  endloop
endfacet
facet normal -3.4549822277611405e-16 0.8581746882323631 -0.5133577743419171
  outer loop
    vertex 2.008543487003285 21.72447514480834 38.98172713997798
    vertex 5.008543487003284 21.522988385603924 38.64490388453035
    vertex 2.0085434870032848 21.522988385603924 38.64490388453035
  endloop
endfacet
facet normal -3.4549822277611405e-16 0.8581746882323631 -0.5133577743419171
  outer loop
    vertex 5.008543487003284 21.522988385603924 38.64490388453035
    vertex 2.008543487003285 21.72447514480834 38.98172713997798
    vertex 5.008543487003284 21.724475144808338 38.98172713997797
  endloop
endfacet
facet normal -3.8800520186946554e-16 0.789612316562494 -0.6136060540222953
  outer loop
    vertex 2.0085434870032848 21.522988385603924 38.64490388453035
    vertex 5.008543487003284 21.213346468857186 38.246444531685746
    vertex 2.0085434870032848 21.21334646885719 38.246444531685746
  endloop
endfacet
facet normal -3.8800520186946554e-16 0.789612316562494 -0.6136060540222953
  outer loop
    vertex 5.008543487003284 21.213346468857186 38.246444531685746
    vertex 2.0085434870032848 21.522988385603924 38.64490388453035
    vertex 5.008543487003284 21.522988385603924 38.64490388453035
  endloop
endfacet
facet normal -4.137258257864188e-16 0.7361526844041127 -0.6768155031059934
  outer loop
    vertex 2.0085434870032848 21.21334646885719 38.246444531685746
    vertex 5.008543487003284 21.060386621904104 38.08007452180299
    vertex 2.008543487003284 21.060386621904104 38.080074521803
  endloop
endfacet
facet normal -4.137258257864188e-16 0.7361526844041127 -0.6768155031059934
  outer loop
    vertex 5.008543487003284 21.060386621904104 38.08007452180299
    vertex 2.0085434870032848 21.21334646885719 38.246444531685746
    vertex 5.008543487003284 21.213346468857186 38.246444531685746
  endloop
endfacet
facet normal -4.609299107219457e-16 -0.21984620435284308 -0.9755345439458555
  outer loop
    vertex 5.008543487003284 21.060386621904104 38.08007452180299
    vertex 2.0085434870032848 20.411120481536596 38.226392965840134
    vertex 2.008543487003284 21.060386621904104 38.080074521803
  endloop
endfacet
facet normal -4.609299107219457e-16 -0.21984620435284308 -0.9755345439458555
  outer loop
    vertex 2.0085434870032848 20.411120481536596 38.226392965840134
    vertex 5.008543487003284 21.060386621904104 38.08007452180299
    vertex 5.008543487003284 20.411120481536596 38.226392965840134
  endloop
endfacet
facet normal -4.5744347257633566e-17 -0.9553026488723816 -0.2956295808227104
  outer loop
    vertex 5.008543487003284 20.411120481536596 38.226392965840134
    vertex 2.0085434870032848 20.344308395776256 38.44229071979935
    vertex 2.0085434870032848 20.411120481536596 38.226392965840134
  endloop
endfacet
facet normal -4.5744347257633566e-17 -0.9553026488723816 -0.2956295808227104
  outer loop
    vertex 2.0085434870032848 20.344308395776256 38.44229071979935
    vertex 5.008543487003284 20.411120481536596 38.226392965840134
    vertex 5.008543487003284 20.34430839577626 38.442290719799345
  endloop
endfacet
facet normal -5.073311314783373e-16 0.18774204407339723 -0.9822183692474614
  outer loop
    vertex 2.008543487003286 25.55224023374182 40.698870582210795
    vertex 5.008543487003286 25.632064315350803 40.71412822421462
    vertex 5.008543487003286 25.55224023374181 40.69887058221079
  endloop
endfacet
facet normal -5.073311314783373e-16 0.18774204407339723 -0.9822183692474614
  outer loop
    vertex 5.008543487003286 25.632064315350803 40.71412822421462
    vertex 2.008543487003286 25.55224023374182 40.698870582210795
    vertex 2.008543487003286 25.632064315350807 40.71412822421462
  endloop
endfacet
facet normal -5.011582389466694e-16 0.3591825155992288 -0.9332673360231835
  outer loop
    vertex 2.008543487003286 25.55224023374182 40.698870582210795
    vertex 5.008543487003287 24.781912102360874 40.40239776527361
    vertex 2.0085434870032857 24.78191210236088 40.402397765273605
  endloop
endfacet
facet normal -5.011582389466694e-16 0.3591825155992288 -0.9332673360231835
  outer loop
    vertex 5.008543487003287 24.781912102360874 40.40239776527361
    vertex 2.008543487003286 25.55224023374182 40.698870582210795
    vertex 5.008543487003286 25.55224023374181 40.69887058221079
  endloop
endfacet
facet normal -4.790545088049302e-16 0.5192052793358639 -0.8546495643886842
  outer loop
    vertex 2.0085434870032857 24.78191210236088 40.402397765273605
    vertex 5.008543487003286 24.71245543293703 40.3602023778861
    vertex 2.0085434870032848 24.71245543293703 40.36020237788609
  endloop
endfacet
facet normal -4.790545088049302e-16 0.5192052793358639 -0.8546495643886842
  outer loop
    vertex 5.008543487003286 24.71245543293703 40.3602023778861
    vertex 2.0085434870032857 24.78191210236088 40.402397765273605
    vertex 5.008543487003287 24.781912102360874 40.40239776527361
  endloop
endfacet
facet normal -3.3119989636072625e-16 0.8769697438781466 -0.48054559442606287
  outer loop
    vertex 2.0085434870032848 24.71245543293703 40.36020237788609
    vertex 5.008543487003286 24.673401886447472 40.28893176577408
    vertex 2.0085434870032843 24.673401886447476 40.28893176577408
  endloop
endfacet
facet normal -3.3119989636072625e-16 0.8769697438781466 -0.48054559442606287
  outer loop
    vertex 5.008543487003286 24.673401886447472 40.28893176577408
    vertex 2.0085434870032848 24.71245543293703 40.36020237788609
    vertex 5.008543487003286 24.71245543293703 40.3602023778861
  endloop
endfacet
facet normal -9.460053915328778e-17 0.9997508737618351 0.022320179489588143
  outer loop
    vertex 5.008543487003286 24.673401886447472 40.28893176577408
    vertex 2.0085434870032843 24.67521582913567 40.207682831897
    vertex 2.0085434870032843 24.673401886447476 40.28893176577408
  endloop
endfacet
facet normal -9.460053915328778e-17 0.9997508737618351 0.022320179489588143
  outer loop
    vertex 2.0085434870032843 24.67521582913567 40.207682831897
    vertex 5.008543487003286 24.673401886447472 40.28893176577408
    vertex 5.008543487003286 24.675215829135666 40.207682831897
  endloop
endfacet
facet normal 3.362868085741945e-17 0.9621082943686698 0.2726676180022279
  outer loop
    vertex 5.008543487003286 24.675215829135666 40.207682831897
    vertex 2.0085434870032843 24.83157824632009 39.65595769635329
    vertex 2.0085434870032843 24.67521582913567 40.207682831897
  endloop
endfacet
facet normal 3.362868085741945e-17 0.9621082943686698 0.2726676180022279
  outer loop
    vertex 2.0085434870032843 24.83157824632009 39.65595769635329
    vertex 5.008543487003286 24.675215829135666 40.207682831897
    vertex 5.008543487003284 24.83157824632009 39.65595769635328
  endloop
endfacet
facet normal -5.861666255629633e-17 0.9955784095226718 0.09393418170350609
  outer loop
    vertex 2.0085434870032843 24.83157824632009 39.65595769635329
    vertex 5.008543487003284 24.84737913121549 39.48848916074751
    vertex 2.0085434870032843 24.84737913121549 39.48848916074751
  endloop
endfacet
facet normal -5.861666255629633e-17 0.9955784095226718 0.09393418170350609
  outer loop
    vertex 5.008543487003284 24.84737913121549 39.48848916074751
    vertex 2.0085434870032843 24.83157824632009 39.65595769635329
    vertex 5.008543487003284 24.83157824632009 39.65595769635328
  endloop
endfacet
facet normal -1.1826789072149157e-16 0.9996778277336926 -0.025381897833807843
  outer loop
    vertex 5.008543487003284 24.84737913121549 39.48848916074751
    vertex 2.0085434870032848 24.84026332374714 39.208229780653035
    vertex 2.0085434870032843 24.84737913121549 39.48848916074751
  endloop
endfacet
facet normal -1.1826789072149157e-16 0.9996778277336926 -0.025381897833807843
  outer loop
    vertex 2.0085434870032848 24.84026332374714 39.208229780653035
    vertex 5.008543487003284 24.84737913121549 39.48848916074751
    vertex 5.008543487003284 24.84026332374714 39.20822978065303
  endloop
endfacet
facet normal -1.7697161671764685e-16 0.9893035448936067 -0.1458715053084174
  outer loop
    vertex 2.0085434870032848 24.84026332374714 39.208229780653035
    vertex 5.008543487003284 24.78301051034126 38.81994002428267
    vertex 2.008543487003284 24.78301051034126 38.819940024282666
  endloop
endfacet
facet normal -1.7697161671764685e-16 0.9893035448936067 -0.1458715053084174
  outer loop
    vertex 5.008543487003284 24.78301051034126 38.81994002428267
    vertex 2.0085434870032848 24.84026332374714 39.208229780653035
    vertex 5.008543487003284 24.84026332374714 39.20822978065303
  endloop
endfacet
facet normal -2.333201838890545e-16 0.9643235287641585 -0.2647265227963398
  outer loop
    vertex 2.008543487003284 24.78301051034126 38.819940024282666
    vertex 5.008543487003284 24.649422473855903 38.33331675214711
    vertex 2.0085434870032843 24.649422473855903 38.33331675214711
  endloop
endfacet
facet normal -2.333201838890545e-16 0.9643235287641585 -0.2647265227963398
  outer loop
    vertex 5.008543487003284 24.649422473855903 38.33331675214711
    vertex 2.008543487003284 24.78301051034126 38.819940024282666
    vertex 5.008543487003284 24.78301051034126 38.81994002428267
  endloop
endfacet
facet normal -5.041452341997746e-16 0.09563292104865528 -0.9954166687431458
  outer loop
    vertex 2.008543487003286 30.705007927001688 44.44953568174221
    vertex 5.008543487003289 30.314318842960397 44.412000909116934
    vertex 2.008543487003287 30.314318842960397 44.412000909116934
  endloop
endfacet
facet normal -5.041452341997746e-16 0.09563292104865528 -0.9954166687431458
  outer loop
    vertex 5.008543487003289 30.314318842960397 44.412000909116934
    vertex 2.008543487003286 30.705007927001688 44.44953568174221
    vertex 5.008543487003287 30.70500792700168 44.44953568174221
  endloop
endfacet
facet normal -4.934865587333439e-16 -0.02522724774587065 -0.9996817423416158
  outer loop
    vertex 2.008543487003287 30.314318842960397 44.412000909116934
    vertex 5.008543487003289 30.03405836540674 44.41907336047935
    vertex 2.008543487003287 30.03405836540674 44.41907336047935
  endloop
endfacet
facet normal -4.934865587333439e-16 -0.02522724774587065 -0.9996817423416158
  outer loop
    vertex 5.008543487003289 30.03405836540674 44.41907336047935
    vertex 2.008543487003287 30.314318842960397 44.412000909116934
    vertex 5.008543487003289 30.314318842960397 44.412000909116934
  endloop
endfacet
facet normal -4.758843830846732e-16 -0.14418312438316527 -0.9895510227588614
  outer loop
    vertex 2.008543487003287 30.03405836540674 44.41907336047935
    vertex 5.008543487003287 29.867603710400665 44.44332673567166
    vertex 2.008543487003287 29.86760371040066 44.44332673567166
  endloop
endfacet
facet normal -4.758843830846732e-16 -0.14418312438316527 -0.9895510227588614
  outer loop
    vertex 5.008543487003287 29.867603710400665 44.44332673567166
    vertex 2.008543487003287 30.03405836540674 44.41907336047935
    vertex 5.008543487003289 30.03405836540674 44.41907336047935
  endloop
endfacet
facet normal -4.3611633621876406e-16 -0.3209943154604402 -0.9470811208350018
  outer loop
    vertex 5.008543487003287 29.867603710400665 44.44332673567166
    vertex 2.008543487003287 29.32449597209093 44.62740230517124
    vertex 2.008543487003287 29.86760371040066 44.44332673567166
  endloop
endfacet
facet normal -4.3611633621876406e-16 -0.3209943154604402 -0.9470811208350018
  outer loop
    vertex 2.008543487003287 29.32449597209093 44.62740230517124
    vertex 5.008543487003287 29.867603710400665 44.44332673567166
    vertex 5.008543487003287 29.32449597209093 44.62740230517124
  endloop
endfacet
facet normal -4.872887108150649e-16 -0.07287193135992925 -0.9973413064843318
  outer loop
    vertex 2.008543487003287 29.32449597209093 44.62740230517124
    vertex 5.008543487003287 29.24344286177106 44.633324547289696
    vertex 2.008543487003287 29.243442861771065 44.633324547289696
  endloop
endfacet
facet normal -4.872887108150649e-16 -0.07287193135992925 -0.9973413064843318
  outer loop
    vertex 5.008543487003287 29.24344286177106 44.633324547289696
    vertex 2.008543487003287 29.32449597209093 44.62740230517124
    vertex 5.008543487003287 29.32449597209093 44.62740230517124
  endloop
endfacet
facet normal -4.927997739356626e-16 0.4355617094618968 -0.9001588733388293
  outer loop
    vertex 2.008543487003287 29.170287688119096 44.597926804251685
    vertex 5.008543487003287 29.24344286177106 44.633324547289696
    vertex 5.008543487003287 29.170287688119085 44.597926804251685
  endloop
endfacet
facet normal -4.927997739356626e-16 0.4355617094618968 -0.9001588733388293
  outer loop
    vertex 5.008543487003287 29.24344286177106 44.633324547289696
    vertex 2.008543487003287 29.170287688119096 44.597926804251685
    vertex 2.008543487003287 29.243442861771065 44.633324547289696
  endloop
endfacet
facet normal -3.662655356000067e-16 0.8272869419790518 -0.561779597022666
  outer loop
    vertex 2.008543487003287 29.170287688119096 44.597926804251685
    vertex 5.008543487003287 29.1246323208372 44.53069387271815
    vertex 2.008543487003287 29.1246323208372 44.53069387271815
  endloop
endfacet
facet normal -3.662655356000067e-16 0.8272869419790518 -0.561779597022666
  outer loop
    vertex 5.008543487003287 29.1246323208372 44.53069387271815
    vertex 2.008543487003287 29.170287688119096 44.597926804251685
    vertex 5.008543487003287 29.170287688119085 44.597926804251685
  endloop
endfacet
facet normal -2.9807565010895224e-16 0.9139000544257554 -0.40593926949803893
  outer loop
    vertex 2.008543487003287 29.1246323208372 44.53069387271815
    vertex 5.008543487003286 28.78956601469275 43.776351687986185
    vertex 2.0085434870032866 28.78956601469275 43.77635168798619
  endloop
endfacet
facet normal -2.9807565010895224e-16 0.9139000544257554 -0.40593926949803893
  outer loop
    vertex 5.008543487003286 28.78956601469275 43.776351687986185
    vertex 2.008543487003287 29.1246323208372 44.53069387271815
    vertex 5.008543487003287 29.1246323208372 44.53069387271815
  endloop
endfacet
facet normal -2.204105242479529e-16 0.9714620763636104 -0.23719492867113162
  outer loop
    vertex 2.0085434870032866 28.78956601469275 43.77635168798619
    vertex 5.008543487003286 28.77028937730101 43.697401761481444
    vertex 2.0085434870032866 28.77028937730101 43.697401761481444
  endloop
endfacet
facet normal -2.204105242479529e-16 0.9714620763636104 -0.23719492867113162
  outer loop
    vertex 5.008543487003286 28.77028937730101 43.697401761481444
    vertex 2.0085434870032866 28.78956601469275 43.77635168798619
    vertex 5.008543487003286 28.78956601469275 43.776351687986185
  endloop
endfacet
facet normal 3.7656316349798425e-17 0.9599083012796361 0.2803142043037485
  outer loop
    vertex 5.008543487003286 28.77028937730101 43.697401761481444
    vertex 2.0085434870032874 28.793070282872613 43.619390800805576
    vertex 2.0085434870032866 28.77028937730101 43.697401761481444
  endloop
endfacet
facet normal 3.7656316349798425e-17 0.9599083012796361 0.2803142043037485
  outer loop
    vertex 2.0085434870032874 28.793070282872613 43.619390800805576
    vertex 5.008543487003286 28.77028937730101 43.697401761481444
    vertex 5.008543487003286 28.793070282872613 43.619390800805576
  endloop
endfacet
facet normal 2.8563317739170654e-16 0.6911478720598445 0.7227133726084976
  outer loop
    vertex 5.008543487003286 28.793070282872613 43.619390800805576
    vertex 2.0085434870032874 28.851804606156747 43.563221779872435
    vertex 2.0085434870032874 28.793070282872613 43.619390800805576
  endloop
endfacet
facet normal 2.8563317739170654e-16 0.6911478720598445 0.7227133726084976
  outer loop
    vertex 2.0085434870032874 28.851804606156747 43.563221779872435
    vertex 5.008543487003286 28.793070282872613 43.619390800805576
    vertex 5.008543487003286 28.851804606156747 43.56322177987243
  endloop
endfacet
facet normal 3.8180653786102226e-16 0.4875081774845581 0.8731184208832641
  outer loop
    vertex 2.0085434870032874 28.851804606156747 43.563221779872435
    vertex 5.008543487003286 29.352498116364604 43.28365812069221
    vertex 2.008543487003286 29.352498116364604 43.28365812069221
  endloop
endfacet
facet normal 3.8180653786102226e-16 0.4875081774845581 0.8731184208832641
  outer loop
    vertex 5.008543487003286 29.352498116364604 43.28365812069221
    vertex 2.0085434870032874 28.851804606156747 43.563221779872435
    vertex 5.008543487003286 28.851804606156747 43.56322177987243
  endloop
endfacet
facet normal 3.149660649836569e-16 0.6375587477085853 0.7704017414442028
  outer loop
    vertex 5.008543487003286 29.352498116364604 43.28365812069221
    vertex 2.008543487003286 29.482089166385098 43.176412896388285
    vertex 2.008543487003286 29.352498116364604 43.28365812069221
  endloop
endfacet
facet normal 3.149660649836569e-16 0.6375587477085853 0.7704017414442028
  outer loop
    vertex 2.008543487003286 29.482089166385098 43.176412896388285
    vertex 5.008543487003286 29.352498116364604 43.28365812069221
    vertex 5.008543487003286 29.482089166385098 43.176412896388285
  endloop
endfacet
facet normal 2.6530673152987943e-16 0.7248266830700132 0.6889312589146487
  outer loop
    vertex 5.008543487003286 29.482089166385098 43.176412896388285
    vertex 2.008543487003286 29.67523083882658 42.97320795251787
    vertex 2.008543487003286 29.482089166385098 43.176412896388285
  endloop
endfacet
facet normal 2.6530673152987943e-16 0.7248266830700132 0.6889312589146487
  outer loop
    vertex 2.008543487003286 29.67523083882658 42.97320795251787
    vertex 5.008543487003286 29.482089166385098 43.176412896388285
    vertex 5.008543487003286 29.675230838826565 42.97320795251786
  endloop
endfacet
facet normal 2.1115019584889633e-16 0.802689975831634 0.5963965146606836
  outer loop
    vertex 5.008543487003286 29.675230838826565 42.97320795251786
    vertex 2.0085434870032857 29.90930930601999 42.658161780121794
    vertex 2.008543487003286 29.67523083882658 42.97320795251787
  endloop
endfacet
facet normal 2.1115019584889633e-16 0.802689975831634 0.5963965146606836
  outer loop
    vertex 2.0085434870032857 29.90930930601999 42.658161780121794
    vertex 5.008543487003286 29.675230838826565 42.97320795251786
    vertex 5.008543487003286 29.90930930601999 42.65816178012179
  endloop
endfacet
facet normal 1.5365537670989778e-16 0.8690696258760919 0.49468978701767197
  outer loop
    vertex 5.008543487003286 29.90930930601999 42.65816178012179
    vertex 2.0085434870032857 30.158942915146078 42.21960615802737
    vertex 2.0085434870032857 29.90930930601999 42.658161780121794
  endloop
endfacet
facet normal 1.5365537670989778e-16 0.8690696258760919 0.49468978701767197
  outer loop
    vertex 2.0085434870032857 30.158942915146078 42.21960615802737
    vertex 5.008543487003286 29.90930930601999 42.65816178012179
    vertex 5.008543487003286 30.15894291514607 42.21960615802737
  endloop
endfacet
facet normal 1.1312665337417038e-16 0.9070094266185014 0.42111031811768473
  outer loop
    vertex 2.0085434870032857 30.158942915146078 42.21960615802737
    vertex 5.008543487003286 30.2541135628544 42.01462263970683
    vertex 2.0085434870032857 30.254113562854407 42.01462263970683
  endloop
endfacet
facet normal 1.1312665337417038e-16 0.9070094266185014 0.42111031811768473
  outer loop
    vertex 5.008543487003286 30.2541135628544 42.01462263970683
    vertex 2.0085434870032857 30.158942915146078 42.21960615802737
    vertex 5.008543487003286 30.15894291514607 42.21960615802737
  endloop
endfacet
facet normal -3.7246578255648115e-16 0.8171448983351269 -0.5764323161697956
  outer loop
    vertex 2.0085434870032857 30.254113562854407 42.01462263970683
    vertex 5.008543487003286 29.870469552065337 41.47077258585112
    vertex 2.008543487003286 29.870469552065337 41.470772585851115
  endloop
endfacet
facet normal -3.7246578255648115e-16 0.8171448983351269 -0.5764323161697956
  outer loop
    vertex 5.008543487003286 29.870469552065337 41.47077258585112
    vertex 2.0085434870032857 30.254113562854407 42.01462263970683
    vertex 5.008543487003286 30.2541135628544 42.01462263970683
  endloop
endfacet
facet normal -4.84412858897628e-16 -0.09245237769094 -0.9957171073448985
  outer loop
    vertex 2.008543487003286 29.870469552065337 41.470772585851115
    vertex 5.008543487003286 29.645438157764996 41.49166676081779
    vertex 2.008543487003286 29.645438157765003 41.491666760817786
  endloop
endfacet
facet normal -4.84412858897628e-16 -0.09245237769094 -0.9957171073448985
  outer loop
    vertex 5.008543487003286 29.645438157764996 41.49166676081779
    vertex 2.008543487003286 29.870469552065337 41.470772585851115
    vertex 5.008543487003286 29.870469552065337 41.47077258585112
  endloop
endfacet
facet normal -4.702517622077675e-16 -0.17449543045533122 -0.9846579836421421
  outer loop
    vertex 2.008543487003286 29.645438157765003 41.491666760817786
    vertex 5.008543487003286 29.14855357946543 41.57972179090682
    vertex 2.0085434870032857 29.148553579465432 41.57972179090681
  endloop
endfacet
facet normal -4.702517622077675e-16 -0.17449543045533122 -0.9846579836421421
  outer loop
    vertex 5.008543487003286 29.14855357946543 41.57972179090682
    vertex 2.008543487003286 29.645438157765003 41.491666760817786
    vertex 5.008543487003286 29.645438157764996 41.49166676081779
  endloop
endfacet
facet normal -4.4366702196842077e-16 -0.2925761690369579 -0.9562422210463505
  outer loop
    vertex 5.008543487003286 29.14855357946543 41.57972179090682
    vertex 2.0085434870032857 28.77323999552282 41.694554422389345
    vertex 2.0085434870032857 29.148553579465432 41.57972179090681
  endloop
endfacet
facet normal -4.4366702196842077e-16 -0.2925761690369579 -0.9562422210463505
  outer loop
    vertex 2.0085434870032857 28.77323999552282 41.694554422389345
    vertex 5.008543487003286 29.14855357946543 41.57972179090682
    vertex 5.008543487003286 28.773239995522815 41.694554422389345
  endloop
endfacet
facet normal -4.1069218317152083e-16 -0.4058685782859865 -0.9139314510181342
  outer loop
    vertex 5.008543487003286 28.773239995522815 41.694554422389345
    vertex 2.0085434870032857 28.517019586501775 41.80833955695427
    vertex 2.0085434870032857 28.77323999552282 41.694554422389345
  endloop
endfacet
facet normal -4.1069218317152083e-16 -0.4058685782859865 -0.9139314510181342
  outer loop
    vertex 2.0085434870032857 28.517019586501775 41.80833955695427
    vertex 5.008543487003286 28.773239995522815 41.694554422389345
    vertex 5.008543487003286 28.517019586501775 41.80833955695427
  endloop
endfacet
facet normal -3.722463991097391e-16 -0.511892619440911 -0.8590494433744327
  outer loop
    vertex 5.008543487003286 28.517019586501775 41.80833955695427
    vertex 2.0085434870032866 28.37251690251546 41.89444619259965
    vertex 2.0085434870032857 28.517019586501775 41.80833955695427
  endloop
endfacet
facet normal -3.722463991097391e-16 -0.511892619440911 -0.8590494433744327
  outer loop
    vertex 2.0085434870032866 28.37251690251546 41.89444619259965
    vertex 5.008543487003286 28.517019586501775 41.80833955695427
    vertex 5.008543487003286 28.37251690251546 41.894446192599645
  endloop
endfacet
facet normal -3.0364172278874935e-16 -0.6589923321556804 -0.7521496567572289
  outer loop
    vertex 2.0085434870032866 28.37251690251546 41.89444619259965
    vertex 5.008543487003286 27.941193449893277 42.272348177136074
    vertex 2.008543487003285 27.941193449893277 42.27234817713607
  endloop
endfacet
facet normal -3.0364172278874935e-16 -0.6589923321556804 -0.7521496567572289
  outer loop
    vertex 5.008543487003286 27.941193449893277 42.272348177136074
    vertex 2.0085434870032866 28.37251690251546 41.89444619259965
    vertex 5.008543487003286 28.37251690251546 41.894446192599645
  endloop
endfacet
facet normal -3.9601163490581405e-16 -0.44899088028280587 -0.8935363391731033
  outer loop
    vertex 5.008543487003286 27.941193449893277 42.272348177136074
    vertex 2.008543487003285 27.86857648416354 42.30883729787695
    vertex 2.008543487003285 27.941193449893277 42.27234817713607
  endloop
endfacet
facet normal -3.9601163490581405e-16 -0.44899088028280587 -0.8935363391731033
  outer loop
    vertex 2.008543487003285 27.86857648416354 42.30883729787695
    vertex 5.008543487003286 27.941193449893277 42.272348177136074
    vertex 5.008543487003286 27.868576484163533 42.30883729787695
  endloop
endfacet
facet normal -5.016011888523885e-16 0.057930661193897726 -0.998320609069871
  outer loop
    vertex 2.008543487003285 27.86857648416354 42.30883729787695
    vertex 5.008543487003286 27.78744378672541 42.30412932053547
    vertex 2.008543487003285 27.787443786725408 42.304129320535466
  endloop
endfacet
facet normal -5.016011888523885e-16 0.057930661193897726 -0.998320609069871
  outer loop
    vertex 5.008543487003286 27.78744378672541 42.30412932053547
    vertex 2.008543487003285 27.86857648416354 42.30883729787695
    vertex 5.008543487003286 27.868576484163533 42.30883729787695
  endloop
endfacet
facet normal -4.727871093235138e-16 0.5493297287869976 -0.8356056779790356
  outer loop
    vertex 2.008543487003285 27.787443786725408 42.304129320535466
    vertex 5.008543487003286 27.71953479833716 42.25948574383824
    vertex 2.008543487003285 27.719534798337165 42.25948574383823
  endloop
endfacet
facet normal -4.727871093235138e-16 0.5493297287869976 -0.8356056779790356
  outer loop
    vertex 5.008543487003286 27.71953479833716 42.25948574383824
    vertex 2.008543487003285 27.787443786725408 42.304129320535466
    vertex 5.008543487003286 27.78744378672541 42.30412932053547
  endloop
endfacet
facet normal -3.785804275630088e-18 -0.9764818678694835 -0.21559954017141303
  outer loop
    vertex 5.008543487003284 20.34430839577626 38.442290719799345
    vertex 2.008543487003285 20.235511139897223 38.93504941286232
    vertex 2.0085434870032848 20.344308395776256 38.44229071979935
  endloop
endfacet
facet normal -3.785804275630088e-18 -0.9764818678694835 -0.21559954017141303
  outer loop
    vertex 2.008543487003285 20.235511139897223 38.93504941286232
    vertex 5.008543487003284 20.34430839577626 38.442290719799345
    vertex 5.008543487003286 20.23551113989722 38.93504941286233
  endloop
endfacet
facet normal 5.775646252898351e-17 -0.9954166687431479 -0.09563292104863452
  outer loop
    vertex 5.008543487003286 20.23551113989722 38.93504941286233
    vertex 2.008543487003285 20.197976367271934 39.3257384969036
    vertex 2.008543487003285 20.235511139897223 38.93504941286232
  endloop
endfacet
facet normal 5.775646252898351e-17 -0.9954166687431479 -0.09563292104863452
  outer loop
    vertex 2.008543487003285 20.197976367271934 39.3257384969036
    vertex 5.008543487003286 20.23551113989722 38.93504941286233
    vertex 5.008543487003284 20.197976367271934 39.3257384969036
  endloop
endfacet
facet normal 1.181915499506084e-16 -0.999681742341616 0.02522724774586166
  outer loop
    vertex 5.008543487003284 20.197976367271934 39.3257384969036
    vertex 2.0085434870032857 20.20504881863437 39.605998974457236
    vertex 2.008543487003285 20.197976367271934 39.3257384969036
  endloop
endfacet
facet normal 1.181915499506084e-16 -0.999681742341616 0.02522724774586166
  outer loop
    vertex 2.0085434870032857 20.20504881863437 39.605998974457236
    vertex 5.008543487003284 20.197976367271934 39.3257384969036
    vertex 5.008543487003286 20.20504881863437 39.605998974457236
  endloop
endfacet
facet normal 1.7615981399379642e-16 -0.9895510227588593 0.14418312438318043
  outer loop
    vertex 5.008543487003286 20.20504881863437 39.605998974457236
    vertex 2.0085434870032857 20.229302193826683 39.77245362946334
    vertex 2.0085434870032857 20.20504881863437 39.605998974457236
  endloop
endfacet
facet normal 1.7615981399379642e-16 -0.9895510227588593 0.14418312438318043
  outer loop
    vertex 2.0085434870032857 20.229302193826683 39.77245362946334
    vertex 5.008543487003286 20.20504881863437 39.605998974457236
    vertex 5.008543487003286 20.229302193826683 39.77245362946334
  endloop
endfacet
facet normal 2.5942391449773085e-16 -0.9470811208350052 0.3209943154604305
  outer loop
    vertex 5.008543487003286 20.41337776332625 40.315561367773064
    vertex 2.0085434870032857 20.229302193826683 39.77245362946334
    vertex 5.008543487003286 20.229302193826683 39.77245362946334
  endloop
endfacet
facet normal 2.5942391449773085e-16 -0.9470811208350052 0.3209943154604305
  outer loop
    vertex 2.0085434870032857 20.229302193826683 39.77245362946334
    vertex 5.008543487003286 20.41337776332625 40.315561367773064
    vertex 2.0085434870032857 20.413377763326245 40.315561367773064
  endloop
endfacet
facet normal 1.4159074278495255e-16 -0.997341306484334 0.07287193135990072
  outer loop
    vertex 5.008543487003286 20.41337776332625 40.315561367773064
    vertex 2.0085434870032857 20.41930000544471 40.396614478092935
    vertex 2.0085434870032857 20.413377763326245 40.315561367773064
  endloop
endfacet
facet normal 1.4159074278495255e-16 -0.997341306484334 0.07287193135990072
  outer loop
    vertex 2.0085434870032857 20.41930000544471 40.396614478092935
    vertex 5.008543487003286 20.41337776332625 40.315561367773064
    vertex 5.008543487003286 20.419300005444708 40.396614478092935
  endloop
endfacet
facet normal -1.2102317521509095e-16 -0.9001588733389156 -0.4355617094617183
  outer loop
    vertex 5.008543487003286 20.419300005444708 40.396614478092935
    vertex 2.0085434870032857 20.38390226240671 40.46976965174491
    vertex 2.0085434870032857 20.41930000544471 40.396614478092935
  endloop
endfacet
facet normal -1.2102317521509095e-16 -0.9001588733389156 -0.4355617094617183
  outer loop
    vertex 2.0085434870032857 20.38390226240671 40.46976965174491
    vertex 5.008543487003286 20.419300005444708 40.396614478092935
    vertex 5.008543487003286 20.383902262406703 40.46976965174491
  endloop
endfacet
facet normal -3.512090311507733e-16 -0.5617795970226069 -0.827286941979092
  outer loop
    vertex 5.008543487003286 20.383902262406703 40.46976965174491
    vertex 2.0085434870032857 20.316669330873175 40.51542501902678
    vertex 2.0085434870032857 20.38390226240671 40.46976965174491
  endloop
endfacet
facet normal -3.512090311507733e-16 -0.5617795970226069 -0.827286941979092
  outer loop
    vertex 2.0085434870032857 20.316669330873175 40.51542501902678
    vertex 5.008543487003286 20.383902262406703 40.46976965174491
    vertex 5.008543487003286 20.31666933087317 40.51542501902678
  endloop
endfacet
facet normal -4.1066912830444247e-16 -0.4059392694980433 -0.9139000544257534
  outer loop
    vertex 5.008543487003286 20.31666933087317 40.51542501902678
    vertex 2.008543487003286 19.562327146141207 40.85049132517125
    vertex 2.0085434870032857 20.316669330873175 40.51542501902678
  endloop
endfacet
facet normal -4.1066912830444247e-16 -0.4059392694980433 -0.9139000544257534
  outer loop
    vertex 2.008543487003286 19.562327146141207 40.85049132517125
    vertex 5.008543487003286 20.31666933087317 40.51542501902678
    vertex 5.008543487003286 19.562327146141197 40.85049132517125
  endloop
endfacet
facet normal -1.7585694250742061e-16 -0.8452618332218564 -0.534352349389826
  outer loop
    vertex 2.008543487003287 15.288680728986506 41.83987671519555
    vertex 5.008543487003287 14.933043002329121 42.402439969835534
    vertex 2.0085434870032866 14.933043002329116 42.40243996983553
  endloop
endfacet
facet normal -1.7585694250742061e-16 -0.8452618332218564 -0.534352349389826
  outer loop
    vertex 5.008543487003287 14.933043002329121 42.402439969835534
    vertex 2.008543487003287 15.288680728986506 41.83987671519555
    vertex 5.008543487003287 15.288680728986506 41.83987671519555
  endloop
endfacet
facet normal 1.0 1.0571765903384047e-16 -4.96372890804163e-16
  outer loop
    vertex 5.008543487003289 13.967664022358097 45.86846844618352
    vertex 5.008543487003289 14.727864498734329 46.34174243992709
    vertex 5.0085434870032906 14.381278786034292 46.15755459207264
  endloop
endfacet
facet normal 1.0 1.0571765903384047e-16 -4.96372890804163e-16
  outer loop
    vertex 5.008543487003289 14.727864498734329 46.34174243992709
    vertex 5.008543487003289 13.967664022358097 45.86846844618352
    vertex 5.008543487003289 13.79376838466224 45.72412163410015
  endloop
endfacet
facet normal 1.0 1.0571765903384047e-16 -4.96372890804163e-16
  outer loop
    vertex 5.008543487003289 14.727864498734329 46.34174243992709
    vertex 5.008543487003289 13.79376838466224 45.72412163410015
    vertex 5.008543487003289 14.989497927680576 46.44245938837517
  endloop
endfacet
facet normal 1.0 1.0571765903384047e-16 -4.96372890804163e-16
  outer loop
    vertex 5.008543487003289 14.989497927680576 46.44245938837517
    vertex 5.008543487003289 13.79376838466224 45.72412163410015
    vertex 5.008543487003289 13.907051164101727 45.06828429147953
  endloop
endfacet
facet normal 1.0 1.0571765903384047e-16 -4.96372890804163e-16
  outer loop
    vertex 5.008543487003289 14.989497927680576 46.44245938837517
    vertex 5.008543487003289 13.907051164101727 45.06828429147953
    vertex 5.008543487003289 15.152563341396982 46.483751630151545
  endloop
endfacet
facet normal 1.0 1.0571765903384047e-16 -4.96372890804163e-16
  outer loop
    vertex 5.008543487003289 15.152563341396982 46.483751630151545
    vertex 5.008543487003289 13.907051164101727 45.06828429147953
    vertex 5.008543487003289 15.724772135520478 46.52152631249595
  endloop
endfacet
facet normal 1.0 1.0571765903384047e-16 -4.96372890804163e-16
  outer loop
    vertex 5.008543487003289 15.724772135520478 46.52152631249595
    vertex 5.008543487003289 13.907051164101727 45.06828429147953
    vertex 5.008543487003289 15.801921789132566 46.54707255667721
  endloop
endfacet
facet normal 1.0 1.0571765903384047e-16 -4.96372890804163e-16
  outer loop
    vertex 5.008543487003287 15.762857096139436 43.523683404142986
    vertex 5.008543487003287 16.411904285637075 43.878108974622485
    vertex 5.008543487003287 15.897708037519473 43.62423489339272
  endloop
endfacet
facet normal 1.0 1.0571765903384047e-16 -4.96372890804163e-16
  outer loop
    vertex 5.008543487003287 16.411904285637075 43.878108974622485
    vertex 5.008543487003287 15.762857096139436 43.523683404142986
    vertex 5.008543487003286 15.559682033644684 43.330510298284196
  endloop
endfacet
facet normal 1.0 1.0571765903384047e-16 -4.96372890804163e-16
  outer loop
    vertex 5.0085434870032906 28.169992614583574 51.311263857479396
    vertex 5.0085434870032906 28.768556883903013 51.745545511131255
    vertex 5.0085434870032906 28.6198828683834 51.66685996296203
  endloop
endfacet
facet normal 1.0 1.0571765903384047e-16 -4.96372890804163e-16
  outer loop
    vertex 5.0085434870032906 28.768556883903013 51.745545511131255
    vertex 5.0085434870032906 28.169992614583574 51.311263857479396
    vertex 5.008543487003289 29.030205890592647 51.84622198378104
  endloop
endfacet
facet normal 1.0 1.0571765903384047e-16 -4.96372890804163e-16
  outer loop
    vertex 5.008543487003291 26.666849387346137 53.889255380671564
    vertex 5.008543487003291 27.42045118183663 54.37296745699105
    vertex 5.008543487003291 26.98189555974221 54.12333384786497
  endloop
endfacet
facet normal 1.0 1.0571765903384047e-16 -4.96372890804163e-16
  outer loop
    vertex 5.008543487003291 27.42045118183663 54.37296745699105
    vertex 5.008543487003291 26.666849387346137 53.889255380671564
    vertex 5.008543487003291 27.625434700157175 54.468138104699385
  endloop
endfacet
facet normal 1.0 1.0571765903384047e-16 -4.96372890804163e-16
  outer loop
    vertex 5.008543487003291 27.625434700157175 54.468138104699385
    vertex 5.008543487003291 26.666849387346137 53.889255380671564
    vertex 5.008543487003291 26.463644443475708 53.696113708230094
  endloop
endfacet
facet normal 1.0 1.0571765903384047e-16 -4.96372890804163e-16
  outer loop
    vertex 5.008543487003291 27.625434700157175 54.468138104699385
    vertex 5.008543487003291 26.463644443475708 53.696113708230094
    vertex 5.008543487003291 28.16928475401288 54.08449409391031
  endloop
endfacet
facet normal 1.0 1.0571765903384047e-16 -4.96372890804163e-16
  outer loop
    vertex 5.008543487003291 28.16928475401288 54.08449409391031
    vertex 5.008543487003291 26.463644443475708 53.696113708230094
    vertex 5.008543487003291 26.356399219171774 53.56652265820958
  endloop
endfacet
facet normal 1.0 1.0571765903384047e-16 -4.96372890804163e-16
  outer loop
    vertex 5.008543487003291 28.16928475401288 54.08449409391031
    vertex 5.008543487003291 26.356399219171774 53.56652265820958
    vertex 5.008543487003291 26.07683555999156 53.06582914800172
  endloop
endfacet
facet normal 1.0 1.0571765903384047e-16 -4.96372890804163e-16
  outer loop
    vertex 5.008543487003291 28.16928475401288 54.08449409391031
    vertex 5.008543487003291 26.07683555999156 53.06582914800172
    vertex 5.008543487003291 26.0206665390584 53.00709482471758
  endloop
endfacet
facet normal 1.0 1.0571765903384047e-16 -4.96372890804163e-16
  outer loop
    vertex 5.008543487003293 17.62585217335056 54.35137661087747
    vertex 5.008543487003293 18.38832147276443 54.60159485057371
    vertex 5.008543487003293 18.18841542799056 54.707014337534865
  endloop
endfacet
facet normal 1.0 1.0571765903384047e-16 -4.96372890804163e-16
  outer loop
    vertex 5.008543487003293 18.38832147276443 54.60159485057371
    vertex 5.008543487003293 17.62585217335056 54.35137661087747
    vertex 5.008543487003293 17.63533459049494 54.12557630367356
  endloop
endfacet
facet normal 1.0 1.0571765903384047e-16 -4.96372890804163e-16
  outer loop
    vertex 5.008543487003293 18.38832147276443 54.60159485057371
    vertex 5.008543487003293 17.63533459049494 54.12557630367356
    vertex 5.008543487003293 17.698138001847347 53.624873094178696
  endloop
endfacet
facet normal 1.0 1.0571765903384047e-16 -4.96372890804163e-16
  outer loop
    vertex 5.008543487003293 18.38832147276443 54.60159485057371
    vertex 5.008543487003293 17.698138001847347 53.624873094178696
    vertex 5.008543487003293 18.813685763524443 54.3300931146268
  endloop
endfacet
facet normal 1.0 1.0571765903384047e-16 -4.96372890804163e-16
  outer loop
    vertex 5.008543487003293 18.813685763524443 54.3300931146268
    vertex 5.008543487003293 17.698138001847347 53.624873094178696
    vertex 5.008543487003294 17.793835356082962 53.24423043243763
  endloop
endfacet
facet normal 1.0 1.0571765903384047e-16 -4.96372890804163e-16
  outer loop
    vertex 5.008543487003293 18.813685763524443 54.3300931146268
    vertex 5.008543487003294 17.793835356082962 53.24423043243763
    vertex 5.008543487003293 19.116485756439204 54.0803753062193
  endloop
endfacet
facet normal 1.0 1.0571765903384047e-16 -4.96372890804163e-16
  outer loop
    vertex 5.008543487003293 19.116485756439204 54.0803753062193
    vertex 5.008543487003294 17.793835356082962 53.24423043243763
    vertex 5.008543487003293 17.894511828732742 52.982581425747995
  endloop
endfacet
facet normal 1.0 1.0571765903384047e-16 -4.96372890804163e-16
  outer loop
    vertex 5.008543487003293 19.116485756439204 54.0803753062193
    vertex 5.008543487003293 17.894511828732742 52.982581425747995
    vertex 5.008543487003293 19.309658862297976 53.87720024372456
  endloop
endfacet
facet normal 1.0 1.0571765903384047e-16 -4.96372890804163e-16
  outer loop
    vertex 5.008543487003293 19.309658862297976 53.87720024372456
    vertex 5.008543487003293 17.894511828732742 52.982581425747995
    vertex 5.008543487003293 19.41021035154772 53.74234930234451
  endloop
endfacet
facet normal 1.0 1.0571765903384047e-16 -4.96372890804163e-16
  outer loop
    vertex 5.008543487003293 19.41021035154772 53.74234930234451
    vertex 5.008543487003293 17.894511828732742 52.982581425747995
    vertex 5.008543487003293 17.973197376901943 52.833907410228356
  endloop
endfacet
facet normal 1.0 1.0571765903384047e-16 -4.96372890804163e-16
  outer loop
    vertex 5.008543487003293 19.41021035154772 53.74234930234451
    vertex 5.008543487003293 17.973197376901943 52.833907410228356
    vertex 5.008543487003291 18.328793482384576 52.384017156428534
  endloop
endfacet
facet normal 1.0 1.0571765903384047e-16 -4.96372890804163e-16
  outer loop
    vertex 5.008543487003293 19.41021035154772 53.74234930234451
    vertex 5.008543487003291 18.328793482384576 52.384017156428534
    vertex 5.008543487003293 19.664084432777493 53.2281530542269
  endloop
endfacet
facet normal 1.0 1.0571765903384047e-16 -4.96372890804163e-16
  outer loop
    vertex 5.008543487003293 19.664084432777493 53.2281530542269
    vertex 5.008543487003291 18.328793482384576 52.384017156428534
    vertex 5.008543487003291 18.36156196779942 52.30964709519519
  endloop
endfacet
facet normal 1.0 1.0571765903384047e-16 -4.96372890804163e-16
  outer loop
    vertex 5.008543487003293 19.664084432777493 53.2281530542269
    vertex 5.008543487003291 18.36156196779942 52.30964709519519
    vertex 5.008543487003293 19.717209979159154 53.16665219272166
  endloop
endfacet
facet normal 1.0 1.0571765903384047e-16 -4.96372890804163e-16
  outer loop
    vertex 5.008543487003293 19.717209979159154 53.16665219272166
    vertex 5.008543487003291 18.36156196779942 52.30964709519519
    vertex 5.008543487003291 18.352755277995545 52.22885649017869
  endloop
endfacet
facet normal 1.0 1.0571765903384047e-16 -4.96372890804163e-16
  outer loop
    vertex 5.008543487003293 19.717209979159154 53.16665219272166
    vertex 5.008543487003291 18.352755277995545 52.22885649017869
    vertex 5.008543487003293 19.7939684826682 53.13995365749436
  endloop
endfacet
facet normal 1.0 1.0571765903384047e-16 -4.96372890804163e-16
  outer loop
    vertex 5.008543487003293 19.7939684826682 53.13995365749436
    vertex 5.008543487003291 18.352755277995545 52.22885649017869
    vertex 5.008543487003293 19.873792564277196 53.155211299498184
  endloop
endfacet
facet normal 1.0 1.0571765903384047e-16 -4.96372890804163e-16
  outer loop
    vertex 5.008543487003293 19.873792564277196 53.155211299498184
    vertex 5.008543487003291 18.352755277995545 52.22885649017869
    vertex 5.008543487003291 18.30473315839387 52.163293118749216
  endloop
endfacet
facet normal 1.0 1.0571765903384047e-16 -4.96372890804163e-16
  outer loop
    vertex 5.008543487003293 19.873792564277196 53.155211299498184
    vertex 5.008543487003291 18.30473315839387 52.163293118749216
    vertex 5.008543487003291 17.70649799968184 51.59459613787074
  endloop
endfacet
facet normal 1.0 1.0571765903384047e-16 -4.96372890804163e-16
  outer loop
    vertex 5.008543487003293 19.873792564277196 53.155211299498184
    vertex 5.008543487003291 17.70649799968184 51.59459613787074
    vertex 5.008543487003291 20.64412069565812 53.451684116435366
  endloop
endfacet
facet normal 1.0 1.0571765903384047e-16 -4.96372890804163e-16
  outer loop
    vertex 5.008543487003291 20.64412069565812 53.451684116435366
    vertex 5.008543487003291 17.70649799968184 51.59459613787074
    vertex 5.008543487003291 20.71357736508197 53.493879503822875
  endloop
endfacet
facet normal 1.0 1.0571765903384047e-16 -4.96372890804163e-16
  outer loop
    vertex 5.008543487003291 20.71357736508197 53.493879503822875
    vertex 5.008543487003291 17.70649799968184 51.59459613787074
    vertex 5.008543487003291 17.638589011293618 51.549952561173505
  endloop
endfacet
facet normal 1.0 1.0571765903384047e-16 -4.96372890804163e-16
  outer loop
    vertex 5.0085434870032906 13.866049979958003 48.57967071795988
    vertex 5.0085434870032906 14.22826617795436 49.295748944087734
    vertex 5.0085434870032906 14.012368423995142 49.22893685832739
  endloop
endfacet
facet normal 1.0 1.0571765903384047e-16 -4.96372890804163e-16
  outer loop
    vertex 5.0085434870032906 14.22826617795436 49.295748944087734
    vertex 5.0085434870032906 13.866049979958003 48.57967071795988
    vertex 5.0085434870032906 14.721024871017345 49.404546199966774
  endloop
endfacet
facet normal 1.0 1.0571765903384047e-16 -4.96372890804163e-16
  outer loop
    vertex 5.0085434870032906 14.721024871017345 49.404546199966774
    vertex 5.0085434870032906 13.866049979958003 48.57967071795988
    vertex 5.0085434870032906 15.111713955058603 49.442080972592045
  endloop
endfacet
facet normal 1.0 1.0571765903384047e-16 -4.96372890804163e-16
  outer loop
    vertex 5.0085434870032906 15.111713955058603 49.442080972592045
    vertex 5.0085434870032906 13.866049979958003 48.57967071795988
    vertex 5.0085434870032906 15.391974432612258 49.43500852122962
  endloop
endfacet
facet normal 1.0 1.0571765903384047e-16 -4.96372890804163e-16
  outer loop
    vertex 5.0085434870032906 15.391974432612258 49.43500852122962
    vertex 5.0085434870032906 13.866049979958003 48.57967071795988
    vertex 5.0085434870032906 14.032419989840756 48.426710871006804
  endloop
endfacet
facet normal 1.0 1.0571765903384047e-16 -4.96372890804163e-16
  outer loop
    vertex 5.0085434870032906 15.391974432612258 49.43500852122962
    vertex 5.0085434870032906 14.032419989840756 48.426710871006804
    vertex 5.0085434870032906 15.558429087618352 49.41075514603732
  endloop
endfacet
facet normal 1.0 1.0571765903384047e-16 -4.96372890804163e-16
  outer loop
    vertex 5.0085434870032906 15.558429087618352 49.41075514603732
    vertex 5.0085434870032906 14.032419989840756 48.426710871006804
    vertex 5.0085434870032906 16.10153682592808 49.226679576537734
  endloop
endfacet
facet normal 1.0 1.0571765903384047e-16 -4.96372890804163e-16
  outer loop
    vertex 5.0085434870032906 16.10153682592808 49.226679576537734
    vertex 5.0085434870032906 14.032419989840756 48.426710871006804
    vertex 5.0085434870032906 14.43087934268536 48.117068954260056
  endloop
endfacet
facet normal 1.0 1.0571765903384047e-16 -4.96372890804163e-16
  outer loop
    vertex 5.0085434870032906 16.10153682592808 49.226679576537734
    vertex 5.0085434870032906 14.43087934268536 48.117068954260056
    vertex 5.0085434870032906 16.18258993624795 49.22075733441929
  endloop
endfacet
facet normal 1.0 1.0571765903384047e-16 -4.96372890804163e-16
  outer loop
    vertex 5.0085434870032906 16.18258993624795 49.22075733441929
    vertex 5.0085434870032906 14.43087934268536 48.117068954260056
    vertex 5.0085434870032906 14.767702598132997 47.91558219505565
  endloop
endfacet
facet normal 1.0 1.0571765903384047e-16 -4.96372890804163e-16
  outer loop
    vertex 5.0085434870032906 16.18258993624795 49.22075733441929
    vertex 5.0085434870032906 14.767702598132997 47.91558219505565
    vertex 5.0085434870032906 16.255745109899916 49.256155077457294
  endloop
endfacet
facet normal 1.0 1.0571765903384047e-16 -4.96372890804163e-16
  outer loop
    vertex 5.0085434870032906 16.255745109899916 49.256155077457294
    vertex 5.0085434870032906 14.767702598132997 47.91558219505565
    vertex 5.008543487003293 23.37879592012388 53.75916087479492
  endloop
endfacet
facet normal 1.0 1.0571765903384047e-16 -4.96372890804163e-16
  outer loop
    vertex 5.008543487003293 15.17191923516462 51.83945924200214
    vertex 5.008543487003291 15.780594640254012 52.362415120891185
    vertex 5.008543487003291 15.555563245953673 52.383309295857856
  endloop
endfacet
facet normal 1.0 1.0571765903384047e-16 -4.96372890804163e-16
  outer loop
    vertex 5.008543487003291 15.780594640254012 52.362415120891185
    vertex 5.008543487003293 15.17191923516462 51.83945924200214
    vertex 5.008543487003291 16.277479218553577 52.27436009080216
  endloop
endfacet
facet normal 1.0 1.0571765903384047e-16 -4.96372890804163e-16
  outer loop
    vertex 5.008543487003291 16.277479218553577 52.27436009080216
    vertex 5.008543487003293 15.17191923516462 51.83945924200214
    vertex 5.008543487003291 15.267089882872936 51.6344757236816
  endloop
endfacet
facet normal 1.0 1.0571765903384047e-16 -4.96372890804163e-16
  outer loop
    vertex 5.008543487003291 16.277479218553577 52.27436009080216
    vertex 5.008543487003291 15.267089882872936 51.6344757236816
    vertex 5.008543487003291 16.652792802496187 52.159527459319634
  endloop
endfacet
facet normal 1.0 1.0571765903384047e-16 -4.96372890804163e-16
  outer loop
    vertex 5.008543487003291 16.652792802496187 52.159527459319634
    vertex 5.008543487003291 15.267089882872936 51.6344757236816
    vertex 5.008543487003291 15.516723491998997 51.19592010158717
  endloop
endfacet
facet normal 1.0 1.0571765903384047e-16 -4.96372890804163e-16
  outer loop
    vertex 5.008543487003291 16.652792802496187 52.159527459319634
    vertex 5.008543487003291 15.516723491998997 51.19592010158717
    vertex 5.008543487003291 16.909013211517237 52.04574232475469
  endloop
endfacet
facet normal 1.0 1.0571765903384047e-16 -4.96372890804163e-16
  outer loop
    vertex 5.008543487003291 16.909013211517237 52.04574232475469
    vertex 5.008543487003291 15.516723491998997 51.19592010158717
    vertex 5.008543487003291 15.75080195919244 50.88087392919111
  endloop
endfacet
facet normal 1.0 1.0571765903384047e-16 -4.96372890804163e-16
  outer loop
    vertex 5.008543487003291 16.909013211517237 52.04574232475469
    vertex 5.008543487003291 15.75080195919244 50.88087392919111
    vertex 5.008543487003291 17.053515895503555 51.95963568910932
  endloop
endfacet
facet normal 1.0 1.0571765903384047e-16 -4.96372890804163e-16
  outer loop
    vertex 5.008543487003291 17.053515895503555 51.95963568910932
    vertex 5.008543487003291 15.75080195919244 50.88087392919111
    vertex 5.008543487003291 17.48483934812575 51.5817337045729
  endloop
endfacet
facet normal 1.0 1.0571765903384047e-16 -4.96372890804163e-16
  outer loop
    vertex 5.008543487003291 17.48483934812575 51.5817337045729
    vertex 5.008543487003291 15.75080195919244 50.88087392919111
    vertex 5.008543487003291 15.943943631633898 50.677668985320686
  endloop
endfacet
facet normal 1.0 1.0571765903384047e-16 -4.96372890804163e-16
  outer loop
    vertex 5.008543487003291 17.48483934812575 51.5817337045729
    vertex 5.008543487003291 15.943943631633898 50.677668985320686
    vertex 5.0085434870032906 16.073534681654404 50.57042376101676
  endloop
endfacet
facet normal 1.0 1.0571765903384047e-16 -4.96372890804163e-16
  outer loop
    vertex 5.008543487003291 17.48483934812575 51.5817337045729
    vertex 5.0085434870032906 16.073534681654404 50.57042376101676
    vertex 5.008543487003291 17.557456313855482 51.545244583831995
  endloop
endfacet
facet normal 1.0 1.0571765903384047e-16 -4.96372890804163e-16
  outer loop
    vertex 5.008543487003291 17.557456313855482 51.545244583831995
    vertex 5.0085434870032906 16.073534681654404 50.57042376101676
    vertex 5.008543487003291 17.638589011293618 51.549952561173505
  endloop
endfacet
facet normal 1.0 1.0571765903384047e-16 -4.96372890804163e-16
  outer loop
    vertex 5.008543487003291 17.638589011293618 51.549952561173505
    vertex 5.0085434870032906 16.073534681654404 50.57042376101676
    vertex 5.008543487003291 16.574228191862264 50.29086010183654
  endloop
endfacet
facet normal 1.0 1.0571765903384047e-16 -4.96372890804163e-16
  outer loop
    vertex 5.008543487003291 17.638589011293618 51.549952561173505
    vertex 5.008543487003291 16.574228191862264 50.29086010183654
    vertex 5.008543487003291 22.30750177065095 53.91528520434352
  endloop
endfacet
facet normal 1.0 1.0571765903384047e-16 -4.96372890804163e-16
  outer loop
    vertex 5.008543487003291 22.30750177065095 53.91528520434352
    vertex 5.008543487003291 16.574228191862264 50.29086010183654
    vertex 5.008543487003291 22.333048014832208 53.83813555073143
  endloop
endfacet
facet normal 1.0 1.0571765903384047e-16 -4.96372890804163e-16
  outer loop
    vertex 5.008543487003291 22.333048014832208 53.83813555073143
    vertex 5.008543487003291 16.574228191862264 50.29086010183654
    vertex 5.008543487003291 16.6329625151464 50.2346910809034
  endloop
endfacet
facet normal 1.0 1.0571765903384047e-16 -4.96372890804163e-16
  outer loop
    vertex 5.008543487003291 22.333048014832208 53.83813555073143
    vertex 5.008543487003291 16.6329625151464 50.2346910809034
    vertex 5.008543487003291 16.65574342071799 50.15668012022751
  endloop
endfacet
facet normal 1.0 1.0571765903384047e-16 -4.96372890804163e-16
  outer loop
    vertex 5.008543487003291 22.333048014832208 53.83813555073143
    vertex 5.008543487003291 16.65574342071799 50.15668012022751
    vertex 5.008543487003291 22.393746538070523 53.78409511290081
  endloop
endfacet
facet normal 1.0 1.0571765903384047e-16 -4.96372890804163e-16
  outer loop
    vertex 5.008543487003291 22.393746538070523 53.78409511290081
    vertex 5.008543487003291 16.65574342071799 50.15668012022751
    vertex 5.008543487003291 16.63646678332625 50.077730193722786
  endloop
endfacet
facet normal 1.0 1.0571765903384047e-16 -4.96372890804163e-16
  outer loop
    vertex 5.008543487003291 22.393746538070523 53.78409511290081
    vertex 5.008543487003291 16.63646678332625 50.077730193722786
    vertex 5.008543487003291 22.473333220082402 53.76764398252702
  endloop
endfacet
facet normal 1.0 1.0571765903384047e-16 -4.96372890804163e-16
  outer loop
    vertex 5.008543487003291 22.473333220082402 53.76764398252702
    vertex 5.008543487003291 16.63646678332625 50.077730193722786
    vertex 5.008543487003291 23.298478849171364 53.74675733667701
  endloop
endfacet
facet normal 1.0 1.0571765903384047e-16 -4.96372890804163e-16
  outer loop
    vertex 5.008543487003291 23.298478849171364 53.74675733667701
    vertex 5.008543487003291 16.63646678332625 50.077730193722786
    vertex 5.0085434870032906 16.301400477181794 49.32338800899082
  endloop
endfacet
facet normal 1.0 1.0571765903384047e-16 -4.96372890804163e-16
  outer loop
    vertex 5.008543487003291 23.298478849171364 53.74675733667701
    vertex 5.0085434870032906 16.301400477181794 49.32338800899082
    vertex 5.0085434870032906 16.255745109899916 49.256155077457294
  endloop
endfacet
facet normal 1.0 1.0571765903384047e-16 -4.96372890804163e-16
  outer loop
    vertex 5.008543487003291 23.298478849171364 53.74675733667701
    vertex 5.0085434870032906 16.255745109899916 49.256155077457294
    vertex 5.008543487003293 23.37879592012388 53.75916087479492
  endloop
endfacet
facet normal 1.0 1.0571765903384047e-16 -4.96372890804163e-16
  outer loop
    vertex 5.008543487003293 20.776610324163105 55.520765129561866
    vertex 5.008543487003293 21.510097092255144 55.84628895520175
    vertex 5.008543487003293 20.854259749634558 55.733006175762256
  endloop
endfacet
facet normal 1.0 1.0571765903384047e-16 -4.96372890804163e-16
  outer loop
    vertex 5.008543487003293 21.510097092255144 55.84628895520175
    vertex 5.008543487003293 20.776610324163105 55.520765129561866
    vertex 5.008543487003293 20.643022287677756 55.034141857426306
  endloop
endfacet
facet normal 1.0 1.0571765903384047e-16 -4.96372890804163e-16
  outer loop
    vertex 5.008543487003293 21.510097092255144 55.84628895520175
    vertex 5.008543487003293 20.643022287677756 55.034141857426306
    vertex 5.008543487003293 21.654443904338546 55.67239331750589
  endloop
endfacet
facet normal 1.0 1.0571765903384047e-16 -4.96372890804163e-16
  outer loop
    vertex 5.008543487003293 21.654443904338546 55.67239331750589
    vertex 5.008543487003293 20.643022287677756 55.034141857426306
    vertex 5.008543487003293 20.585769474271856 54.64585210105594
  endloop
endfacet
facet normal 1.0 1.0571765903384047e-16 -4.96372890804163e-16
  outer loop
    vertex 5.008543487003293 21.654443904338546 55.67239331750589
    vertex 5.008543487003293 20.585769474271856 54.64585210105594
    vertex 5.008543487003293 21.94353005022766 55.2587785538297
  endloop
endfacet
facet normal 1.0 1.0571765903384047e-16 -4.96372890804163e-16
  outer loop
    vertex 5.008543487003293 21.94353005022766 55.2587785538297
    vertex 5.008543487003293 20.585769474271856 54.64585210105594
    vertex 5.008543487003293 20.57865366680351 54.36559272096145
  endloop
endfacet
facet normal 1.0 1.0571765903384047e-16 -4.96372890804163e-16
  outer loop
    vertex 5.008543487003293 21.94353005022766 55.2587785538297
    vertex 5.008543487003293 20.57865366680351 54.36559272096145
    vertex 5.008543487003293 22.127717898082107 54.91219284112965
  endloop
endfacet
facet normal 1.0 1.0571765903384047e-16 -4.96372890804163e-16
  outer loop
    vertex 5.008543487003293 22.127717898082107 54.91219284112965
    vertex 5.008543487003293 20.57865366680351 54.36559272096145
    vertex 5.008543487003293 20.594454551698917 54.19812418535569
  endloop
endfacet
facet normal 1.0 1.0571765903384047e-16 -4.96372890804163e-16
  outer loop
    vertex 5.008543487003293 22.127717898082107 54.91219284112965
    vertex 5.008543487003293 20.594454551698917 54.19812418535569
    vertex 5.008543487003291 20.750816968883328 53.64639904981197
  endloop
endfacet
facet normal 1.0 1.0571765903384047e-16 -4.96372890804163e-16
  outer loop
    vertex 5.008543487003293 22.127717898082107 54.91219284112965
    vertex 5.008543487003291 20.750816968883328 53.64639904981197
    vertex 5.008543487003293 22.228434846530188 54.65055941218341
  endloop
endfacet
facet normal 1.0 1.0571765903384047e-16 -4.96372890804163e-16
  outer loop
    vertex 5.008543487003293 22.228434846530188 54.65055941218341
    vertex 5.008543487003291 20.750816968883328 53.64639904981197
    vertex 5.008543487003293 22.269727088306553 54.48749399846701
  endloop
endfacet
facet normal 1.0 1.0571765903384047e-16 -4.96372890804163e-16
  outer loop
    vertex 5.008543487003293 22.269727088306553 54.48749399846701
    vertex 5.008543487003291 20.750816968883328 53.64639904981197
    vertex 5.008543487003291 20.752630911571533 53.5651501159349
  endloop
endfacet
facet normal 1.0 1.0571765903384047e-16 -4.96372890804163e-16
  outer loop
    vertex 5.008543487003293 22.269727088306553 54.48749399846701
    vertex 5.008543487003291 20.752630911571533 53.5651501159349
    vertex 5.008543487003291 20.71357736508197 53.493879503822875
  endloop
endfacet
facet normal 1.0 1.0571765903384047e-16 -4.96372890804163e-16
  outer loop
    vertex 5.008543487003293 22.269727088306553 54.48749399846701
    vertex 5.008543487003291 20.71357736508197 53.493879503822875
    vertex 5.008543487003291 22.30750177065095 53.91528520434352
  endloop
endfacet
facet normal 1.0 1.0571765903384047e-16 -4.96372890804163e-16
  outer loop
    vertex 5.008543487003291 22.30750177065095 53.91528520434352
    vertex 5.008543487003291 20.71357736508197 53.493879503822875
    vertex 5.008543487003291 17.638589011293618 51.549952561173505
  endloop
endfacet
facet normal 1.0 1.0571765903384047e-16 -4.96372890804163e-16
  outer loop
    vertex 5.008543487003286 16.65747591411598 42.10853637057771
    vertex 5.008543487003287 17.256040183435456 42.54281802422956
    vertex 5.008543487003286 16.39582690742637 42.00785989792794
  endloop
endfacet
facet normal 1.0 1.0571765903384047e-16 -4.96372890804163e-16
  outer loop
    vertex 5.008543487003287 17.256040183435456 42.54281802422956
    vertex 5.008543487003286 16.65747591411598 42.10853637057771
    vertex 5.008543487003287 16.806149929635623 42.187221918746914
  endloop
endfacet
facet normal 1.0 1.0571765903384047e-16 -4.96372890804163e-16
  outer loop
    vertex 5.008543487003286 17.800598097861844 39.385943777009594
    vertex 5.008543487003286 19.4053662589606 40.84698705699138
    vertex 5.008543487003286 17.25674804400613 39.769587787798656
  endloop
endfacet
facet normal 1.0 1.0571765903384047e-16 -4.96372890804163e-16
  outer loop
    vertex 5.008543487003286 19.4053662589606 40.84698705699138
    vertex 5.008543487003286 17.800598097861844 39.385943777009594
    vertex 5.008543487003286 19.349197238027447 40.78825273370726
  endloop
endfacet
facet normal 1.0 1.0571765903384047e-16 -4.96372890804163e-16
  outer loop
    vertex 5.008543487003286 19.349197238027447 40.78825273370726
    vertex 5.008543487003286 17.800598097861844 39.385943777009594
    vertex 5.008543487003286 19.06963357884723 40.2875592234994
  endloop
endfacet
facet normal 1.0 1.0571765903384047e-16 -4.96372890804163e-16
  outer loop
    vertex 5.008543487003286 19.06963357884723 40.2875592234994
    vertex 5.008543487003286 17.800598097861844 39.385943777009594
    vertex 5.008543487003286 18.962388354543304 40.15796817347888
  endloop
endfacet
facet normal 1.0 1.0571765903384047e-16 -4.96372890804163e-16
  outer loop
    vertex 5.008543487003286 18.962388354543304 40.15796817347888
    vertex 5.008543487003286 17.800598097861844 39.385943777009594
    vertex 5.008543487003286 18.75918341067286 39.96482650103743
  endloop
endfacet
facet normal 1.0 1.0571765903384047e-16 -4.96372890804163e-16
  outer loop
    vertex 5.008543487003286 18.75918341067286 39.96482650103743
    vertex 5.008543487003286 17.800598097861844 39.385943777009594
    vertex 5.008543487003286 18.00558161618237 39.481114424717916
  endloop
endfacet
facet normal 1.0 1.0571765903384047e-16 -4.96372890804163e-16
  outer loop
    vertex 5.008543487003286 18.75918341067286 39.96482650103743
    vertex 5.008543487003286 18.00558161618237 39.481114424717916
    vertex 5.008543487003286 18.444137238276795 39.730748033844
  endloop
endfacet
facet normal 1.0 1.0571765903384047e-16 -4.96372890804163e-16
  outer loop
    vertex 5.008543487003286 20.23551113989722 38.93504941286233
    vertex 5.008543487003286 22.0472368778951 40.094921006914035
    vertex 5.008543487003284 20.197976367271934 39.3257384969036
  endloop
endfacet
facet normal 1.0 1.0571765903384047e-16 -4.96372890804163e-16
  outer loop
    vertex 5.008543487003286 22.0472368778951 40.094921006914035
    vertex 5.008543487003286 20.23551113989722 38.93504941286233
    vertex 5.008543487003286 21.98388202315164 40.04402069233083
  endloop
endfacet
facet normal 1.0 1.0571765903384047e-16 -4.96372890804163e-16
  outer loop
    vertex 5.008543487003286 21.98388202315164 40.04402069233083
    vertex 5.008543487003286 20.23551113989722 38.93504941286233
    vertex 5.008543487003286 21.954465266782325 39.968262299469416
  endloop
endfacet
facet normal 1.0 1.0571765903384047e-16 -4.96372890804163e-16
  outer loop
    vertex 5.008543487003286 21.954465266782325 39.968262299469416
    vertex 5.008543487003286 20.23551113989722 38.93504941286233
    vertex 5.008543487003284 20.34430839577626 38.442290719799345
  endloop
endfacet
facet normal 1.0 1.0571765903384047e-16 -4.96372890804163e-16
  outer loop
    vertex 5.008543487003286 21.954465266782325 39.968262299469416
    vertex 5.008543487003284 20.34430839577626 38.442290719799345
    vertex 5.008543487003284 21.887789235081026 39.39869743266754
  endloop
endfacet
facet normal 1.0 1.0571765903384047e-16 -4.96372890804163e-16
  outer loop
    vertex 5.008543487003284 21.887789235081026 39.39869743266754
    vertex 5.008543487003284 20.34430839577626 38.442290719799345
    vertex 5.008543487003284 20.411120481536596 38.226392965840134
  endloop
endfacet
facet normal 1.0 1.0571765903384047e-16 -4.96372890804163e-16
  outer loop
    vertex 5.008543487003284 21.887789235081026 39.39869743266754
    vertex 5.008543487003284 20.411120481536596 38.226392965840134
    vertex 5.008543487003284 21.838299915212694 39.237929943415544
  endloop
endfacet
facet normal 1.0 1.0571765903384047e-16 -4.96372890804163e-16
  outer loop
    vertex 5.008543487003284 21.838299915212694 39.237929943415544
    vertex 5.008543487003284 20.411120481536596 38.226392965840134
    vertex 5.008543487003284 21.724475144808338 38.98172713997797
  endloop
endfacet
facet normal 1.0 1.0571765903384047e-16 -4.96372890804163e-16
  outer loop
    vertex 5.008543487003284 21.724475144808338 38.98172713997797
    vertex 5.008543487003284 20.411120481536596 38.226392965840134
    vertex 5.008543487003284 21.060386621904104 38.08007452180299
  endloop
endfacet
facet normal 1.0 1.0571765903384047e-16 -4.96372890804163e-16
  outer loop
    vertex 5.008543487003284 21.724475144808338 38.98172713997797
    vertex 5.008543487003284 21.060386621904104 38.08007452180299
    vertex 5.008543487003284 21.522988385603924 38.64490388453035
  endloop
endfacet
facet normal 1.0 1.0571765903384047e-16 -4.96372890804163e-16
  outer loop
    vertex 5.008543487003284 21.522988385603924 38.64490388453035
    vertex 5.008543487003284 21.060386621904104 38.08007452180299
    vertex 5.008543487003284 21.213346468857186 38.246444531685746
  endloop
endfacet
facet normal 1.0 1.0571765903384047e-16 -4.96372890804163e-16
  outer loop
    vertex 5.008543487003284 23.156305709712438 39.36658788324194
    vertex 5.008543487003286 24.71245543293703 40.3602023778861
    vertex 5.008543487003284 23.118531027368046 39.93879667736545
  endloop
endfacet
facet normal 1.0 1.0571765903384047e-16 -4.96372890804163e-16
  outer loop
    vertex 5.008543487003286 24.71245543293703 40.3602023778861
    vertex 5.008543487003284 23.156305709712438 39.36658788324194
    vertex 5.008543487003286 24.673401886447472 40.28893176577408
  endloop
endfacet
facet normal 1.0 1.0571765903384047e-16 -4.96372890804163e-16
  outer loop
    vertex 5.008543487003286 24.673401886447472 40.28893176577408
    vertex 5.008543487003284 23.156305709712438 39.36658788324194
    vertex 5.0085434870032834 23.19759795148882 39.203522469525566
  endloop
endfacet
facet normal 1.0 1.0571765903384047e-16 -4.96372890804163e-16
  outer loop
    vertex 5.008543487003286 24.673401886447472 40.28893176577408
    vertex 5.0085434870032834 23.19759795148882 39.203522469525566
    vertex 5.008543487003286 24.675215829135666 40.207682831897
  endloop
endfacet
facet normal 1.0 1.0571765903384047e-16 -4.96372890804163e-16
  outer loop
    vertex 5.008543487003286 24.675215829135666 40.207682831897
    vertex 5.0085434870032834 23.19759795148882 39.203522469525566
    vertex 5.008543487003284 24.83157824632009 39.65595769635328
  endloop
endfacet
facet normal 1.0 1.0571765903384047e-16 -4.96372890804163e-16
  outer loop
    vertex 5.008543487003284 24.83157824632009 39.65595769635328
    vertex 5.0085434870032834 23.19759795148882 39.203522469525566
    vertex 5.008543487003284 23.298314899936905 38.94188904057931
  endloop
endfacet
facet normal 1.0 1.0571765903384047e-16 -4.96372890804163e-16
  outer loop
    vertex 5.008543487003284 24.83157824632009 39.65595769635328
    vertex 5.008543487003284 23.298314899936905 38.94188904057931
    vertex 5.008543487003284 23.48250274779134 38.59530332787928
  endloop
endfacet
facet normal 1.0 1.0571765903384047e-16 -4.96372890804163e-16
  outer loop
    vertex 5.008543487003284 24.83157824632009 39.65595769635328
    vertex 5.008543487003284 23.48250274779134 38.59530332787928
    vertex 5.008543487003284 24.84737913121549 39.48848916074751
  endloop
endfacet
facet normal 1.0 1.0571765903384047e-16 -4.96372890804163e-16
  outer loop
    vertex 5.008543487003284 24.84737913121549 39.48848916074751
    vertex 5.008543487003284 23.48250274779134 38.59530332787928
    vertex 5.008543487003284 24.84026332374714 39.20822978065303
  endloop
endfacet
facet normal 1.0 1.0571765903384047e-16 -4.96372890804163e-16
  outer loop
    vertex 5.008543487003284 24.84026332374714 39.20822978065303
    vertex 5.008543487003284 23.48250274779134 38.59530332787928
    vertex 5.008543487003284 23.771588893680462 38.181688564203085
  endloop
endfacet
facet normal 1.0 1.0571765903384047e-16 -4.96372890804163e-16
  outer loop
    vertex 5.008543487003284 24.84026332374714 39.20822978065303
    vertex 5.008543487003284 23.771588893680462 38.181688564203085
    vertex 5.008543487003284 24.78301051034126 38.81994002428267
  endloop
endfacet
facet normal 1.0 1.0571765903384047e-16 -4.96372890804163e-16
  outer loop
    vertex 5.008543487003284 24.78301051034126 38.81994002428267
    vertex 5.008543487003284 23.771588893680462 38.181688564203085
    vertex 5.008543487003284 23.91593570576385 38.00779292650722
  endloop
endfacet
facet normal 1.0 1.0571765903384047e-16 -4.96372890804163e-16
  outer loop
    vertex 5.008543487003284 24.78301051034126 38.81994002428267
    vertex 5.008543487003284 23.91593570576385 38.00779292650722
    vertex 5.008543487003284 24.649422473855903 38.33331675214711
  endloop
endfacet
facet normal 1.0 1.0571765903384047e-16 -4.96372890804163e-16
  outer loop
    vertex 5.008543487003284 24.649422473855903 38.33331675214711
    vertex 5.008543487003284 23.91593570576385 38.00779292650722
    vertex 5.008543487003284 24.57177304838445 38.12107570594671
  endloop
endfacet
facet normal 1.0 1.0571765903384047e-16 -4.96372890804163e-16
  outer loop
    vertex 5.008543487003287 24.781912102360874 40.40239776527361
    vertex 5.008543487003286 27.78744378672541 42.30412932053547
    vertex 5.008543487003286 24.71245543293703 40.3602023778861
  endloop
endfacet
facet normal 1.0 1.0571765903384047e-16 -4.96372890804163e-16
  outer loop
    vertex 5.008543487003286 27.78744378672541 42.30412932053547
    vertex 5.008543487003287 24.781912102360874 40.40239776527361
    vertex 5.008543487003286 27.71953479833716 42.25948574383824
  endloop
endfacet
facet normal 1.0 1.0571765903384047e-16 -4.96372890804163e-16
  outer loop
    vertex 5.008543487003286 27.71953479833716 42.25948574383824
    vertex 5.008543487003287 24.781912102360874 40.40239776527361
    vertex 5.008543487003286 27.12129963962513 41.69078876295975
  endloop
endfacet
facet normal 1.0 1.0571765903384047e-16 -4.96372890804163e-16
  outer loop
    vertex 5.008543487003286 27.12129963962513 41.69078876295975
    vertex 5.008543487003287 24.781912102360874 40.40239776527361
    vertex 5.008543487003286 25.55224023374181 40.69887058221079
  endloop
endfacet
facet normal 1.0 1.0571765903384047e-16 -4.96372890804163e-16
  outer loop
    vertex 5.008543487003286 27.12129963962513 41.69078876295975
    vertex 5.008543487003286 25.55224023374181 40.69887058221079
    vertex 5.008543487003286 25.632064315350803 40.71412822421462
  endloop
endfacet
facet normal 1.0 1.0571765903384047e-16 -4.96372890804163e-16
  outer loop
    vertex 5.008543487003286 27.12129963962513 41.69078876295975
    vertex 5.008543487003286 25.632064315350803 40.71412822421462
    vertex 5.008543487003286 27.073277520023474 41.625225391530286
  endloop
endfacet
facet normal 1.0 1.0571765903384047e-16 -4.96372890804163e-16
  outer loop
    vertex 5.008543487003286 27.073277520023474 41.625225391530286
    vertex 5.008543487003286 25.632064315350803 40.71412822421462
    vertex 5.008543487003286 25.70882281885985 40.687429688987315
  endloop
endfacet
facet normal 1.0 1.0571765903384047e-16 -4.96372890804163e-16
  outer loop
    vertex 5.008543487003286 27.073277520023474 41.625225391530286
    vertex 5.008543487003286 25.70882281885985 40.687429688987315
    vertex 5.008543487003286 27.06447083021959 41.54443478651378
  endloop
endfacet
facet normal 1.0 1.0571765903384047e-16 -4.96372890804163e-16
  outer loop
    vertex 5.008543487003286 27.06447083021959 41.54443478651378
    vertex 5.008543487003286 25.70882281885985 40.687429688987315
    vertex 5.008543487003286 25.76194836524152 40.62592882748207
  endloop
endfacet
facet normal 1.0 1.0571765903384047e-16 -4.96372890804163e-16
  outer loop
    vertex 5.008543487003286 27.06447083021959 41.54443478651378
    vertex 5.008543487003286 25.76194836524152 40.62592882748207
    vertex 5.008543487003286 27.097239315634415 41.47006472528044
  endloop
endfacet
facet normal 1.0 1.0571765903384047e-16 -4.96372890804163e-16
  outer loop
    vertex 5.008543487003286 27.097239315634415 41.47006472528044
    vertex 5.008543487003286 25.76194836524152 40.62592882748207
    vertex 5.008543487003286 27.452835421117058 41.02017447148061
  endloop
endfacet
facet normal 1.0 1.0571765903384047e-16 -4.96372890804163e-16
  outer loop
    vertex 5.008543487003286 27.452835421117058 41.02017447148061
    vertex 5.008543487003286 25.76194836524152 40.62592882748207
    vertex 5.008543487003286 26.01582244647129 40.11173257936446
  endloop
endfacet
facet normal 1.0 1.0571765903384047e-16 -4.96372890804163e-16
  outer loop
    vertex 5.008543487003286 27.452835421117058 41.02017447148061
    vertex 5.008543487003286 26.01582244647129 40.11173257936446
    vertex 5.008543487003284 27.531520969286262 40.87150045596097
  endloop
endfacet
facet normal 1.0 1.0571765903384047e-16 -4.96372890804163e-16
  outer loop
    vertex 5.008543487003284 27.531520969286262 40.87150045596097
    vertex 5.008543487003286 26.01582244647129 40.11173257936446
    vertex 5.008543487003286 26.116373935721015 39.97688163798442
  endloop
endfacet
facet normal 1.0 1.0571765903384047e-16 -4.96372890804163e-16
  outer loop
    vertex 5.008543487003284 27.531520969286262 40.87150045596097
    vertex 5.008543487003286 26.116373935721015 39.97688163798442
    vertex 5.008543487003284 26.309547041579794 39.773706575489655
  endloop
endfacet
facet normal 1.0 1.0571765903384047e-16 -4.96372890804163e-16
  outer loop
    vertex 5.008543487003284 27.531520969286262 40.87150045596097
    vertex 5.008543487003284 26.309547041579794 39.773706575489655
    vertex 5.008543487003284 27.63219744193604 40.609851449271346
  endloop
endfacet
facet normal 1.0 1.0571765903384047e-16 -4.96372890804163e-16
  outer loop
    vertex 5.008543487003284 27.63219744193604 40.609851449271346
    vertex 5.008543487003284 26.309547041579794 39.773706575489655
    vertex 5.008543487003284 27.727894796171654 40.229208787530276
  endloop
endfacet
facet normal 1.0 1.0571765903384047e-16 -4.96372890804163e-16
  outer loop
    vertex 5.008543487003284 27.727894796171654 40.229208787530276
    vertex 5.008543487003284 26.309547041579794 39.773706575489655
    vertex 5.008543487003284 26.612347034494558 39.523988767082166
  endloop
endfacet
facet normal 1.0 1.0571765903384047e-16 -4.96372890804163e-16
  outer loop
    vertex 5.008543487003284 27.727894796171654 40.229208787530276
    vertex 5.008543487003284 26.612347034494558 39.523988767082166
    vertex 5.008543487003284 27.03771132525457 39.25248703113527
  endloop
endfacet
facet normal 1.0 1.0571765903384047e-16 -4.96372890804163e-16
  outer loop
    vertex 5.008543487003284 27.727894796171654 40.229208787530276
    vertex 5.008543487003284 27.03771132525457 39.25248703113527
    vertex 5.008543487003284 27.790698207524056 39.7285055780354
  endloop
endfacet
facet normal 1.0 1.0571765903384047e-16 -4.96372890804163e-16
  outer loop
    vertex 5.008543487003284 27.790698207524056 39.7285055780354
    vertex 5.008543487003284 27.03771132525457 39.25248703113527
    vertex 5.008543487003284 27.23761737002844 39.147067544174114
  endloop
endfacet
facet normal 1.0 1.0571765903384047e-16 -4.96372890804163e-16
  outer loop
    vertex 5.008543487003284 27.790698207524056 39.7285055780354
    vertex 5.008543487003284 27.23761737002844 39.147067544174114
    vertex 5.008543487003284 27.800180624668435 39.5027052708315
  endloop
endfacet
facet normal 1.0 1.0571765903384047e-16 -4.96372890804163e-16
  outer loop
    vertex 5.008543487003286 22.127553948847623 40.10732454503196
    vertex 5.008543487003287 29.170287688119085 44.597926804251685
    vertex 5.008543487003286 22.0472368778951 40.094921006914035
  endloop
endfacet
facet normal 1.0 1.0571765903384047e-16 -4.96372890804163e-16
  outer loop
    vertex 5.008543487003287 29.170287688119085 44.597926804251685
    vertex 5.008543487003286 22.127553948847623 40.10732454503196
    vertex 5.008543487003287 29.1246323208372 44.53069387271815
  endloop
endfacet
facet normal 1.0 1.0571765903384047e-16 -4.96372890804163e-16
  outer loop
    vertex 5.008543487003287 29.1246323208372 44.53069387271815
    vertex 5.008543487003286 22.127553948847623 40.10732454503196
    vertex 5.008543487003286 22.952699577936613 40.08643789918195
  endloop
endfacet
facet normal 1.0 1.0571765903384047e-16 -4.96372890804163e-16
  outer loop
    vertex 5.008543487003287 29.1246323208372 44.53069387271815
    vertex 5.008543487003286 22.952699577936613 40.08643789918195
    vertex 5.008543487003286 28.78956601469275 43.776351687986185
  endloop
endfacet
facet normal 1.0 1.0571765903384047e-16 -4.96372890804163e-16
  outer loop
    vertex 5.008543487003286 28.78956601469275 43.776351687986185
    vertex 5.008543487003286 22.952699577936613 40.08643789918195
    vertex 5.008543487003286 28.77028937730101 43.697401761481444
  endloop
endfacet
facet normal 1.0 1.0571765903384047e-16 -4.96372890804163e-16
  outer loop
    vertex 5.008543487003286 28.77028937730101 43.697401761481444
    vertex 5.008543487003286 22.952699577936613 40.08643789918195
    vertex 5.008543487003286 23.032286259948492 40.06998676880816
  endloop
endfacet
facet normal 1.0 1.0571765903384047e-16 -4.96372890804163e-16
  outer loop
    vertex 5.008543487003286 28.77028937730101 43.697401761481444
    vertex 5.008543487003286 23.032286259948492 40.06998676880816
    vertex 5.008543487003286 28.793070282872613 43.619390800805576
  endloop
endfacet
facet normal 1.0 1.0571765903384047e-16 -4.96372890804163e-16
  outer loop
    vertex 5.008543487003286 28.793070282872613 43.619390800805576
    vertex 5.008543487003286 23.032286259948492 40.06998676880816
    vertex 5.008543487003284 23.092984783186775 40.01594633097757
  endloop
endfacet
facet normal 1.0 1.0571765903384047e-16 -4.96372890804163e-16
  outer loop
    vertex 5.008543487003286 28.793070282872613 43.619390800805576
    vertex 5.008543487003284 23.092984783186775 40.01594633097757
    vertex 5.008543487003284 23.118531027368046 39.93879667736545
  endloop
endfacet
facet normal 1.0 1.0571765903384047e-16 -4.96372890804163e-16
  outer loop
    vertex 5.008543487003286 28.793070282872613 43.619390800805576
    vertex 5.008543487003284 23.118531027368046 39.93879667736545
    vertex 5.008543487003286 28.851804606156747 43.56322177987243
  endloop
endfacet
facet normal 1.0 1.0571765903384047e-16 -4.96372890804163e-16
  outer loop
    vertex 5.008543487003286 28.851804606156747 43.56322177987243
    vertex 5.008543487003284 23.118531027368046 39.93879667736545
    vertex 5.008543487003286 29.352498116364604 43.28365812069221
  endloop
endfacet
facet normal 1.0 1.0571765903384047e-16 -4.96372890804163e-16
  outer loop
    vertex 5.008543487003286 29.352498116364604 43.28365812069221
    vertex 5.008543487003284 23.118531027368046 39.93879667736545
    vertex 5.008543487003286 27.78744378672541 42.30412932053547
  endloop
endfacet
facet normal 1.0 1.0571765903384047e-16 -4.96372890804163e-16
  outer loop
    vertex 5.008543487003286 27.78744378672541 42.30412932053547
    vertex 5.008543487003284 23.118531027368046 39.93879667736545
    vertex 5.008543487003286 24.71245543293703 40.3602023778861
  endloop
endfacet
facet normal 1.0 1.0571765903384047e-16 -4.96372890804163e-16
  outer loop
    vertex 5.008543487003286 29.352498116364604 43.28365812069221
    vertex 5.008543487003286 27.78744378672541 42.30412932053547
    vertex 5.008543487003286 27.868576484163533 42.30883729787695
  endloop
endfacet
facet normal 1.0 1.0571765903384047e-16 -4.96372890804163e-16
  outer loop
    vertex 5.008543487003286 29.352498116364604 43.28365812069221
    vertex 5.008543487003286 27.868576484163533 42.30883729787695
    vertex 5.008543487003286 29.482089166385098 43.176412896388285
  endloop
endfacet
facet normal 1.0 1.0571765903384047e-16 -4.96372890804163e-16
  outer loop
    vertex 5.008543487003286 29.482089166385098 43.176412896388285
    vertex 5.008543487003286 27.868576484163533 42.30883729787695
    vertex 5.008543487003286 27.941193449893277 42.272348177136074
  endloop
endfacet
facet normal 1.0 1.0571765903384047e-16 -4.96372890804163e-16
  outer loop
    vertex 5.008543487003286 29.482089166385098 43.176412896388285
    vertex 5.008543487003286 27.941193449893277 42.272348177136074
    vertex 5.008543487003286 28.37251690251546 41.894446192599645
  endloop
endfacet
facet normal 1.0 1.0571765903384047e-16 -4.96372890804163e-16
  outer loop
    vertex 5.008543487003286 29.482089166385098 43.176412896388285
    vertex 5.008543487003286 28.37251690251546 41.894446192599645
    vertex 5.008543487003286 29.675230838826565 42.97320795251786
  endloop
endfacet
facet normal 1.0 1.0571765903384047e-16 -4.96372890804163e-16
  outer loop
    vertex 5.008543487003286 29.675230838826565 42.97320795251786
    vertex 5.008543487003286 28.37251690251546 41.894446192599645
    vertex 5.008543487003286 29.90930930601999 42.65816178012179
  endloop
endfacet
facet normal 1.0 1.0571765903384047e-16 -4.96372890804163e-16
  outer loop
    vertex 5.008543487003286 29.90930930601999 42.65816178012179
    vertex 5.008543487003286 28.37251690251546 41.894446192599645
    vertex 5.008543487003286 28.517019586501775 41.80833955695427
  endloop
endfacet
facet normal 1.0 1.0571765903384047e-16 -4.96372890804163e-16
  outer loop
    vertex 5.008543487003286 29.90930930601999 42.65816178012179
    vertex 5.008543487003286 28.517019586501775 41.80833955695427
    vertex 5.008543487003286 28.773239995522815 41.694554422389345
  endloop
endfacet
facet normal 1.0 1.0571765903384047e-16 -4.96372890804163e-16
  outer loop
    vertex 5.008543487003286 29.90930930601999 42.65816178012179
    vertex 5.008543487003286 28.773239995522815 41.694554422389345
    vertex 5.008543487003286 30.15894291514607 42.21960615802737
  endloop
endfacet
facet normal 1.0 1.0571765903384047e-16 -4.96372890804163e-16
  outer loop
    vertex 5.008543487003286 30.15894291514607 42.21960615802737
    vertex 5.008543487003286 28.773239995522815 41.694554422389345
    vertex 5.008543487003286 29.14855357946543 41.57972179090682
  endloop
endfacet
facet normal 1.0 1.0571765903384047e-16 -4.96372890804163e-16
  outer loop
    vertex 5.008543487003286 30.15894291514607 42.21960615802737
    vertex 5.008543487003286 29.14855357946543 41.57972179090682
    vertex 5.008543487003286 30.2541135628544 42.01462263970683
  endloop
endfacet
facet normal 1.0 1.0571765903384047e-16 -4.96372890804163e-16
  outer loop
    vertex 5.008543487003286 30.2541135628544 42.01462263970683
    vertex 5.008543487003286 29.14855357946543 41.57972179090682
    vertex 5.008543487003286 29.645438157764996 41.49166676081779
  endloop
endfacet
facet normal 1.0 1.0571765903384047e-16 -4.96372890804163e-16
  outer loop
    vertex 5.008543487003286 30.2541135628544 42.01462263970683
    vertex 5.008543487003286 29.645438157764996 41.49166676081779
    vertex 5.008543487003286 29.870469552065337 41.47077258585112
  endloop
endfacet
facet normal 1.0 1.0571765903384047e-16 -4.96372890804163e-16
  outer loop
    vertex 5.008543487003293 24.212686329161823 55.607637350023225
    vertex 5.008543487003293 25.0149123164824 55.62768891586887
    vertex 5.008543487003293 24.365646176114897 55.774007359905966
  endloop
endfacet
facet normal 1.0 1.0571765903384047e-16 -4.96372890804163e-16
  outer loop
    vertex 5.008543487003293 25.0149123164824 55.62768891586887
    vertex 5.008543487003293 24.212686329161823 55.607637350023225
    vertex 5.008543487003293 23.903044412415074 55.20917799717863
  endloop
endfacet
facet normal 1.0 1.0571765903384047e-16 -4.96372890804163e-16
  outer loop
    vertex 5.008543487003293 25.0149123164824 55.62768891586887
    vertex 5.008543487003293 23.903044412415074 55.20917799717863
    vertex 5.008543487003293 23.70155765321066 54.872354741730994
  endloop
endfacet
facet normal 1.0 1.0571765903384047e-16 -4.96372890804163e-16
  outer loop
    vertex 5.008543487003293 25.0149123164824 55.62768891586887
    vertex 5.008543487003293 23.70155765321066 54.872354741730994
    vertex 5.008543487003294 23.587732882806318 54.61615193829344
  endloop
endfacet
facet normal 1.0 1.0571765903384047e-16 -4.96372890804163e-16
  outer loop
    vertex 5.008543487003293 25.0149123164824 55.62768891586887
    vertex 5.008543487003294 23.587732882806318 54.61615193829344
    vertex 5.008543487003293 25.081724402242735 55.411791161909626
  endloop
endfacet
facet normal 1.0 1.0571765903384047e-16 -4.96372890804163e-16
  outer loop
    vertex 5.008543487003293 25.081724402242735 55.411791161909626
    vertex 5.008543487003294 23.587732882806318 54.61615193829344
    vertex 5.008543487003294 23.53824356293797 54.45538444904143
  endloop
endfacet
facet normal 1.0 1.0571765903384047e-16 -4.96372890804163e-16
  outer loop
    vertex 5.008543487003293 25.081724402242735 55.411791161909626
    vertex 5.008543487003294 23.53824356293797 54.45538444904143
    vertex 5.008543487003293 23.47156753123668 53.88581958223954
  endloop
endfacet
facet normal 1.0 1.0571765903384047e-16 -4.96372890804163e-16
  outer loop
    vertex 5.008543487003293 25.081724402242735 55.411791161909626
    vertex 5.008543487003293 23.47156753123668 53.88581958223954
    vertex 5.008543487003293 25.190521658121785 54.91903246884665
  endloop
endfacet
facet normal 1.0 1.0571765903384047e-16 -4.96372890804163e-16
  outer loop
    vertex 5.008543487003293 25.190521658121785 54.91903246884665
    vertex 5.008543487003293 23.47156753123668 53.88581958223954
    vertex 5.008543487003293 23.442150774867375 53.810061189378146
  endloop
endfacet
facet normal 1.0 1.0571765903384047e-16 -4.96372890804163e-16
  outer loop
    vertex 5.008543487003293 25.190521658121785 54.91903246884665
    vertex 5.008543487003293 23.442150774867375 53.810061189378146
    vertex 5.008543487003293 25.228056430747063 54.52834338480537
  endloop
endfacet
facet normal 1.0 1.0571765903384047e-16 -4.96372890804163e-16
  outer loop
    vertex 5.008543487003293 25.228056430747063 54.52834338480537
    vertex 5.008543487003293 23.442150774867375 53.810061189378146
    vertex 5.008543487003293 23.37879592012388 53.75916087479492
  endloop
endfacet
facet normal 1.0 1.0571765903384047e-16 -4.96372890804163e-16
  outer loop
    vertex 5.008543487003293 25.228056430747063 54.52834338480537
    vertex 5.008543487003293 23.37879592012388 53.75916087479492
    vertex 5.0085434870032906 14.767702598132997 47.91558219505565
  endloop
endfacet
facet normal 1.0 1.0571765903384047e-16 -4.96372890804163e-16
  outer loop
    vertex 5.008543487003293 25.228056430747063 54.52834338480537
    vertex 5.0085434870032906 14.767702598132997 47.91558219505565
    vertex 5.008543487003291 20.04125465206031 51.15335010696378
  endloop
endfacet
facet normal 1.0 1.0571765903384047e-16 -4.96372890804163e-16
  outer loop
    vertex 5.008543487003291 20.04125465206031 51.15335010696378
    vertex 5.0085434870032906 14.767702598132997 47.91558219505565
    vertex 5.0085434870032906 15.023905401570554 47.8017574246513
  endloop
endfacet
facet normal 1.0 1.0571765903384047e-16 -4.96372890804163e-16
  outer loop
    vertex 5.008543487003291 20.04125465206031 51.15335010696378
    vertex 5.0085434870032906 15.023905401570554 47.8017574246513
    vertex 5.008543487003291 19.038443423259633 50.31783929019484
  endloop
endfacet
facet normal 1.0 1.0571765903384047e-16 -4.96372890804163e-16
  outer loop
    vertex 5.008543487003291 19.038443423259633 50.31783929019484
    vertex 5.0085434870032906 15.023905401570554 47.8017574246513
    vertex 5.0085434870032906 15.184672890822547 47.75226810478295
  endloop
endfacet
facet normal 1.0 1.0571765903384047e-16 -4.96372890804163e-16
  outer loop
    vertex 5.008543487003291 19.038443423259633 50.31783929019484
    vertex 5.0085434870032906 15.184672890822547 47.75226810478295
    vertex 5.0085434870032906 18.28604827023735 49.25125116947759
  endloop
endfacet
facet normal 1.0 1.0571765903384047e-16 -4.96372890804163e-16
  outer loop
    vertex 5.0085434870032906 18.28604827023735 49.25125116947759
    vertex 5.0085434870032906 15.184672890822547 47.75226810478295
    vertex 5.008543487003289 15.754237757624436 47.68559207308166
  endloop
endfacet
facet normal 1.0 1.0571765903384047e-16 -4.96372890804163e-16
  outer loop
    vertex 5.0085434870032906 18.28604827023735 49.25125116947759
    vertex 5.008543487003289 15.754237757624436 47.68559207308166
    vertex 5.008543487003289 15.829996150485853 47.65617531671234
  endloop
endfacet
facet normal 1.0 1.0571765903384047e-16 -4.96372890804163e-16
  outer loop
    vertex 5.0085434870032906 18.28604827023735 49.25125116947759
    vertex 5.008543487003289 15.829996150485853 47.65617531671234
    vertex 5.0085434870032906 17.835343679280154 48.026271962618665
  endloop
endfacet
facet normal 1.0 1.0571765903384047e-16 -4.96372890804163e-16
  outer loop
    vertex 5.0085434870032906 17.835343679280154 48.026271962618665
    vertex 5.008543487003289 15.829996150485853 47.65617531671234
    vertex 5.008543487003289 15.880896465069045 47.59282046196888
  endloop
endfacet
facet normal 1.0 1.0571765903384047e-16 -4.96372890804163e-16
  outer loop
    vertex 5.0085434870032906 17.835343679280154 48.026271962618665
    vertex 5.008543487003289 15.880896465069045 47.59282046196888
    vertex 5.0085434870032906 15.89330000318699 47.51250339101636
  endloop
endfacet
facet normal 1.0 1.0571765903384047e-16 -4.96372890804163e-16
  outer loop
    vertex 5.0085434870032906 17.835343679280154 48.026271962618665
    vertex 5.0085434870032906 15.89330000318699 47.51250339101636
    vertex 5.008543487003289 15.872413357336978 46.68735776192738
  endloop
endfacet
facet normal 1.0 1.0571765903384047e-16 -4.96372890804163e-16
  outer loop
    vertex 5.0085434870032906 17.835343679280154 48.026271962618665
    vertex 5.008543487003289 15.872413357336978 46.68735776192738
    vertex 5.0085434870032906 17.717044423437198 46.7263819781917
  endloop
endfacet
facet normal 1.0 1.0571765903384047e-16 -4.96372890804163e-16
  outer loop
    vertex 5.0085434870032906 17.717044423437198 46.7263819781917
    vertex 5.008543487003289 15.872413357336978 46.68735776192738
    vertex 5.008543487003289 15.855962226963186 46.607771079915494
  endloop
endfacet
facet normal 1.0 1.0571765903384047e-16 -4.96372890804163e-16
  outer loop
    vertex 5.0085434870032906 17.717044423437198 46.7263819781917
    vertex 5.008543487003289 15.855962226963186 46.607771079915494
    vertex 5.008543487003289 15.801921789132566 46.54707255667721
  endloop
endfacet
facet normal 1.0 1.0571765903384047e-16 -4.96372890804163e-16
  outer loop
    vertex 5.0085434870032906 17.717044423437198 46.7263819781917
    vertex 5.008543487003289 15.801921789132566 46.54707255667721
    vertex 5.008543487003289 13.907051164101727 45.06828429147953
  endloop
endfacet
facet normal 1.0 1.0571765903384047e-16 -4.96372890804163e-16
  outer loop
    vertex 5.0085434870032906 17.717044423437198 46.7263819781917
    vertex 5.008543487003289 13.907051164101727 45.06828429147953
    vertex 5.008543487003289 14.119292210302131 44.990634866008065
  endloop
endfacet
facet normal 1.0 1.0571765903384047e-16 -4.96372890804163e-16
  outer loop
    vertex 5.0085434870032906 17.717044423437198 46.7263819781917
    vertex 5.008543487003289 14.119292210302131 44.990634866008065
    vertex 5.008543487003289 14.605915482437695 44.85704682952273
  endloop
endfacet
facet normal 1.0 1.0571765903384047e-16 -4.96372890804163e-16
  outer loop
    vertex 5.0085434870032906 17.717044423437198 46.7263819781917
    vertex 5.008543487003289 14.605915482437695 44.85704682952273
    vertex 5.008543487003289 14.99420523880805 44.79979401611685
  endloop
endfacet
facet normal 1.0 1.0571765903384047e-16 -4.96372890804163e-16
  outer loop
    vertex 5.0085434870032906 17.717044423437198 46.7263819781917
    vertex 5.008543487003289 14.99420523880805 44.79979401611685
    vertex 5.008543487003289 17.939212401495443 45.440166570465564
  endloop
endfacet
facet normal 1.0 1.0571765903384047e-16 -4.96372890804163e-16
  outer loop
    vertex 5.008543487003289 17.939212401495443 45.440166570465564
    vertex 5.008543487003289 14.99420523880805 44.79979401611685
    vertex 5.008543487003289 15.274464618902527 44.7926782086485
  endloop
endfacet
facet normal 1.0 1.0571765903384047e-16 -4.96372890804163e-16
  outer loop
    vertex 5.008543487003289 17.939212401495443 45.440166570465564
    vertex 5.008543487003289 15.274464618902527 44.7926782086485
    vertex 5.008543487003289 15.993658290052018 44.96484151072833
  endloop
endfacet
facet normal 1.0 1.0571765903384047e-16 -4.96372890804163e-16
  outer loop
    vertex 5.008543487003289 15.993658290052018 44.96484151072833
    vertex 5.008543487003289 15.274464618902527 44.7926782086485
    vertex 5.008543487003289 15.441933154508304 44.8084790935439
  endloop
endfacet
facet normal 1.0 1.0571765903384047e-16 -4.96372890804163e-16
  outer loop
    vertex 5.008543487003289 17.939212401495443 45.440166570465564
    vertex 5.008543487003289 15.993658290052018 44.96484151072833
    vertex 5.008543487003289 16.074907223929088 44.96665545341651
  endloop
endfacet
facet normal 1.0 1.0571765903384047e-16 -4.96372890804163e-16
  outer loop
    vertex 5.008543487003289 17.939212401495443 45.440166570465564
    vertex 5.008543487003289 16.074907223929088 44.96665545341651
    vertex 5.008543487003287 16.14617783604111 44.92760190692695
  endloop
endfacet
facet normal 1.0 1.0571765903384047e-16 -4.96372890804163e-16
  outer loop
    vertex 5.008543487003289 17.939212401495443 45.440166570465564
    vertex 5.008543487003287 16.14617783604111 44.92760190692695
    vertex 5.008543487003287 16.188373223428627 44.8581452375031
  endloop
endfacet
facet normal 1.0 1.0571765903384047e-16 -4.96372890804163e-16
  outer loop
    vertex 5.008543487003289 17.939212401495443 45.440166570465564
    vertex 5.008543487003287 16.188373223428627 44.8581452375031
    vertex 5.008543487003287 16.4848460403658 44.08781710612218
  endloop
endfacet
facet normal 1.0 1.0571765903384047e-16 -4.96372890804163e-16
  outer loop
    vertex 5.008543487003289 17.939212401495443 45.440166570465564
    vertex 5.008543487003287 16.4848460403658 44.08781710612218
    vertex 5.008543487003289 18.48670723290015 44.25527919390537
  endloop
endfacet
facet normal 1.0 1.0571765903384047e-16 -4.96372890804163e-16
  outer loop
    vertex 5.008543487003289 18.48670723290015 44.25527919390537
    vertex 5.008543487003287 16.4848460403658 44.08781710612218
    vertex 5.008543487003287 16.50010368236963 44.007993024513205
  endloop
endfacet
facet normal 1.0 1.0571765903384047e-16 -4.96372890804163e-16
  outer loop
    vertex 5.008543487003289 18.48670723290015 44.25527919390537
    vertex 5.008543487003287 16.50010368236963 44.007993024513205
    vertex 5.008543487003287 16.47340514714231 43.931234521004136
  endloop
endfacet
facet normal 1.0 1.0571765903384047e-16 -4.96372890804163e-16
  outer loop
    vertex 5.008543487003289 18.48670723290015 44.25527919390537
    vertex 5.008543487003287 16.47340514714231 43.931234521004136
    vertex 5.008543487003287 16.411904285637075 43.878108974622485
  endloop
endfacet
facet normal 1.0 1.0571765903384047e-16 -4.96372890804163e-16
  outer loop
    vertex 5.008543487003289 18.48670723290015 44.25527919390537
    vertex 5.008543487003287 16.411904285637075 43.878108974622485
    vertex 5.008543487003286 15.559682033644684 43.330510298284196
  endloop
endfacet
facet normal 1.0 1.0571765903384047e-16 -4.96372890804163e-16
  outer loop
    vertex 5.008543487003289 18.48670723290015 44.25527919390537
    vertex 5.008543487003286 15.559682033644684 43.330510298284196
    vertex 5.008543487003287 15.309964225237174 43.02771030536942
  endloop
endfacet
facet normal 1.0 1.0571765903384047e-16 -4.96372890804163e-16
  outer loop
    vertex 5.008543487003289 18.48670723290015 44.25527919390537
    vertex 5.008543487003287 15.309964225237174 43.02771030536942
    vertex 5.008543487003287 15.038462489290279 42.60234601460942
  endloop
endfacet
facet normal 1.0 1.0571765903384047e-16 -4.96372890804163e-16
  outer loop
    vertex 5.008543487003289 18.48670723290015 44.25527919390537
    vertex 5.008543487003287 15.038462489290279 42.60234601460942
    vertex 5.008543487003287 14.933043002329121 42.402439969835534
  endloop
endfacet
facet normal 1.0 1.0571765903384047e-16 -4.96372890804163e-16
  outer loop
    vertex 5.008543487003289 18.48670723290015 44.25527919390537
    vertex 5.008543487003287 14.933043002329121 42.402439969835534
    vertex 5.008543487003287 15.288680728986506 41.83987671519555
  endloop
endfacet
facet normal 1.0 1.0571765903384047e-16 -4.96372890804163e-16
  outer loop
    vertex 5.008543487003289 18.48670723290015 44.25527919390537
    vertex 5.008543487003287 15.288680728986506 41.83987671519555
    vertex 5.008543487003287 17.330410244668798 42.57558650964441
  endloop
endfacet
facet normal 1.0 1.0571765903384047e-16 -4.96372890804163e-16
  outer loop
    vertex 5.008543487003289 18.48670723290015 44.25527919390537
    vertex 5.008543487003287 17.330410244668798 42.57558650964441
    vertex 5.008543487003287 19.322218049669086 43.2524679651047
  endloop
endfacet
facet normal 1.0 1.0571765903384047e-16 -4.96372890804163e-16
  outer loop
    vertex 5.008543487003287 17.330410244668798 42.57558650964441
    vertex 5.008543487003287 15.288680728986506 41.83987671519555
    vertex 5.008543487003287 15.514481036190428 41.849359132339934
  endloop
endfacet
facet normal 1.0 1.0571765903384047e-16 -4.96372890804163e-16
  outer loop
    vertex 5.008543487003287 17.330410244668798 42.57558650964441
    vertex 5.008543487003287 15.514481036190428 41.849359132339934
    vertex 5.008543487003287 17.256040183435456 42.54281802422956
  endloop
endfacet
facet normal 1.0 1.0571765903384047e-16 -4.96372890804163e-16
  outer loop
    vertex 5.008543487003287 17.256040183435456 42.54281802422956
    vertex 5.008543487003287 15.514481036190428 41.849359132339934
    vertex 5.008543487003286 16.015184245685273 41.912162543692325
  endloop
endfacet
facet normal 1.0 1.0571765903384047e-16 -4.96372890804163e-16
  outer loop
    vertex 5.008543487003287 17.256040183435456 42.54281802422956
    vertex 5.008543487003286 16.015184245685273 41.912162543692325
    vertex 5.008543487003286 16.39582690742637 42.00785989792794
  endloop
endfacet
facet normal 1.0 1.0571765903384047e-16 -4.96372890804163e-16
  outer loop
    vertex 5.008543487003287 19.322218049669086 43.2524679651047
    vertex 5.008543487003287 17.330410244668798 42.57558650964441
    vertex 5.008543487003287 17.411200849685304 42.56677981984051
  endloop
endfacet
facet normal 1.0 1.0571765903384047e-16 -4.96372890804163e-16
  outer loop
    vertex 5.008543487003287 19.322218049669086 43.2524679651047
    vertex 5.008543487003287 17.411200849685304 42.56677981984051
    vertex 5.008543487003287 17.476764221114767 42.51875770023885
  endloop
endfacet
facet normal 1.0 1.0571765903384047e-16 -4.96372890804163e-16
  outer loop
    vertex 5.008543487003287 19.322218049669086 43.2524679651047
    vertex 5.008543487003287 17.476764221114767 42.51875770023885
    vertex 5.008543487003287 18.045461201993238 41.92052254152681
  endloop
endfacet
facet normal 1.0 1.0571765903384047e-16 -4.96372890804163e-16
  outer loop
    vertex 5.008543487003287 19.322218049669086 43.2524679651047
    vertex 5.008543487003287 18.045461201993238 41.92052254152681
    vertex 5.008543487003287 20.388806170386335 42.50007281208243
  endloop
endfacet
facet normal 1.0 1.0571765903384047e-16 -4.96372890804163e-16
  outer loop
    vertex 5.008543487003287 20.388806170386335 42.50007281208243
    vertex 5.008543487003287 18.045461201993238 41.92052254152681
    vertex 5.008543487003289 18.09010477869048 41.852613553138575
  endloop
endfacet
facet normal 1.0 1.0571765903384047e-16 -4.96372890804163e-16
  outer loop
    vertex 5.008543487003287 20.388806170386335 42.50007281208243
    vertex 5.008543487003289 18.09010477869048 41.852613553138575
    vertex 5.008543487003287 18.094812756031974 41.77148085570046
  endloop
endfacet
facet normal 1.0 1.0571765903384047e-16 -4.96372890804163e-16
  outer loop
    vertex 5.008543487003287 20.388806170386335 42.50007281208243
    vertex 5.008543487003287 18.094812756031974 41.77148085570046
    vertex 5.008543487003287 18.0583236352911 41.69886388997073
  endloop
endfacet
facet normal 1.0 1.0571765903384047e-16 -4.96372890804163e-16
  outer loop
    vertex 5.008543487003287 20.388806170386335 42.50007281208243
    vertex 5.008543487003287 18.0583236352911 41.69886388997073
    vertex 5.008543487003287 17.680421650754674 41.26754043734853
  endloop
endfacet
facet normal 1.0 1.0571765903384047e-16 -4.96372890804163e-16
  outer loop
    vertex 5.008543487003287 20.388806170386335 42.50007281208243
    vertex 5.008543487003287 17.680421650754674 41.26754043734853
    vertex 5.008543487003287 17.594315015109302 41.123037753362205
  endloop
endfacet
facet normal 1.0 1.0571765903384047e-16 -4.96372890804163e-16
  outer loop
    vertex 5.008543487003287 20.388806170386335 42.50007281208243
    vertex 5.008543487003287 17.594315015109302 41.123037753362205
    vertex 5.008543487003286 17.48052988054436 40.866817344341165
  endloop
endfacet
facet normal 1.0 1.0571765903384047e-16 -4.96372890804163e-16
  outer loop
    vertex 5.008543487003287 20.388806170386335 42.50007281208243
    vertex 5.008543487003286 17.48052988054436 40.866817344341165
    vertex 5.008543487003286 17.365697249061842 40.491503760398565
  endloop
endfacet
facet normal 1.0 1.0571765903384047e-16 -4.96372890804163e-16
  outer loop
    vertex 5.008543487003287 20.388806170386335 42.50007281208243
    vertex 5.008543487003286 17.365697249061842 40.491503760398565
    vertex 5.008543487003286 21.61378537724524 42.04936822112523
  endloop
endfacet
facet normal 1.0 1.0571765903384047e-16 -4.96372890804163e-16
  outer loop
    vertex 5.008543487003286 21.61378537724524 42.04936822112523
    vertex 5.008543487003286 17.365697249061842 40.491503760398565
    vertex 5.008543487003286 17.27764221897279 39.99461918209899
  endloop
endfacet
facet normal 1.0 1.0571765903384047e-16 -4.96372890804163e-16
  outer loop
    vertex 5.008543487003286 21.61378537724524 42.04936822112523
    vertex 5.008543487003286 17.27764221897279 39.99461918209899
    vertex 5.008543487003286 17.25674804400613 39.769587787798656
  endloop
endfacet
facet normal 1.0 1.0571765903384047e-16 -4.96372890804163e-16
  outer loop
    vertex 5.008543487003286 21.61378537724524 42.04936822112523
    vertex 5.008543487003286 17.25674804400613 39.769587787798656
    vertex 5.008543487003286 19.4053662589606 40.84698705699138
  endloop
endfacet
facet normal 1.0 1.0571765903384047e-16 -4.96372890804163e-16
  outer loop
    vertex 5.008543487003286 21.61378537724524 42.04936822112523
    vertex 5.008543487003286 19.4053662589606 40.84698705699138
    vertex 5.008543487003286 19.48337721963647 40.869767962562975
  endloop
endfacet
facet normal 1.0 1.0571765903384047e-16 -4.96372890804163e-16
  outer loop
    vertex 5.008543487003286 21.61378537724524 42.04936822112523
    vertex 5.008543487003286 19.48337721963647 40.869767962562975
    vertex 5.008543487003286 19.562327146141197 40.85049132517125
  endloop
endfacet
facet normal 1.0 1.0571765903384047e-16 -4.96372890804163e-16
  outer loop
    vertex 5.008543487003286 21.61378537724524 42.04936822112523
    vertex 5.008543487003286 19.562327146141197 40.85049132517125
    vertex 5.008543487003286 20.31666933087317 40.51542501902678
  endloop
endfacet
facet normal 1.0 1.0571765903384047e-16 -4.96372890804163e-16
  outer loop
    vertex 5.008543487003286 21.61378537724524 42.04936822112523
    vertex 5.008543487003286 20.31666933087317 40.51542501902678
    vertex 5.008543487003284 22.913675361672226 41.931068965282265
  endloop
endfacet
facet normal 1.0 1.0571765903384047e-16 -4.96372890804163e-16
  outer loop
    vertex 5.008543487003284 22.913675361672226 41.931068965282265
    vertex 5.008543487003286 20.31666933087317 40.51542501902678
    vertex 5.008543487003286 20.383902262406703 40.46976965174491
  endloop
endfacet
facet normal 1.0 1.0571765903384047e-16 -4.96372890804163e-16
  outer loop
    vertex 5.008543487003284 22.913675361672226 41.931068965282265
    vertex 5.008543487003286 20.383902262406703 40.46976965174491
    vertex 5.008543487003286 20.419300005444708 40.396614478092935
  endloop
endfacet
facet normal 1.0 1.0571765903384047e-16 -4.96372890804163e-16
  outer loop
    vertex 5.008543487003284 22.913675361672226 41.931068965282265
    vertex 5.008543487003286 20.419300005444708 40.396614478092935
    vertex 5.008543487003286 20.41337776332625 40.315561367773064
  endloop
endfacet
facet normal 1.0 1.0571765903384047e-16 -4.96372890804163e-16
  outer loop
    vertex 5.008543487003284 22.913675361672226 41.931068965282265
    vertex 5.008543487003286 20.41337776332625 40.315561367773064
    vertex 5.008543487003286 24.19989076939835 42.15323694334052
  endloop
endfacet
facet normal 1.0 1.0571765903384047e-16 -4.96372890804163e-16
  outer loop
    vertex 5.008543487003286 24.19989076939835 42.15323694334052
    vertex 5.008543487003286 20.41337776332625 40.315561367773064
    vertex 5.008543487003286 20.229302193826683 39.77245362946334
  endloop
endfacet
facet normal 1.0 1.0571765903384047e-16 -4.96372890804163e-16
  outer loop
    vertex 5.008543487003286 24.19989076939835 42.15323694334052
    vertex 5.008543487003286 20.229302193826683 39.77245362946334
    vertex 5.008543487003286 20.20504881863437 39.605998974457236
  endloop
endfacet
facet normal 1.0 1.0571765903384047e-16 -4.96372890804163e-16
  outer loop
    vertex 5.008543487003286 24.19989076939835 42.15323694334052
    vertex 5.008543487003286 20.20504881863437 39.605998974457236
    vertex 5.008543487003287 25.384778145958556 42.700731774745215
  endloop
endfacet
facet normal 1.0 1.0571765903384047e-16 -4.96372890804163e-16
  outer loop
    vertex 5.008543487003287 25.384778145958556 42.700731774745215
    vertex 5.008543487003286 20.20504881863437 39.605998974457236
    vertex 5.008543487003284 20.197976367271934 39.3257384969036
  endloop
endfacet
facet normal 1.0 1.0571765903384047e-16 -4.96372890804163e-16
  outer loop
    vertex 5.008543487003287 25.384778145958556 42.700731774745215
    vertex 5.008543487003284 20.197976367271934 39.3257384969036
    vertex 5.008543487003289 30.658330199886002 45.93849968665332
  endloop
endfacet
facet normal 1.0 1.0571765903384047e-16 -4.96372890804163e-16
  outer loop
    vertex 5.008543487003289 30.658330199886002 45.93849968665332
    vertex 5.008543487003284 20.197976367271934 39.3257384969036
    vertex 5.008543487003287 30.995153455333643 45.737012927448916
  endloop
endfacet
facet normal 1.0 1.0571765903384047e-16 -4.96372890804163e-16
  outer loop
    vertex 5.008543487003287 30.995153455333643 45.737012927448916
    vertex 5.008543487003284 20.197976367271934 39.3257384969036
    vertex 5.008543487003287 29.170287688119085 44.597926804251685
  endloop
endfacet
facet normal 1.0 1.0571765903384047e-16 -4.96372890804163e-16
  outer loop
    vertex 5.008543487003287 29.170287688119085 44.597926804251685
    vertex 5.008543487003284 20.197976367271934 39.3257384969036
    vertex 5.008543487003286 22.0472368778951 40.094921006914035
  endloop
endfacet
facet normal 1.0 1.0571765903384047e-16 -4.96372890804163e-16
  outer loop
    vertex 5.008543487003287 30.995153455333643 45.737012927448916
    vertex 5.008543487003287 29.170287688119085 44.597926804251685
    vertex 5.008543487003287 29.24344286177106 44.633324547289696
  endloop
endfacet
facet normal 1.0 1.0571765903384047e-16 -4.96372890804163e-16
  outer loop
    vertex 5.008543487003287 30.995153455333643 45.737012927448916
    vertex 5.008543487003287 29.24344286177106 44.633324547289696
    vertex 5.008543487003287 29.32449597209093 44.62740230517124
  endloop
endfacet
facet normal 1.0 1.0571765903384047e-16 -4.96372890804163e-16
  outer loop
    vertex 5.008543487003287 30.995153455333643 45.737012927448916
    vertex 5.008543487003287 29.32449597209093 44.62740230517124
    vertex 5.008543487003287 31.393612808178247 45.42737101070217
  endloop
endfacet
facet normal 1.0 1.0571765903384047e-16 -4.96372890804163e-16
  outer loop
    vertex 5.008543487003287 31.393612808178247 45.42737101070217
    vertex 5.008543487003287 29.32449597209093 44.62740230517124
    vertex 5.008543487003287 29.867603710400665 44.44332673567166
  endloop
endfacet
facet normal 1.0 1.0571765903384047e-16 -4.96372890804163e-16
  outer loop
    vertex 5.008543487003287 31.393612808178247 45.42737101070217
    vertex 5.008543487003287 29.867603710400665 44.44332673567166
    vertex 5.008543487003287 31.559982818061 45.2744111637491
  endloop
endfacet
facet normal 1.0 1.0571765903384047e-16 -4.96372890804163e-16
  outer loop
    vertex 5.008543487003287 31.559982818061 45.2744111637491
    vertex 5.008543487003287 29.867603710400665 44.44332673567166
    vertex 5.008543487003289 30.03405836540674 44.41907336047935
  endloop
endfacet
facet normal 1.0 1.0571765903384047e-16 -4.96372890804163e-16
  outer loop
    vertex 5.008543487003287 31.559982818061 45.2744111637491
    vertex 5.008543487003289 30.03405836540674 44.41907336047935
    vertex 5.008543487003289 30.314318842960397 44.412000909116934
  endloop
endfacet
facet normal 1.0 1.0571765903384047e-16 -4.96372890804163e-16
  outer loop
    vertex 5.008543487003287 31.559982818061 45.2744111637491
    vertex 5.008543487003289 30.314318842960397 44.412000909116934
    vertex 5.008543487003287 31.413664374023874 44.625145023381585
  endloop
endfacet
facet normal 1.0 1.0571765903384047e-16 -4.96372890804163e-16
  outer loop
    vertex 5.008543487003287 31.413664374023874 44.625145023381585
    vertex 5.008543487003289 30.314318842960397 44.412000909116934
    vertex 5.008543487003287 30.70500792700168 44.44953568174221
  endloop
endfacet
facet normal 1.0 1.0571765903384047e-16 -4.96372890804163e-16
  outer loop
    vertex 5.008543487003287 31.413664374023874 44.625145023381585
    vertex 5.008543487003287 30.70500792700168 44.44953568174221
    vertex 5.008543487003287 31.19776662006464 44.55833293762124
  endloop
endfacet
facet normal 1.0 1.0571765903384047e-16 -4.96372890804163e-16
  outer loop
    vertex 5.008543487003291 20.04125465206031 51.15335010696378
    vertex 5.008543487003293 25.220983979384627 54.248082907251735
    vertex 5.008543487003293 25.228056430747063 54.52834338480537
  endloop
endfacet
facet normal 1.0 1.0571765903384047e-16 -4.96372890804163e-16
  outer loop
    vertex 5.008543487003293 25.220983979384627 54.248082907251735
    vertex 5.008543487003291 20.04125465206031 51.15335010696378
    vertex 5.008543487003291 21.22614202862051 51.700844938368476
  endloop
endfacet
facet normal 1.0 1.0571765903384047e-16 -4.96372890804163e-16
  outer loop
    vertex 5.008543487003293 25.220983979384627 54.248082907251735
    vertex 5.008543487003291 21.22614202862051 51.700844938368476
    vertex 5.008543487003293 25.196730604192318 54.08162825224562
  endloop
endfacet
facet normal 1.0 1.0571765903384047e-16 -4.96372890804163e-16
  outer loop
    vertex 5.008543487003293 25.196730604192318 54.08162825224562
    vertex 5.008543487003291 21.22614202862051 51.700844938368476
    vertex 5.0085434870032906 22.51235743634664 51.92301291642672
  endloop
endfacet
facet normal 1.0 1.0571765903384047e-16 -4.96372890804163e-16
  outer loop
    vertex 5.008543487003293 25.196730604192318 54.08162825224562
    vertex 5.0085434870032906 22.51235743634664 51.92301291642672
    vertex 5.008543487003291 25.01265503469275 53.53852051393591
  endloop
endfacet
facet normal 1.0 1.0571765903384047e-16 -4.96372890804163e-16
  outer loop
    vertex 5.008543487003291 25.01265503469275 53.53852051393591
    vertex 5.0085434870032906 22.51235743634664 51.92301291642672
    vertex 5.008543487003291 25.0067327925743 53.45746740361604
  endloop
endfacet
facet normal 1.0 1.0571765903384047e-16 -4.96372890804163e-16
  outer loop
    vertex 5.008543487003291 25.0067327925743 53.45746740361604
    vertex 5.0085434870032906 22.51235743634664 51.92301291642672
    vertex 5.008543487003293 23.812247420773627 51.80471366058376
  endloop
endfacet
facet normal 1.0 1.0571765903384047e-16 -4.96372890804163e-16
  outer loop
    vertex 5.008543487003291 25.0067327925743 53.45746740361604
    vertex 5.008543487003293 23.812247420773627 51.80471366058376
    vertex 5.008543487003291 25.04213053561231 53.38431222996406
  endloop
endfacet
facet normal 1.0 1.0571765903384047e-16 -4.96372890804163e-16
  outer loop
    vertex 5.008543487003291 25.04213053561231 53.38431222996406
    vertex 5.008543487003293 23.812247420773627 51.80471366058376
    vertex 5.008543487003291 25.109363467145823 53.3386568626822
  endloop
endfacet
facet normal 1.0 1.0571765903384047e-16 -4.96372890804163e-16
  outer loop
    vertex 5.008543487003291 25.109363467145823 53.3386568626822
    vertex 5.008543487003293 23.812247420773627 51.80471366058376
    vertex 5.008543487003291 25.8637056518778 53.00359055653773
  endloop
endfacet
facet normal 1.0 1.0571765903384047e-16 -4.96372890804163e-16
  outer loop
    vertex 5.008543487003291 25.8637056518778 53.00359055653773
    vertex 5.008543487003293 23.812247420773627 51.80471366058376
    vertex 5.008543487003291 25.037226627632524 51.35400906962657
  endloop
endfacet
facet normal 1.0 1.0571765903384047e-16 -4.96372890804163e-16
  outer loop
    vertex 5.008543487003291 25.8637056518778 53.00359055653773
    vertex 5.008543487003291 25.037226627632524 51.35400906962657
    vertex 5.008543487003291 25.94265557838253 52.984313919146
  endloop
endfacet
facet normal 1.0 1.0571765903384047e-16 -4.96372890804163e-16
  outer loop
    vertex 5.008543487003291 25.94265557838253 52.984313919146
    vertex 5.008543487003291 25.037226627632524 51.35400906962657
    vertex 5.008543487003291 26.0206665390584 53.00709482471758
  endloop
endfacet
facet normal 1.0 1.0571765903384047e-16 -4.96372890804163e-16
  outer loop
    vertex 5.008543487003291 26.0206665390584 53.00709482471758
    vertex 5.008543487003291 25.037226627632524 51.35400906962657
    vertex 5.008543487003291 28.16928475401288 54.08449409391031
  endloop
endfacet
facet normal 1.0 1.0571765903384047e-16 -4.96372890804163e-16
  outer loop
    vertex 5.008543487003291 28.16928475401288 54.08449409391031
    vertex 5.008543487003291 25.037226627632524 51.35400906962657
    vertex 5.008543487003291 28.1483905790462 53.85946269960998
  endloop
endfacet
facet normal 1.0 1.0571765903384047e-16 -4.96372890804163e-16
  outer loop
    vertex 5.008543487003291 28.1483905790462 53.85946269960998
    vertex 5.008543487003291 25.037226627632524 51.35400906962657
    vertex 5.008543487003291 28.06033554895718 53.362578121310406
  endloop
endfacet
facet normal 1.0 1.0571765903384047e-16 -4.96372890804163e-16
  outer loop
    vertex 5.008543487003291 28.06033554895718 53.362578121310406
    vertex 5.008543487003291 25.037226627632524 51.35400906962657
    vertex 5.008543487003291 27.945502917474638 52.98726453736779
  endloop
endfacet
facet normal 1.0 1.0571765903384047e-16 -4.96372890804163e-16
  outer loop
    vertex 5.008543487003291 27.945502917474638 52.98726453736779
    vertex 5.008543487003291 25.037226627632524 51.35400906962657
    vertex 5.0085434870032906 26.10381474834978 50.60161391660429
  endloop
endfacet
facet normal 1.0 1.0571765903384047e-16 -4.96372890804163e-16
  outer loop
    vertex 5.008543487003291 27.945502917474638 52.98726453736779
    vertex 5.0085434870032906 26.10381474834978 50.60161391660429
    vertex 5.008543487003291 27.83171778290971 52.73104412834677
  endloop
endfacet
facet normal 1.0 1.0571765903384047e-16 -4.96372890804163e-16
  outer loop
    vertex 5.008543487003291 27.83171778290971 52.73104412834677
    vertex 5.0085434870032906 26.10381474834978 50.60161391660429
    vertex 5.0085434870032906 27.367709162727923 52.155217991738226
  endloop
endfacet
facet normal 1.0 1.0571765903384047e-16 -4.96372890804163e-16
  outer loop
    vertex 5.008543487003291 27.83171778290971 52.73104412834677
    vertex 5.0085434870032906 27.367709162727923 52.155217991738226
    vertex 5.008543487003291 27.745611147264334 52.58654144436044
  endloop
endfacet
facet normal 1.0 1.0571765903384047e-16 -4.96372890804163e-16
  outer loop
    vertex 5.0085434870032906 27.367709162727923 52.155217991738226
    vertex 5.0085434870032906 26.10381474834978 50.60161391660429
    vertex 5.0085434870032906 27.331220041987024 52.08260102600852
  endloop
endfacet
facet normal 1.0 1.0571765903384047e-16 -4.96372890804163e-16
  outer loop
    vertex 5.0085434870032906 27.331220041987024 52.08260102600852
    vertex 5.0085434870032906 26.10381474834978 50.60161391660429
    vertex 5.0085434870032906 27.335928019328524 52.00146832857039
  endloop
endfacet
facet normal 1.0 1.0571765903384047e-16 -4.96372890804163e-16
  outer loop
    vertex 5.0085434870032906 27.335928019328524 52.00146832857039
    vertex 5.0085434870032906 26.10381474834978 50.60161391660429
    vertex 5.0085434870032906 27.380571596025767 51.93355934018216
  endloop
endfacet
facet normal 1.0 1.0571765903384047e-16 -4.96372890804163e-16
  outer loop
    vertex 5.0085434870032906 27.380571596025767 51.93355934018216
    vertex 5.0085434870032906 26.10381474834978 50.60161391660429
    vertex 5.0085434870032906 27.94926857690424 51.33532418147013
  endloop
endfacet
facet normal 1.0 1.0571765903384047e-16 -4.96372890804163e-16
  outer loop
    vertex 5.0085434870032906 27.94926857690424 51.33532418147013
    vertex 5.0085434870032906 26.10381474834978 50.60161391660429
    vertex 5.0085434870032906 26.939325565118715 49.59880268780362
  endloop
endfacet
facet normal 1.0 1.0571765903384047e-16 -4.96372890804163e-16
  outer loop
    vertex 5.0085434870032906 27.94926857690424 51.33532418147013
    vertex 5.0085434870032906 26.939325565118715 49.59880268780362
    vertex 5.0085434870032906 28.0148319483337 51.28730206186843
  endloop
endfacet
facet normal 1.0 1.0571765903384047e-16 -4.96372890804163e-16
  outer loop
    vertex 5.0085434870032906 28.0148319483337 51.28730206186843
    vertex 5.0085434870032906 26.939325565118715 49.59880268780362
    vertex 5.0085434870032906 28.0956225533502 51.27849537206457
  endloop
endfacet
facet normal 1.0 1.0571765903384047e-16 -4.96372890804163e-16
  outer loop
    vertex 5.0085434870032906 28.0956225533502 51.27849537206457
    vertex 5.0085434870032906 26.939325565118715 49.59880268780362
    vertex 5.0085434870032906 28.169992614583574 51.311263857479396
  endloop
endfacet
facet normal 1.0 1.0571765903384047e-16 -4.96372890804163e-16
  outer loop
    vertex 5.0085434870032906 28.169992614583574 51.311263857479396
    vertex 5.0085434870032906 26.939325565118715 49.59880268780362
    vertex 5.008543487003289 29.030205890592647 51.84622198378104
  endloop
endfacet
facet normal 1.0 1.0571765903384047e-16 -4.96372890804163e-16
  outer loop
    vertex 5.008543487003289 29.030205890592647 51.84622198378104
    vertex 5.0085434870032906 26.939325565118715 49.59880268780362
    vertex 5.008543487003289 29.41084855233374 51.941919338016625
  endloop
endfacet
facet normal 1.0 1.0571765903384047e-16 -4.96372890804163e-16
  outer loop
    vertex 5.008543487003289 29.41084855233374 51.941919338016625
    vertex 5.0085434870032906 26.939325565118715 49.59880268780362
    vertex 5.008543487003289 29.911551761828566 52.00472274936903
  endloop
endfacet
facet normal 1.0 1.0571765903384047e-16 -4.96372890804163e-16
  outer loop
    vertex 5.008543487003289 29.911551761828566 52.00472274936903
    vertex 5.0085434870032906 26.939325565118715 49.59880268780362
    vertex 5.0085434870032906 30.13735206903251 52.01420516651343
  endloop
endfacet
facet normal 1.0 1.0571765903384047e-16 -4.96372890804163e-16
  outer loop
    vertex 5.0085434870032906 30.13735206903251 52.01420516651343
    vertex 5.0085434870032906 26.939325565118715 49.59880268780362
    vertex 5.0085434870032906 30.492989795689873 51.45164191187344
  endloop
endfacet
facet normal 1.0 1.0571765903384047e-16 -4.96372890804163e-16
  outer loop
    vertex 5.0085434870032906 30.492989795689873 51.45164191187344
    vertex 5.0085434870032906 26.939325565118715 49.59880268780362
    vertex 5.0085434870032906 28.952627650876693 49.92284736070483
  endloop
endfacet
facet normal 1.0 1.0571765903384047e-16 -4.96372890804163e-16
  outer loop
    vertex 5.0085434870032906 28.952627650876693 49.92284736070483
    vertex 5.0085434870032906 26.939325565118715 49.59880268780362
    vertex 5.008543487003289 27.486820396523424 48.41391531124343
  endloop
endfacet
facet normal 1.0 1.0571765903384047e-16 -4.96372890804163e-16
  outer loop
    vertex 5.0085434870032906 30.492989795689873 51.45164191187344
    vertex 5.0085434870032906 28.952627650876693 49.92284736070483
    vertex 5.0085434870032906 30.387570308728726 51.25173586709956
  endloop
endfacet
facet normal 1.0 1.0571765903384047e-16 -4.96372890804163e-16
  outer loop
    vertex 5.0085434870032906 30.387570308728726 51.25173586709956
    vertex 5.0085434870032906 28.952627650876693 49.92284736070483
    vertex 5.0085434870032906 29.01412851238192 49.97597290708651
  endloop
endfacet
facet normal 1.0 1.0571765903384047e-16 -4.96372890804163e-16
  outer loop
    vertex 5.0085434870032906 30.387570308728726 51.25173586709956
    vertex 5.0085434870032906 29.01412851238192 49.97597290708651
    vertex 5.0085434870032906 30.11606857278185 50.82637157633956
  endloop
endfacet
facet normal 1.0 1.0571765903384047e-16 -4.96372890804163e-16
  outer loop
    vertex 5.0085434870032906 30.11606857278185 50.82637157633956
    vertex 5.0085434870032906 29.01412851238192 49.97597290708651
    vertex 5.008543487003289 29.866350764374324 50.523571583424776
  endloop
endfacet
facet normal 1.0 1.0571765903384047e-16 -4.96372890804163e-16
  outer loop
    vertex 5.0085434870032906 28.952627650876693 49.92284736070483
    vertex 5.008543487003289 27.486820396523424 48.41391531124343
    vertex 5.0085434870032906 28.925929115649367 49.84608885719576
  endloop
endfacet
facet normal 1.0 1.0571765903384047e-16 -4.96372890804163e-16
  outer loop
    vertex 5.0085434870032906 28.925929115649367 49.84608885719576
    vertex 5.008543487003289 27.486820396523424 48.41391531124343
    vertex 5.008543487003289 28.941186757653213 49.766264775586805
  endloop
endfacet
facet normal 1.0 1.0571765903384047e-16 -4.96372890804163e-16
  outer loop
    vertex 5.008543487003289 28.941186757653213 49.766264775586805
    vertex 5.008543487003289 27.486820396523424 48.41391531124343
    vertex 5.008543487003289 29.237659574590392 48.99593664420586
  endloop
endfacet
facet normal 1.0 1.0571765903384047e-16 -4.96372890804163e-16
  outer loop
    vertex 5.008543487003289 29.237659574590392 48.99593664420586
    vertex 5.008543487003289 27.486820396523424 48.41391531124343
    vertex 5.008543487003289 27.70898837458165 47.12769990351729
  endloop
endfacet
facet normal 1.0 1.0571765903384047e-16 -4.96372890804163e-16
  outer loop
    vertex 5.008543487003289 29.237659574590392 48.99593664420586
    vertex 5.008543487003289 27.70898837458165 47.12769990351729
    vertex 5.008543487003289 29.2798549619779 48.92647997478201
  endloop
endfacet
facet normal 1.0 1.0571765903384047e-16 -4.96372890804163e-16
  outer loop
    vertex 5.008543487003289 29.2798549619779 48.92647997478201
    vertex 5.008543487003289 27.70898837458165 47.12769990351729
    vertex 5.008543487003289 29.351125574089913 48.88742642829247
  endloop
endfacet
facet normal 1.0 1.0571765903384047e-16 -4.96372890804163e-16
  outer loop
    vertex 5.008543487003289 29.351125574089913 48.88742642829247
    vertex 5.008543487003289 27.70898837458165 47.12769990351729
    vertex 5.008543487003289 29.432374507966983 48.889240370980666
  endloop
endfacet
facet normal 1.0 1.0571765903384047e-16 -4.96372890804163e-16
  outer loop
    vertex 5.008543487003289 29.432374507966983 48.889240370980666
    vertex 5.008543487003289 27.70898837458165 47.12769990351729
    vertex 5.008543487003287 29.984099643510707 49.04560278816506
  endloop
endfacet
facet normal 1.0 1.0571765903384047e-16 -4.96372890804163e-16
  outer loop
    vertex 5.008543487003287 29.984099643510707 49.04560278816506
    vertex 5.008543487003289 27.70898837458165 47.12769990351729
    vertex 5.008543487003289 30.151568179116484 49.06140367306047
  endloop
endfacet
facet normal 1.0 1.0571765903384047e-16 -4.96372890804163e-16
  outer loop
    vertex 5.008543487003289 30.151568179116484 49.06140367306047
    vertex 5.008543487003289 27.70898837458165 47.12769990351729
    vertex 5.008543487003289 30.431827559210962 49.05428786559213
  endloop
endfacet
facet normal 1.0 1.0571765903384047e-16 -4.96372890804163e-16
  outer loop
    vertex 5.008543487003289 30.431827559210962 49.05428786559213
    vertex 5.008543487003289 27.70898837458165 47.12769990351729
    vertex 5.0085434870032906 30.820117315581317 48.99703505218624
  endloop
endfacet
facet normal 1.0 1.0571765903384047e-16 -4.96372890804163e-16
  outer loop
    vertex 5.0085434870032906 30.820117315581317 48.99703505218624
    vertex 5.008543487003289 27.70898837458165 47.12769990351729
    vertex 5.008543487003287 27.5906891187387 45.82780991909031
  endloop
endfacet
facet normal 1.0 1.0571765903384047e-16 -4.96372890804163e-16
  outer loop
    vertex 5.0085434870032906 30.820117315581317 48.99703505218624
    vertex 5.008543487003287 27.5906891187387 45.82780991909031
    vertex 5.008543487003289 31.30674058771689 48.86344701570091
  endloop
endfacet
facet normal 1.0 1.0571765903384047e-16 -4.96372890804163e-16
  outer loop
    vertex 5.008543487003289 31.30674058771689 48.86344701570091
    vertex 5.008543487003287 27.5906891187387 45.82780991909031
    vertex 5.008543487003289 31.51898163391729 48.785797590229436
  endloop
endfacet
facet normal 1.0 1.0571765903384047e-16 -4.96372890804163e-16
  outer loop
    vertex 5.008543487003289 31.51898163391729 48.785797590229436
    vertex 5.008543487003287 27.5906891187387 45.82780991909031
    vertex 5.008543487003289 29.624111008886445 47.30700932503177
  endloop
endfacet
facet normal 1.0 1.0571765903384047e-16 -4.96372890804163e-16
  outer loop
    vertex 5.008543487003289 29.624111008886445 47.30700932503177
    vertex 5.008543487003287 27.5906891187387 45.82780991909031
    vertex 5.008543487003289 29.570070571055833 47.24631080179347
  endloop
endfacet
facet normal 1.0 1.0571765903384047e-16 -4.96372890804163e-16
  outer loop
    vertex 5.008543487003289 29.570070571055833 47.24631080179347
    vertex 5.008543487003287 27.5906891187387 45.82780991909031
    vertex 5.008543487003289 29.553619440682034 47.166724119781605
  endloop
endfacet
facet normal 1.0 1.0571765903384047e-16 -4.96372890804163e-16
  outer loop
    vertex 5.008543487003289 29.553619440682034 47.166724119781605
    vertex 5.008543487003287 27.5906891187387 45.82780991909031
    vertex 5.008543487003286 29.53273279483202 46.34157849069262
  endloop
endfacet
facet normal 1.0 1.0571765903384047e-16 -4.96372890804163e-16
  outer loop
    vertex 5.008543487003286 29.53273279483202 46.34157849069262
    vertex 5.008543487003287 27.5906891187387 45.82780991909031
    vertex 5.008543487003287 27.13998452778153 44.6028307122314
  endloop
endfacet
facet normal 1.0 1.0571765903384047e-16 -4.96372890804163e-16
  outer loop
    vertex 5.008543487003286 29.53273279483202 46.34157849069262
    vertex 5.008543487003287 27.13998452778153 44.6028307122314
    vertex 5.008543487003286 29.545136332949955 46.2612614197401
  endloop
endfacet
facet normal 1.0 1.0571765903384047e-16 -4.96372890804163e-16
  outer loop
    vertex 5.008543487003286 29.545136332949955 46.2612614197401
    vertex 5.008543487003287 27.13998452778153 44.6028307122314
    vertex 5.008543487003286 29.596036647533158 46.19790656499662
  endloop
endfacet
facet normal 1.0 1.0571765903384047e-16 -4.96372890804163e-16
  outer loop
    vertex 5.008543487003286 29.596036647533158 46.19790656499662
    vertex 5.008543487003287 27.13998452778153 44.6028307122314
    vertex 5.008543487003286 29.67179504039456 46.168489808627314
  endloop
endfacet
facet normal 1.0 1.0571765903384047e-16 -4.96372890804163e-16
  outer loop
    vertex 5.008543487003286 29.67179504039456 46.168489808627314
    vertex 5.008543487003287 27.13998452778153 44.6028307122314
    vertex 5.008543487003286 26.387589374759227 43.53624259151415
  endloop
endfacet
facet normal 1.0 1.0571765903384047e-16 -4.96372890804163e-16
  outer loop
    vertex 5.008543487003286 29.67179504039456 46.168489808627314
    vertex 5.008543487003286 26.387589374759227 43.53624259151415
    vertex 5.008543487003289 30.241359907196447 46.10181377692603
  endloop
endfacet
facet normal 1.0 1.0571765903384047e-16 -4.96372890804163e-16
  outer loop
    vertex 5.008543487003289 30.241359907196447 46.10181377692603
    vertex 5.008543487003286 26.387589374759227 43.53624259151415
    vertex 5.008543487003289 30.402127396448456 46.05232445705767
  endloop
endfacet
facet normal 1.0 1.0571765903384047e-16 -4.96372890804163e-16
  outer loop
    vertex 5.008543487003289 30.402127396448456 46.05232445705767
    vertex 5.008543487003286 26.387589374759227 43.53624259151415
    vertex 5.008543487003287 25.384778145958556 42.700731774745215
  endloop
endfacet
facet normal 1.0 1.0571765903384047e-16 -4.96372890804163e-16
  outer loop
    vertex 5.008543487003289 30.402127396448456 46.05232445705767
    vertex 5.008543487003287 25.384778145958556 42.700731774745215
    vertex 5.008543487003289 30.658330199886002 45.93849968665332
  endloop
endfacet
facet normal 1.0 1.0571765903384047e-16 -4.96372890804163e-16
  outer loop
    vertex 5.008543487003289 29.624111008886445 47.30700932503177
    vertex 5.008543487003289 31.632264413356765 48.12996024760885
    vertex 5.008543487003289 31.51898163391729 48.785797590229436
  endloop
endfacet
facet normal 1.0 1.0571765903384047e-16 -4.96372890804163e-16
  outer loop
    vertex 5.008543487003289 31.632264413356765 48.12996024760885
    vertex 5.008543487003289 29.624111008886445 47.30700932503177
    vertex 5.008543487003289 29.701260662498516 47.332555569213035
  endloop
endfacet
facet normal 1.0 1.0571765903384047e-16 -4.96372890804163e-16
  outer loop
    vertex 5.008543487003289 31.632264413356765 48.12996024760885
    vertex 5.008543487003289 29.701260662498516 47.332555569213035
    vertex 5.0085434870032906 30.273469456622028 47.370330251557434
  endloop
endfacet
facet normal 1.0 1.0571765903384047e-16 -4.96372890804163e-16
  outer loop
    vertex 5.008543487003289 31.632264413356765 48.12996024760885
    vertex 5.0085434870032906 30.273469456622028 47.370330251557434
    vertex 5.0085434870032906 30.436534870338452 47.41162249333381
  endloop
endfacet
facet normal 1.0 1.0571765903384047e-16 -4.96372890804163e-16
  outer loop
    vertex 5.008543487003289 31.632264413356765 48.12996024760885
    vertex 5.0085434870032906 30.436534870338452 47.41162249333381
    vertex 5.0085434870032906 30.69816829928469 47.512339441781876
  endloop
endfacet
facet normal 1.0 1.0571765903384047e-16 -4.96372890804163e-16
  outer loop
    vertex 5.008543487003289 31.632264413356765 48.12996024760885
    vertex 5.0085434870032906 30.69816829928469 47.512339441781876
    vertex 5.008543487003289 31.458368775660915 47.98561343552546
  endloop
endfacet
facet normal 1.0 1.0571765903384047e-16 -4.96372890804163e-16
  outer loop
    vertex 5.008543487003289 31.458368775660915 47.98561343552546
    vertex 5.0085434870032906 30.69816829928469 47.512339441781876
    vertex 5.008543487003289 31.044754011984715 47.69652728963633
  endloop
endfacet
facet normal 1.0 1.0571765903384047e-16 -4.96372890804163e-16
  outer loop
    vertex 5.0085434870032906 29.01412851238192 49.97597290708651
    vertex 5.0085434870032906 29.663175701879567 50.33039847756599
    vertex 5.008543487003289 29.866350764374324 50.523571583424776
  endloop
endfacet
facet normal 1.0 1.0571765903384047e-16 -4.96372890804163e-16
  outer loop
    vertex 5.0085434870032906 29.663175701879567 50.33039847756599
    vertex 5.0085434870032906 29.01412851238192 49.97597290708651
    vertex 5.0085434870032906 29.528324760499544 50.229846988316254
  endloop
endfacet
facet normal 1.0 8.177691918980744e-17 -4.206032487116497e-16
  outer loop
    vertex 7.0085434870032906 19.038443423259633 50.31783929019484
    vertex 7.008543487003293 21.22614202862051 51.700844938368476
    vertex 7.008543487003293 20.04125465206031 51.15335010696378
  endloop
endfacet
facet normal 1.0 8.177691918980744e-17 -4.206032487116497e-16
  outer loop
    vertex 7.008543487003293 21.22614202862051 51.700844938368476
    vertex 7.0085434870032906 19.038443423259633 50.31783929019484
    vertex 7.0085434870032906 18.28604827023735 49.25125116947759
  endloop
endfacet
facet normal 1.0 8.177691918980744e-17 -4.206032487116497e-16
  outer loop
    vertex 7.008543487003293 21.22614202862051 51.700844938368476
    vertex 7.0085434870032906 18.28604827023735 49.25125116947759
    vertex 7.008543487003293 22.51235743634664 51.92301291642672
  endloop
endfacet
facet normal 1.0 8.177691918980744e-17 -4.206032487116497e-16
  outer loop
    vertex 7.008543487003293 22.51235743634664 51.92301291642672
    vertex 7.0085434870032906 18.28604827023735 49.25125116947759
    vertex 7.0085434870032906 17.835343679280154 48.026271962618665
  endloop
endfacet
facet normal 1.0 8.177691918980744e-17 -4.206032487116497e-16
  outer loop
    vertex 7.008543487003293 22.51235743634664 51.92301291642672
    vertex 7.0085434870032906 17.835343679280154 48.026271962618665
    vertex 7.0085434870032906 23.812247420773627 51.80471366058376
  endloop
endfacet
facet normal 1.0 8.177691918980744e-17 -4.206032487116497e-16
  outer loop
    vertex 7.0085434870032906 23.812247420773627 51.80471366058376
    vertex 7.0085434870032906 17.835343679280154 48.026271962618665
    vertex 7.0085434870032906 17.717044423437198 46.7263819781917
  endloop
endfacet
facet normal 1.0 8.177691918980744e-17 -4.206032487116497e-16
  outer loop
    vertex 7.0085434870032906 23.812247420773627 51.80471366058376
    vertex 7.0085434870032906 17.717044423437198 46.7263819781917
    vertex 7.0085434870032906 25.037226627632524 51.35400906962657
  endloop
endfacet
facet normal 1.0 8.177691918980744e-17 -4.206032487116497e-16
  outer loop
    vertex 7.0085434870032906 25.037226627632524 51.35400906962657
    vertex 7.0085434870032906 17.717044423437198 46.7263819781917
    vertex 7.008543487003288 19.96096803954893 47.31678584656276
  endloop
endfacet
facet normal 1.0 8.177691918980744e-17 -4.206032487116497e-16
  outer loop
    vertex 7.008543487003288 19.96096803954893 47.31678584656276
    vertex 7.0085434870032906 17.717044423437198 46.7263819781917
    vertex 7.008543487003288 17.939212401495443 45.440166570465564
  endloop
endfacet
facet normal 1.0 8.177691918980744e-17 -4.206032487116497e-16
  outer loop
    vertex 7.008543487003288 19.96096803954893 47.31678584656276
    vertex 7.008543487003288 17.939212401495443 45.440166570465564
    vertex 7.008543487003288 19.915272092688983 46.81467192176332
  endloop
endfacet
facet normal 1.0 8.177691918980744e-17 -4.206032487116497e-16
  outer loop
    vertex 7.008543487003288 19.915272092688983 46.81467192176332
    vertex 7.008543487003288 17.939212401495443 45.440166570465564
    vertex 7.00854348700329 20.039686160401597 46.09439129343669
  endloop
endfacet
facet normal 1.0 8.177691918980744e-17 -4.206032487116497e-16
  outer loop
    vertex 7.00854348700329 20.039686160401597 46.09439129343669
    vertex 7.008543487003288 17.939212401495443 45.440166570465564
    vertex 7.008543487003288 18.486707232900155 44.25527919390536
  endloop
endfacet
facet normal 1.0 8.177691918980744e-17 -4.206032487116497e-16
  outer loop
    vertex 7.00854348700329 20.039686160401597 46.09439129343669
    vertex 7.008543487003288 18.486707232900155 44.25527919390536
    vertex 7.008543487003288 20.346283265988234 45.430854362562975
  endloop
endfacet
facet normal 1.0 8.177691918980744e-17 -4.206032487116497e-16
  outer loop
    vertex 7.008543487003288 20.346283265988234 45.430854362562975
    vertex 7.008543487003288 18.486707232900155 44.25527919390536
    vertex 7.008543487003288 19.322218049669086 43.2524679651047
  endloop
endfacet
facet normal 1.0 8.177691918980744e-17 -4.206032487116497e-16
  outer loop
    vertex 7.008543487003288 20.346283265988234 45.430854362562975
    vertex 7.008543487003288 19.322218049669086 43.2524679651047
    vertex 7.008543487003288 20.814169323378827 44.869280074434606
  endloop
endfacet
facet normal 1.0 8.177691918980744e-17 -4.206032487116497e-16
  outer loop
    vertex 7.008543487003288 20.814169323378827 44.869280074434606
    vertex 7.008543487003288 19.322218049669086 43.2524679651047
    vertex 7.008543487003288 21.411458670980494 44.44793878874212
  endloop
endfacet
facet normal 1.0 8.177691918980744e-17 -4.206032487116497e-16
  outer loop
    vertex 7.008543487003288 21.411458670980494 44.44793878874212
    vertex 7.008543487003288 19.322218049669086 43.2524679651047
    vertex 7.008543487003288 20.38880617038634 42.50007281208242
  endloop
endfacet
facet normal 1.0 8.177691918980744e-17 -4.206032487116497e-16
  outer loop
    vertex 7.008543487003288 21.411458670980494 44.44793878874212
    vertex 7.008543487003288 20.38880617038634 42.50007281208242
    vertex 7.008543487003288 21.884636497352318 44.27384324696409
  endloop
endfacet
facet normal 1.0 8.177691918980744e-17 -4.206032487116497e-16
  outer loop
    vertex 7.008543487003288 21.884636497352318 44.27384324696409
    vertex 7.008543487003288 20.38880617038634 42.50007281208242
    vertex 7.008543487003288 25.465064758469936 46.5372960351462
  endloop
endfacet
facet normal 1.0 8.177691918980744e-17 -4.206032487116497e-16
  outer loop
    vertex 7.008543487003288 25.465064758469936 46.5372960351462
    vertex 7.008543487003288 20.38880617038634 42.50007281208242
    vertex 7.008543487003288 27.70898837458165 47.12769990351729
  endloop
endfacet
facet normal 1.0 8.177691918980744e-17 -4.206032487116497e-16
  outer loop
    vertex 7.008543487003288 27.70898837458165 47.12769990351729
    vertex 7.008543487003288 20.38880617038634 42.50007281208242
    vertex 7.008543487003288 27.5906891187387 45.82780991909031
  endloop
endfacet
facet normal 1.0 8.177691918980744e-17 -4.206032487116497e-16
  outer loop
    vertex 7.008543487003288 27.5906891187387 45.82780991909031
    vertex 7.008543487003288 20.38880617038634 42.50007281208242
    vertex 7.008543487003288 21.61378537724524 42.04936822112523
  endloop
endfacet
facet normal 1.0 8.177691918980744e-17 -4.206032487116497e-16
  outer loop
    vertex 7.008543487003288 27.5906891187387 45.82780991909031
    vertex 7.008543487003288 21.61378537724524 42.04936822112523
    vertex 7.008543487003288 22.913675361672226 41.931068965282265
  endloop
endfacet
facet normal 1.0 8.177691918980744e-17 -4.206032487116497e-16
  outer loop
    vertex 7.008543487003288 27.5906891187387 45.82780991909031
    vertex 7.008543487003288 22.913675361672226 41.931068965282265
    vertex 7.008543487003288 27.13998452778153 44.6028307122314
  endloop
endfacet
facet normal 1.0 8.177691918980744e-17 -4.206032487116497e-16
  outer loop
    vertex 7.008543487003288 27.13998452778153 44.6028307122314
    vertex 7.008543487003288 22.913675361672226 41.931068965282265
    vertex 7.008543487003288 24.19989076939834 42.15323694334051
  endloop
endfacet
facet normal 1.0 8.177691918980744e-17 -4.206032487116497e-16
  outer loop
    vertex 7.008543487003288 27.13998452778153 44.6028307122314
    vertex 7.008543487003288 24.19989076939834 42.15323694334051
    vertex 7.008543487003288 26.387589374759227 43.53624259151415
  endloop
endfacet
facet normal 1.0 8.177691918980744e-17 -4.206032487116497e-16
  outer loop
    vertex 7.008543487003288 26.387589374759227 43.53624259151415
    vertex 7.008543487003288 24.19989076939834 42.15323694334051
    vertex 7.008543487003288 25.384778145958556 42.700731774745215
  endloop
endfacet
facet normal 1.0 8.177691918980744e-17 -4.206032487116497e-16
  outer loop
    vertex 7.0085434870032906 25.037226627632524 51.35400906962657
    vertex 7.00854348700329 23.54139630066657 49.58023863474488
    vertex 7.0085434870032906 26.10381474834978 50.60161391660429
  endloop
endfacet
facet normal 1.0 8.177691918980744e-17 -4.206032487116497e-16
  outer loop
    vertex 7.00854348700329 23.54139630066657 49.58023863474488
    vertex 7.0085434870032906 25.037226627632524 51.35400906962657
    vertex 7.008543487003288 19.96096803954893 47.31678584656276
  endloop
endfacet
facet normal 1.0 8.177691918980744e-17 -4.206032487116497e-16
  outer loop
    vertex 7.0085434870032906 26.10381474834978 50.60161391660429
    vertex 7.00854348700329 23.54139630066657 49.58023863474488
    vertex 7.00854348700329 24.01457412703837 49.40614309296685
  endloop
endfacet
facet normal 1.0 8.177691918980744e-17 -4.206032487116497e-16
  outer loop
    vertex 7.0085434870032906 26.10381474834978 50.60161391660429
    vertex 7.00854348700329 24.01457412703837 49.40614309296685
    vertex 7.008543487003288 24.611863474640028 48.98480180727438
  endloop
endfacet
facet normal 1.0 8.177691918980744e-17 -4.206032487116497e-16
  outer loop
    vertex 7.0085434870032906 26.10381474834978 50.60161391660429
    vertex 7.008543487003288 24.611863474640028 48.98480180727438
    vertex 7.0085434870032906 26.939325565118715 49.59880268780362
  endloop
endfacet
facet normal 1.0 8.177691918980744e-17 -4.206032487116497e-16
  outer loop
    vertex 7.0085434870032906 26.939325565118715 49.59880268780362
    vertex 7.008543487003288 24.611863474640028 48.98480180727438
    vertex 7.008543487003288 25.079749532030633 48.423227519146
  endloop
endfacet
facet normal 1.0 8.177691918980744e-17 -4.206032487116497e-16
  outer loop
    vertex 7.0085434870032906 26.939325565118715 49.59880268780362
    vertex 7.008543487003288 25.079749532030633 48.423227519146
    vertex 7.0085434870032906 27.486820396523424 48.41391531124343
  endloop
endfacet
facet normal 1.0 8.177691918980744e-17 -4.206032487116497e-16
  outer loop
    vertex 7.0085434870032906 27.486820396523424 48.41391531124343
    vertex 7.008543487003288 25.079749532030633 48.423227519146
    vertex 7.008543487003288 25.38634663761727 47.759690588272285
  endloop
endfacet
facet normal 1.0 8.177691918980744e-17 -4.206032487116497e-16
  outer loop
    vertex 7.0085434870032906 27.486820396523424 48.41391531124343
    vertex 7.008543487003288 25.38634663761727 47.759690588272285
    vertex 7.008543487003288 25.510760705329876 47.03940995994566
  endloop
endfacet
facet normal 1.0 8.177691918980744e-17 -4.206032487116497e-16
  outer loop
    vertex 7.0085434870032906 27.486820396523424 48.41391531124343
    vertex 7.008543487003288 25.510760705329876 47.03940995994566
    vertex 7.008543487003288 27.70898837458165 47.12769990351729
  endloop
endfacet
facet normal 1.0 8.177691918980744e-17 -4.206032487116497e-16
  outer loop
    vertex 7.008543487003288 27.70898837458165 47.12769990351729
    vertex 7.008543487003288 25.510760705329876 47.03940995994566
    vertex 7.008543487003288 25.465064758469936 46.5372960351462
  endloop
endfacet
facet normal -4.949396234593742e-16 0.41945208244617255 -0.9077774785329107
  outer loop
    vertex 5.008543487003286 24.19989076939835 42.15323694334052
    vertex 7.008543487003288 25.384778145958556 42.700731774745215
    vertex 7.008543487003288 24.19989076939834 42.15323694334051
  endloop
endfacet
facet normal -4.949396234593742e-16 0.41945208244617255 -0.9077774785329107
  outer loop
    vertex 7.008543487003288 25.384778145958556 42.700731774745215
    vertex 5.008543487003286 24.19989076939835 42.15323694334052
    vertex 5.008543487003287 25.384778145958556 42.700731774745215
  endloop
endfacet
facet normal -4.490260125177294e-16 0.6401096994849584 -0.7682835235935208
  outer loop
    vertex 5.008543487003286 26.387589374759227 43.53624259151415
    vertex 7.008543487003288 25.384778145958556 42.700731774745215
    vertex 5.008543487003287 25.384778145958556 42.700731774745215
  endloop
endfacet
facet normal -4.490260125177294e-16 0.6401096994849584 -0.7682835235935208
  outer loop
    vertex 7.008543487003288 25.384778145958556 42.700731774745215
    vertex 5.008543487003286 26.387589374759227 43.53624259151415
    vertex 7.008543487003288 26.387589374759227 43.53624259151415
  endloop
endfacet
facet normal -3.72512020873578e-16 0.8171448983351239 -0.5764323161698001
  outer loop
    vertex 5.008543487003287 27.13998452778153 44.6028307122314
    vertex 7.008543487003288 26.387589374759227 43.53624259151415
    vertex 5.008543487003286 26.387589374759227 43.53624259151415
  endloop
endfacet
facet normal -3.72512020873578e-16 0.8171448983351239 -0.5764323161698001
  outer loop
    vertex 7.008543487003288 26.387589374759227 43.53624259151415
    vertex 5.008543487003287 27.13998452778153 44.6028307122314
    vertex 7.008543487003288 27.13998452778153 44.6028307122314
  endloop
endfacet
facet normal -2.7061195061210367e-16 0.9384930227595585 -0.34529819899852754
  outer loop
    vertex 5.008543487003287 27.5906891187387 45.82780991909031
    vertex 7.008543487003288 27.13998452778153 44.6028307122314
    vertex 5.008543487003287 27.13998452778153 44.6028307122314
  endloop
endfacet
facet normal -2.7061195061210367e-16 0.9384930227595585 -0.34529819899852754
  outer loop
    vertex 7.008543487003288 27.13998452778153 44.6028307122314
    vertex 5.008543487003287 27.5906891187387 45.82780991909031
    vertex 7.008543487003288 27.5906891187387 45.82780991909031
  endloop
endfacet
facet normal -1.5027012312381908e-16 0.99588439861597 -0.09063258019778464
  outer loop
    vertex 5.008543487003289 27.70898837458165 47.12769990351729
    vertex 7.008543487003288 27.5906891187387 45.82780991909031
    vertex 5.008543487003287 27.5906891187387 45.82780991909031
  endloop
endfacet
facet normal -1.5027012312381908e-16 0.99588439861597 -0.09063258019778464
  outer loop
    vertex 7.008543487003288 27.5906891187387 45.82780991909031
    vertex 5.008543487003289 27.70898837458165 47.12769990351729
    vertex 7.008543487003288 27.70898837458165 47.12769990351729
  endloop
endfacet
facet normal -1.9687635077759113e-17 0.9854078984834903 0.1702094991660317
  outer loop
    vertex 7.0085434870032906 27.486820396523424 48.41391531124343
    vertex 5.008543487003289 27.70898837458165 47.12769990351729
    vertex 5.008543487003289 27.486820396523424 48.41391531124343
  endloop
endfacet
facet normal -1.9687635077759113e-17 0.9854078984834903 0.1702094991660317
  outer loop
    vertex 5.008543487003289 27.70898837458165 47.12769990351729
    vertex 7.0085434870032906 27.486820396523424 48.41391531124343
    vertex 7.008543487003288 27.70898837458165 47.12769990351729
  endloop
endfacet
facet normal 1.122365327634942e-16 0.9077774785329082 0.4194520824461783
  outer loop
    vertex 5.0085434870032906 26.939325565118715 49.59880268780362
    vertex 7.0085434870032906 27.486820396523424 48.41391531124343
    vertex 5.008543487003289 27.486820396523424 48.41391531124343
  endloop
endfacet
facet normal 1.122365327634942e-16 0.9077774785329082 0.4194520824461783
  outer loop
    vertex 7.0085434870032906 27.486820396523424 48.41391531124343
    vertex 5.0085434870032906 26.939325565118715 49.59880268780362
    vertex 7.0085434870032906 26.939325565118715 49.59880268780362
  endloop
endfacet
facet normal 2.3651196637655376e-16 0.7682835235935234 0.6401096994849556
  outer loop
    vertex 7.0085434870032906 26.10381474834978 50.60161391660429
    vertex 5.0085434870032906 26.939325565118715 49.59880268780362
    vertex 5.0085434870032906 26.10381474834978 50.60161391660429
  endloop
endfacet
facet normal 2.3651196637655376e-16 0.7682835235935234 0.6401096994849556
  outer loop
    vertex 5.0085434870032906 26.939325565118715 49.59880268780362
    vertex 7.0085434870032906 26.10381474834978 50.60161391660429
    vertex 7.0085434870032906 26.939325565118715 49.59880268780362
  endloop
endfacet
facet normal 3.446695003355566e-16 0.5764323161697933 0.8171448983351286
  outer loop
    vertex 5.008543487003291 25.037226627632524 51.35400906962657
    vertex 7.0085434870032906 26.10381474834978 50.60161391660429
    vertex 5.0085434870032906 26.10381474834978 50.60161391660429
  endloop
endfacet
facet normal 3.446695003355566e-16 0.5764323161697933 0.8171448983351286
  outer loop
    vertex 7.0085434870032906 26.10381474834978 50.60161391660429
    vertex 5.008543487003291 25.037226627632524 51.35400906962657
    vertex 7.0085434870032906 25.037226627632524 51.35400906962657
  endloop
endfacet
facet normal 4.293383774399728e-16 0.3452981989985313 0.9384930227595571
  outer loop
    vertex 5.008543487003293 23.812247420773627 51.80471366058376
    vertex 7.0085434870032906 25.037226627632524 51.35400906962657
    vertex 5.008543487003291 25.037226627632524 51.35400906962657
  endloop
endfacet
facet normal 4.293383774399728e-16 0.3452981989985313 0.9384930227595571
  outer loop
    vertex 7.0085434870032906 25.037226627632524 51.35400906962657
    vertex 5.008543487003293 23.812247420773627 51.80471366058376
    vertex 7.0085434870032906 23.812247420773627 51.80471366058376
  endloop
endfacet
facet normal 4.847485536370676e-16 0.09063258019778747 0.9958843986159698
  outer loop
    vertex 7.0085434870032906 23.812247420773627 51.80471366058376
    vertex 5.0085434870032906 22.51235743634664 51.92301291642672
    vertex 7.008543487003293 22.51235743634664 51.92301291642672
  endloop
endfacet
facet normal 4.847485536370676e-16 0.09063258019778747 0.9958843986159698
  outer loop
    vertex 5.0085434870032906 22.51235743634664 51.92301291642672
    vertex 7.0085434870032906 23.812247420773627 51.80471366058376
    vertex 5.008543487003293 23.812247420773627 51.80471366058376
  endloop
endfacet
facet normal 5.071239169886608e-16 -0.17020949916603964 0.9854078984834889
  outer loop
    vertex 7.008543487003293 22.51235743634664 51.92301291642672
    vertex 5.008543487003291 21.22614202862051 51.700844938368476
    vertex 7.008543487003293 21.22614202862051 51.700844938368476
  endloop
endfacet
facet normal 5.071239169886608e-16 -0.17020949916603964 0.9854078984834889
  outer loop
    vertex 5.008543487003291 21.22614202862051 51.700844938368476
    vertex 7.008543487003293 22.51235743634664 51.92301291642672
    vertex 5.0085434870032906 22.51235743634664 51.92301291642672
  endloop
endfacet
facet normal 4.94939623459374e-16 -0.4194520824461723 0.9077774785329108
  outer loop
    vertex 7.008543487003293 21.22614202862051 51.700844938368476
    vertex 5.008543487003291 20.04125465206031 51.15335010696378
    vertex 7.008543487003293 20.04125465206031 51.15335010696378
  endloop
endfacet
facet normal 4.94939623459374e-16 -0.4194520824461723 0.9077774785329108
  outer loop
    vertex 5.008543487003291 20.04125465206031 51.15335010696378
    vertex 7.008543487003293 21.22614202862051 51.700844938368476
    vertex 5.008543487003291 21.22614202862051 51.700844938368476
  endloop
endfacet
facet normal 4.490260125177294e-16 -0.6401096994849588 0.7682835235935208
  outer loop
    vertex 7.008543487003293 20.04125465206031 51.15335010696378
    vertex 5.008543487003291 19.038443423259633 50.31783929019484
    vertex 7.0085434870032906 19.038443423259633 50.31783929019484
  endloop
endfacet
facet normal 4.490260125177294e-16 -0.6401096994849588 0.7682835235935208
  outer loop
    vertex 5.008543487003291 19.038443423259633 50.31783929019484
    vertex 7.008543487003293 20.04125465206031 51.15335010696378
    vertex 5.008543487003291 20.04125465206031 51.15335010696378
  endloop
endfacet
facet normal 3.7251202087357805e-16 -0.8171448983351235 0.5764323161698004
  outer loop
    vertex 7.0085434870032906 19.038443423259633 50.31783929019484
    vertex 5.0085434870032906 18.28604827023735 49.25125116947759
    vertex 7.0085434870032906 18.28604827023735 49.25125116947759
  endloop
endfacet
facet normal 3.7251202087357805e-16 -0.8171448983351235 0.5764323161698004
  outer loop
    vertex 5.0085434870032906 18.28604827023735 49.25125116947759
    vertex 7.0085434870032906 19.038443423259633 50.31783929019484
    vertex 5.008543487003291 19.038443423259633 50.31783929019484
  endloop
endfacet
facet normal 2.7061195061210367e-16 -0.9384930227595585 0.34529819899852754
  outer loop
    vertex 7.0085434870032906 18.28604827023735 49.25125116947759
    vertex 5.0085434870032906 17.835343679280154 48.026271962618665
    vertex 7.0085434870032906 17.835343679280154 48.026271962618665
  endloop
endfacet
facet normal 2.7061195061210367e-16 -0.9384930227595585 0.34529819899852754
  outer loop
    vertex 5.0085434870032906 17.835343679280154 48.026271962618665
    vertex 7.0085434870032906 18.28604827023735 49.25125116947759
    vertex 5.0085434870032906 18.28604827023735 49.25125116947759
  endloop
endfacet
facet normal 1.5027012312381821e-16 -0.9958843986159702 0.09063258019778286
  outer loop
    vertex 5.0085434870032906 17.717044423437198 46.7263819781917
    vertex 7.0085434870032906 17.835343679280154 48.026271962618665
    vertex 5.0085434870032906 17.835343679280154 48.026271962618665
  endloop
endfacet
facet normal 1.5027012312381821e-16 -0.9958843986159702 0.09063258019778286
  outer loop
    vertex 7.0085434870032906 17.835343679280154 48.026271962618665
    vertex 5.0085434870032906 17.717044423437198 46.7263819781917
    vertex 7.0085434870032906 17.717044423437198 46.7263819781917
  endloop
endfacet
facet normal 1.9687635077759113e-17 -0.9854078984834903 -0.1702094991660317
  outer loop
    vertex 7.008543487003288 17.939212401495443 45.440166570465564
    vertex 5.0085434870032906 17.717044423437198 46.7263819781917
    vertex 5.008543487003289 17.939212401495443 45.440166570465564
  endloop
endfacet
facet normal 1.9687635077759113e-17 -0.9854078984834903 -0.1702094991660317
  outer loop
    vertex 5.0085434870032906 17.717044423437198 46.7263819781917
    vertex 7.008543487003288 17.939212401495443 45.440166570465564
    vertex 7.0085434870032906 17.717044423437198 46.7263819781917
  endloop
endfacet
facet normal -1.1223653276349313e-16 -0.9077774785329091 -0.4194520824461764
  outer loop
    vertex 5.008543487003289 18.48670723290015 44.25527919390537
    vertex 7.008543487003288 17.939212401495443 45.440166570465564
    vertex 5.008543487003289 17.939212401495443 45.440166570465564
  endloop
endfacet
facet normal -1.1223653276349313e-16 -0.9077774785329091 -0.4194520824461764
  outer loop
    vertex 7.008543487003288 17.939212401495443 45.440166570465564
    vertex 5.008543487003289 18.48670723290015 44.25527919390537
    vertex 7.008543487003288 18.486707232900155 44.25527919390536
  endloop
endfacet
facet normal -2.3651196637655376e-16 -0.7682835235935234 -0.6401096994849556
  outer loop
    vertex 7.008543487003288 19.322218049669086 43.2524679651047
    vertex 5.008543487003289 18.48670723290015 44.25527919390537
    vertex 5.008543487003287 19.322218049669086 43.2524679651047
  endloop
endfacet
facet normal -2.3651196637655376e-16 -0.7682835235935234 -0.6401096994849556
  outer loop
    vertex 5.008543487003289 18.48670723290015 44.25527919390537
    vertex 7.008543487003288 19.322218049669086 43.2524679651047
    vertex 7.008543487003288 18.486707232900155 44.25527919390536
  endloop
endfacet
facet normal -3.446695003355566e-16 -0.5764323161697933 -0.8171448983351286
  outer loop
    vertex 7.008543487003288 20.38880617038634 42.50007281208242
    vertex 5.008543487003287 19.322218049669086 43.2524679651047
    vertex 5.008543487003287 20.388806170386335 42.50007281208243
  endloop
endfacet
facet normal -3.446695003355566e-16 -0.5764323161697933 -0.8171448983351286
  outer loop
    vertex 5.008543487003287 19.322218049669086 43.2524679651047
    vertex 7.008543487003288 20.38880617038634 42.50007281208242
    vertex 7.008543487003288 19.322218049669086 43.2524679651047
  endloop
endfacet
facet normal -4.2933837743997246e-16 -0.345298198998533 -0.9384930227595567
  outer loop
    vertex 7.008543487003288 21.61378537724524 42.04936822112523
    vertex 5.008543487003287 20.388806170386335 42.50007281208243
    vertex 5.008543487003286 21.61378537724524 42.04936822112523
  endloop
endfacet
facet normal -4.2933837743997246e-16 -0.345298198998533 -0.9384930227595567
  outer loop
    vertex 5.008543487003287 20.388806170386335 42.50007281208243
    vertex 7.008543487003288 21.61378537724524 42.04936822112523
    vertex 7.008543487003288 20.38880617038634 42.50007281208242
  endloop
endfacet
facet normal -4.847485536370676e-16 -0.09063258019778747 -0.9958843986159698
  outer loop
    vertex 5.008543487003284 22.913675361672226 41.931068965282265
    vertex 7.008543487003288 21.61378537724524 42.04936822112523
    vertex 5.008543487003286 21.61378537724524 42.04936822112523
  endloop
endfacet
facet normal -4.847485536370676e-16 -0.09063258019778747 -0.9958843986159698
  outer loop
    vertex 7.008543487003288 21.61378537724524 42.04936822112523
    vertex 5.008543487003284 22.913675361672226 41.931068965282265
    vertex 7.008543487003288 22.913675361672226 41.931068965282265
  endloop
endfacet
facet normal -5.071239169886608e-16 0.17020949916603964 -0.9854078984834889
  outer loop
    vertex 5.008543487003286 24.19989076939835 42.15323694334052
    vertex 7.008543487003288 22.913675361672226 41.931068965282265
    vertex 5.008543487003284 22.913675361672226 41.931068965282265
  endloop
endfacet
facet normal -5.071239169886608e-16 0.17020949916603964 -0.9854078984834889
  outer loop
    vertex 7.008543487003288 22.913675361672226 41.931068965282265
    vertex 5.008543487003286 24.19989076939835 42.15323694334052
    vertex 7.008543487003288 24.19989076939834 42.15323694334051
  endloop
endfacet
facet normal 0.0 0.34529819899853614 0.9384930227595554
  outer loop
    vertex 7.008543487003288 21.411458670980494 44.44793878874212
    vertex 2.0085434870032848 21.884636497352318 44.27384324696409
    vertex 2.0085434870032843 21.411458670980494 44.44793878874213
  endloop
endfacet
facet normal 0.0 0.34529819899853614 0.9384930227595554
  outer loop
    vertex 2.0085434870032848 21.884636497352318 44.27384324696409
    vertex 7.008543487003288 21.411458670980494 44.44793878874212
    vertex 7.008543487003288 21.884636497352318 44.27384324696409
  endloop
endfacet
facet normal 9.860761315262648e-32 -0.5343523493898261 0.8452618332218563
  outer loop
    vertex 7.008543487003288 25.465064758469936 46.5372960351462
    vertex 2.0085434870032848 21.884636497352318 44.27384324696409
    vertex 7.008543487003288 21.884636497352318 44.27384324696409
  endloop
endfacet
facet normal 9.860761315262648e-32 -0.5343523493898261 0.8452618332218563
  outer loop
    vertex 2.0085434870032848 21.884636497352318 44.27384324696409
    vertex 7.008543487003288 25.465064758469936 46.5372960351462
    vertex 2.0085434870032843 25.465064758469936 46.5372960351462
  endloop
endfacet
facet normal 2.465190328815662e-32 -0.9958843986159702 0.09063258019778331
  outer loop
    vertex 7.008543487003288 25.465064758469936 46.5372960351462
    vertex 2.0085434870032848 25.510760705329883 47.03940995994565
    vertex 2.0085434870032843 25.465064758469936 46.5372960351462
  endloop
endfacet
facet normal 2.465190328815662e-32 -0.9958843986159702 0.09063258019778331
  outer loop
    vertex 2.0085434870032848 25.510760705329883 47.03940995994565
    vertex 7.008543487003288 25.465064758469936 46.5372960351462
    vertex 7.008543487003288 25.510760705329876 47.03940995994566
  endloop
endfacet
facet normal -1.232595164407831e-32 -0.9854078984834903 -0.17020949916603179
  outer loop
    vertex 2.0085434870032848 25.510760705329883 47.03940995994565
    vertex 7.008543487003288 25.38634663761727 47.759690588272285
    vertex 2.0085434870032848 25.38634663761727 47.759690588272285
  endloop
endfacet
facet normal -1.232595164407831e-32 -0.9854078984834903 -0.17020949916603179
  outer loop
    vertex 7.008543487003288 25.38634663761727 47.759690588272285
    vertex 2.0085434870032848 25.510760705329883 47.03940995994565
    vertex 7.008543487003288 25.510760705329876 47.03940995994566
  endloop
endfacet
facet normal 0.0 -0.907777478532909 -0.4194520824461765
  outer loop
    vertex 2.0085434870032848 25.38634663761727 47.759690588272285
    vertex 7.008543487003288 25.079749532030633 48.423227519146
    vertex 2.0085434870032848 25.079749532030633 48.42322751914601
  endloop
endfacet
facet normal 0.0 -0.907777478532909 -0.4194520824461765
  outer loop
    vertex 7.008543487003288 25.079749532030633 48.423227519146
    vertex 2.0085434870032848 25.38634663761727 47.759690588272285
    vertex 7.008543487003288 25.38634663761727 47.759690588272285
  endloop
endfacet
facet normal -4.930380657631324e-32 -0.7682835235935249 -0.6401096994849538
  outer loop
    vertex 2.0085434870032848 25.079749532030633 48.42322751914601
    vertex 7.008543487003288 24.611863474640028 48.98480180727438
    vertex 2.0085434870032843 24.611863474640028 48.98480180727438
  endloop
endfacet
facet normal -4.930380657631324e-32 -0.7682835235935249 -0.6401096994849538
  outer loop
    vertex 7.008543487003288 24.611863474640028 48.98480180727438
    vertex 2.0085434870032848 25.079749532030633 48.42322751914601
    vertex 7.008543487003288 25.079749532030633 48.423227519146
  endloop
endfacet
facet normal -4.9303806576313227e-32 -0.5764323161697914 -0.8171448983351298
  outer loop
    vertex 2.0085434870032843 24.611863474640028 48.98480180727438
    vertex 7.00854348700329 24.01457412703837 49.40614309296685
    vertex 2.0085434870032843 24.01457412703837 49.40614309296686
  endloop
endfacet
facet normal -4.9303806576313227e-32 -0.5764323161697914 -0.8171448983351298
  outer loop
    vertex 7.00854348700329 24.01457412703837 49.40614309296685
    vertex 2.0085434870032843 24.611863474640028 48.98480180727438
    vertex 7.008543487003288 24.611863474640028 48.98480180727438
  endloop
endfacet
facet normal -1.4791141972893967e-31 -0.345298198998537 -0.938493022759555
  outer loop
    vertex 7.00854348700329 24.01457412703837 49.40614309296685
    vertex 2.0085434870032843 23.54139630066657 49.58023863474488
    vertex 2.0085434870032843 24.01457412703837 49.40614309296686
  endloop
endfacet
facet normal -1.4791141972893967e-31 -0.345298198998537 -0.938493022759555
  outer loop
    vertex 2.0085434870032843 23.54139630066657 49.58023863474488
    vertex 7.00854348700329 24.01457412703837 49.40614309296685
    vertex 7.00854348700329 23.54139630066657 49.58023863474488
  endloop
endfacet
facet normal 0.0 0.5343523493898268 -0.8452618332218559
  outer loop
    vertex 2.0085434870032843 23.54139630066657 49.58023863474488
    vertex 7.008543487003288 19.96096803954893 47.31678584656276
    vertex 2.0085434870032843 19.960968039548934 47.31678584656276
  endloop
endfacet
facet normal 0.0 0.5343523493898268 -0.8452618332218559
  outer loop
    vertex 7.008543487003288 19.96096803954893 47.31678584656276
    vertex 2.0085434870032843 23.54139630066657 49.58023863474488
    vertex 7.00854348700329 23.54139630066657 49.58023863474488
  endloop
endfacet
facet normal -4.930380657631324e-32 0.9958843986159702 -0.09063258019778192
  outer loop
    vertex 7.008543487003288 19.96096803954893 47.31678584656276
    vertex 2.0085434870032843 19.915272092688983 46.81467192176332
    vertex 2.0085434870032843 19.960968039548934 47.31678584656276
  endloop
endfacet
facet normal -4.930380657631324e-32 0.9958843986159702 -0.09063258019778192
  outer loop
    vertex 2.0085434870032843 19.915272092688983 46.81467192176332
    vertex 7.008543487003288 19.96096803954893 47.31678584656276
    vertex 7.008543487003288 19.915272092688983 46.81467192176332
  endloop
endfacet
facet normal 1.232595164407831e-32 0.9854078984834903 0.17020949916603179
  outer loop
    vertex 7.008543487003288 19.915272092688983 46.81467192176332
    vertex 2.0085434870032843 20.039686160401597 46.09439129343669
    vertex 2.0085434870032843 19.915272092688983 46.81467192176332
  endloop
endfacet
facet normal 1.232595164407831e-32 0.9854078984834903 0.17020949916603179
  outer loop
    vertex 2.0085434870032843 20.039686160401597 46.09439129343669
    vertex 7.008543487003288 19.915272092688983 46.81467192176332
    vertex 7.00854348700329 20.039686160401597 46.09439129343669
  endloop
endfacet
facet normal 0.0 0.907777478532909 0.4194520824461765
  outer loop
    vertex 7.00854348700329 20.039686160401597 46.09439129343669
    vertex 2.0085434870032843 20.346283265988234 45.43085436256298
    vertex 2.0085434870032843 20.039686160401597 46.09439129343669
  endloop
endfacet
facet normal 0.0 0.907777478532909 0.4194520824461765
  outer loop
    vertex 2.0085434870032843 20.346283265988234 45.43085436256298
    vertex 7.00854348700329 20.039686160401597 46.09439129343669
    vertex 7.008543487003288 20.346283265988234 45.430854362562975
  endloop
endfacet
facet normal 4.9303806576313227e-32 0.7682835235935236 0.6401096994849552
  outer loop
    vertex 7.008543487003288 20.346283265988234 45.430854362562975
    vertex 2.0085434870032843 20.81416932337883 44.869280074434606
    vertex 2.0085434870032843 20.346283265988234 45.43085436256298
  endloop
endfacet
facet normal 4.9303806576313227e-32 0.7682835235935236 0.6401096994849552
  outer loop
    vertex 2.0085434870032843 20.81416932337883 44.869280074434606
    vertex 7.008543487003288 20.346283265988234 45.430854362562975
    vertex 7.008543487003288 20.814169323378827 44.869280074434606
  endloop
endfacet
facet normal 9.860761315262645e-32 0.5764323161697946 0.8171448983351275
  outer loop
    vertex 7.008543487003288 20.814169323378827 44.869280074434606
    vertex 2.0085434870032843 21.411458670980494 44.44793878874213
    vertex 2.0085434870032843 20.81416932337883 44.869280074434606
  endloop
endfacet
facet normal 9.860761315262645e-32 0.5764323161697946 0.8171448983351275
  outer loop
    vertex 2.0085434870032843 21.411458670980494 44.44793878874213
    vertex 7.008543487003288 20.814169323378827 44.869280074434606
    vertex 7.008543487003288 21.411458670980494 44.44793878874212
  endloop
endfacet
endsolid Attitude indicator1
