solid Attitude indicator1
facet normal 1.0 2.4285548636980287e-16 -1.0548181631918142e-15
  outer loop
    vertex 9.059287999999983 42.475318656966095 29.668084476053927
    vertex 9.059287999999981 41.025363545347055 29.586381298200727
    vertex 9.059287999999981 41.44004247655601 29.531787781210202
  endloop
endfacet
facet normal 1.0 2.4285548636980287e-16 -1.0548181631918142e-15
  outer loop
    vertex 9.059287999999981 41.025363545347055 29.586381298200727
    vertex 9.059287999999983 42.475318656966095 29.668084476053927
    vertex 9.059287999999983 40.40476629614593 29.668084476053927
  endloop
endfacet
facet normal 1.0 2.4285548636980287e-16 -1.0548181631918142e-15
  outer loop
    vertex 9.059287999999983 40.40476629614593 29.668084476053927
    vertex 9.059287999999983 42.475318656966095 29.668084476053927
    vertex 9.059287999999983 43.440042476556016 30.06768616607244
  endloop
endfacet
facet normal 1.0 2.4285548636980287e-16 -1.0548181631918142e-15
  outer loop
    vertex 9.059287999999983 40.40476629614593 29.668084476053927
    vertex 9.059287999999983 43.440042476556016 30.06768616607244
    vertex 9.059287999999983 39.44004247655601 30.06768616607244
  endloop
endfacet
facet normal 1.0 2.4285548636980287e-16 -1.0548181631918142e-15
  outer loop
    vertex 9.059287999999983 39.44004247655601 30.06768616607244
    vertex 9.059287999999983 43.440042476556016 30.06768616607244
    vertex 9.059287999999983 38.61161535180982 30.703360656464007
  endloop
endfacet
facet normal 1.0 2.4285548636980287e-16 -1.0548181631918142e-15
  outer loop
    vertex 9.059287999999983 38.61161535180982 30.703360656464007
    vertex 9.059287999999983 43.440042476556016 30.06768616607244
    vertex 9.059287999999983 43.77186820690188 30.322305004272657
  endloop
endfacet
facet normal 1.0 2.4285548636980287e-16 -1.0548181631918142e-15
  outer loop
    vertex 9.059287999999983 38.61161535180982 30.703360656464007
    vertex 9.059287999999983 43.77186820690188 30.322305004272657
    vertex 9.059287999999983 44.2684696013022 30.703360656464007
  endloop
endfacet
facet normal 1.0 2.4285548636980287e-16 -1.0548181631918142e-15
  outer loop
    vertex 9.059287999999983 38.61161535180982 30.703360656464007
    vertex 9.059287999999983 44.2684696013022 30.703360656464007
    vertex 9.059287999999983 44.904144091693766 31.5317877812102
  endloop
endfacet
facet normal 1.0 2.4285548636980287e-16 -1.0548181631918142e-15
  outer loop
    vertex 9.059287999999983 38.61161535180982 30.703360656464007
    vertex 9.059287999999983 44.904144091693766 31.5317877812102
    vertex 9.059287999999983 41.44004247655601 31.5317877812102
  endloop
endfacet
facet normal 1.0 2.4285548636980287e-16 -1.0548181631918142e-15
  outer loop
    vertex 9.059287999999983 41.44004247655601 31.5317877812102
    vertex 9.059287999999983 44.904144091693766 31.5317877812102
    vertex 9.059287999999983 41.95768056676105 31.599936128632063
  endloop
endfacet
facet normal 1.0 2.4285548636980287e-16 -1.0548181631918142e-15
  outer loop
    vertex 9.059287999999983 41.95768056676105 31.599936128632063
    vertex 9.059287999999983 44.904144091693766 31.5317877812102
    vertex 9.059287999999983 45.30374578171228 32.49651160080011
  endloop
endfacet
facet normal 1.0 2.4285548636980287e-16 -1.0548181631918142e-15
  outer loop
    vertex 9.059287999999983 41.95768056676105 31.599936128632063
    vertex 9.059287999999983 45.30374578171228 32.49651160080011
    vertex 9.059287999999983 42.440042476556 31.79973697364132
  endloop
endfacet
facet normal 1.0 2.4285548636980287e-16 -1.0548181631918142e-15
  outer loop
    vertex 9.059287999999983 42.440042476556 31.79973697364132
    vertex 9.059287999999983 45.30374578171228 32.49651160080011
    vertex 9.059287999999983 42.60595534172895 31.927046392741428
  endloop
endfacet
facet normal 1.0 2.4285548636980287e-16 -1.0548181631918142e-15
  outer loop
    vertex 9.059287999999983 42.60595534172895 31.927046392741428
    vertex 9.059287999999983 45.30374578171228 32.49651160080011
    vertex 9.059287999999984 42.85425603892911 32.117574218837106
  endloop
endfacet
facet normal 1.0 2.4285548636980287e-16 -1.0548181631918142e-15
  outer loop
    vertex 9.059287999999984 42.85425603892911 32.117574218837106
    vertex 9.059287999999983 45.30374578171228 32.49651160080011
    vertex 9.059287999999984 43.172093284124884 32.5317877812102
  endloop
endfacet
facet normal 1.0 2.4285548636980287e-16 -1.0548181631918142e-15
  outer loop
    vertex 9.059287999999984 43.172093284124884 32.5317877812102
    vertex 9.059287999999983 45.30374578171228 32.49651160080011
    vertex 9.059287999999984 45.44004247655601 33.53178778121019
  endloop
endfacet
facet normal 1.0 2.4285548636980287e-16 -1.0548181631918142e-15
  outer loop
    vertex 9.059287999999984 43.172093284124884 32.5317877812102
    vertex 9.059287999999984 45.44004247655601 33.53178778121019
    vertex 9.059287999999984 43.37189412913415 33.01414969100516
  endloop
endfacet
facet normal 1.0 2.4285548636980287e-16 -1.0548181631918142e-15
  outer loop
    vertex 9.059287999999984 43.37189412913415 33.01414969100516
    vertex 9.059287999999984 45.44004247655601 33.53178778121019
    vertex 9.059287999999984 43.440042476556016 33.53178778121019
  endloop
endfacet
facet normal 1.0 2.4285548636980287e-16 -1.0548181631918142e-15
  outer loop
    vertex 9.059287999999984 43.440042476556016 33.53178778121019
    vertex 9.059287999999984 45.44004247655601 33.53178778121019
    vertex 9.059287999999986 45.30374578171228 34.567063961620285
  endloop
endfacet
facet normal 1.0 2.4285548636980287e-16 -1.0548181631918142e-15
  outer loop
    vertex 9.059287999999984 43.440042476556016 33.53178778121019
    vertex 9.059287999999986 45.30374578171228 34.567063961620285
    vertex 9.059287999999984 43.37189412913415 34.04942587141524
  endloop
endfacet
facet normal 1.0 2.4285548636980287e-16 -1.0548181631918142e-15
  outer loop
    vertex 9.059287999999984 43.37189412913415 34.04942587141524
    vertex 9.059287999999986 45.30374578171228 34.567063961620285
    vertex 9.059287999999986 43.172093284124884 34.5317877812102
  endloop
endfacet
facet normal 1.0 2.4285548636980287e-16 -1.0548181631918142e-15
  outer loop
    vertex 9.059287999999986 43.172093284124884 34.5317877812102
    vertex 9.059287999999986 45.30374578171228 34.567063961620285
    vertex 9.059287999999986 42.85425603892911 34.94600134358329
  endloop
endfacet
facet normal 1.0 2.4285548636980287e-16 -1.0548181631918142e-15
  outer loop
    vertex 9.059287999999986 42.85425603892911 34.94600134358329
    vertex 9.059287999999986 45.30374578171228 34.567063961620285
    vertex 9.059287999999988 44.904144091693766 35.5317877812102
  endloop
endfacet
facet normal 1.0 2.4285548636980287e-16 -1.0548181631918142e-15
  outer loop
    vertex 9.059287999999986 42.85425603892911 34.94600134358329
    vertex 9.059287999999988 44.904144091693766 35.5317877812102
    vertex 9.059287999999986 42.44004247655601 35.26383858877907
  endloop
endfacet
facet normal 1.0 2.4285548636980287e-16 -1.0548181631918142e-15
  outer loop
    vertex 9.059287999999986 42.44004247655601 35.26383858877907
    vertex 9.059287999999988 44.904144091693766 35.5317877812102
    vertex 9.05928799999999 41.95768056676105 35.46363943378833
  endloop
endfacet
facet normal 1.0 2.4285548636980287e-16 -1.0548181631918142e-15
  outer loop
    vertex 9.05928799999999 41.95768056676105 35.46363943378833
    vertex 9.059287999999988 44.904144091693766 35.5317877812102
    vertex 9.05928799999999 41.647381942160486 35.50449102271493
  endloop
endfacet
facet normal 1.0 2.4285548636980287e-16 -1.0548181631918142e-15
  outer loop
    vertex 9.05928799999999 41.647381942160486 35.50449102271493
    vertex 9.059287999999988 44.904144091693766 35.5317877812102
    vertex 9.05928799999999 41.44004247655601 35.5317877812102
  endloop
endfacet
facet normal 1.0 2.4285548636980287e-16 -1.0548181631918142e-15
  outer loop
    vertex 9.05928799999999 41.44004247655601 35.5317877812102
    vertex 9.059287999999988 44.904144091693766 35.5317877812102
    vertex 9.05928799999999 37.97594086141825 35.5317877812102
  endloop
endfacet
facet normal 1.0 2.4285548636980287e-16 -1.0548181631918142e-15
  outer loop
    vertex 9.05928799999999 37.97594086141825 35.5317877812102
    vertex 9.059287999999988 44.904144091693766 35.5317877812102
    vertex 9.05928799999999 38.611615351809824 36.36021490595639
  endloop
endfacet
facet normal 1.0 2.4285548636980287e-16 -1.0548181631918142e-15
  outer loop
    vertex 9.05928799999999 38.611615351809824 36.36021490595639
    vertex 9.059287999999988 44.904144091693766 35.5317877812102
    vertex 9.059287999999988 44.2684696013022 36.36021490595639
  endloop
endfacet
facet normal 1.0 2.4285548636980287e-16 -1.0548181631918142e-15
  outer loop
    vertex 9.05928799999999 38.611615351809824 36.36021490595639
    vertex 9.059287999999988 44.2684696013022 36.36021490595639
    vertex 9.05928799999999 39.10821674621015 36.74127055814774
  endloop
endfacet
facet normal 1.0 2.4285548636980287e-16 -1.0548181631918142e-15
  outer loop
    vertex 9.05928799999999 39.10821674621015 36.74127055814774
    vertex 9.059287999999988 44.2684696013022 36.36021490595639
    vertex 9.05928799999999 43.44004247655601 36.99588939634795
  endloop
endfacet
facet normal 1.0 2.4285548636980287e-16 -1.0548181631918142e-15
  outer loop
    vertex 9.05928799999999 39.10821674621015 36.74127055814774
    vertex 9.05928799999999 43.44004247655601 36.99588939634795
    vertex 9.05928799999999 39.440042476556016 36.99588939634795
  endloop
endfacet
facet normal 1.0 2.4285548636980287e-16 -1.0548181631918142e-15
  outer loop
    vertex 9.05928799999999 39.440042476556016 36.99588939634795
    vertex 9.05928799999999 43.44004247655601 36.99588939634795
    vertex 9.05928799999999 42.47531865696609 37.39549108636647
  endloop
endfacet
facet normal 1.0 2.4285548636980287e-16 -1.0548181631918142e-15
  outer loop
    vertex 9.05928799999999 39.440042476556016 36.99588939634795
    vertex 9.05928799999999 42.47531865696609 37.39549108636647
    vertex 9.05928799999999 40.40476629614593 37.39549108636647
  endloop
endfacet
facet normal 1.0 2.4285548636980287e-16 -1.0548181631918142e-15
  outer loop
    vertex 9.05928799999999 40.40476629614593 37.39549108636647
    vertex 9.05928799999999 42.47531865696609 37.39549108636647
    vertex 9.05928799999999 41.85472140776496 37.47719426421967
  endloop
endfacet
facet normal 1.0 2.4285548636980287e-16 -1.0548181631918142e-15
  outer loop
    vertex 9.05928799999999 40.40476629614593 37.39549108636647
    vertex 9.05928799999999 41.85472140776496 37.47719426421967
    vertex 9.05928799999999 41.44004247655601 37.5317877812102
  endloop
endfacet
facet normal 1.0 2.4285548636980287e-16 -1.0548181631918142e-15
  outer loop
    vertex 9.059287999999983 41.44004247655601 31.5317877812102
    vertex 9.059287999999984 37.97594086141825 31.5317877812102
    vertex 9.059287999999983 38.61161535180982 30.703360656464007
  endloop
endfacet
facet normal 1.0 2.4285548636980287e-16 -1.0548181631918142e-15
  outer loop
    vertex 9.059287999999984 37.97594086141825 31.5317877812102
    vertex 9.059287999999983 41.44004247655601 31.5317877812102
    vertex 9.059287999999983 41.232703010951525 31.55908453970546
  endloop
endfacet
facet normal 1.0 2.4285548636980287e-16 -1.0548181631918142e-15
  outer loop
    vertex 9.059287999999984 37.97594086141825 31.5317877812102
    vertex 9.059287999999983 41.232703010951525 31.55908453970546
    vertex 9.059287999999983 40.92240438635097 31.599936128632063
  endloop
endfacet
facet normal 1.0 2.4285548636980287e-16 -1.0548181631918142e-15
  outer loop
    vertex 9.059287999999984 37.97594086141825 31.5317877812102
    vertex 9.059287999999983 40.92240438635097 31.599936128632063
    vertex 9.059287999999986 37.57633917139973 32.49651160080011
  endloop
endfacet
facet normal 1.0 2.4285548636980287e-16 -1.0548181631918142e-15
  outer loop
    vertex 9.059287999999986 37.57633917139973 32.49651160080011
    vertex 9.059287999999983 40.92240438635097 31.599936128632063
    vertex 9.059287999999983 40.44004247655601 31.799736973641316
  endloop
endfacet
facet normal 1.0 2.4285548636980287e-16 -1.0548181631918142e-15
  outer loop
    vertex 9.059287999999986 37.57633917139973 32.49651160080011
    vertex 9.059287999999983 40.44004247655601 31.799736973641316
    vertex 9.059287999999984 40.02582891418291 32.1175742188371
  endloop
endfacet
facet normal 1.0 2.4285548636980287e-16 -1.0548181631918142e-15
  outer loop
    vertex 9.059287999999986 37.57633917139973 32.49651160080011
    vertex 9.059287999999984 40.02582891418291 32.1175742188371
    vertex 9.059287999999984 39.70799166898713 32.5317877812102
  endloop
endfacet
facet normal 1.0 2.4285548636980287e-16 -1.0548181631918142e-15
  outer loop
    vertex 9.059287999999986 37.57633917139973 32.49651160080011
    vertex 9.059287999999984 39.70799166898713 32.5317877812102
    vertex 9.059287999999988 37.440042476556 33.5317877812102
  endloop
endfacet
facet normal 1.0 2.4285548636980287e-16 -1.0548181631918142e-15
  outer loop
    vertex 9.059287999999988 37.440042476556 33.5317877812102
    vertex 9.059287999999984 39.70799166898713 32.5317877812102
    vertex 9.059287999999984 39.50819082397788 33.01414969100516
  endloop
endfacet
facet normal 1.0 2.4285548636980287e-16 -1.0548181631918142e-15
  outer loop
    vertex 9.059287999999988 37.440042476556 33.5317877812102
    vertex 9.059287999999984 39.50819082397788 33.01414969100516
    vertex 9.059287999999986 39.44004247655601 33.5317877812102
  endloop
endfacet
facet normal 1.0 2.4285548636980287e-16 -1.0548181631918142e-15
  outer loop
    vertex 9.059287999999988 37.440042476556 33.5317877812102
    vertex 9.059287999999986 39.44004247655601 33.5317877812102
    vertex 9.059287999999986 39.50819082397788 34.04942587141524
  endloop
endfacet
facet normal 1.0 2.4285548636980287e-16 -1.0548181631918142e-15
  outer loop
    vertex 9.059287999999988 37.440042476556 33.5317877812102
    vertex 9.059287999999986 39.50819082397788 34.04942587141524
    vertex 9.059287999999988 37.57633917139973 34.567063961620285
  endloop
endfacet
facet normal 1.0 2.4285548636980287e-16 -1.0548181631918142e-15
  outer loop
    vertex 9.059287999999988 37.57633917139973 34.567063961620285
    vertex 9.059287999999986 39.50819082397788 34.04942587141524
    vertex 9.059287999999988 39.70799166898713 34.5317877812102
  endloop
endfacet
facet normal 1.0 2.4285548636980287e-16 -1.0548181631918142e-15
  outer loop
    vertex 9.059287999999988 37.57633917139973 34.567063961620285
    vertex 9.059287999999988 39.70799166898713 34.5317877812102
    vertex 9.059287999999988 40.02582891418291 34.94600134358329
  endloop
endfacet
facet normal 1.0 2.4285548636980287e-16 -1.0548181631918142e-15
  outer loop
    vertex 9.059287999999988 37.57633917139973 34.567063961620285
    vertex 9.059287999999988 40.02582891418291 34.94600134358329
    vertex 9.05928799999999 37.97594086141825 35.5317877812102
  endloop
endfacet
facet normal 1.0 2.4285548636980287e-16 -1.0548181631918142e-15
  outer loop
    vertex 9.05928799999999 37.97594086141825 35.5317877812102
    vertex 9.059287999999988 40.02582891418291 34.94600134358329
    vertex 9.059287999999988 40.27412961138308 35.136529169678965
  endloop
endfacet
facet normal 1.0 2.4285548636980287e-16 -1.0548181631918142e-15
  outer loop
    vertex 9.05928799999999 37.97594086141825 35.5317877812102
    vertex 9.059287999999988 40.27412961138308 35.136529169678965
    vertex 9.059287999999988 40.440042476556016 35.26383858877907
  endloop
endfacet
facet normal 1.0 2.4285548636980287e-16 -1.0548181631918142e-15
  outer loop
    vertex 9.05928799999999 37.97594086141825 35.5317877812102
    vertex 9.059287999999988 40.440042476556016 35.26383858877907
    vertex 9.05928799999999 40.92240438635097 35.46363943378833
  endloop
endfacet
facet normal 1.0 2.4285548636980287e-16 -1.0548181631918142e-15
  outer loop
    vertex 9.05928799999999 37.97594086141825 35.5317877812102
    vertex 9.05928799999999 40.92240438635097 35.46363943378833
    vertex 9.05928799999999 41.44004247655601 35.5317877812102
  endloop
endfacet
facet normal 8.348028236885409e-16 -0.7933533402912327 0.6087614290087238
  outer loop
    vertex 9.059287999999984 42.85425603892911 32.117574218837106
    vertex 2.059287999999985 43.172093284124884 32.531787781210205
    vertex 2.0592879999999845 42.85425603892911 32.117574218837106
  endloop
endfacet
facet normal 8.348028236885409e-16 -0.7933533402912327 0.6087614290087238
  outer loop
    vertex 2.059287999999985 43.172093284124884 32.531787781210205
    vertex 9.059287999999984 42.85425603892911 32.117574218837106
    vertex 9.059287999999984 43.172093284124884 32.5317877812102
  endloop
endfacet
facet normal 3.784592223437556e-16 -0.9914448613738104 0.13052619222005218
  outer loop
    vertex 9.059287999999984 43.37189412913415 33.01414969100516
    vertex 2.0592879999999854 43.440042476556016 33.531787781210205
    vertex 2.0592879999999854 43.37189412913415 33.01414969100516
  endloop
endfacet
facet normal 3.784592223437556e-16 -0.9914448613738104 0.13052619222005218
  outer loop
    vertex 2.0592879999999854 43.440042476556016 33.531787781210205
    vertex 9.059287999999984 43.37189412913415 33.01414969100516
    vertex 9.059287999999984 43.440042476556016 33.53178778121019
  endloop
endfacet
facet normal 6.280306484264194e-16 -0.923879532511286 0.3826834323650918
  outer loop
    vertex 2.059287999999985 43.172093284124884 32.531787781210205
    vertex 9.059287999999984 43.37189412913415 33.01414969100516
    vertex 2.0592879999999854 43.37189412913415 33.01414969100516
  endloop
endfacet
facet normal 6.280306484264194e-16 -0.923879532511286 0.3826834323650918
  outer loop
    vertex 9.059287999999984 43.37189412913415 33.01414969100516
    vertex 2.059287999999985 43.172093284124884 32.531787781210205
    vertex 9.059287999999984 43.172093284124884 32.5317877812102
  endloop
endfacet
facet normal -1.0140950456846867e-15 -0.1305261922200515 -0.9914448613738105
  outer loop
    vertex 9.05928799999999 41.647381942160486 35.50449102271493
    vertex 2.059287999999988 41.95768056676105 35.46363943378834
    vertex 9.05928799999999 41.95768056676105 35.46363943378833
  endloop
endfacet
facet normal -1.0140950456846867e-15 -0.1305261922200515 -0.9914448613738105
  outer loop
    vertex 2.059287999999988 41.95768056676105 35.46363943378834
    vertex 9.05928799999999 41.647381942160486 35.50449102271493
    vertex 2.059287999999988 41.647381942160486 35.50449102271494
  endloop
endfacet
facet normal -6.89002460243002e-16 -0.6087614290087205 -0.7933533402912354
  outer loop
    vertex 9.059287999999986 42.44004247655601 35.26383858877907
    vertex 2.059287999999987 42.85425603892911 34.9460013435833
    vertex 9.059287999999986 42.85425603892911 34.94600134358329
  endloop
endfacet
facet normal -6.89002460243002e-16 -0.6087614290087205 -0.7933533402912354
  outer loop
    vertex 2.059287999999987 42.85425603892911 34.9460013435833
    vertex 9.059287999999986 42.44004247655601 35.26383858877907
    vertex 2.0592879999999876 42.44004247655601 35.26383858877908
  endloop
endfacet
facet normal -1.792922219961502e-16 -0.9238795325112861 -0.38268343236509145
  outer loop
    vertex 9.059287999999984 43.37189412913415 34.04942587141524
    vertex 2.059287999999987 43.172093284124884 34.531787781210205
    vertex 2.0592879999999862 43.37189412913415 34.04942587141525
  endloop
endfacet
facet normal -1.792922219961502e-16 -0.9238795325112861 -0.38268343236509145
  outer loop
    vertex 2.059287999999987 43.172093284124884 34.531787781210205
    vertex 9.059287999999984 43.37189412913415 34.04942587141524
    vertex 9.059287999999986 43.172093284124884 34.5317877812102
  endloop
endfacet
facet normal 1.0309642569180238e-16 -0.9914448613738106 -0.13052619222005127
  outer loop
    vertex 9.059287999999984 43.440042476556016 33.53178778121019
    vertex 2.0592879999999862 43.37189412913415 34.04942587141525
    vertex 2.0592879999999854 43.440042476556016 33.531787781210205
  endloop
endfacet
facet normal 1.0309642569180238e-16 -0.9914448613738106 -0.13052619222005127
  outer loop
    vertex 2.0592879999999862 43.37189412913415 34.04942587141525
    vertex 9.059287999999984 43.440042476556016 33.53178778121019
    vertex 9.059287999999984 43.37189412913415 34.04942587141524
  endloop
endfacet
facet normal -8.815881404013781e-16 -0.3826834323650898 -0.9238795325112867
  outer loop
    vertex 9.05928799999999 41.95768056676105 35.46363943378833
    vertex 2.0592879999999876 42.44004247655601 35.26383858877908
    vertex 9.059287999999986 42.44004247655601 35.26383858877907
  endloop
endfacet
facet normal -8.815881404013781e-16 -0.3826834323650898 -0.9238795325112867
  outer loop
    vertex 2.0592879999999876 42.44004247655601 35.26383858877908
    vertex 9.05928799999999 41.95768056676105 35.46363943378833
    vertex 2.059287999999988 41.95768056676105 35.46363943378834
  endloop
endfacet
facet normal -4.494624010494718e-16 -0.7933533402912324 -0.6087614290087244
  outer loop
    vertex 9.059287999999986 43.172093284124884 34.5317877812102
    vertex 2.059287999999987 42.85425603892911 34.9460013435833
    vertex 2.059287999999987 43.172093284124884 34.531787781210205
  endloop
endfacet
facet normal -4.494624010494718e-16 -0.7933533402912324 -0.6087614290087244
  outer loop
    vertex 2.059287999999987 42.85425603892911 34.9460013435833
    vertex 9.059287999999986 43.172093284124884 34.5317877812102
    vertex 9.059287999999986 42.85425603892911 34.94600134358329
  endloop
endfacet
facet normal -1.0140950456846865e-15 -0.1305261922200521 -0.9914448613738105
  outer loop
    vertex 9.05928799999999 41.44004247655601 35.5317877812102
    vertex 2.059287999999988 41.647381942160486 35.50449102271494
    vertex 9.05928799999999 41.647381942160486 35.50449102271493
  endloop
endfacet
facet normal -1.0140950456846865e-15 -0.1305261922200521 -0.9914448613738105
  outer loop
    vertex 2.059287999999988 41.647381942160486 35.50449102271494
    vertex 9.05928799999999 41.44004247655601 35.5317877812102
    vertex 2.059287999999988 41.44004247655601 35.5317877812102
  endloop
endfacet
facet normal -1.0674616825867568e-15 0.3826834323650899 -0.9238795325112866
  outer loop
    vertex 9.059287999999988 40.440042476556016 35.26383858877907
    vertex 2.0592879999999885 40.92240438635097 35.46363943378834
    vertex 9.05928799999999 40.92240438635097 35.46363943378833
  endloop
endfacet
facet normal -1.0674616825867568e-15 0.3826834323650899 -0.9238795325112866
  outer loop
    vertex 2.0592879999999885 40.92240438635097 35.46363943378834
    vertex 9.059287999999988 40.440042476556016 35.26383858877907
    vertex 2.059287999999988 40.440042476556016 35.26383858877908
  endloop
endfacet
facet normal -1.0774930494758847e-15 0.1305261922200519 -0.9914448613738104
  outer loop
    vertex 9.05928799999999 40.92240438635097 35.46363943378833
    vertex 2.059287999999988 41.44004247655601 35.5317877812102
    vertex 9.05928799999999 41.44004247655601 35.5317877812102
  endloop
endfacet
facet normal -1.0774930494758847e-15 0.1305261922200519 -0.9914448613738104
  outer loop
    vertex 2.059287999999988 41.44004247655601 35.5317877812102
    vertex 9.05928799999999 40.92240438635097 35.46363943378833
    vertex 2.0592879999999885 40.92240438635097 35.46363943378834
  endloop
endfacet
facet normal -8.348028236885355e-16 0.7933533402912376 -0.6087614290087175
  outer loop
    vertex 9.059287999999988 40.02582891418291 34.94600134358329
    vertex 2.0592879999999876 39.70799166898713 34.531787781210205
    vertex 2.059287999999988 40.02582891418291 34.9460013435833
  endloop
endfacet
facet normal -8.348028236885355e-16 0.7933533402912376 -0.6087614290087175
  outer loop
    vertex 2.0592879999999876 39.70799166898713 34.531787781210205
    vertex 9.059287999999988 40.02582891418291 34.94600134358329
    vertex 9.059287999999988 39.70799166898713 34.5317877812102
  endloop
endfacet
facet normal -9.846845660931841e-16 0.6087614290087136 -0.7933533402912407
  outer loop
    vertex 9.059287999999988 40.02582891418291 34.94600134358329
    vertex 2.059287999999988 40.27412961138308 35.13652916967898
    vertex 9.059287999999988 40.27412961138308 35.136529169678965
  endloop
endfacet
facet normal -9.846845660931841e-16 0.6087614290087136 -0.7933533402912407
  outer loop
    vertex 2.059287999999988 40.27412961138308 35.13652916967898
    vertex 9.059287999999988 40.02582891418291 34.94600134358329
    vertex 2.059287999999988 40.02582891418291 34.9460013435833
  endloop
endfacet
facet normal -9.846845660931818e-16 0.6087614290087174 -0.7933533402912376
  outer loop
    vertex 9.059287999999988 40.27412961138308 35.136529169678965
    vertex 2.059287999999988 40.440042476556016 35.26383858877908
    vertex 9.059287999999988 40.440042476556016 35.26383858877907
  endloop
endfacet
facet normal -9.846845660931818e-16 0.6087614290087174 -0.7933533402912376
  outer loop
    vertex 2.059287999999988 40.440042476556016 35.26383858877908
    vertex 9.059287999999988 40.27412961138308 35.136529169678965
    vertex 2.059287999999988 40.27412961138308 35.13652916967898
  endloop
endfacet
facet normal -6.280306484264105e-16 0.9238795325112897 -0.3826834323650824
  outer loop
    vertex 9.059287999999988 39.70799166898713 34.5317877812102
    vertex 2.059287999999987 39.50819082397788 34.04942587141525
    vertex 2.0592879999999876 39.70799166898713 34.531787781210205
  endloop
endfacet
facet normal -6.280306484264105e-16 0.9238795325112897 -0.3826834323650824
  outer loop
    vertex 2.059287999999987 39.50819082397788 34.04942587141525
    vertex 9.059287999999988 39.70799166898713 34.5317877812102
    vertex 9.059287999999986 39.50819082397788 34.04942587141524
  endloop
endfacet
facet normal -1.0309642569180214e-16 0.9914448613738106 0.13052619222005146
  outer loop
    vertex 9.059287999999986 39.44004247655601 33.5317877812102
    vertex 2.0592879999999862 39.50819082397788 33.014149691005166
    vertex 2.0592879999999867 39.44004247655601 33.531787781210205
  endloop
endfacet
facet normal -1.0309642569180214e-16 0.9914448613738106 0.13052619222005146
  outer loop
    vertex 2.0592879999999862 39.50819082397788 33.014149691005166
    vertex 9.059287999999986 39.44004247655601 33.5317877812102
    vertex 9.059287999999984 39.50819082397788 33.01414969100516
  endloop
endfacet
facet normal -3.7845922234375543e-16 0.9914448613738104 -0.13052619222005205
  outer loop
    vertex 9.059287999999986 39.50819082397788 34.04942587141524
    vertex 2.0592879999999867 39.44004247655601 33.531787781210205
    vertex 2.059287999999987 39.50819082397788 34.04942587141525
  endloop
endfacet
facet normal -3.7845922234375543e-16 0.9914448613738104 -0.13052619222005205
  outer loop
    vertex 2.0592879999999867 39.44004247655601 33.531787781210205
    vertex 9.059287999999986 39.50819082397788 34.04942587141524
    vertex 9.059287999999986 39.44004247655601 33.5317877812102
  endloop
endfacet
facet normal 4.494624010494632e-16 0.7933533402912376 0.6087614290087175
  outer loop
    vertex 9.059287999999984 39.70799166898713 32.5317877812102
    vertex 2.0592879999999854 40.02582891418291 32.117574218837106
    vertex 2.0592879999999854 39.70799166898713 32.531787781210205
  endloop
endfacet
facet normal 4.494624010494632e-16 0.7933533402912376 0.6087614290087175
  outer loop
    vertex 2.0592879999999854 40.02582891418291 32.117574218837106
    vertex 9.059287999999984 39.70799166898713 32.5317877812102
    vertex 9.059287999999984 40.02582891418291 32.1175742188371
  endloop
endfacet
facet normal 6.890024602430071e-16 0.6087614290087157 0.793353340291239
  outer loop
    vertex 2.0592879999999854 40.02582891418291 32.117574218837106
    vertex 9.059287999999983 40.44004247655601 31.799736973641316
    vertex 2.0592879999999845 40.44004247655601 31.799736973641327
  endloop
endfacet
facet normal 6.890024602430071e-16 0.6087614290087157 0.793353340291239
  outer loop
    vertex 9.059287999999983 40.44004247655601 31.799736973641316
    vertex 2.0592879999999854 40.02582891418291 32.117574218837106
    vertex 9.059287999999984 40.02582891418291 32.1175742188371
  endloop
endfacet
facet normal 8.815881404013781e-16 0.3826834323650898 0.9238795325112867
  outer loop
    vertex 2.0592879999999845 40.44004247655601 31.799736973641327
    vertex 9.059287999999983 40.92240438635097 31.599936128632063
    vertex 2.0592879999999845 40.92240438635097 31.599936128632066
  endloop
endfacet
facet normal 8.815881404013781e-16 0.3826834323650898 0.9238795325112867
  outer loop
    vertex 9.059287999999983 40.92240438635097 31.599936128632063
    vertex 2.0592879999999845 40.44004247655601 31.799736973641327
    vertex 9.059287999999983 40.44004247655601 31.799736973641316
  endloop
endfacet
facet normal 1.0309642569180214e-16 -0.9914448613738106 -0.13052619222005146
  outer loop
    vertex 9.059287999999986 37.57633917139973 32.49651160080011
    vertex 5.059287999999987 37.440042476556 33.531787781210205
    vertex 5.059287999999986 37.57633917139973 32.49651160080012
  endloop
endfacet
facet normal 1.0309642569180214e-16 -0.9914448613738106 -0.13052619222005146
  outer loop
    vertex 5.059287999999987 37.440042476556 33.531787781210205
    vertex 9.059287999999986 37.57633917139973 32.49651160080011
    vertex 9.059287999999988 37.440042476556 33.5317877812102
  endloop
endfacet
facet normal 1.0140950456846857e-15 0.13052619222005382 0.9914448613738102
  outer loop
    vertex 2.0592879999999845 40.92240438635097 31.599936128632066
    vertex 9.059287999999983 41.232703010951525 31.55908453970546
    vertex 2.059287999999984 41.232703010951525 31.559084539705474
  endloop
endfacet
facet normal 1.0140950456846857e-15 0.13052619222005382 0.9914448613738102
  outer loop
    vertex 9.059287999999983 41.232703010951525 31.55908453970546
    vertex 2.0592879999999845 40.92240438635097 31.599936128632066
    vertex 9.059287999999983 40.92240438635097 31.599936128632063
  endloop
endfacet
facet normal -1.7929222199615e-16 -0.9238795325112862 -0.3826834323650912
  outer loop
    vertex 5.059287999999985 37.97594086141825 31.531787781210202
    vertex 9.059287999999986 37.57633917139973 32.49651160080011
    vertex 5.059287999999986 37.57633917139973 32.49651160080012
  endloop
endfacet
facet normal -1.7929222199615e-16 -0.9238795325112862 -0.3826834323650912
  outer loop
    vertex 9.059287999999986 37.57633917139973 32.49651160080011
    vertex 5.059287999999985 37.97594086141825 31.531787781210202
    vertex 9.059287999999984 37.97594086141825 31.5317877812102
  endloop
endfacet
facet normal 1.0140950456846872e-15 0.13052619222005027 0.9914448613738107
  outer loop
    vertex 2.059287999999984 41.232703010951525 31.559084539705474
    vertex 9.059287999999983 41.44004247655601 31.5317877812102
    vertex 2.0592879999999836 41.44004247655601 31.531787781210202
  endloop
endfacet
facet normal 1.0140950456846872e-15 0.13052619222005027 0.9914448613738107
  outer loop
    vertex 9.059287999999983 41.44004247655601 31.5317877812102
    vertex 2.059287999999984 41.232703010951525 31.559084539705474
    vertex 9.059287999999983 41.232703010951525 31.55908453970546
  endloop
endfacet
facet normal 1.0774930494758845e-15 -0.13052619222005116 0.9914448613738105
  outer loop
    vertex 2.0592879999999836 41.44004247655601 31.531787781210202
    vertex 9.059287999999983 41.95768056676105 31.599936128632063
    vertex 2.059287999999984 41.95768056676105 31.599936128632073
  endloop
endfacet
facet normal 1.0774930494758845e-15 -0.13052619222005116 0.9914448613738105
  outer loop
    vertex 9.059287999999983 41.95768056676105 31.599936128632063
    vertex 2.0592879999999836 41.44004247655601 31.531787781210202
    vertex 9.059287999999983 41.44004247655601 31.5317877812102
  endloop
endfacet
facet normal 1.067461682586756e-15 -0.3826834323650937 0.9238795325112851
  outer loop
    vertex 2.059287999999984 41.95768056676105 31.599936128632073
    vertex 9.059287999999983 42.440042476556 31.79973697364132
    vertex 2.0592879999999836 42.440042476556 31.799736973641327
  endloop
endfacet
facet normal 1.067461682586756e-15 -0.3826834323650937 0.9238795325112851
  outer loop
    vertex 9.059287999999983 42.440042476556 31.79973697364132
    vertex 2.059287999999984 41.95768056676105 31.599936128632073
    vertex 9.059287999999983 41.95768056676105 31.599936128632063
  endloop
endfacet
facet normal 9.846845660931828e-16 -0.6087614290087161 0.7933533402912388
  outer loop
    vertex 2.0592879999999836 42.440042476556 31.799736973641327
    vertex 9.059287999999983 42.60595534172895 31.927046392741428
    vertex 2.059287999999984 42.60595534172895 31.927046392741435
  endloop
endfacet
facet normal 9.846845660931828e-16 -0.6087614290087161 0.7933533402912388
  outer loop
    vertex 9.059287999999983 42.60595534172895 31.927046392741428
    vertex 2.0592879999999836 42.440042476556 31.799736973641327
    vertex 9.059287999999983 42.440042476556 31.79973697364132
  endloop
endfacet
facet normal 9.846845660931786e-16 -0.6087614290087231 0.7933533402912333
  outer loop
    vertex 2.059287999999984 42.60595534172895 31.927046392741435
    vertex 9.059287999999984 42.85425603892911 32.117574218837106
    vertex 2.0592879999999845 42.85425603892911 32.117574218837106
  endloop
endfacet
facet normal 9.846845660931786e-16 -0.6087614290087231 0.7933533402912333
  outer loop
    vertex 9.059287999999984 42.85425603892911 32.117574218837106
    vertex 2.059287999999984 42.60595534172895 31.927046392741435
    vertex 9.059287999999983 42.60595534172895 31.927046392741428
  endloop
endfacet
facet normal -1.0674616825867568e-15 0.3826834323650899 -0.9238795325112866
  outer loop
    vertex 9.059287999999983 42.475318656966095 29.668084476053927
    vertex 5.059287999999982 43.440042476556016 30.06768616607245
    vertex 9.059287999999983 43.440042476556016 30.06768616607244
  endloop
endfacet
facet normal -1.0674616825867568e-15 0.3826834323650899 -0.9238795325112866
  outer loop
    vertex 5.059287999999982 43.440042476556016 30.06768616607245
    vertex 9.059287999999983 42.475318656966095 29.668084476053927
    vertex 5.059287999999982 42.475318656966095 29.668084476053927
  endloop
endfacet
facet normal -1.0774930494758847e-15 0.13052619222005188 -0.9914448613738105
  outer loop
    vertex 9.059287999999981 41.44004247655601 29.531787781210202
    vertex 5.059287999999982 42.475318656966095 29.668084476053927
    vertex 9.059287999999983 42.475318656966095 29.668084476053927
  endloop
endfacet
facet normal -1.0774930494758847e-15 0.13052619222005188 -0.9914448613738105
  outer loop
    vertex 5.059287999999982 42.475318656966095 29.668084476053927
    vertex 9.059287999999981 41.44004247655601 29.531787781210202
    vertex 5.059287999999982 41.44004247655601 29.531787781210202
  endloop
endfacet
facet normal -1.0140950456846865e-15 -0.13052619222005202 -0.9914448613738105
  outer loop
    vertex 9.059287999999981 41.025363545347055 29.586381298200727
    vertex 5.059287999999982 41.44004247655601 29.531787781210202
    vertex 9.059287999999981 41.44004247655601 29.531787781210202
  endloop
endfacet
facet normal -1.0140950456846865e-15 -0.13052619222005202 -0.9914448613738105
  outer loop
    vertex 5.059287999999982 41.44004247655601 29.531787781210202
    vertex 9.059287999999981 41.025363545347055 29.586381298200727
    vertex 5.059287999999982 41.025363545347055 29.586381298200735
  endloop
endfacet
facet normal -1.014095045684686e-15 -0.13052619222005266 -0.9914448613738103
  outer loop
    vertex 9.059287999999983 40.40476629614593 29.668084476053927
    vertex 5.059287999999982 41.025363545347055 29.586381298200735
    vertex 9.059287999999981 41.025363545347055 29.586381298200727
  endloop
endfacet
facet normal -1.014095045684686e-15 -0.13052619222005266 -0.9914448613738103
  outer loop
    vertex 5.059287999999982 41.025363545347055 29.586381298200735
    vertex 9.059287999999983 40.40476629614593 29.668084476053927
    vertex 5.059287999999982 40.40476629614593 29.668084476053927
  endloop
endfacet
facet normal -8.815881404013781e-16 -0.3826834323650898 -0.9238795325112867
  outer loop
    vertex 9.059287999999983 39.44004247655601 30.06768616607244
    vertex 5.059287999999982 40.40476629614593 29.668084476053927
    vertex 9.059287999999983 40.40476629614593 29.668084476053927
  endloop
endfacet
facet normal -8.815881404013781e-16 -0.3826834323650898 -0.9238795325112867
  outer loop
    vertex 5.059287999999982 40.40476629614593 29.668084476053927
    vertex 9.059287999999983 39.44004247655601 30.06768616607244
    vertex 5.059287999999983 39.44004247655601 30.06768616607245
  endloop
endfacet
facet normal -6.890024602430016e-16 -0.6087614290087209 -0.793353340291235
  outer loop
    vertex 9.059287999999983 38.61161535180982 30.703360656464007
    vertex 5.059287999999983 39.44004247655601 30.06768616607245
    vertex 9.059287999999983 39.44004247655601 30.06768616607244
  endloop
endfacet
facet normal -6.890024602430016e-16 -0.6087614290087209 -0.793353340291235
  outer loop
    vertex 5.059287999999983 39.44004247655601 30.06768616607245
    vertex 9.059287999999983 38.61161535180982 30.703360656464007
    vertex 5.0592879999999845 38.61161535180982 30.703360656464014
  endloop
endfacet
facet normal -4.494624010494718e-16 -0.7933533402912324 -0.6087614290087244
  outer loop
    vertex 9.059287999999983 38.61161535180982 30.703360656464007
    vertex 5.059287999999985 37.97594086141825 31.531787781210202
    vertex 5.0592879999999845 38.61161535180982 30.703360656464014
  endloop
endfacet
facet normal -4.494624010494718e-16 -0.7933533402912324 -0.6087614290087244
  outer loop
    vertex 5.059287999999985 37.97594086141825 31.531787781210202
    vertex 9.059287999999983 38.61161535180982 30.703360656464007
    vertex 9.059287999999984 37.97594086141825 31.5317877812102
  endloop
endfacet
facet normal 1.7929222199613925e-16 0.92387953251129 0.38268343236508195
  outer loop
    vertex 9.059287999999984 39.50819082397788 33.01414969100516
    vertex 2.0592879999999854 39.70799166898713 32.531787781210205
    vertex 2.0592879999999862 39.50819082397788 33.014149691005166
  endloop
endfacet
facet normal 1.7929222199613925e-16 0.92387953251129 0.38268343236508195
  outer loop
    vertex 2.0592879999999854 39.70799166898713 32.531787781210205
    vertex 9.059287999999984 39.50819082397788 33.01414969100516
    vertex 9.059287999999984 39.70799166898713 32.5317877812102
  endloop
endfacet
facet normal 3.7845922234375543e-16 -0.9914448613738104 0.13052619222005205
  outer loop
    vertex 5.059287999999987 37.440042476556 33.531787781210205
    vertex 9.059287999999988 37.57633917139973 34.567063961620285
    vertex 5.059287999999988 37.57633917139973 34.567063961620285
  endloop
endfacet
facet normal 3.7845922234375543e-16 -0.9914448613738104 0.13052619222005205
  outer loop
    vertex 9.059287999999988 37.57633917139973 34.567063961620285
    vertex 5.059287999999987 37.440042476556 33.531787781210205
    vertex 9.059287999999988 37.440042476556 33.5317877812102
  endloop
endfacet
facet normal 6.280306484264193e-16 -0.923879532511286 0.38268343236509167
  outer loop
    vertex 9.059287999999988 37.57633917139973 34.567063961620285
    vertex 5.059287999999989 37.97594086141825 35.5317877812102
    vertex 5.059287999999988 37.57633917139973 34.567063961620285
  endloop
endfacet
facet normal 6.280306484264193e-16 -0.923879532511286 0.38268343236509167
  outer loop
    vertex 5.059287999999989 37.97594086141825 35.5317877812102
    vertex 9.059287999999988 37.57633917139973 34.567063961620285
    vertex 9.05928799999999 37.97594086141825 35.5317877812102
  endloop
endfacet
facet normal 8.348028236885416e-16 -0.7933533402912324 0.6087614290087244
  outer loop
    vertex 5.059287999999989 37.97594086141825 35.5317877812102
    vertex 9.05928799999999 38.611615351809824 36.36021490595639
    vertex 5.05928799999999 38.611615351809824 36.36021490595639
  endloop
endfacet
facet normal 8.348028236885416e-16 -0.7933533402912324 0.6087614290087244
  outer loop
    vertex 9.05928799999999 38.611615351809824 36.36021490595639
    vertex 5.059287999999989 37.97594086141825 35.5317877812102
    vertex 9.05928799999999 37.97594086141825 35.5317877812102
  endloop
endfacet
facet normal 9.846845660931808e-16 -0.6087614290087197 0.793353340291236
  outer loop
    vertex 5.05928799999999 38.611615351809824 36.36021490595639
    vertex 9.05928799999999 39.10821674621015 36.74127055814774
    vertex 5.059287999999991 39.10821674621015 36.74127055814775
  endloop
endfacet
facet normal 9.846845660931808e-16 -0.6087614290087197 0.793353340291236
  outer loop
    vertex 9.05928799999999 39.10821674621015 36.74127055814774
    vertex 5.05928799999999 38.611615351809824 36.36021490595639
    vertex 9.05928799999999 38.611615351809824 36.36021490595639
  endloop
endfacet
facet normal 9.846845660931794e-16 -0.6087614290087217 0.7933533402912344
  outer loop
    vertex 5.059287999999991 39.10821674621015 36.74127055814775
    vertex 9.05928799999999 39.440042476556016 36.99588939634795
    vertex 5.059287999999991 39.440042476556016 36.995889396347955
  endloop
endfacet
facet normal 9.846845660931794e-16 -0.6087614290087217 0.7933533402912344
  outer loop
    vertex 9.05928799999999 39.440042476556016 36.99588939634795
    vertex 5.059287999999991 39.10821674621015 36.74127055814775
    vertex 9.05928799999999 39.10821674621015 36.74127055814774
  endloop
endfacet
facet normal 1.0674616825867568e-15 -0.3826834323650899 0.9238795325112866
  outer loop
    vertex 5.059287999999991 39.440042476556016 36.995889396347955
    vertex 9.05928799999999 40.40476629614593 37.39549108636647
    vertex 5.059287999999991 40.40476629614593 37.39549108636647
  endloop
endfacet
facet normal 1.0674616825867568e-15 -0.3826834323650899 0.9238795325112866
  outer loop
    vertex 9.05928799999999 40.40476629614593 37.39549108636647
    vertex 5.059287999999991 39.440042476556016 36.995889396347955
    vertex 9.05928799999999 39.440042476556016 36.99588939634795
  endloop
endfacet
facet normal -9.84684566093182e-16 0.6087614290087172 -0.7933533402912377
  outer loop
    vertex 9.059287999999983 43.440042476556016 30.06768616607244
    vertex 5.059287999999982 43.77186820690188 30.322305004272664
    vertex 9.059287999999983 43.77186820690188 30.322305004272657
  endloop
endfacet
facet normal -9.84684566093182e-16 0.6087614290087172 -0.7933533402912377
  outer loop
    vertex 5.059287999999982 43.77186820690188 30.322305004272664
    vertex 9.059287999999983 43.440042476556016 30.06768616607244
    vertex 5.059287999999982 43.440042476556016 30.06768616607245
  endloop
endfacet
facet normal 1.0774930494758847e-15 -0.1305261922200519 0.9914448613738104
  outer loop
    vertex 5.059287999999991 40.40476629614593 37.39549108636647
    vertex 9.05928799999999 41.44004247655601 37.5317877812102
    vertex 5.059287999999991 41.44004247655601 37.5317877812102
  endloop
endfacet
facet normal 1.0774930494758847e-15 -0.1305261922200519 0.9914448613738104
  outer loop
    vertex 9.05928799999999 41.44004247655601 37.5317877812102
    vertex 5.059287999999991 40.40476629614593 37.39549108636647
    vertex 9.05928799999999 40.40476629614593 37.39549108636647
  endloop
endfacet
facet normal 1.014095045684687e-15 0.13052619222005044 0.9914448613738106
  outer loop
    vertex 5.059287999999991 41.44004247655601 37.5317877812102
    vertex 9.05928799999999 41.85472140776496 37.47719426421967
    vertex 5.059287999999991 41.85472140776496 37.47719426421967
  endloop
endfacet
facet normal 1.014095045684687e-15 0.13052619222005044 0.9914448613738106
  outer loop
    vertex 9.05928799999999 41.85472140776496 37.47719426421967
    vertex 5.059287999999991 41.44004247655601 37.5317877812102
    vertex 9.05928799999999 41.44004247655601 37.5317877812102
  endloop
endfacet
facet normal 1.014095045684686e-15 0.1305261922200526 0.9914448613738103
  outer loop
    vertex 5.059287999999991 41.85472140776496 37.47719426421967
    vertex 9.05928799999999 42.47531865696609 37.39549108636647
    vertex 5.059287999999991 42.47531865696609 37.39549108636647
  endloop
endfacet
facet normal 1.014095045684686e-15 0.1305261922200526 0.9914448613738103
  outer loop
    vertex 9.05928799999999 42.47531865696609 37.39549108636647
    vertex 5.059287999999991 41.85472140776496 37.47719426421967
    vertex 9.05928799999999 41.85472140776496 37.47719426421967
  endloop
endfacet
facet normal 8.815881404013781e-16 0.3826834323650898 0.9238795325112867
  outer loop
    vertex 5.059287999999991 42.47531865696609 37.39549108636647
    vertex 9.05928799999999 43.44004247655601 36.99588939634795
    vertex 5.059287999999989 43.44004247655601 36.995889396347955
  endloop
endfacet
facet normal 8.815881404013781e-16 0.3826834323650898 0.9238795325112867
  outer loop
    vertex 9.05928799999999 43.44004247655601 36.99588939634795
    vertex 5.059287999999991 42.47531865696609 37.39549108636647
    vertex 9.05928799999999 42.47531865696609 37.39549108636647
  endloop
endfacet
facet normal 6.890024602430018e-16 0.6087614290087207 0.793353340291235
  outer loop
    vertex 5.059287999999989 43.44004247655601 36.995889396347955
    vertex 9.059287999999988 44.2684696013022 36.36021490595639
    vertex 5.059287999999989 44.2684696013022 36.36021490595639
  endloop
endfacet
facet normal 6.890024602430018e-16 0.6087614290087207 0.793353340291235
  outer loop
    vertex 9.059287999999988 44.2684696013022 36.36021490595639
    vertex 5.059287999999989 43.44004247655601 36.995889396347955
    vertex 9.05928799999999 43.44004247655601 36.99588939634795
  endloop
endfacet
facet normal 4.494624010494678e-16 0.7933533402912348 0.6087614290087211
  outer loop
    vertex 9.059287999999988 44.2684696013022 36.36021490595639
    vertex 5.059287999999988 44.904144091693766 35.5317877812102
    vertex 5.059287999999989 44.2684696013022 36.36021490595639
  endloop
endfacet
facet normal 4.494624010494678e-16 0.7933533402912348 0.6087614290087211
  outer loop
    vertex 5.059287999999988 44.904144091693766 35.5317877812102
    vertex 9.059287999999988 44.2684696013022 36.36021490595639
    vertex 9.059287999999988 44.904144091693766 35.5317877812102
  endloop
endfacet
facet normal 1.792922219961502e-16 0.9238795325112861 0.38268343236509145
  outer loop
    vertex 9.059287999999988 44.904144091693766 35.5317877812102
    vertex 5.059287999999986 45.30374578171228 34.567063961620285
    vertex 5.059287999999988 44.904144091693766 35.5317877812102
  endloop
endfacet
facet normal 1.792922219961502e-16 0.9238795325112861 0.38268343236509145
  outer loop
    vertex 5.059287999999986 45.30374578171228 34.567063961620285
    vertex 9.059287999999988 44.904144091693766 35.5317877812102
    vertex 9.059287999999986 45.30374578171228 34.567063961620285
  endloop
endfacet
facet normal -3.784592223437556e-16 0.9914448613738104 -0.13052619222005218
  outer loop
    vertex 9.059287999999984 45.44004247655601 33.53178778121019
    vertex 5.0592879999999845 45.30374578171228 32.49651160080012
    vertex 5.059287999999985 45.44004247655601 33.531787781210205
  endloop
endfacet
facet normal -3.784592223437556e-16 0.9914448613738104 -0.13052619222005218
  outer loop
    vertex 5.0592879999999845 45.30374578171228 32.49651160080012
    vertex 9.059287999999984 45.44004247655601 33.53178778121019
    vertex 9.059287999999983 45.30374578171228 32.49651160080011
  endloop
endfacet
facet normal -1.0309642569180238e-16 0.9914448613738106 0.13052619222005127
  outer loop
    vertex 9.059287999999986 45.30374578171228 34.567063961620285
    vertex 5.059287999999985 45.44004247655601 33.531787781210205
    vertex 5.059287999999986 45.30374578171228 34.567063961620285
  endloop
endfacet
facet normal -1.0309642569180238e-16 0.9914448613738106 0.13052619222005127
  outer loop
    vertex 5.059287999999985 45.44004247655601 33.531787781210205
    vertex 9.059287999999986 45.30374578171228 34.567063961620285
    vertex 9.059287999999984 45.44004247655601 33.53178778121019
  endloop
endfacet
facet normal -6.280306484264149e-16 0.9238795325112878 -0.3826834323650872
  outer loop
    vertex 9.059287999999983 45.30374578171228 32.49651160080011
    vertex 5.059287999999984 44.904144091693766 31.53178778121021
    vertex 5.0592879999999845 45.30374578171228 32.49651160080012
  endloop
endfacet
facet normal -6.280306484264149e-16 0.9238795325112878 -0.3826834323650872
  outer loop
    vertex 5.059287999999984 44.904144091693766 31.53178778121021
    vertex 9.059287999999983 45.30374578171228 32.49651160080011
    vertex 9.059287999999983 44.904144091693766 31.5317877812102
  endloop
endfacet
facet normal -8.34802823688538e-16 0.7933533402912354 -0.6087614290087204
  outer loop
    vertex 9.059287999999983 44.904144091693766 31.5317877812102
    vertex 5.059287999999983 44.2684696013022 30.703360656464014
    vertex 5.059287999999984 44.904144091693766 31.53178778121021
  endloop
endfacet
facet normal -8.34802823688538e-16 0.7933533402912354 -0.6087614290087204
  outer loop
    vertex 5.059287999999983 44.2684696013022 30.703360656464014
    vertex 9.059287999999983 44.904144091693766 31.5317877812102
    vertex 9.059287999999983 44.2684696013022 30.703360656464007
  endloop
endfacet
facet normal -9.846845660931792e-16 0.6087614290087223 -0.793353340291234
  outer loop
    vertex 9.059287999999983 43.77186820690188 30.322305004272657
    vertex 5.059287999999983 44.2684696013022 30.703360656464014
    vertex 9.059287999999983 44.2684696013022 30.703360656464007
  endloop
endfacet
facet normal -9.846845660931792e-16 0.6087614290087223 -0.793353340291234
  outer loop
    vertex 5.059287999999983 44.2684696013022 30.703360656464014
    vertex 9.059287999999983 43.77186820690188 30.322305004272657
    vertex 5.059287999999982 43.77186820690188 30.322305004272664
  endloop
endfacet
facet normal 1.0 2.416805633234611e-16 -1.0531097879815729e-15
  outer loop
    vertex 5.0592879999999685 45.1263574189168 17.962231520811272
    vertex 5.059287999999969 44.19172480503319 18.08649681193459
    vertex 5.059287999999969 44.405135253056734 17.80893101703585
  endloop
endfacet
facet normal 1.0 2.416805633234611e-16 -1.0531097879815729e-15
  outer loop
    vertex 5.059287999999969 44.19172480503319 18.08649681193459
    vertex 5.0592879999999685 45.1263574189168 17.962231520811272
    vertex 5.059287999999969 45.208421384672405 18.302602341164373
  endloop
endfacet
facet normal 1.0 2.416805633234611e-16 -1.0531097879815729e-15
  outer loop
    vertex 5.059287999999969 44.19172480503319 18.08649681193459
    vertex 5.059287999999969 45.208421384672405 18.302602341164373
    vertex 5.05928799999997 43.79293598421075 18.70499364001869
  endloop
endfacet
facet normal 1.0 2.416805633234611e-16 -1.0531097879815729e-15
  outer loop
    vertex 5.05928799999997 43.79293598421075 18.70499364001869
    vertex 5.059287999999969 45.208421384672405 18.302602341164373
    vertex 5.059287999999969 45.32116777688542 19.02982933530443
  endloop
endfacet
facet normal 1.0 2.416805633234611e-16 -1.0531097879815729e-15
  outer loop
    vertex 5.05928799999997 43.79293598421075 18.70499364001869
    vertex 5.059287999999969 45.32116777688542 19.02982933530443
    vertex 5.059287999999971 43.56349840144956 19.177933698985168
  endloop
endfacet
facet normal 1.0 2.416805633234611e-16 -1.0531097879815729e-15
  outer loop
    vertex 5.059287999999971 43.56349840144956 19.177933698985168
    vertex 5.059287999999969 45.32116777688542 19.02982933530443
    vertex 5.059287999999971 45.33840738646933 19.555202250118203
  endloop
endfacet
facet normal 1.0 2.416805633234611e-16 -1.0531097879815729e-15
  outer loop
    vertex 5.059287999999971 43.56349840144956 19.177933698985168
    vertex 5.059287999999971 45.33840738646933 19.555202250118203
    vertex 5.059287999999971 43.460632574197156 19.476085608598133
  endloop
endfacet
facet normal 1.0 2.416805633234611e-16 -1.0531097879815729e-15
  outer loop
    vertex 5.059287999999971 43.460632574197156 19.476085608598133
    vertex 5.059287999999971 45.33840738646933 19.555202250118203
    vertex 5.059287999999971 43.42379696222916 19.673046202676765
  endloop
endfacet
facet normal 1.0 2.416805633234611e-16 -1.0531097879815729e-15
  outer loop
    vertex 5.059287999999971 43.42379696222916 19.673046202676765
    vertex 5.059287999999971 45.33840738646933 19.555202250118203
    vertex 5.059287999999971 45.31111068885979 19.869416874096448
  endloop
endfacet
facet normal 1.0 2.416805633234611e-16 -1.0531097879815729e-15
  outer loop
    vertex 5.059287999999971 43.42379696222916 19.673046202676765
    vertex 5.059287999999971 45.31111068885979 19.869416874096448
    vertex 5.059287999999971 43.39185198663413 19.74777369546534
  endloop
endfacet
facet normal 1.0 2.416805633234611e-16 -1.0531097879815729e-15
  outer loop
    vertex 5.059287999999971 43.39185198663413 19.74777369546534
    vertex 5.059287999999971 45.31111068885979 19.869416874096448
    vertex 5.059287999999971 43.32682307985124 19.796517114783846
  endloop
endfacet
facet normal 1.0 2.416805633234611e-16 -1.0531097879815729e-15
  outer loop
    vertex 5.059287999999971 43.32682307985124 19.796517114783846
    vertex 5.059287999999971 45.31111068885979 19.869416874096448
    vertex 5.059287999999971 43.246134684937715 19.806215700789547
  endloop
endfacet
facet normal 1.0 2.416805633234611e-16 -1.0531097879815729e-15
  outer loop
    vertex 5.059287999999971 43.246134684937715 19.806215700789547
    vertex 5.059287999999971 45.31111068885979 19.869416874096448
    vertex 5.059287999999972 39.633950268174324 19.80621570078955
  endloop
endfacet
facet normal 1.0 2.416805633234611e-16 -1.0531097879815729e-15
  outer loop
    vertex 5.059287999999971 38.68836014807882 18.086496811934587
    vertex 5.059287999999971 37.753727534195214 17.962231520811272
    vertex 5.059287999999971 38.47494970005528 17.80893101703585
  endloop
endfacet
facet normal 1.0 2.416805633234611e-16 -1.0531097879815729e-15
  outer loop
    vertex 5.059287999999971 37.753727534195214 17.962231520811272
    vertex 5.059287999999971 38.68836014807882 18.086496811934587
    vertex 5.059287999999971 37.67166356843961 18.302602341164373
  endloop
endfacet
facet normal 1.0 2.416805633234611e-16 -1.0531097879815729e-15
  outer loop
    vertex 5.059287999999971 37.67166356843961 18.302602341164373
    vertex 5.059287999999971 38.68836014807882 18.086496811934587
    vertex 5.059287999999971 39.08714896890126 18.70499364001869
  endloop
endfacet
facet normal 1.0 2.416805633234611e-16 -1.0531097879815729e-15
  outer loop
    vertex 5.059287999999971 37.67166356843961 18.302602341164373
    vertex 5.059287999999971 39.08714896890126 18.70499364001869
    vertex 5.059287999999972 37.55891717622659 19.029829335304434
  endloop
endfacet
facet normal 1.0 2.416805633234611e-16 -1.0531097879815729e-15
  outer loop
    vertex 5.059287999999972 37.55891717622659 19.029829335304434
    vertex 5.059287999999971 39.08714896890126 18.70499364001869
    vertex 5.059287999999972 39.31658655166245 19.177933698985168
  endloop
endfacet
facet normal 1.0 2.416805633234611e-16 -1.0531097879815729e-15
  outer loop
    vertex 5.059287999999972 37.55891717622659 19.029829335304434
    vertex 5.059287999999972 39.31658655166245 19.177933698985168
    vertex 5.059287999999972 37.54167756664268 19.555202250118203
  endloop
endfacet
facet normal 1.0 2.416805633234611e-16 -1.0531097879815729e-15
  outer loop
    vertex 5.059287999999972 37.54167756664268 19.555202250118203
    vertex 5.059287999999972 39.31658655166245 19.177933698985168
    vertex 5.059287999999972 39.41945237891488 19.47608560859813
  endloop
endfacet
facet normal 1.0 2.416805633234611e-16 -1.0531097879815729e-15
  outer loop
    vertex 5.059287999999972 37.54167756664268 19.555202250118203
    vertex 5.059287999999972 39.41945237891488 19.47608560859813
    vertex 5.059287999999972 39.45628799088287 19.673046202676765
  endloop
endfacet
facet normal 1.0 2.416805633234611e-16 -1.0531097879815729e-15
  outer loop
    vertex 5.059287999999972 37.54167756664268 19.555202250118203
    vertex 5.059287999999972 39.45628799088287 19.673046202676765
    vertex 5.059287999999972 37.56897426425222 19.869416874096455
  endloop
endfacet
facet normal 1.0 2.416805633234611e-16 -1.0531097879815729e-15
  outer loop
    vertex 5.059287999999972 37.56897426425222 19.869416874096455
    vertex 5.059287999999972 39.45628799088287 19.673046202676765
    vertex 5.059287999999972 39.4882329664779 19.74777369546534
  endloop
endfacet
facet normal 1.0 2.416805633234611e-16 -1.0531097879815729e-15
  outer loop
    vertex 5.059287999999972 37.56897426425222 19.869416874096455
    vertex 5.059287999999972 39.4882329664779 19.74777369546534
    vertex 5.059287999999972 39.55326187326077 19.796517114783843
  endloop
endfacet
facet normal 1.0 2.416805633234611e-16 -1.0531097879815729e-15
  outer loop
    vertex 5.059287999999972 37.56897426425222 19.869416874096455
    vertex 5.059287999999972 39.55326187326077 19.796517114783843
    vertex 5.059287999999972 39.633950268174324 19.80621570078955
  endloop
endfacet
facet normal 1.0 2.416805633234611e-16 -1.0531097879815729e-15
  outer loop
    vertex 5.059287999999972 37.56897426425222 19.869416874096455
    vertex 5.059287999999972 39.633950268174324 19.80621570078955
    vertex 5.059287999999971 45.31111068885979 19.869416874096448
  endloop
endfacet
facet normal 1.0 2.416805633234611e-16 -1.0531097879815729e-15
  outer loop
    vertex 5.059287999999972 37.56897426425222 19.869416874096455
    vertex 5.059287999999971 45.31111068885979 19.869416874096448
    vertex 5.059287999999971 45.26465060399889 20.064331723309074
  endloop
endfacet
facet normal 1.0 2.416805633234611e-16 -1.0531097879815729e-15
  outer loop
    vertex 5.059287999999972 37.56897426425222 19.869416874096455
    vertex 5.059287999999971 45.26465060399889 20.064331723309074
    vertex 5.059287999999973 37.61543434911313 20.064331723309074
  endloop
endfacet
facet normal 1.0 2.416805633234611e-16 -1.0531097879815729e-15
  outer loop
    vertex 5.059287999999973 37.61543434911313 20.064331723309074
    vertex 5.059287999999971 45.26465060399889 20.064331723309074
    vertex 5.059287999999971 45.26343938178593 20.14559187704376
  endloop
endfacet
facet normal 1.0 2.416805633234611e-16 -1.0531097879815729e-15
  outer loop
    vertex 5.059287999999973 37.61543434911313 20.064331723309074
    vertex 5.059287999999971 45.26343938178593 20.14559187704376
    vertex 5.059287999999973 37.61664557132608 20.145591877043767
  endloop
endfacet
facet normal 1.0 2.416805633234611e-16 -1.0531097879815729e-15
  outer loop
    vertex 5.059287999999973 37.61664557132608 20.145591877043767
    vertex 5.059287999999971 45.26343938178593 20.14559187704376
    vertex 5.059287999999971 45.30302050944726 20.2165708455999
  endloop
endfacet
facet normal 1.0 2.416805633234611e-16 -1.0531097879815729e-15
  outer loop
    vertex 5.059287999999973 37.61664557132608 20.145591877043767
    vertex 5.059287999999971 45.30302050944726 20.2165708455999
    vertex 5.059287999999973 37.57706444366476 20.21657084559991
  endloop
endfacet
facet normal 1.0 2.416805633234611e-16 -1.0531097879815729e-15
  outer loop
    vertex 5.059287999999973 37.57706444366476 20.21657084559991
    vertex 5.059287999999971 45.30302050944726 20.2165708455999
    vertex 5.059287999999971 45.372788255790454 20.258249871673286
  endloop
endfacet
facet normal 1.0 2.416805633234611e-16 -1.0531097879815729e-15
  outer loop
    vertex 5.059287999999973 37.57706444366476 20.21657084559991
    vertex 5.059287999999971 45.372788255790454 20.258249871673286
    vertex 5.059287999999973 37.507296697321564 20.258249871673286
  endloop
endfacet
facet normal 1.0 2.416805633234611e-16 -1.0531097879815729e-15
  outer loop
    vertex 5.059287999999973 37.507296697321564 20.258249871673286
    vertex 5.059287999999971 45.372788255790454 20.258249871673286
    vertex 5.059287999999971 46.06037413556987 20.48166006686525
  endloop
endfacet
facet normal 1.0 2.416805633234611e-16 -1.0531097879815729e-15
  outer loop
    vertex 5.059287999999973 37.507296697321564 20.258249871673286
    vertex 5.059287999999971 46.06037413556987 20.48166006686525
    vertex 5.059287999999974 36.819710817542145 20.481660066865253
  endloop
endfacet
facet normal 1.0 2.416805633234611e-16 -1.0531097879815729e-15
  outer loop
    vertex 5.059287999999974 36.819710817542145 20.481660066865253
    vertex 5.059287999999971 46.06037413556987 20.48166006686525
    vertex 5.059287999999971 46.14131574487659 20.488949478849108
  endloop
endfacet
facet normal 1.0 2.416805633234611e-16 -1.0531097879815729e-15
  outer loop
    vertex 5.059287999999974 36.819710817542145 20.481660066865253
    vertex 5.059287999999971 46.14131574487659 20.488949478849108
    vertex 5.059287999999974 36.7387692082354 20.488949478849104
  endloop
endfacet
facet normal 1.0 2.416805633234611e-16 -1.0531097879815729e-15
  outer loop
    vertex 5.059287999999969 48.28289536035717 19.06889165316399
    vertex 5.059287999999969 47.34285050473194 18.996120402484788
    vertex 5.059287999999969 47.609306596168246 18.76899061324556
  endloop
endfacet
facet normal 1.0 2.416805633234611e-16 -1.0531097879815729e-15
  outer loop
    vertex 5.059287999999969 47.34285050473194 18.996120402484788
    vertex 5.059287999999969 48.28289536035717 19.06889165316399
    vertex 5.05928799999997 46.82418345515263 19.518188732920304
  endloop
endfacet
facet normal 1.0 2.416805633234611e-16 -1.0531097879815729e-15
  outer loop
    vertex 5.05928799999997 46.82418345515263 19.518188732920304
    vertex 5.059287999999969 48.28289536035717 19.06889165316399
    vertex 5.059287999999969 48.292398958803055 19.418886612327626
  endloop
endfacet
facet normal 1.0 2.416805633234611e-16 -1.0531097879815729e-15
  outer loop
    vertex 5.05928799999997 46.82418345515263 19.518188732920304
    vertex 5.059287999999969 48.292398958803055 19.418886612327626
    vertex 5.059287999999971 48.25148257787766 20.153663244873197
  endloop
endfacet
facet normal 1.0 2.416805633234611e-16 -1.0531097879815729e-15
  outer loop
    vertex 5.05928799999997 46.82418345515263 19.518188732920304
    vertex 5.059287999999971 48.25148257787766 20.153663244873197
    vertex 5.059287999999971 46.50142986674142 19.933091161120245
  endloop
endfacet
facet normal 1.0 2.416805633234611e-16 -1.0531097879815729e-15
  outer loop
    vertex 5.059287999999971 46.50142986674142 19.933091161120245
    vertex 5.059287999999971 48.25148257787766 20.153663244873197
    vertex 5.059287999999971 46.33882263696879 20.203340728090957
  endloop
endfacet
facet normal 1.0 2.416805633234611e-16 -1.0531097879815729e-15
  outer loop
    vertex 5.059287999999971 46.33882263696879 20.203340728090957
    vertex 5.059287999999971 48.25148257787766 20.153663244873197
    vertex 5.059287999999971 48.15911428960096 20.671139817366438
  endloop
endfacet
facet normal 1.0 2.416805633234611e-16 -1.0531097879815729e-15
  outer loop
    vertex 5.059287999999971 46.33882263696879 20.203340728090957
    vertex 5.059287999999971 48.15911428960096 20.671139817366438
    vertex 5.059287999999971 46.26184156136141 20.388338706261504
  endloop
endfacet
facet normal 1.0 2.416805633234611e-16 -1.0531097879815729e-15
  outer loop
    vertex 5.059287999999971 46.26184156136141 20.388338706261504
    vertex 5.059287999999971 48.15911428960096 20.671139817366438
    vertex 5.059287999999971 46.21505794075134 20.454791490152406
  endloop
endfacet
facet normal 1.0 2.416805633234611e-16 -1.0531097879815729e-15
  outer loop
    vertex 5.059287999999971 46.21505794075134 20.454791490152406
    vertex 5.059287999999971 48.15911428960096 20.671139817366438
    vertex 5.059287999999971 46.14131574487659 20.488949478849108
  endloop
endfacet
facet normal 1.0 2.416805633234611e-16 -1.0531097879815729e-15
  outer loop
    vertex 5.059287999999972 35.537234448380076 18.99612040248479
    vertex 5.059287999999972 34.59718959275484 19.068891653163995
    vertex 5.059287999999972 35.270778356943765 18.768990613245563
  endloop
endfacet
facet normal 1.0 2.416805633234611e-16 -1.0531097879815729e-15
  outer loop
    vertex 5.059287999999972 34.59718959275484 19.068891653163995
    vertex 5.059287999999972 35.537234448380076 18.99612040248479
    vertex 5.059287999999973 36.05590149795938 19.518188732920308
  endloop
endfacet
facet normal 1.0 2.416805633234611e-16 -1.0531097879815729e-15
  outer loop
    vertex 5.059287999999972 34.59718959275484 19.068891653163995
    vertex 5.059287999999973 36.05590149795938 19.518188732920308
    vertex 5.059287999999974 34.587685994308956 19.41888661232763
  endloop
endfacet
facet normal 1.0 2.416805633234611e-16 -1.0531097879815729e-15
  outer loop
    vertex 5.059287999999974 34.587685994308956 19.41888661232763
    vertex 5.059287999999973 36.05590149795938 19.518188732920308
    vertex 5.059287999999974 34.62860237523435 20.1536632448732
  endloop
endfacet
facet normal 1.0 2.416805633234611e-16 -1.0531097879815729e-15
  outer loop
    vertex 5.059287999999974 34.62860237523435 20.1536632448732
    vertex 5.059287999999973 36.05590149795938 19.518188732920308
    vertex 5.059287999999973 36.37865508637059 19.933091161120252
  endloop
endfacet
facet normal 1.0 2.416805633234611e-16 -1.0531097879815729e-15
  outer loop
    vertex 5.059287999999974 34.62860237523435 20.1536632448732
    vertex 5.059287999999973 36.37865508637059 19.933091161120252
    vertex 5.059287999999974 36.54126231614322 20.203340728090957
  endloop
endfacet
facet normal 1.0 2.416805633234611e-16 -1.0531097879815729e-15
  outer loop
    vertex 5.059287999999974 34.62860237523435 20.1536632448732
    vertex 5.059287999999974 36.54126231614322 20.203340728090957
    vertex 5.059287999999975 34.72097066351108 20.671139817366445
  endloop
endfacet
facet normal 1.0 2.416805633234611e-16 -1.0531097879815729e-15
  outer loop
    vertex 5.059287999999975 34.72097066351108 20.671139817366445
    vertex 5.059287999999974 36.54126231614322 20.203340728090957
    vertex 5.059287999999974 36.6182433917506 20.388338706261507
  endloop
endfacet
facet normal 1.0 2.416805633234611e-16 -1.0531097879815729e-15
  outer loop
    vertex 5.059287999999975 34.72097066351108 20.671139817366445
    vertex 5.059287999999974 36.6182433917506 20.388338706261507
    vertex 5.059287999999974 36.66502701236067 20.454791490152406
  endloop
endfacet
facet normal 1.0 2.416805633234611e-16 -1.0531097879815729e-15
  outer loop
    vertex 5.059287999999975 34.72097066351108 20.671139817366445
    vertex 5.059287999999974 36.66502701236067 20.454791490152406
    vertex 5.059287999999974 36.7387692082354 20.488949478849104
  endloop
endfacet
facet normal 1.0 2.416805633234611e-16 -1.0531097879815729e-15
  outer loop
    vertex 5.059287999999975 34.72097066351108 20.671139817366445
    vertex 5.059287999999974 36.7387692082354 20.488949478849104
    vertex 5.059287999999971 46.14131574487659 20.488949478849108
  endloop
endfacet
facet normal 1.0 2.416805633234611e-16 -1.0531097879815729e-15
  outer loop
    vertex 5.059287999999975 34.72097066351108 20.671139817366445
    vertex 5.059287999999971 46.14131574487659 20.488949478849108
    vertex 5.059287999999971 48.15911428960096 20.671139817366438
  endloop
endfacet
facet normal 1.0 2.416805633234611e-16 -1.0531097879815729e-15
  outer loop
    vertex 5.059287999999975 34.72097066351108 20.671139817366445
    vertex 5.059287999999971 48.15911428960096 20.671139817366438
    vertex 5.059287999999971 48.06708519657525 20.9728127953725
  endloop
endfacet
facet normal 1.0 2.416805633234611e-16 -1.0531097879815729e-15
  outer loop
    vertex 5.059287999999975 34.72097066351108 20.671139817366445
    vertex 5.059287999999971 48.06708519657525 20.9728127953725
    vertex 5.059287999999975 34.81299975653676 20.972812795372505
  endloop
endfacet
facet normal 1.0 2.416805633234611e-16 -1.0531097879815729e-15
  outer loop
    vertex 5.059287999999975 34.81299975653676 20.972812795372505
    vertex 5.059287999999971 48.06708519657525 20.9728127953725
    vertex 5.059287999999972 47.98111530017336 21.153808692678243
  endloop
endfacet
facet normal 1.0 2.416805633234611e-16 -1.0531097879815729e-15
  outer loop
    vertex 5.059287999999975 34.81299975653676 20.972812795372505
    vertex 5.059287999999972 47.98111530017336 21.153808692678243
    vertex 5.059287999999975 34.89896965293865 21.15380869267825
  endloop
endfacet
facet normal 1.0 2.416805633234611e-16 -1.0531097879815729e-15
  outer loop
    vertex 5.059287999999975 34.89896965293865 21.15380869267825
    vertex 5.059287999999972 47.98111530017336 21.153808692678243
    vertex 5.059287999999972 47.96303561011271 21.23304128983084
  endloop
endfacet
facet normal 1.0 2.416805633234611e-16 -1.0531097879815729e-15
  outer loop
    vertex 5.059287999999975 34.89896965293865 21.15380869267825
    vertex 5.059287999999972 47.96303561011271 21.23304128983084
    vertex 5.059287999999975 34.917049342999306 21.233041289830847
  endloop
endfacet
facet normal 1.0 2.416805633234611e-16 -1.0531097879815729e-15
  outer loop
    vertex 5.059287999999975 34.917049342999306 21.233041289830847
    vertex 5.059287999999972 47.96303561011271 21.23304128983084
    vertex 5.059287999999972 47.98699443780396 21.31069857680313
  endloop
endfacet
facet normal 1.0 2.416805633234611e-16 -1.0531097879815729e-15
  outer loop
    vertex 5.059287999999975 34.917049342999306 21.233041289830847
    vertex 5.059287999999972 47.98699443780396 21.31069857680313
    vertex 5.059287999999975 34.89309051530805 21.310698576803137
  endloop
endfacet
facet normal 1.0 2.416805633234611e-16 -1.0531097879815729e-15
  outer loop
    vertex 5.059287999999975 34.89309051530805 21.310698576803137
    vertex 5.059287999999972 47.98699443780396 21.31069857680313
    vertex 5.059287999999972 48.04657203471561 21.365972346264492
  endloop
endfacet
facet normal 1.0 2.416805633234611e-16 -1.0531097879815729e-15
  outer loop
    vertex 5.059287999999975 34.89309051530805 21.310698576803137
    vertex 5.059287999999972 48.04657203471561 21.365972346264492
    vertex 5.059287999999975 34.83351291839638 21.365972346264492
  endloop
endfacet
facet normal 1.0 2.416805633234611e-16 -1.0531097879815729e-15
  outer loop
    vertex 5.059287999999975 34.83351291839638 21.365972346264492
    vertex 5.059287999999972 48.04657203471561 21.365972346264492
    vertex 5.059287999999976 34.207402031220006 21.727457635518345
  endloop
endfacet
facet normal 1.0 2.416805633234611e-16 -1.0531097879815729e-15
  outer loop
    vertex 5.059287999999976 34.207402031220006 21.727457635518345
    vertex 5.059287999999972 48.04657203471561 21.365972346264492
    vertex 5.059287999999972 48.67268292189201 21.727457635518334
  endloop
endfacet
facet normal 1.0 2.416805633234611e-16 -1.0531097879815729e-15
  outer loop
    vertex 5.059287999999976 34.207402031220006 21.727457635518345
    vertex 5.059287999999972 48.67268292189201 21.727457635518334
    vertex 5.059287999999972 48.75034020886431 21.751416463209583
  endloop
endfacet
facet normal 1.0 2.416805633234611e-16 -1.0531097879815729e-15
  outer loop
    vertex 5.059287999999976 34.207402031220006 21.727457635518345
    vertex 5.059287999999972 48.75034020886431 21.751416463209583
    vertex 5.059287999999976 34.1297447442477 21.751416463209583
  endloop
endfacet
facet normal 1.0 2.416805633234611e-16 -1.0531097879815729e-15
  outer loop
    vertex 5.059287999999971 51.140367795124234 20.80764974698783
    vertex 5.05928799999997 50.23599516878388 20.54102240735599
    vertex 5.05928799999997 50.543851493839036 20.374255285455686
  endloop
endfacet
facet normal 1.0 2.416805633234611e-16 -1.0531097879815729e-15
  outer loop
    vertex 5.05928799999997 50.23599516878388 20.54102240735599
    vertex 5.059287999999971 51.140367795124234 20.80764974698783
    vertex 5.059287999999971 49.62011812935494 20.9438453489411
  endloop
endfacet
facet normal 1.0 2.416805633234611e-16 -1.0531097879815729e-15
  outer loop
    vertex 5.059287999999971 49.62011812935494 20.9438453489411
    vertex 5.059287999999971 51.140367795124234 20.80764974698783
    vertex 5.059287999999971 51.076895673405026 21.15197238578441
  endloop
endfacet
facet normal 1.0 2.416805633234611e-16 -1.0531097879815729e-15
  outer loop
    vertex 5.059287999999971 49.62011812935494 20.9438453489411
    vertex 5.059287999999971 51.076895673405026 21.15197238578441
    vertex 5.059287999999971 49.21815441585085 21.28257691933943
  endloop
endfacet
facet normal 1.0 2.416805633234611e-16 -1.0531097879815729e-15
  outer loop
    vertex 5.059287999999971 49.21815441585085 21.28257691933943
    vertex 5.059287999999971 51.076895673405026 21.15197238578441
    vertex 5.059287999999971 50.88410476152619 21.86218539204378
  endloop
endfacet
facet normal 1.0 2.416805633234611e-16 -1.0531097879815729e-15
  outer loop
    vertex 5.059287999999971 49.21815441585085 21.28257691933943
    vertex 5.059287999999971 50.88410476152619 21.86218539204378
    vertex 5.059287999999972 49.002912499775135 21.513112940789966
  endloop
endfacet
facet normal 1.0 2.416805633234611e-16 -1.0531097879815729e-15
  outer loop
    vertex 5.059287999999972 49.002912499775135 21.513112940789966
    vertex 5.059287999999971 50.88410476152619 21.86218539204378
    vertex 5.059287999999972 48.889150402928564 21.678063003687587
  endloop
endfacet
facet normal 1.0 2.416805633234611e-16 -1.0531097879815729e-15
  outer loop
    vertex 5.059287999999972 48.889150402928564 21.678063003687587
    vertex 5.059287999999971 50.88410476152619 21.86218539204378
    vertex 5.059287999999972 48.82957280601691 21.73333677314895
  endloop
endfacet
facet normal 1.0 2.416805633234611e-16 -1.0531097879815729e-15
  outer loop
    vertex 5.059287999999972 48.82957280601691 21.73333677314895
    vertex 5.059287999999971 50.88410476152619 21.86218539204378
    vertex 5.059287999999972 48.75034020886431 21.751416463209583
  endloop
endfacet
facet normal 1.0 2.416805633234611e-16 -1.0531097879815729e-15
  outer loop
    vertex 5.059287999999972 48.75034020886431 21.751416463209583
    vertex 5.059287999999971 50.88410476152619 21.86218539204378
    vertex 5.0592879999999765 31.995980191585847 21.86218539204378
  endloop
endfacet
facet normal 1.0 2.416805633234611e-16 -1.0531097879815729e-15
  outer loop
    vertex 5.0592879999999765 31.995980191585847 21.86218539204378
    vertex 5.059287999999971 50.88410476152619 21.86218539204378
    vertex 5.0592879999999765 32.19391944029324 22.349149412870446
  endloop
endfacet
facet normal 1.0 2.416805633234611e-16 -1.0531097879815729e-15
  outer loop
    vertex 5.0592879999999765 32.19391944029324 22.349149412870446
    vertex 5.059287999999971 50.88410476152619 21.86218539204378
    vertex 5.059287999999972 50.686165512818796 22.349149412870446
  endloop
endfacet
facet normal 1.0 2.416805633234611e-16 -1.0531097879815729e-15
  outer loop
    vertex 5.0592879999999765 32.19391944029324 22.349149412870446
    vertex 5.059287999999972 50.686165512818796 22.349149412870446
    vertex 5.059287999999977 32.3466588157653 22.6250961881779
  endloop
endfacet
facet normal 1.0 2.416805633234611e-16 -1.0531097879815729e-15
  outer loop
    vertex 5.059287999999977 32.3466588157653 22.6250961881779
    vertex 5.059287999999972 50.686165512818796 22.349149412870446
    vertex 5.059287999999972 50.53342613734673 22.6250961881779
  endloop
endfacet
facet normal 1.0 2.416805633234611e-16 -1.0531097879815729e-15
  outer loop
    vertex 5.059287999999977 32.3466588157653 22.6250961881779
    vertex 5.059287999999972 50.53342613734673 22.6250961881779
    vertex 5.059287999999977 32.468381226706036 22.78426274434983
  endloop
endfacet
facet normal 1.0 2.416805633234611e-16 -1.0531097879815729e-15
  outer loop
    vertex 5.059287999999977 32.468381226706036 22.78426274434983
    vertex 5.059287999999972 50.53342613734673 22.6250961881779
    vertex 5.059287999999972 50.411703726405975 22.78426274434983
  endloop
endfacet
facet normal 1.0 2.416805633234611e-16 -1.0531097879815729e-15
  outer loop
    vertex 5.059287999999977 32.468381226706036 22.78426274434983
    vertex 5.059287999999972 50.411703726405975 22.78426274434983
    vertex 5.059287999999977 32.50253921540275 22.858004940224586
  endloop
endfacet
facet normal 1.0 2.416805633234611e-16 -1.0531097879815729e-15
  outer loop
    vertex 5.059287999999977 32.50253921540275 22.858004940224586
    vertex 5.059287999999972 50.411703726405975 22.78426274434983
    vertex 5.059287999999972 50.37754573770927 22.858004940224586
  endloop
endfacet
facet normal 1.0 2.416805633234611e-16 -1.0531097879815729e-15
  outer loop
    vertex 5.059287999999977 32.50253921540275 22.858004940224586
    vertex 5.059287999999972 50.37754573770927 22.858004940224586
    vertex 5.059287999999977 32.49524980341889 22.938946549531323
  endloop
endfacet
facet normal 1.0 2.416805633234611e-16 -1.0531097879815729e-15
  outer loop
    vertex 5.059287999999977 32.49524980341889 22.938946549531323
    vertex 5.059287999999972 50.37754573770927 22.858004940224586
    vertex 5.059287999999973 50.38483514969312 22.93894654953132
  endloop
endfacet
facet normal 1.0 2.416805633234611e-16 -1.0531097879815729e-15
  outer loop
    vertex 5.059287999999977 32.49524980341889 22.938946549531323
    vertex 5.059287999999973 50.38483514969312 22.93894654953132
    vertex 5.059287999999973 50.43161877030315 23.005399333422222
  endloop
endfacet
facet normal 1.0 2.416805633234611e-16 -1.0531097879815729e-15
  outer loop
    vertex 5.059287999999977 32.49524980341889 22.938946549531323
    vertex 5.059287999999973 50.43161877030315 23.005399333422222
    vertex 5.059287999999977 32.44846618280886 23.005399333422222
  endloop
endfacet
facet normal 1.0 2.416805633234611e-16 -1.0531097879815729e-15
  outer loop
    vertex 5.059287999999977 32.44846618280886 23.005399333422222
    vertex 5.059287999999973 50.43161877030315 23.005399333422222
    vertex 5.059287999999978 31.911194338418458 23.489161074998698
  endloop
endfacet
facet normal 1.0 2.416805633234611e-16 -1.0531097879815729e-15
  outer loop
    vertex 5.059287999999978 31.911194338418458 23.489161074998698
    vertex 5.059287999999973 50.43161877030315 23.005399333422222
    vertex 5.059287999999974 50.96889061469356 23.489161074998695
  endloop
endfacet
facet normal 1.0 2.416805633234611e-16 -1.0531097879815729e-15
  outer loop
    vertex 5.059287999999978 31.911194338418458 23.489161074998698
    vertex 5.059287999999974 50.96889061469356 23.489161074998695
    vertex 5.059287999999978 31.84021536986233 23.528742202660005
  endloop
endfacet
facet normal 1.0 2.416805633234611e-16 -1.0531097879815729e-15
  outer loop
    vertex 5.059287999999978 31.84021536986233 23.528742202660005
    vertex 5.059287999999974 50.96889061469356 23.489161074998695
    vertex 5.059287999999974 51.03986958324968 23.528742202660005
  endloop
endfacet
facet normal 1.0 2.416805633234611e-16 -1.0531097879815729e-15
  outer loop
    vertex 5.059287999999972 53.57388946614463 23.102513730095673
    vertex 5.059287999999972 52.744714492521595 22.65368319567303
    vertex 5.059287999999971 53.08051625253213 22.55456726457612
  endloop
endfacet
facet normal 1.0 2.416805633234611e-16 -1.0531097879815729e-15
  outer loop
    vertex 5.059287999999972 52.744714492521595 22.65368319567303
    vertex 5.059287999999972 53.57388946614463 23.102513730095673
    vertex 5.059287999999972 52.058544245171994 22.919655452901534
  endloop
endfacet
facet normal 1.0 2.416805633234611e-16 -1.0531097879815729e-15
  outer loop
    vertex 5.059287999999972 52.058544245171994 22.919655452901534
    vertex 5.059287999999972 53.57388946614463 23.102513730095673
    vertex 5.059287999999973 51.59493814969104 23.16741197045743
  endloop
endfacet
facet normal 1.0 2.416805633234611e-16 -1.0531097879815729e-15
  outer loop
    vertex 5.059287999999973 51.59493814969104 23.16741197045743
    vertex 5.059287999999972 53.57388946614463 23.102513730095673
    vertex 5.059287999999972 53.44021566055247 23.426115496966446
  endloop
endfacet
facet normal 1.0 2.416805633234611e-16 -1.0531097879815729e-15
  outer loop
    vertex 5.059287999999973 51.59493814969104 23.16741197045743
    vertex 5.059287999999972 53.44021566055247 23.426115496966446
    vertex 5.059287999999973 51.33646865189006 23.34815891601583
  endloop
endfacet
facet normal 1.0 2.416805633234611e-16 -1.0531097879815729e-15
  outer loop
    vertex 5.059287999999973 51.33646865189006 23.34815891601583
    vertex 5.059287999999972 53.44021566055247 23.426115496966446
    vertex 5.059287999999974 51.190897483327596 23.485851954373686
  endloop
endfacet
facet normal 1.0 2.416805633234611e-16 -1.0531097879815729e-15
  outer loop
    vertex 5.059287999999974 51.190897483327596 23.485851954373686
    vertex 5.059287999999972 53.44021566055247 23.426115496966446
    vertex 5.059287999999974 53.10397610568276 24.080725160585967
  endloop
endfacet
facet normal 1.0 2.416805633234611e-16 -1.0531097879815729e-15
  outer loop
    vertex 5.059287999999974 51.190897483327596 23.485851954373686
    vertex 5.059287999999974 53.10397610568276 24.080725160585967
    vertex 5.059287999999974 51.12112973698438 23.527530980447064
  endloop
endfacet
facet normal 1.0 2.416805633234611e-16 -1.0531097879815729e-15
  outer loop
    vertex 5.059287999999974 51.12112973698438 23.527530980447064
    vertex 5.059287999999974 53.10397610568276 24.080725160585967
    vertex 5.059287999999974 51.03986958324968 23.528742202660005
  endloop
endfacet
facet normal 1.0 2.416805633234611e-16 -1.0531097879815729e-15
  outer loop
    vertex 5.059287999999974 51.03986958324968 23.528742202660005
    vertex 5.059287999999974 53.10397610568276 24.080725160585967
    vertex 5.059287999999979 29.776108847429253 24.080725160585956
  endloop
endfacet
facet normal 1.0 2.416805633234611e-16 -1.0531097879815729e-15
  outer loop
    vertex 5.059287999999979 29.776108847429253 24.080725160585956
    vertex 5.059287999999974 53.10397610568276 24.080725160585967
    vertex 5.059287999999979 30.070968161580936 24.515893965323297
  endloop
endfacet
facet normal 1.0 2.416805633234611e-16 -1.0531097879815729e-15
  outer loop
    vertex 5.059287999999979 30.070968161580936 24.515893965323297
    vertex 5.059287999999974 53.10397610568276 24.080725160585967
    vertex 5.059287999999974 52.80911679153108 24.515893965323304
  endloop
endfacet
facet normal 1.0 2.416805633234611e-16 -1.0531097879815729e-15
  outer loop
    vertex 5.059287999999979 30.070968161580936 24.515893965323297
    vertex 5.059287999999974 52.80911679153108 24.515893965323304
    vertex 5.059287999999979 30.27774237586638 24.754054339711672
  endloop
endfacet
facet normal 1.0 2.416805633234611e-16 -1.0531097879815729e-15
  outer loop
    vertex 5.059287999999979 30.27774237586638 24.754054339711672
    vertex 5.059287999999974 52.80911679153108 24.515893965323304
    vertex 5.059287999999975 52.60234257724563 24.754054339711672
  endloop
endfacet
facet normal 1.0 2.416805633234611e-16 -1.0531097879815729e-15
  outer loop
    vertex 5.059287999999979 30.27774237586638 24.754054339711672
    vertex 5.059287999999975 52.60234257724563 24.754054339711672
    vertex 5.059287999999979 30.42989744789899 24.8844352124792
  endloop
endfacet
facet normal 1.0 2.416805633234611e-16 -1.0531097879815729e-15
  outer loop
    vertex 5.059287999999979 30.42989744789899 24.8844352124792
    vertex 5.059287999999975 52.60234257724563 24.754054339711672
    vertex 5.059287999999975 52.450187505213044 24.884435212479207
  endloop
endfacet
facet normal 1.0 2.416805633234611e-16 -1.0531097879815729e-15
  outer loop
    vertex 5.059287999999979 30.42989744789899 24.8844352124792
    vertex 5.059287999999975 52.450187505213044 24.884435212479207
    vertex 5.05928799999998 30.47864086721749 24.94946411926207
  endloop
endfacet
facet normal 1.0 2.416805633234611e-16 -1.0531097879815729e-15
  outer loop
    vertex 5.05928799999998 30.47864086721749 24.94946411926207
    vertex 5.059287999999975 52.450187505213044 24.884435212479207
    vertex 5.059287999999975 52.401444085894546 24.949464119262075
  endloop
endfacet
facet normal 1.0 2.416805633234611e-16 -1.0531097879815729e-15
  outer loop
    vertex 5.05928799999998 30.47864086721749 24.94946411926207
    vertex 5.059287999999975 52.401444085894546 24.949464119262075
    vertex 5.05928799999998 30.488339453223183 25.03015251417562
  endloop
endfacet
facet normal 1.0 2.416805633234611e-16 -1.0531097879815729e-15
  outer loop
    vertex 5.05928799999998 30.488339453223183 25.03015251417562
    vertex 5.059287999999975 52.401444085894546 24.949464119262075
    vertex 5.059287999999975 52.39174549988883 25.03015251417562
  endloop
endfacet
facet normal 1.0 2.416805633234611e-16 -1.0531097879815729e-15
  outer loop
    vertex 5.05928799999998 30.488339453223183 25.03015251417562
    vertex 5.059287999999975 52.39174549988883 25.03015251417562
    vertex 5.05928799999998 30.456394477628134 25.10488000696419
  endloop
endfacet
facet normal 1.0 2.416805633234611e-16 -1.0531097879815729e-15
  outer loop
    vertex 5.05928799999998 30.456394477628134 25.10488000696419
    vertex 5.059287999999975 52.39174549988883 25.03015251417562
    vertex 5.059287999999975 52.42369047548388 25.104880006964198
  endloop
endfacet
facet normal 1.0 2.416805633234611e-16 -1.0531097879815729e-15
  outer loop
    vertex 5.05928799999998 30.456394477628134 25.10488000696419
    vertex 5.059287999999975 52.42369047548388 25.104880006964198
    vertex 5.059287999999981 30.03144303373996 25.68977549141001
  endloop
endfacet
facet normal 1.0 2.416805633234611e-16 -1.0531097879815729e-15
  outer loop
    vertex 5.059287999999981 30.03144303373996 25.68977549141001
    vertex 5.059287999999975 52.42369047548388 25.104880006964198
    vertex 5.059287999999975 52.84864191937207 25.68977549141001
  endloop
endfacet
facet normal 1.0 2.416805633234611e-16 -1.0531097879815729e-15
  outer loop
    vertex 5.059287999999981 30.03144303373996 25.68977549141001
    vertex 5.059287999999975 52.84864191937207 25.68977549141001
    vertex 5.059287999999981 29.97024450512073 25.743249033831265
  endloop
endfacet
facet normal 1.0 2.416805633234611e-16 -1.0531097879815729e-15
  outer loop
    vertex 5.059287999999981 29.97024450512073 25.743249033831265
    vertex 5.059287999999975 52.84864191937207 25.68977549141001
    vertex 5.059287999999975 52.909840447991286 25.743249033831272
  endloop
endfacet
facet normal 1.0 2.416805633234611e-16 -1.0531097879815729e-15
  outer loop
    vertex 5.059287999999981 29.97024450512073 25.743249033831265
    vertex 5.059287999999975 52.909840447991286 25.743249033831272
    vertex 5.059287999999981 29.89050825345165 25.75895921568881
  endloop
endfacet
facet normal 1.0 2.416805633234611e-16 -1.0531097879815729e-15
  outer loop
    vertex 5.059287999999981 29.89050825345165 25.75895921568881
    vertex 5.059287999999975 52.909840447991286 25.743249033831272
    vertex 5.059287999999975 52.98957669966038 25.75895921568882
  endloop
endfacet
facet normal 1.0 2.416805633234611e-16 -1.0531097879815729e-15
  outer loop
    vertex 5.059287999999975 55.477103799062256 25.853187034446538
    vertex 5.059287999999975 54.75936540332681 25.241769353315224
    vertex 5.059287999999975 55.10843645002463 25.214636454821655
  endloop
endfacet
facet normal 1.0 2.416805633234611e-16 -1.0531097879815729e-15
  outer loop
    vertex 5.059287999999975 54.75936540332681 25.241769353315224
    vertex 5.059287999999975 55.477103799062256 25.853187034446538
    vertex 5.059287999999975 54.032890880475875 25.359266662269743
  endloop
endfacet
facet normal 1.0 2.416805633234611e-16 -1.0531097879815729e-15
  outer loop
    vertex 5.059287999999975 54.032890880475875 25.359266662269743
    vertex 5.059287999999975 55.477103799062256 25.853187034446538
    vertex 5.059287999999975 53.527904214019436 25.505219978298346
  endloop
endfacet
facet normal 1.0 2.416805633234611e-16 -1.0531097879815729e-15
  outer loop
    vertex 5.059287999999975 53.527904214019436 25.505219978298346
    vertex 5.059287999999975 55.477103799062256 25.853187034446538
    vertex 5.059287999999975 53.23750349182135 25.628278339123636
  endloop
endfacet
facet normal 1.0 2.416805633234611e-16 -1.0531097879815729e-15
  outer loop
    vertex 5.059287999999975 53.23750349182135 25.628278339123636
    vertex 5.059287999999975 55.477103799062256 25.853187034446538
    vertex 5.059287999999975 53.06648541013713 25.732696506440977
  endloop
endfacet
facet normal 1.0 2.416805633234611e-16 -1.0531097879815729e-15
  outer loop
    vertex 5.059287999999975 53.06648541013713 25.732696506440977
    vertex 5.059287999999975 55.477103799062256 25.853187034446538
    vertex 5.059287999999975 52.98957669966038 25.75895921568882
  endloop
endfacet
facet normal 1.0 2.416805633234611e-16 -1.0531097879815729e-15
  outer loop
    vertex 5.059287999999975 52.98957669966038 25.75895921568882
    vertex 5.059287999999975 55.477103799062256 25.853187034446538
    vertex 5.059287999999982 27.402981154049765 25.853187034446535
  endloop
endfacet
facet normal 1.0 2.416805633234611e-16 -1.0531097879815729e-15
  outer loop
    vertex 5.059287999999982 27.402981154049765 25.853187034446535
    vertex 5.059287999999975 55.477103799062256 25.853187034446538
    vertex 5.059287999999982 27.601014456772408 26.14192497936569
  endloop
endfacet
facet normal 1.0 2.416805633234611e-16 -1.0531097879815729e-15
  outer loop
    vertex 5.059287999999982 27.601014456772408 26.14192497936569
    vertex 5.059287999999975 55.477103799062256 25.853187034446538
    vertex 5.059287999999975 55.27907049633961 26.14192497936569
  endloop
endfacet
facet normal 1.0 2.416805633234611e-16 -1.0531097879815729e-15
  outer loop
    vertex 5.059287999999982 27.601014456772408 26.14192497936569
    vertex 5.059287999999975 55.27907049633961 26.14192497936569
    vertex 5.059287999999982 28.066007372628814 26.712321716879522
  endloop
endfacet
facet normal 1.0 2.416805633234611e-16 -1.0531097879815729e-15
  outer loop
    vertex 5.059287999999982 28.066007372628814 26.712321716879522
    vertex 5.059287999999975 55.27907049633961 26.14192497936569
    vertex 5.059287999999976 54.81407758048321 26.712321716879515
  endloop
endfacet
facet normal 1.0 2.416805633234611e-16 -1.0531097879815729e-15
  outer loop
    vertex 5.059287999999982 28.066007372628814 26.712321716879522
    vertex 5.059287999999976 54.81407758048321 26.712321716879515
    vertex 5.059287999999982 28.444899985304364 27.076676340588904
  endloop
endfacet
facet normal 1.0 2.416805633234611e-16 -1.0531097879815729e-15
  outer loop
    vertex 5.059287999999982 28.444899985304364 27.076676340588904
    vertex 5.059287999999976 54.81407758048321 26.712321716879515
    vertex 5.0592879999999765 54.43518496780765 27.0766763405889
  endloop
endfacet
facet normal 1.0 2.416805633234611e-16 -1.0531097879815729e-15
  outer loop
    vertex 5.059287999999982 28.444899985304364 27.076676340588904
    vertex 5.0592879999999765 54.43518496780765 27.0766763405889
    vertex 5.059287999999983 28.696672013026177 27.26664156287715
  endloop
endfacet
facet normal 1.0 2.416805633234611e-16 -1.0531097879815729e-15
  outer loop
    vertex 5.059287999999983 28.696672013026177 27.26664156287715
    vertex 5.0592879999999765 54.43518496780765 27.0766763405889
    vertex 5.0592879999999765 54.18341294008584 27.266641562877147
  endloop
endfacet
facet normal 1.0 2.416805633234611e-16 -1.0531097879815729e-15
  outer loop
    vertex 5.059287999999983 28.696672013026177 27.26664156287715
    vertex 5.0592879999999765 54.18341294008584 27.266641562877147
    vertex 5.059287999999983 28.87260983938174 27.362538482463503
  endloop
endfacet
facet normal 1.0 2.416805633234611e-16 -1.0531097879815729e-15
  outer loop
    vertex 5.059287999999983 28.87260983938174 27.362538482463503
    vertex 5.0592879999999765 54.18341294008584 27.266641562877147
    vertex 5.0592879999999765 54.00747511373027 27.362538482463503
  endloop
endfacet
facet normal 1.0 2.416805633234611e-16 -1.0531097879815729e-15
  outer loop
    vertex 5.059287999999983 28.87260983938174 27.362538482463503
    vertex 5.0592879999999765 54.00747511373027 27.362538482463503
    vertex 5.059287999999983 28.933808368000953 27.41601202488475
  endloop
endfacet
facet normal 1.0 2.416805633234611e-16 -1.0531097879815729e-15
  outer loop
    vertex 5.059287999999983 28.933808368000953 27.41601202488475
    vertex 5.0592879999999765 54.00747511373027 27.362538482463503
    vertex 5.0592879999999765 53.94627658511106 27.41601202488475
  endloop
endfacet
facet normal 1.0 2.416805633234611e-16 -1.0531097879815729e-15
  outer loop
    vertex 5.059287999999983 28.933808368000953 27.41601202488475
    vertex 5.0592879999999765 53.94627658511106 27.41601202488475
    vertex 5.059287999999983 28.96007107724877 27.492920735361512
  endloop
endfacet
facet normal 1.0 2.416805633234611e-16 -1.0531097879815729e-15
  outer loop
    vertex 5.059287999999983 28.96007107724877 27.492920735361512
    vertex 5.0592879999999765 53.94627658511106 27.41601202488475
    vertex 5.0592879999999765 53.92001387586324 27.492920735361512
  endloop
endfacet
facet normal 1.0 2.416805633234611e-16 -1.0531097879815729e-15
  outer loop
    vertex 5.059287999999983 28.96007107724877 27.492920735361512
    vertex 5.0592879999999765 53.92001387586324 27.492920735361512
    vertex 5.059287999999984 28.94436089539123 27.57265698703061
  endloop
endfacet
facet normal 1.0 2.416805633234611e-16 -1.0531097879815729e-15
  outer loop
    vertex 5.059287999999984 28.94436089539123 27.57265698703061
    vertex 5.0592879999999765 53.92001387586324 27.492920735361512
    vertex 5.059287999999977 53.93572405772078 27.57265698703061
  endloop
endfacet
facet normal 1.0 2.416805633234611e-16 -1.0531097879815729e-15
  outer loop
    vertex 5.059287999999984 28.94436089539123 27.57265698703061
    vertex 5.059287999999977 53.93572405772078 27.57265698703061
    vertex 5.059287999999984 28.650302269246428 28.233123475035566
  endloop
endfacet
facet normal 1.0 2.416805633234611e-16 -1.0531097879815729e-15
  outer loop
    vertex 5.059287999999984 28.650302269246428 28.233123475035566
    vertex 5.059287999999977 53.93572405772078 27.57265698703061
    vertex 5.059287999999978 54.22978268386559 28.233123475035566
  endloop
endfacet
facet normal 1.0 2.416805633234611e-16 -1.0531097879815729e-15
  outer loop
    vertex 5.059287999999984 28.650302269246428 28.233123475035566
    vertex 5.059287999999978 54.22978268386559 28.233123475035566
    vertex 5.059287999999984 28.60155884992793 28.298152381818436
  endloop
endfacet
facet normal 1.0 2.416805633234611e-16 -1.0531097879815729e-15
  outer loop
    vertex 5.059287999999984 28.60155884992793 28.298152381818436
    vertex 5.059287999999978 54.22978268386559 28.233123475035566
    vertex 5.059287999999978 54.278526103184085 28.298152381818436
  endloop
endfacet
facet normal 1.0 2.416805633234611e-16 -1.0531097879815729e-15
  outer loop
    vertex 5.059287999999984 28.60155884992793 28.298152381818436
    vertex 5.059287999999978 54.278526103184085 28.298152381818436
    vertex 5.059287999999984 28.526831357139365 28.330097357413475
  endloop
endfacet
facet normal 1.0 2.416805633234611e-16 -1.0531097879815729e-15
  outer loop
    vertex 5.059287999999984 28.526831357139365 28.330097357413475
    vertex 5.059287999999978 54.278526103184085 28.298152381818436
    vertex 5.059287999999978 54.353253595972646 28.330097357413475
  endloop
endfacet
facet normal 1.0 2.416805633234611e-16 -1.0531097879815729e-15
  outer loop
    vertex 5.059287999999981 55.747552903004205 31.115729529460005
    vertex 5.059287999999981 55.233502811211366 31.135863743121877
    vertex 5.059287999999981 55.43220629775952 31.110032321123256
  endloop
endfacet
facet normal 1.0 2.416805633234611e-16 -1.0531097879815729e-15
  outer loop
    vertex 5.059287999999981 55.233502811211366 31.135863743121877
    vertex 5.059287999999981 55.747552903004205 31.115729529460005
    vertex 5.05928799999998 56.26824574012281 31.18779112208673
  endloop
endfacet
facet normal 1.0 2.416805633234611e-16 -1.0531097879815729e-15
  outer loop
    vertex 5.059287999999987 27.646582141900666 31.135863743121874
    vertex 5.059287999999987 27.13253205010781 31.115729529460005
    vertex 5.059287999999987 27.4478786553525 31.110032321123256
  endloop
endfacet
facet normal 1.0 2.416805633234611e-16 -1.0531097879815729e-15
  outer loop
    vertex 5.059287999999987 27.13253205010781 31.115729529460005
    vertex 5.059287999999987 27.646582141900666 31.135863743121874
    vertex 5.059287999999988 26.611839212989207 31.187791122086725
  endloop
endfacet
facet normal 1.0 2.416805633234611e-16 -1.0531097879815729e-15
  outer loop
    vertex 5.059287999999984 27.947512236687405 28.193827514872073
    vertex 5.0592879999999845 26.68818696408236 28.192169096178354
    vertex 5.0592879999999845 27.423215339774487 28.156056260642934
  endloop
endfacet
facet normal 1.0 2.416805633234611e-16 -1.0531097879815729e-15
  outer loop
    vertex 5.0592879999999845 26.68818696408236 28.192169096178354
    vertex 5.059287999999984 27.947512236687405 28.193827514872073
    vertex 5.0592879999999845 26.341102710466657 28.238205068150386
  endloop
endfacet
facet normal 1.0 2.416805633234611e-16 -1.0531097879815729e-15
  outer loop
    vertex 5.0592879999999845 26.341102710466657 28.238205068150386
    vertex 5.059287999999984 27.947512236687405 28.193827514872073
    vertex 5.059287999999984 28.257152278225256 28.25381905009667
  endloop
endfacet
facet normal 1.0 2.416805633234611e-16 -1.0531097879815729e-15
  outer loop
    vertex 5.0592879999999845 26.341102710466657 28.238205068150386
    vertex 5.059287999999984 28.257152278225256 28.25381905009667
    vertex 5.059287999999985 26.113253758219095 28.93945203744536
  endloop
endfacet
facet normal 1.0 2.416805633234611e-16 -1.0531097879815729e-15
  outer loop
    vertex 5.059287999999985 26.113253758219095 28.93945203744536
    vertex 5.059287999999984 28.257152278225256 28.25381905009667
    vertex 5.059287999999984 28.446142962225835 28.32039877140777
  endloop
endfacet
facet normal 1.0 2.416805633234611e-16 -1.0531097879815729e-15
  outer loop
    vertex 5.059287999999985 26.113253758219095 28.93945203744536
    vertex 5.059287999999984 28.446142962225835 28.32039877140777
    vertex 5.059287999999984 28.526831357139365 28.330097357413475
  endloop
endfacet
facet normal 1.0 2.416805633234611e-16 -1.0531097879815729e-15
  outer loop
    vertex 5.059287999999985 26.113253758219095 28.93945203744536
    vertex 5.059287999999984 28.526831357139365 28.330097357413475
    vertex 5.059287999999978 54.353253595972646 28.330097357413475
  endloop
endfacet
facet normal 1.0 2.416805633234611e-16 -1.0531097879815729e-15
  outer loop
    vertex 5.059287999999981 28.120719549785218 25.24176935331522
    vertex 5.059287999999982 27.402981154049765 25.853187034446535
    vertex 5.059287999999981 27.7716485030874 25.21463645482165
  endloop
endfacet
facet normal 1.0 2.416805633234611e-16 -1.0531097879815729e-15
  outer loop
    vertex 5.059287999999982 27.402981154049765 25.853187034446535
    vertex 5.059287999999981 28.120719549785218 25.24176935331522
    vertex 5.059287999999981 28.84719407263616 25.35926666226974
  endloop
endfacet
facet normal 1.0 2.416805633234611e-16 -1.0531097879815729e-15
  outer loop
    vertex 5.059287999999982 27.402981154049765 25.853187034446535
    vertex 5.059287999999981 28.84719407263616 25.35926666226974
    vertex 5.059287999999981 29.352180739092578 25.505219978298335
  endloop
endfacet
facet normal 1.0 2.416805633234611e-16 -1.0531097879815729e-15
  outer loop
    vertex 5.059287999999982 27.402981154049765 25.853187034446535
    vertex 5.059287999999981 29.352180739092578 25.505219978298335
    vertex 5.059287999999981 29.642581461290664 25.628278339123632
  endloop
endfacet
facet normal 1.0 2.416805633234611e-16 -1.0531097879815729e-15
  outer loop
    vertex 5.059287999999982 27.402981154049765 25.853187034446535
    vertex 5.059287999999981 29.642581461290664 25.628278339123632
    vertex 5.059287999999981 29.813599542974877 25.73269650644097
  endloop
endfacet
facet normal 1.0 2.416805633234611e-16 -1.0531097879815729e-15
  outer loop
    vertex 5.059287999999982 27.402981154049765 25.853187034446535
    vertex 5.059287999999981 29.813599542974877 25.73269650644097
    vertex 5.059287999999981 29.89050825345165 25.75895921568881
  endloop
endfacet
facet normal 1.0 2.416805633234611e-16 -1.0531097879815729e-15
  outer loop
    vertex 5.059287999999982 27.402981154049765 25.853187034446535
    vertex 5.059287999999981 29.89050825345165 25.75895921568881
    vertex 5.059287999999975 52.98957669966038 25.75895921568882
  endloop
endfacet
facet normal 1.0 2.416805633234611e-16 -1.0531097879815729e-15
  outer loop
    vertex 5.059287999999978 30.13537046059042 22.653683195673032
    vertex 5.059287999999978 29.306195486967386 23.10251373009567
    vertex 5.059287999999978 29.799568700579886 22.55456726457612
  endloop
endfacet
facet normal 1.0 2.416805633234611e-16 -1.0531097879815729e-15
  outer loop
    vertex 5.059287999999978 29.306195486967386 23.10251373009567
    vertex 5.059287999999978 30.13537046059042 22.653683195673032
    vertex 5.059287999999978 30.82154070794002 22.919655452901534
  endloop
endfacet
facet normal 1.0 2.416805633234611e-16 -1.0531097879815729e-15
  outer loop
    vertex 5.059287999999978 29.306195486967386 23.10251373009567
    vertex 5.059287999999978 30.82154070794002 22.919655452901534
    vertex 5.059287999999978 31.285146803420993 23.16741197045743
  endloop
endfacet
facet normal 1.0 2.416805633234611e-16 -1.0531097879815729e-15
  outer loop
    vertex 5.059287999999978 29.306195486967386 23.10251373009567
    vertex 5.059287999999978 31.285146803420993 23.16741197045743
    vertex 5.059287999999978 29.439869292559546 23.42611549696644
  endloop
endfacet
facet normal 1.0 2.416805633234611e-16 -1.0531097879815729e-15
  outer loop
    vertex 5.059287999999978 29.439869292559546 23.42611549696644
    vertex 5.059287999999978 31.285146803420993 23.16741197045743
    vertex 5.059287999999978 31.543616301221952 23.34815891601583
  endloop
endfacet
facet normal 1.0 2.416805633234611e-16 -1.0531097879815729e-15
  outer loop
    vertex 5.059287999999978 29.439869292559546 23.42611549696644
    vertex 5.059287999999978 31.543616301221952 23.34815891601583
    vertex 5.059287999999978 31.689187469784414 23.485851954373686
  endloop
endfacet
facet normal 1.0 2.416805633234611e-16 -1.0531097879815729e-15
  outer loop
    vertex 5.059287999999978 29.439869292559546 23.42611549696644
    vertex 5.059287999999978 31.689187469784414 23.485851954373686
    vertex 5.059287999999979 29.776108847429253 24.080725160585956
  endloop
endfacet
facet normal 1.0 2.416805633234611e-16 -1.0531097879815729e-15
  outer loop
    vertex 5.059287999999979 29.776108847429253 24.080725160585956
    vertex 5.059287999999978 31.689187469784414 23.485851954373686
    vertex 5.059287999999978 31.75895521612763 23.527530980447064
  endloop
endfacet
facet normal 1.0 2.416805633234611e-16 -1.0531097879815729e-15
  outer loop
    vertex 5.059287999999979 29.776108847429253 24.080725160585956
    vertex 5.059287999999978 31.75895521612763 23.527530980447064
    vertex 5.059287999999978 31.84021536986233 23.528742202660005
  endloop
endfacet
facet normal 1.0 2.416805633234611e-16 -1.0531097879815729e-15
  outer loop
    vertex 5.059287999999979 29.776108847429253 24.080725160585956
    vertex 5.059287999999978 31.84021536986233 23.528742202660005
    vertex 5.059287999999974 51.03986958324968 23.528742202660005
  endloop
endfacet
facet normal 1.0 2.416805633234611e-16 -1.0531097879815729e-15
  outer loop
    vertex 5.059287999999975 32.64408978432811 20.541022407355996
    vertex 5.059287999999975 31.73971715798778 20.807649746987835
    vertex 5.059287999999975 32.336233459272975 20.37425528545569
  endloop
endfacet
facet normal 1.0 2.416805633234611e-16 -1.0531097879815729e-15
  outer loop
    vertex 5.059287999999975 31.73971715798778 20.807649746987835
    vertex 5.059287999999975 32.64408978432811 20.541022407355996
    vertex 5.059287999999975 33.25996682375707 20.94384534894111
  endloop
endfacet
facet normal 1.0 2.416805633234611e-16 -1.0531097879815729e-15
  outer loop
    vertex 5.059287999999975 31.73971715798778 20.807649746987835
    vertex 5.059287999999975 33.25996682375707 20.94384534894111
    vertex 5.059287999999976 31.803189279706988 21.15197238578441
  endloop
endfacet
facet normal 1.0 2.416805633234611e-16 -1.0531097879815729e-15
  outer loop
    vertex 5.059287999999976 31.803189279706988 21.15197238578441
    vertex 5.059287999999975 33.25996682375707 20.94384534894111
    vertex 5.059287999999975 33.66193053726117 21.282576919339437
  endloop
endfacet
facet normal 1.0 2.416805633234611e-16 -1.0531097879815729e-15
  outer loop
    vertex 5.059287999999976 31.803189279706988 21.15197238578441
    vertex 5.059287999999975 33.66193053726117 21.282576919339437
    vertex 5.0592879999999765 31.995980191585847 21.86218539204378
  endloop
endfacet
facet normal 1.0 2.416805633234611e-16 -1.0531097879815729e-15
  outer loop
    vertex 5.0592879999999765 31.995980191585847 21.86218539204378
    vertex 5.059287999999975 33.66193053726117 21.282576919339437
    vertex 5.059287999999975 33.877172453336854 21.513112940789966
  endloop
endfacet
facet normal 1.0 2.416805633234611e-16 -1.0531097879815729e-15
  outer loop
    vertex 5.0592879999999765 31.995980191585847 21.86218539204378
    vertex 5.059287999999975 33.877172453336854 21.513112940789966
    vertex 5.059287999999975 33.990934550183454 21.678063003687594
  endloop
endfacet
facet normal 1.0 2.416805633234611e-16 -1.0531097879815729e-15
  outer loop
    vertex 5.0592879999999765 31.995980191585847 21.86218539204378
    vertex 5.059287999999975 33.990934550183454 21.678063003687594
    vertex 5.059287999999976 34.0505121470951 21.73333677314895
  endloop
endfacet
facet normal 1.0 2.416805633234611e-16 -1.0531097879815729e-15
  outer loop
    vertex 5.0592879999999765 31.995980191585847 21.86218539204378
    vertex 5.059287999999976 34.0505121470951 21.73333677314895
    vertex 5.059287999999976 34.1297447442477 21.751416463209583
  endloop
endfacet
facet normal 1.0 2.416805633234611e-16 -1.0531097879815729e-15
  outer loop
    vertex 5.0592879999999765 31.995980191585847 21.86218539204378
    vertex 5.059287999999976 34.1297447442477 21.751416463209583
    vertex 5.059287999999972 48.75034020886431 21.751416463209583
  endloop
endfacet
facet normal 1.0 2.416805633234611e-16 -1.0531097879815729e-15
  outer loop
    vertex 5.059287999999969 41.95974756956882 17.85190655147071
    vertex 5.059287999999969 41.071375127518394 17.536035708057984
    vertex 5.059287999999969 41.80870982559364 17.536035708057984
  endloop
endfacet
facet normal 1.0 2.416805633234611e-16 -1.0531097879815729e-15
  outer loop
    vertex 5.059287999999969 41.071375127518394 17.536035708057984
    vertex 5.059287999999969 41.95974756956882 17.85190655147071
    vertex 5.059287999999969 40.92033738354322 17.851906551470705
  endloop
endfacet
facet normal 1.0 2.416805633234611e-16 -1.0531097879815729e-15
  outer loop
    vertex 5.059287999999969 40.92033738354322 17.851906551470705
    vertex 5.059287999999969 41.95974756956882 17.85190655147071
    vertex 5.059287999999971 40.658855776548684 18.539800597939053
  endloop
endfacet
facet normal 1.0 2.416805633234611e-16 -1.0531097879815729e-15
  outer loop
    vertex 5.059287999999971 40.658855776548684 18.539800597939053
    vertex 5.059287999999969 41.95974756956882 17.85190655147071
    vertex 5.05928799999997 42.221229176563355 18.539800597939053
  endloop
endfacet
facet normal 1.0 2.416805633234611e-16 -1.0531097879815729e-15
  outer loop
    vertex 5.059287999999971 40.658855776548684 18.539800597939053
    vertex 5.05928799999997 42.221229176563355 18.539800597939053
    vertex 5.059287999999971 42.34732323034422 19.05010853767704
  endloop
endfacet
facet normal 1.0 2.416805633234611e-16 -1.0531097879815729e-15
  outer loop
    vertex 5.059287999999971 40.658855776548684 18.539800597939053
    vertex 5.059287999999971 42.34732323034422 19.05010853767704
    vertex 5.059287999999971 40.532761722767816 19.050108537677037
  endloop
endfacet
facet normal 1.0 2.416805633234611e-16 -1.0531097879815729e-15
  outer loop
    vertex 5.059287999999971 40.532761722767816 19.050108537677037
    vertex 5.059287999999971 42.34732323034422 19.05010853767704
    vertex 5.059287999999971 40.49413302829154 19.363132120790578
  endloop
endfacet
facet normal 1.0 2.416805633234611e-16 -1.0531097879815729e-15
  outer loop
    vertex 5.059287999999971 40.49413302829154 19.363132120790578
    vertex 5.059287999999971 42.34732323034422 19.05010853767704
    vertex 5.059287999999971 42.38595192482049 19.363132120790574
  endloop
endfacet
facet normal 1.0 2.416805633234611e-16 -1.0531097879815729e-15
  outer loop
    vertex 5.059287999999971 40.49413302829154 19.363132120790578
    vertex 5.059287999999971 42.38595192482049 19.363132120790574
    vertex 5.059287999999971 42.38103218014916 19.563447207694267
  endloop
endfacet
facet normal 1.0 2.416805633234611e-16 -1.0531097879815729e-15
  outer loop
    vertex 5.059287999999971 40.49413302829154 19.363132120790578
    vertex 5.059287999999971 42.38103218014916 19.563447207694267
    vertex 5.059287999999972 40.49905277296285 19.563447207694267
  endloop
endfacet
facet normal 1.0 2.416805633234611e-16 -1.0531097879815729e-15
  outer loop
    vertex 5.059287999999972 40.49905277296285 19.563447207694267
    vertex 5.059287999999971 42.38103218014916 19.563447207694267
    vertex 5.059287999999971 42.396742362006705 19.64318345936336
  endloop
endfacet
facet normal 1.0 2.416805633234611e-16 -1.0531097879815729e-15
  outer loop
    vertex 5.059287999999972 40.49905277296285 19.563447207694267
    vertex 5.059287999999971 42.396742362006705 19.64318345936336
    vertex 5.059287999999972 40.483342591105306 19.643183459363364
  endloop
endfacet
facet normal 1.0 2.416805633234611e-16 -1.0531097879815729e-15
  outer loop
    vertex 5.059287999999972 40.483342591105306 19.643183459363364
    vertex 5.059287999999971 42.396742362006705 19.64318345936336
    vertex 5.059287999999971 42.450215904427964 19.704381987982572
  endloop
endfacet
facet normal 1.0 2.416805633234611e-16 -1.0531097879815729e-15
  outer loop
    vertex 5.059287999999972 40.483342591105306 19.643183459363364
    vertex 5.059287999999971 42.450215904427964 19.704381987982572
    vertex 5.059287999999972 40.42986904868407 19.704381987982575
  endloop
endfacet
facet normal 1.0 2.416805633234611e-16 -1.0531097879815729e-15
  outer loop
    vertex 5.059287999999972 40.42986904868407 19.704381987982575
    vertex 5.059287999999971 42.450215904427964 19.704381987982572
    vertex 5.059287999999971 42.527124614904736 19.730644697230414
  endloop
endfacet
facet normal 1.0 2.416805633234611e-16 -1.0531097879815729e-15
  outer loop
    vertex 5.059287999999972 40.42986904868407 19.704381987982575
    vertex 5.059287999999971 42.527124614904736 19.730644697230414
    vertex 5.059287999999972 40.352960338207296 19.73064469723041
  endloop
endfacet
facet normal 1.0 2.416805633234611e-16 -1.0531097879815729e-15
  outer loop
    vertex 5.059287999999972 40.352960338207296 19.73064469723041
    vertex 5.059287999999971 42.527124614904736 19.730644697230414
    vertex 5.059287999999972 39.99345530319082 19.76843019900998
  endloop
endfacet
facet normal 1.0 2.416805633234611e-16 -1.0531097879815729e-15
  outer loop
    vertex 5.059287999999972 39.99345530319082 19.76843019900998
    vertex 5.059287999999971 42.527124614904736 19.730644697230414
    vertex 5.059287999999971 43.246134684937715 19.806215700789547
  endloop
endfacet
facet normal 1.0 2.416805633234611e-16 -1.0531097879815729e-15
  outer loop
    vertex 5.059287999999972 39.99345530319082 19.76843019900998
    vertex 5.059287999999971 43.246134684937715 19.806215700789547
    vertex 5.059287999999972 39.633950268174324 19.80621570078955
  endloop
endfacet
facet normal 1.0 2.416805633234611e-16 -1.0531097879815729e-15
  outer loop
    vertex 5.059287999999985 55.747552903004205 35.9478460329604
    vertex 5.059287999999985 55.233502811211366 35.92771181929853
    vertex 5.059287999999985 56.26824574012281 35.87578444033368
  endloop
endfacet
facet normal 1.0 2.416805633234611e-16 -1.0531097879815729e-15
  outer loop
    vertex 5.059287999999985 55.233502811211366 35.92771181929853
    vertex 5.059287999999985 55.747552903004205 35.9478460329604
    vertex 5.059287999999985 55.43220629775952 35.95354324129715
  endloop
endfacet
facet normal 1.0 2.416805633234611e-16 -1.0531097879815729e-15
  outer loop
    vertex 5.059287999999978 55.939669545501424 29.641961663613102
    vertex 5.059287999999982 41.44004247655601 29.531787781210202
    vertex 5.059287999999978 56.513093400638 29.180706926701546
  endloop
endfacet
facet normal 1.0 2.416805633234611e-16 -1.0531097879815729e-15
  outer loop
    vertex 5.059287999999982 41.44004247655601 29.531787781210202
    vertex 5.059287999999978 55.939669545501424 29.641961663613102
    vertex 5.059287999999982 42.475318656966095 29.668084476053927
  endloop
endfacet
facet normal 1.0 2.416805633234611e-16 -1.0531097879815729e-15
  outer loop
    vertex 5.059287999999982 42.475318656966095 29.668084476053927
    vertex 5.059287999999978 55.939669545501424 29.641961663613102
    vertex 5.059287999999979 55.49330305960437 29.919578060870975
  endloop
endfacet
facet normal 1.0 2.416805633234611e-16 -1.0531097879815729e-15
  outer loop
    vertex 5.059287999999982 42.475318656966095 29.668084476053927
    vertex 5.059287999999979 55.49330305960437 29.919578060870975
    vertex 5.059287999999982 43.440042476556016 30.06768616607245
  endloop
endfacet
facet normal 1.0 2.416805633234611e-16 -1.0531097879815729e-15
  outer loop
    vertex 5.059287999999982 43.440042476556016 30.06768616607245
    vertex 5.059287999999979 55.49330305960437 29.919578060870975
    vertex 5.059287999999979 55.20753686419388 30.053045739290827
  endloop
endfacet
facet normal 1.0 2.416805633234611e-16 -1.0531097879815729e-15
  outer loop
    vertex 5.059287999999982 43.440042476556016 30.06768616607245
    vertex 5.059287999999979 55.20753686419388 30.053045739290827
    vertex 5.059287999999979 55.01550561077047 30.110267550145593
  endloop
endfacet
facet normal 1.0 2.416805633234611e-16 -1.0531097879815729e-15
  outer loop
    vertex 5.059287999999982 43.440042476556016 30.06768616607245
    vertex 5.059287999999979 55.01550561077047 30.110267550145593
    vertex 5.059287999999982 43.77186820690188 30.322305004272664
  endloop
endfacet
facet normal 1.0 2.416805633234611e-16 -1.0531097879815729e-15
  outer loop
    vertex 5.059287999999982 43.77186820690188 30.322305004272664
    vertex 5.059287999999979 55.01550561077047 30.110267550145593
    vertex 5.059287999999979 54.94452664221431 30.1498486778069
  endloop
endfacet
facet normal 1.0 2.416805633234611e-16 -1.0531097879815729e-15
  outer loop
    vertex 5.059287999999982 43.77186820690188 30.322305004272664
    vertex 5.059287999999979 54.94452664221431 30.1498486778069
    vertex 5.059287999999979 54.902847616140946 30.2196164241501
  endloop
endfacet
facet normal 1.0 2.416805633234611e-16 -1.0531097879815729e-15
  outer loop
    vertex 5.059287999999982 43.77186820690188 30.322305004272664
    vertex 5.059287999999979 54.902847616140946 30.2196164241501
    vertex 5.059287999999979 54.901636393928 30.300876577884793
  endloop
endfacet
facet normal 1.0 2.416805633234611e-16 -1.0531097879815729e-15
  outer loop
    vertex 5.059287999999982 43.77186820690188 30.322305004272664
    vertex 5.059287999999979 54.901636393928 30.300876577884793
    vertex 5.059287999999979 54.97679341162252 30.654462546269013
  endloop
endfacet
facet normal 1.0 2.416805633234611e-16 -1.0531097879815729e-15
  outer loop
    vertex 5.059287999999982 43.77186820690188 30.322305004272664
    vertex 5.059287999999979 54.97679341162252 30.654462546269013
    vertex 5.059287999999983 44.2684696013022 30.703360656464014
  endloop
endfacet
facet normal 1.0 2.416805633234611e-16 -1.0531097879815729e-15
  outer loop
    vertex 5.059287999999983 44.2684696013022 30.703360656464014
    vertex 5.059287999999979 54.97679341162252 30.654462546269013
    vertex 5.059287999999981 55.05195042931703 31.00804851465323
  endloop
endfacet
facet normal 1.0 2.416805633234611e-16 -1.0531097879815729e-15
  outer loop
    vertex 5.059287999999983 44.2684696013022 30.703360656464014
    vertex 5.059287999999981 55.05195042931703 31.00804851465323
    vertex 5.059287999999984 44.904144091693766 31.53178778121021
  endloop
endfacet
facet normal 1.0 2.416805633234611e-16 -1.0531097879815729e-15
  outer loop
    vertex 5.059287999999984 44.904144091693766 31.53178778121021
    vertex 5.059287999999981 55.05195042931703 31.00804851465323
    vertex 5.059287999999981 55.08610841801373 31.081790710527986
  endloop
endfacet
facet normal 1.0 2.416805633234611e-16 -1.0531097879815729e-15
  outer loop
    vertex 5.059287999999984 44.904144091693766 31.53178778121021
    vertex 5.059287999999981 55.08610841801373 31.081790710527986
    vertex 5.059287999999981 55.152561201904625 31.128574331138022
  endloop
endfacet
facet normal 1.0 2.416805633234611e-16 -1.0531097879815729e-15
  outer loop
    vertex 5.059287999999984 44.904144091693766 31.53178778121021
    vertex 5.059287999999981 55.152561201904625 31.128574331138022
    vertex 5.059287999999981 55.233502811211366 31.135863743121877
  endloop
endfacet
facet normal 1.0 2.416805633234611e-16 -1.0531097879815729e-15
  outer loop
    vertex 5.059287999999984 44.904144091693766 31.53178778121021
    vertex 5.059287999999981 55.233502811211366 31.135863743121877
    vertex 5.05928799999998 56.26824574012281 31.18779112208673
  endloop
endfacet
facet normal 1.0 2.416805633234611e-16 -1.0531097879815729e-15
  outer loop
    vertex 5.059287999999984 44.904144091693766 31.53178778121021
    vertex 5.05928799999998 56.26824574012281 31.18779112208673
    vertex 5.059287999999981 56.97970370158096 31.37593579791058
  endloop
endfacet
facet normal 1.0 2.416805633234611e-16 -1.0531097879815729e-15
  outer loop
    vertex 5.059287999999984 44.904144091693766 31.53178778121021
    vertex 5.059287999999981 56.97970370158096 31.37593579791058
    vertex 5.05928799999998 57.30963191473649 31.49312864746793
  endloop
endfacet
facet normal 1.0 2.416805633234611e-16 -1.0531097879815729e-15
  outer loop
    vertex 5.059287999999984 44.904144091693766 31.53178778121021
    vertex 5.05928799999998 57.30963191473649 31.49312864746793
    vertex 5.059287999999981 57.386704377640214 32.22642414891851
  endloop
endfacet
facet normal 1.0 2.416805633234611e-16 -1.0531097879815729e-15
  outer loop
    vertex 5.059287999999984 44.904144091693766 31.53178778121021
    vertex 5.059287999999981 57.386704377640214 32.22642414891851
    vertex 5.0592879999999845 45.30374578171228 32.49651160080012
  endloop
endfacet
facet normal 1.0 2.416805633234611e-16 -1.0531097879815729e-15
  outer loop
    vertex 5.0592879999999845 45.30374578171228 32.49651160080012
    vertex 5.059287999999981 57.386704377640214 32.22642414891851
    vertex 5.059287999999982 57.08835165103096 32.40965198618184
  endloop
endfacet
facet normal 1.0 2.416805633234611e-16 -1.0531097879815729e-15
  outer loop
    vertex 5.0592879999999845 45.30374578171228 32.49651160080012
    vertex 5.059287999999982 57.08835165103096 32.40965198618184
    vertex 5.059287999999982 56.43155823067661 32.741605677142296
  endloop
endfacet
facet normal 1.0 2.416805633234611e-16 -1.0531097879815729e-15
  outer loop
    vertex 5.0592879999999845 45.30374578171228 32.49651160080012
    vertex 5.059287999999982 56.43155823067661 32.741605677142296
    vertex 5.059287999999985 45.44004247655601 33.531787781210205
  endloop
endfacet
facet normal 1.0 2.416805633234611e-16 -1.0531097879815729e-15
  outer loop
    vertex 5.059287999999985 45.44004247655601 33.531787781210205
    vertex 5.059287999999982 56.43155823067661 32.741605677142296
    vertex 5.059287999999982 55.9372262288958 32.92035067923721
  endloop
endfacet
facet normal 1.0 2.416805633234611e-16 -1.0531097879815729e-15
  outer loop
    vertex 5.059287999999985 45.44004247655601 33.531787781210205
    vertex 5.059287999999982 55.9372262288958 32.92035067923721
    vertex 5.059287999999982 55.629955219794404 32.991487635792744
  endloop
endfacet
facet normal 1.0 2.416805633234611e-16 -1.0531097879815729e-15
  outer loop
    vertex 5.059287999999985 45.44004247655601 33.531787781210205
    vertex 5.059287999999982 55.629955219794404 32.991487635792744
    vertex 5.059287999999982 55.43022322654591 33.00753347020086
  endloop
endfacet
facet normal 1.0 2.416805633234611e-16 -1.0531097879815729e-15
  outer loop
    vertex 5.059287999999985 45.44004247655601 33.531787781210205
    vertex 5.059287999999982 55.43022322654591 33.00753347020086
    vertex 5.059287999999982 55.35256593957364 33.0314922978921
  endloop
endfacet
facet normal 1.0 2.416805633234611e-16 -1.0531097879815729e-15
  outer loop
    vertex 5.059287999999985 45.44004247655601 33.531787781210205
    vertex 5.059287999999982 55.35256593957364 33.0314922978921
    vertex 5.059287999999982 55.29729217011228 33.09106989480375
  endloop
endfacet
facet normal 1.0 2.416805633234611e-16 -1.0531097879815729e-15
  outer loop
    vertex 5.059287999999985 45.44004247655601 33.531787781210205
    vertex 5.059287999999982 55.29729217011228 33.09106989480375
    vertex 5.059287999999982 55.27921248005165 33.170302491956356
  endloop
endfacet
facet normal 1.0 2.416805633234611e-16 -1.0531097879815729e-15
  outer loop
    vertex 5.059287999999985 45.44004247655601 33.531787781210205
    vertex 5.059287999999982 55.27921248005165 33.170302491956356
    vertex 5.059287999999984 55.27921248005165 33.893273070464055
  endloop
endfacet
facet normal 1.0 2.416805633234611e-16 -1.0531097879815729e-15
  outer loop
    vertex 5.059287999999985 45.44004247655601 33.531787781210205
    vertex 5.059287999999984 55.27921248005165 33.893273070464055
    vertex 5.059287999999986 45.30374578171228 34.567063961620285
  endloop
endfacet
facet normal 1.0 2.416805633234611e-16 -1.0531097879815729e-15
  outer loop
    vertex 5.059287999999986 45.30374578171228 34.567063961620285
    vertex 5.059287999999984 55.27921248005165 33.893273070464055
    vertex 5.059287999999984 55.29729217011228 33.97250566761665
  endloop
endfacet
facet normal 1.0 2.416805633234611e-16 -1.0531097879815729e-15
  outer loop
    vertex 5.059287999999986 45.30374578171228 34.567063961620285
    vertex 5.059287999999984 55.29729217011228 33.97250566761665
    vertex 5.059287999999984 55.35256593957364 34.0320832645283
  endloop
endfacet
facet normal 1.0 2.416805633234611e-16 -1.0531097879815729e-15
  outer loop
    vertex 5.059287999999986 45.30374578171228 34.567063961620285
    vertex 5.059287999999984 55.35256593957364 34.0320832645283
    vertex 5.059287999999984 55.43022322654593 34.05604209221954
  endloop
endfacet
facet normal 1.0 2.416805633234611e-16 -1.0531097879815729e-15
  outer loop
    vertex 5.059287999999986 45.30374578171228 34.567063961620285
    vertex 5.059287999999984 55.43022322654593 34.05604209221954
    vertex 5.059287999999984 55.629955219794404 34.07208792662767
  endloop
endfacet
facet normal 1.0 2.416805633234611e-16 -1.0531097879815729e-15
  outer loop
    vertex 5.059287999999986 45.30374578171228 34.567063961620285
    vertex 5.059287999999984 55.629955219794404 34.07208792662767
    vertex 5.059287999999984 55.9372262288958 34.1432248831832
  endloop
endfacet
facet normal 1.0 2.416805633234611e-16 -1.0531097879815729e-15
  outer loop
    vertex 5.059287999999986 45.30374578171228 34.567063961620285
    vertex 5.059287999999984 55.9372262288958 34.1432248831832
    vertex 5.059287999999984 56.43155823067661 34.32196988527811
  endloop
endfacet
facet normal 1.0 2.416805633234611e-16 -1.0531097879815729e-15
  outer loop
    vertex 5.059287999999986 45.30374578171228 34.567063961620285
    vertex 5.059287999999984 56.43155823067661 34.32196988527811
    vertex 5.059287999999984 57.08835165103096 34.65392357623857
  endloop
endfacet
facet normal 1.0 2.416805633234611e-16 -1.0531097879815729e-15
  outer loop
    vertex 5.059287999999986 45.30374578171228 34.567063961620285
    vertex 5.059287999999984 57.08835165103096 34.65392357623857
    vertex 5.059287999999988 44.904144091693766 35.5317877812102
  endloop
endfacet
facet normal 1.0 2.416805633234611e-16 -1.0531097879815729e-15
  outer loop
    vertex 5.059287999999988 44.904144091693766 35.5317877812102
    vertex 5.059287999999984 57.08835165103096 34.65392357623857
    vertex 5.059287999999984 57.386704377640214 34.8371514135019
  endloop
endfacet
facet normal 1.0 2.416805633234611e-16 -1.0531097879815729e-15
  outer loop
    vertex 5.059287999999988 44.904144091693766 35.5317877812102
    vertex 5.059287999999984 57.386704377640214 34.8371514135019
    vertex 5.0592879999999845 57.30963191473649 35.57044691495248
  endloop
endfacet
facet normal 1.0 2.416805633234611e-16 -1.0531097879815729e-15
  outer loop
    vertex 5.059287999999988 44.904144091693766 35.5317877812102
    vertex 5.0592879999999845 57.30963191473649 35.57044691495248
    vertex 5.059287999999989 44.2684696013022 36.36021490595639
  endloop
endfacet
facet normal 1.0 2.416805633234611e-16 -1.0531097879815729e-15
  outer loop
    vertex 5.059287999999989 44.2684696013022 36.36021490595639
    vertex 5.0592879999999845 57.30963191473649 35.57044691495248
    vertex 5.059287999999985 56.97970370158096 35.687639764509825
  endloop
endfacet
facet normal 1.0 2.416805633234611e-16 -1.0531097879815729e-15
  outer loop
    vertex 5.059287999999989 44.2684696013022 36.36021490595639
    vertex 5.059287999999985 56.97970370158096 35.687639764509825
    vertex 5.059287999999985 56.26824574012281 35.87578444033368
  endloop
endfacet
facet normal 1.0 2.416805633234611e-16 -1.0531097879815729e-15
  outer loop
    vertex 5.059287999999989 44.2684696013022 36.36021490595639
    vertex 5.059287999999985 56.26824574012281 35.87578444033368
    vertex 5.059287999999985 55.233502811211366 35.92771181929853
  endloop
endfacet
facet normal 1.0 2.416805633234611e-16 -1.0531097879815729e-15
  outer loop
    vertex 5.059287999999989 44.2684696013022 36.36021490595639
    vertex 5.059287999999985 55.233502811211366 35.92771181929853
    vertex 5.059287999999985 55.15256120190464 35.935001231282385
  endloop
endfacet
facet normal 1.0 2.416805633234611e-16 -1.0531097879815729e-15
  outer loop
    vertex 5.059287999999989 44.2684696013022 36.36021490595639
    vertex 5.059287999999985 55.15256120190464 35.935001231282385
    vertex 5.059287999999985 55.08610841801373 35.98178485189242
  endloop
endfacet
facet normal 1.0 2.416805633234611e-16 -1.0531097879815729e-15
  outer loop
    vertex 5.059287999999989 44.2684696013022 36.36021490595639
    vertex 5.059287999999985 55.08610841801373 35.98178485189242
    vertex 5.059287999999985 55.05195042931703 36.05552704776717
  endloop
endfacet
facet normal 1.0 2.416805633234611e-16 -1.0531097879815729e-15
  outer loop
    vertex 5.059287999999989 44.2684696013022 36.36021490595639
    vertex 5.059287999999985 55.05195042931703 36.05552704776717
    vertex 5.059287999999986 54.901636393928 36.76269898453561
  endloop
endfacet
facet normal 1.0 2.416805633234611e-16 -1.0531097879815729e-15
  outer loop
    vertex 5.059287999999989 44.2684696013022 36.36021490595639
    vertex 5.059287999999986 54.901636393928 36.76269898453561
    vertex 5.059287999999989 43.44004247655601 36.995889396347955
  endloop
endfacet
facet normal 1.0 2.416805633234611e-16 -1.0531097879815729e-15
  outer loop
    vertex 5.059287999999989 43.44004247655601 36.995889396347955
    vertex 5.059287999999986 54.901636393928 36.76269898453561
    vertex 5.059287999999986 54.902847616140946 36.8439591382703
  endloop
endfacet
facet normal 1.0 2.416805633234611e-16 -1.0531097879815729e-15
  outer loop
    vertex 5.059287999999989 43.44004247655601 36.995889396347955
    vertex 5.059287999999986 54.902847616140946 36.8439591382703
    vertex 5.059287999999986 54.94452664221431 36.9137268846135
  endloop
endfacet
facet normal 1.0 2.416805633234611e-16 -1.0531097879815729e-15
  outer loop
    vertex 5.059287999999989 43.44004247655601 36.995889396347955
    vertex 5.059287999999986 54.94452664221431 36.9137268846135
    vertex 5.059287999999986 55.01550561077047 36.95330801227481
  endloop
endfacet
facet normal 1.0 2.416805633234611e-16 -1.0531097879815729e-15
  outer loop
    vertex 5.059287999999989 43.44004247655601 36.995889396347955
    vertex 5.059287999999986 55.01550561077047 36.95330801227481
    vertex 5.059287999999986 55.20753686419387 37.01052982312958
  endloop
endfacet
facet normal 1.0 2.416805633234611e-16 -1.0531097879815729e-15
  outer loop
    vertex 5.059287999999989 43.44004247655601 36.995889396347955
    vertex 5.059287999999986 55.20753686419387 37.01052982312958
    vertex 5.059287999999991 42.47531865696609 37.39549108636647
  endloop
endfacet
facet normal 1.0 2.416805633234611e-16 -1.0531097879815729e-15
  outer loop
    vertex 5.059287999999991 42.47531865696609 37.39549108636647
    vertex 5.059287999999986 55.20753686419387 37.01052982312958
    vertex 5.059287999999986 55.49330305960437 37.14399750154943
  endloop
endfacet
facet normal 1.0 2.416805633234611e-16 -1.0531097879815729e-15
  outer loop
    vertex 5.059287999999991 42.47531865696609 37.39549108636647
    vertex 5.059287999999986 55.49330305960437 37.14399750154943
    vertex 5.059287999999986 55.939669545501424 37.4216138988073
  endloop
endfacet
facet normal 1.0 2.416805633234611e-16 -1.0531097879815729e-15
  outer loop
    vertex 5.059287999999991 42.47531865696609 37.39549108636647
    vertex 5.059287999999986 55.939669545501424 37.4216138988073
    vertex 5.059287999999991 41.85472140776496 37.47719426421967
  endloop
endfacet
facet normal 1.0 2.416805633234611e-16 -1.0531097879815729e-15
  outer loop
    vertex 5.059287999999991 41.85472140776496 37.47719426421967
    vertex 5.059287999999986 55.939669545501424 37.4216138988073
    vertex 5.059287999999987 56.513093400638 37.88286863571886
  endloop
endfacet
facet normal 1.0 2.416805633234611e-16 -1.0531097879815729e-15
  outer loop
    vertex 5.059287999999991 41.85472140776496 37.47719426421967
    vertex 5.059287999999987 56.513093400638 37.88286863571886
    vertex 5.059287999999991 41.44004247655601 37.5317877812102
  endloop
endfacet
facet normal 1.0 2.416805633234611e-16 -1.0531097879815729e-15
  outer loop
    vertex 5.059287999999988 56.53898224264537 38.825370494270025
    vertex 5.059287999999989 54.353253595972646 38.73347820500694
    vertex 5.059287999999988 56.76683119489293 38.124123524975055
  endloop
endfacet
facet normal 1.0 2.416805633234611e-16 -1.0531097879815729e-15
  outer loop
    vertex 5.059287999999989 54.353253595972646 38.73347820500694
    vertex 5.059287999999988 56.53898224264537 38.825370494270025
    vertex 5.059287999999989 54.433941990886176 38.743176791012644
  endloop
endfacet
facet normal 1.0 2.416805633234611e-16 -1.0531097879815729e-15
  outer loop
    vertex 5.059287999999989 54.433941990886176 38.743176791012644
    vertex 5.059287999999988 56.53898224264537 38.825370494270025
    vertex 5.059287999999989 54.622932674886755 38.809756512323744
  endloop
endfacet
facet normal 1.0 2.416805633234611e-16 -1.0531097879815729e-15
  outer loop
    vertex 5.059287999999989 54.622932674886755 38.809756512323744
    vertex 5.059287999999988 56.53898224264537 38.825370494270025
    vertex 5.059287999999989 54.93257271642464 38.86974804754834
  endloop
endfacet
facet normal 1.0 2.416805633234611e-16 -1.0531097879815729e-15
  outer loop
    vertex 5.059287999999989 54.93257271642464 38.86974804754834
    vertex 5.059287999999988 56.53898224264537 38.825370494270025
    vertex 5.059287999999989 56.19189798902966 38.87140646624205
  endloop
endfacet
facet normal 1.0 2.416805633234611e-16 -1.0531097879815729e-15
  outer loop
    vertex 5.059287999999989 54.93257271642464 38.86974804754834
    vertex 5.059287999999989 56.19189798902966 38.87140646624205
    vertex 5.059287999999989 55.456869613337524 38.90751930177748
  endloop
endfacet
facet normal 1.0 2.416805633234611e-16 -1.0531097879815729e-15
  outer loop
    vertex 5.059287999999977 56.19189798902966 28.192169096178354
    vertex 5.059287999999978 54.93257271642464 28.193827514872073
    vertex 5.059287999999977 55.456869613337524 28.156056260642934
  endloop
endfacet
facet normal 1.0 2.416805633234611e-16 -1.0531097879815729e-15
  outer loop
    vertex 5.059287999999978 54.93257271642464 28.193827514872073
    vertex 5.059287999999977 56.19189798902966 28.192169096178354
    vertex 5.0592879999999765 56.53898224264537 28.238205068150386
  endloop
endfacet
facet normal 1.0 2.416805633234611e-16 -1.0531097879815729e-15
  outer loop
    vertex 5.059287999999978 54.93257271642464 28.193827514872073
    vertex 5.0592879999999765 56.53898224264537 28.238205068150386
    vertex 5.059287999999978 54.622932674886755 28.253819050096663
  endloop
endfacet
facet normal 1.0 2.416805633234611e-16 -1.0531097879815729e-15
  outer loop
    vertex 5.059287999999978 54.622932674886755 28.253819050096663
    vertex 5.0592879999999765 56.53898224264537 28.238205068150386
    vertex 5.059287999999978 56.76683119489293 28.939452037445353
  endloop
endfacet
facet normal 1.0 2.416805633234611e-16 -1.0531097879815729e-15
  outer loop
    vertex 5.059287999999978 54.622932674886755 28.253819050096663
    vertex 5.059287999999978 56.76683119489293 28.939452037445353
    vertex 5.059287999999978 54.4339419908862 28.32039877140777
  endloop
endfacet
facet normal 1.0 2.416805633234611e-16 -1.0531097879815729e-15
  outer loop
    vertex 5.059287999999978 54.4339419908862 28.32039877140777
    vertex 5.059287999999978 56.76683119489293 28.939452037445353
    vertex 5.059287999999978 54.353253595972646 28.330097357413475
  endloop
endfacet
facet normal 1.0 2.416805633234611e-16 -1.0531097879815729e-15
  outer loop
    vertex 5.059287999999978 54.353253595972646 28.330097357413475
    vertex 5.059287999999978 56.76683119489293 28.939452037445353
    vertex 5.059287999999985 26.113253758219095 28.93945203744536
  endloop
endfacet
facet normal 1.0 2.416805633234611e-16 -1.0531097879815729e-15
  outer loop
    vertex 5.059287999999985 26.113253758219095 28.93945203744536
    vertex 5.059287999999978 56.76683119489293 28.939452037445353
    vertex 5.059287999999985 26.36699155247403 29.18070692670154
  endloop
endfacet
facet normal 1.0 2.416805633234611e-16 -1.0531097879815729e-15
  outer loop
    vertex 5.059287999999985 26.36699155247403 29.18070692670154
    vertex 5.059287999999978 56.76683119489293 28.939452037445353
    vertex 5.059287999999978 56.513093400638 29.180706926701546
  endloop
endfacet
facet normal 1.0 2.416805633234611e-16 -1.0531097879815729e-15
  outer loop
    vertex 5.059287999999985 26.36699155247403 29.18070692670154
    vertex 5.059287999999978 56.513093400638 29.180706926701546
    vertex 5.059287999999985 26.940415407610594 29.641961663613095
  endloop
endfacet
facet normal 1.0 2.416805633234611e-16 -1.0531097879815729e-15
  outer loop
    vertex 5.059287999999985 26.940415407610594 29.641961663613095
    vertex 5.059287999999978 56.513093400638 29.180706926701546
    vertex 5.059287999999982 41.44004247655601 29.531787781210202
  endloop
endfacet
facet normal 1.0 2.416805633234611e-16 -1.0531097879815729e-15
  outer loop
    vertex 5.059287999999985 26.940415407610594 29.641961663613095
    vertex 5.059287999999982 41.44004247655601 29.531787781210202
    vertex 5.059287999999982 41.025363545347055 29.586381298200735
  endloop
endfacet
facet normal 1.0 2.416805633234611e-16 -1.0531097879815729e-15
  outer loop
    vertex 5.059287999999985 26.940415407610594 29.641961663613095
    vertex 5.059287999999982 41.025363545347055 29.586381298200735
    vertex 5.059287999999982 40.40476629614593 29.668084476053927
  endloop
endfacet
facet normal 1.0 2.416805633234611e-16 -1.0531097879815729e-15
  outer loop
    vertex 5.059287999999985 26.940415407610594 29.641961663613095
    vertex 5.059287999999982 40.40476629614593 29.668084476053927
    vertex 5.059287999999986 27.386781893507656 29.91957806087097
  endloop
endfacet
facet normal 1.0 2.416805633234611e-16 -1.0531097879815729e-15
  outer loop
    vertex 5.059287999999986 27.386781893507656 29.91957806087097
    vertex 5.059287999999982 40.40476629614593 29.668084476053927
    vertex 5.059287999999983 39.44004247655601 30.06768616607245
  endloop
endfacet
facet normal 1.0 2.416805633234611e-16 -1.0531097879815729e-15
  outer loop
    vertex 5.059287999999986 27.386781893507656 29.91957806087097
    vertex 5.059287999999983 39.44004247655601 30.06768616607245
    vertex 5.059287999999985 27.672548088918173 30.05304573929082
  endloop
endfacet
facet normal 1.0 2.416805633234611e-16 -1.0531097879815729e-15
  outer loop
    vertex 5.059287999999985 27.672548088918173 30.05304573929082
    vertex 5.059287999999983 39.44004247655601 30.06768616607245
    vertex 5.059287999999986 27.864579342341564 30.110267550145586
  endloop
endfacet
facet normal 1.0 2.416805633234611e-16 -1.0531097879815729e-15
  outer loop
    vertex 5.059287999999986 27.864579342341564 30.110267550145586
    vertex 5.059287999999983 39.44004247655601 30.06768616607245
    vertex 5.0592879999999845 38.61161535180982 30.703360656464014
  endloop
endfacet
facet normal 1.0 2.416805633234611e-16 -1.0531097879815729e-15
  outer loop
    vertex 5.059287999999986 27.864579342341564 30.110267550145586
    vertex 5.0592879999999845 38.61161535180982 30.703360656464014
    vertex 5.059287999999986 27.93555831089771 30.149848677806894
  endloop
endfacet
facet normal 1.0 2.416805633234611e-16 -1.0531097879815729e-15
  outer loop
    vertex 5.059287999999986 27.93555831089771 30.149848677806894
    vertex 5.0592879999999845 38.61161535180982 30.703360656464014
    vertex 5.059287999999986 27.97723733697111 30.2196164241501
  endloop
endfacet
facet normal 1.0 2.416805633234611e-16 -1.0531097879815729e-15
  outer loop
    vertex 5.059287999999986 27.97723733697111 30.2196164241501
    vertex 5.0592879999999845 38.61161535180982 30.703360656464014
    vertex 5.059287999999986 27.97844855918404 30.300876577884786
  endloop
endfacet
facet normal 1.0 2.416805633234611e-16 -1.0531097879815729e-15
  outer loop
    vertex 5.059287999999986 27.97844855918404 30.300876577884786
    vertex 5.0592879999999845 38.61161535180982 30.703360656464014
    vertex 5.059287999999987 27.828134523794997 31.00804851465323
  endloop
endfacet
facet normal 1.0 2.416805633234611e-16 -1.0531097879815729e-15
  outer loop
    vertex 5.059287999999987 27.828134523794997 31.00804851465323
    vertex 5.0592879999999845 38.61161535180982 30.703360656464014
    vertex 5.059287999999985 37.97594086141825 31.531787781210202
  endloop
endfacet
facet normal 1.0 2.416805633234611e-16 -1.0531097879815729e-15
  outer loop
    vertex 5.059287999999987 27.828134523794997 31.00804851465323
    vertex 5.059287999999985 37.97594086141825 31.531787781210202
    vertex 5.059287999999987 27.793976535098288 31.081790710527986
  endloop
endfacet
facet normal 1.0 2.416805633234611e-16 -1.0531097879815729e-15
  outer loop
    vertex 5.059287999999987 27.793976535098288 31.081790710527986
    vertex 5.059287999999985 37.97594086141825 31.531787781210202
    vertex 5.059287999999987 27.727523751207414 31.128574331138015
  endloop
endfacet
facet normal 1.0 2.416805633234611e-16 -1.0531097879815729e-15
  outer loop
    vertex 5.059287999999987 27.727523751207414 31.128574331138015
    vertex 5.059287999999985 37.97594086141825 31.531787781210202
    vertex 5.059287999999987 27.646582141900666 31.135863743121874
  endloop
endfacet
facet normal 1.0 2.416805633234611e-16 -1.0531097879815729e-15
  outer loop
    vertex 5.059287999999987 27.646582141900666 31.135863743121874
    vertex 5.059287999999985 37.97594086141825 31.531787781210202
    vertex 5.059287999999988 26.611839212989207 31.187791122086725
  endloop
endfacet
facet normal 1.0 2.416805633234611e-16 -1.0531097879815729e-15
  outer loop
    vertex 5.059287999999988 26.611839212989207 31.187791122086725
    vertex 5.059287999999985 37.97594086141825 31.531787781210202
    vertex 5.059287999999988 25.900381251531062 31.375935797910575
  endloop
endfacet
facet normal 1.0 2.416805633234611e-16 -1.0531097879815729e-15
  outer loop
    vertex 5.059287999999988 25.900381251531062 31.375935797910575
    vertex 5.059287999999985 37.97594086141825 31.531787781210202
    vertex 5.059287999999988 25.570453038375526 31.493128647467927
  endloop
endfacet
facet normal 1.0 2.416805633234611e-16 -1.0531097879815729e-15
  outer loop
    vertex 5.059287999999988 25.570453038375526 31.493128647467927
    vertex 5.059287999999985 37.97594086141825 31.531787781210202
    vertex 5.059287999999989 25.493380575471814 32.22642414891851
  endloop
endfacet
facet normal 1.0 2.416805633234611e-16 -1.0531097879815729e-15
  outer loop
    vertex 5.059287999999989 25.493380575471814 32.22642414891851
    vertex 5.059287999999985 37.97594086141825 31.531787781210202
    vertex 5.059287999999986 37.57633917139973 32.49651160080012
  endloop
endfacet
facet normal 1.0 2.416805633234611e-16 -1.0531097879815729e-15
  outer loop
    vertex 5.059287999999989 25.493380575471814 32.22642414891851
    vertex 5.059287999999986 37.57633917139973 32.49651160080012
    vertex 5.059287999999989 25.791733302081088 32.40965198618184
  endloop
endfacet
facet normal 1.0 2.416805633234611e-16 -1.0531097879815729e-15
  outer loop
    vertex 5.059287999999989 25.791733302081088 32.40965198618184
    vertex 5.059287999999986 37.57633917139973 32.49651160080012
    vertex 5.059287999999989 26.44852672243542 32.741605677142296
  endloop
endfacet
facet normal 1.0 2.416805633234611e-16 -1.0531097879815729e-15
  outer loop
    vertex 5.059287999999989 26.44852672243542 32.741605677142296
    vertex 5.059287999999986 37.57633917139973 32.49651160080012
    vertex 5.059287999999987 37.440042476556 33.531787781210205
  endloop
endfacet
facet normal 1.0 2.416805633234611e-16 -1.0531097879815729e-15
  outer loop
    vertex 5.059287999999989 26.44852672243542 32.741605677142296
    vertex 5.059287999999987 37.440042476556 33.531787781210205
    vertex 5.059287999999989 26.942858724216226 32.92035067923721
  endloop
endfacet
facet normal 1.0 2.416805633234611e-16 -1.0531097879815729e-15
  outer loop
    vertex 5.059287999999989 26.942858724216226 32.92035067923721
    vertex 5.059287999999987 37.440042476556 33.531787781210205
    vertex 5.059287999999989 27.250129733317618 32.991487635792744
  endloop
endfacet
facet normal 1.0 2.416805633234611e-16 -1.0531097879815729e-15
  outer loop
    vertex 5.059287999999989 27.250129733317618 32.991487635792744
    vertex 5.059287999999987 37.440042476556 33.531787781210205
    vertex 5.059287999999989 27.449861726566127 33.00753347020086
  endloop
endfacet
facet normal 1.0 2.416805633234611e-16 -1.0531097879815729e-15
  outer loop
    vertex 5.059287999999989 27.449861726566127 33.00753347020086
    vertex 5.059287999999987 37.440042476556 33.531787781210205
    vertex 5.059287999999989 27.52751901353838 33.0314922978921
  endloop
endfacet
facet normal 1.0 2.416805633234611e-16 -1.0531097879815729e-15
  outer loop
    vertex 5.059287999999989 27.52751901353838 33.0314922978921
    vertex 5.059287999999987 37.440042476556 33.531787781210205
    vertex 5.059287999999989 27.582792782999753 33.09106989480375
  endloop
endfacet
facet normal 1.0 2.416805633234611e-16 -1.0531097879815729e-15
  outer loop
    vertex 5.059287999999989 27.582792782999753 33.09106989480375
    vertex 5.059287999999987 37.440042476556 33.531787781210205
    vertex 5.059287999999989 27.60087247306038 33.17030249195635
  endloop
endfacet
facet normal 1.0 2.416805633234611e-16 -1.0531097879815729e-15
  outer loop
    vertex 5.059287999999989 27.60087247306038 33.17030249195635
    vertex 5.059287999999987 37.440042476556 33.531787781210205
    vertex 5.059287999999991 27.600872473060406 33.893273070464055
  endloop
endfacet
facet normal 1.0 2.416805633234611e-16 -1.0531097879815729e-15
  outer loop
    vertex 5.059287999999991 27.600872473060406 33.893273070464055
    vertex 5.059287999999987 37.440042476556 33.531787781210205
    vertex 5.059287999999988 37.57633917139973 34.567063961620285
  endloop
endfacet
facet normal 1.0 2.416805633234611e-16 -1.0531097879815729e-15
  outer loop
    vertex 5.059287999999991 27.600872473060406 33.893273070464055
    vertex 5.059287999999988 37.57633917139973 34.567063961620285
    vertex 5.059287999999991 27.582792782999753 33.97250566761665
  endloop
endfacet
facet normal 1.0 2.416805633234611e-16 -1.0531097879815729e-15
  outer loop
    vertex 5.059287999999991 27.582792782999753 33.97250566761665
    vertex 5.059287999999988 37.57633917139973 34.567063961620285
    vertex 5.059287999999991 27.52751901353838 34.0320832645283
  endloop
endfacet
facet normal 1.0 2.416805633234611e-16 -1.0531097879815729e-15
  outer loop
    vertex 5.059287999999991 27.52751901353838 34.0320832645283
    vertex 5.059287999999988 37.57633917139973 34.567063961620285
    vertex 5.059287999999991 27.449861726566127 34.05604209221954
  endloop
endfacet
facet normal 1.0 2.416805633234611e-16 -1.0531097879815729e-15
  outer loop
    vertex 5.059287999999991 27.449861726566127 34.05604209221954
    vertex 5.059287999999988 37.57633917139973 34.567063961620285
    vertex 5.059287999999991 27.250129733317618 34.07208792662767
  endloop
endfacet
facet normal 1.0 2.416805633234611e-16 -1.0531097879815729e-15
  outer loop
    vertex 5.059287999999991 27.250129733317618 34.07208792662767
    vertex 5.059287999999988 37.57633917139973 34.567063961620285
    vertex 5.059287999999991 26.942858724216226 34.143224883183194
  endloop
endfacet
facet normal 1.0 2.416805633234611e-16 -1.0531097879815729e-15
  outer loop
    vertex 5.059287999999991 26.942858724216226 34.143224883183194
    vertex 5.059287999999988 37.57633917139973 34.567063961620285
    vertex 5.059287999999991 26.44852672243542 34.32196988527811
  endloop
endfacet
facet normal 1.0 2.416805633234611e-16 -1.0531097879815729e-15
  outer loop
    vertex 5.059287999999991 26.44852672243542 34.32196988527811
    vertex 5.059287999999988 37.57633917139973 34.567063961620285
    vertex 5.059287999999992 25.791733302081088 34.65392357623857
  endloop
endfacet
facet normal 1.0 2.416805633234611e-16 -1.0531097879815729e-15
  outer loop
    vertex 5.059287999999992 25.791733302081088 34.65392357623857
    vertex 5.059287999999988 37.57633917139973 34.567063961620285
    vertex 5.059287999999989 37.97594086141825 35.5317877812102
  endloop
endfacet
facet normal 1.0 2.416805633234611e-16 -1.0531097879815729e-15
  outer loop
    vertex 5.059287999999992 25.791733302081088 34.65392357623857
    vertex 5.059287999999989 37.97594086141825 35.5317877812102
    vertex 5.0592879999999925 25.493380575471814 34.8371514135019
  endloop
endfacet
facet normal 1.0 2.416805633234611e-16 -1.0531097879815729e-15
  outer loop
    vertex 5.0592879999999925 25.493380575471814 34.8371514135019
    vertex 5.059287999999989 37.97594086141825 35.5317877812102
    vertex 5.0592879999999925 25.570453038375526 35.57044691495248
  endloop
endfacet
facet normal 1.0 2.416805633234611e-16 -1.0531097879815729e-15
  outer loop
    vertex 5.0592879999999925 25.570453038375526 35.57044691495248
    vertex 5.059287999999989 37.97594086141825 35.5317877812102
    vertex 5.05928799999999 38.611615351809824 36.36021490595639
  endloop
endfacet
facet normal 1.0 2.416805633234611e-16 -1.0531097879815729e-15
  outer loop
    vertex 5.0592879999999925 25.570453038375526 35.57044691495248
    vertex 5.05928799999999 38.611615351809824 36.36021490595639
    vertex 5.0592879999999925 25.900381251531062 35.68763976450983
  endloop
endfacet
facet normal 1.0 2.416805633234611e-16 -1.0531097879815729e-15
  outer loop
    vertex 5.0592879999999925 25.900381251531062 35.68763976450983
    vertex 5.05928799999999 38.611615351809824 36.36021490595639
    vertex 5.0592879999999925 26.611839212989207 35.87578444033368
  endloop
endfacet
facet normal 1.0 2.416805633234611e-16 -1.0531097879815729e-15
  outer loop
    vertex 5.0592879999999925 26.611839212989207 35.87578444033368
    vertex 5.05928799999999 38.611615351809824 36.36021490595639
    vertex 5.0592879999999925 27.646582141900666 35.92771181929853
  endloop
endfacet
facet normal 1.0 2.416805633234611e-16 -1.0531097879815729e-15
  outer loop
    vertex 5.0592879999999925 27.646582141900666 35.92771181929853
    vertex 5.05928799999999 38.611615351809824 36.36021490595639
    vertex 5.0592879999999925 27.727523751207414 35.93500123128239
  endloop
endfacet
facet normal 1.0 2.416805633234611e-16 -1.0531097879815729e-15
  outer loop
    vertex 5.0592879999999925 27.727523751207414 35.93500123128239
    vertex 5.05928799999999 38.611615351809824 36.36021490595639
    vertex 5.0592879999999925 27.793976535098288 35.98178485189242
  endloop
endfacet
facet normal 1.0 2.416805633234611e-16 -1.0531097879815729e-15
  outer loop
    vertex 5.0592879999999925 27.793976535098288 35.98178485189242
    vertex 5.05928799999999 38.611615351809824 36.36021490595639
    vertex 5.0592879999999925 27.828134523794997 36.055527047767185
  endloop
endfacet
facet normal 1.0 2.416805633234611e-16 -1.0531097879815729e-15
  outer loop
    vertex 5.0592879999999925 27.828134523794997 36.055527047767185
    vertex 5.05928799999999 38.611615351809824 36.36021490595639
    vertex 5.059287999999993 27.97844855918404 36.762698984535625
  endloop
endfacet
facet normal 1.0 2.416805633234611e-16 -1.0531097879815729e-15
  outer loop
    vertex 5.059287999999993 27.97844855918404 36.762698984535625
    vertex 5.05928799999999 38.611615351809824 36.36021490595639
    vertex 5.059287999999991 39.10821674621015 36.74127055814775
  endloop
endfacet
facet normal 1.0 2.416805633234611e-16 -1.0531097879815729e-15
  outer loop
    vertex 5.059287999999993 27.97844855918404 36.762698984535625
    vertex 5.059287999999991 39.10821674621015 36.74127055814775
    vertex 5.059287999999991 39.440042476556016 36.995889396347955
  endloop
endfacet
facet normal 1.0 2.416805633234611e-16 -1.0531097879815729e-15
  outer loop
    vertex 5.059287999999993 27.97844855918404 36.762698984535625
    vertex 5.059287999999991 39.440042476556016 36.995889396347955
    vertex 5.059287999999993 27.977237336971086 36.843959138270314
  endloop
endfacet
facet normal 1.0 2.416805633234611e-16 -1.0531097879815729e-15
  outer loop
    vertex 5.059287999999993 27.977237336971086 36.843959138270314
    vertex 5.059287999999991 39.440042476556016 36.995889396347955
    vertex 5.059287999999993 27.93555831089769 36.9137268846135
  endloop
endfacet
facet normal 1.0 2.416805633234611e-16 -1.0531097879815729e-15
  outer loop
    vertex 5.059287999999993 27.93555831089769 36.9137268846135
    vertex 5.059287999999991 39.440042476556016 36.995889396347955
    vertex 5.059287999999993 27.864579342341564 36.95330801227482
  endloop
endfacet
facet normal 1.0 2.416805633234611e-16 -1.0531097879815729e-15
  outer loop
    vertex 5.059287999999993 27.864579342341564 36.95330801227482
    vertex 5.059287999999991 39.440042476556016 36.995889396347955
    vertex 5.059287999999993 27.672548088918173 37.01052982312959
  endloop
endfacet
facet normal 1.0 2.416805633234611e-16 -1.0531097879815729e-15
  outer loop
    vertex 5.059287999999993 27.672548088918173 37.01052982312959
    vertex 5.059287999999991 39.440042476556016 36.995889396347955
    vertex 5.059287999999991 40.40476629614593 37.39549108636647
  endloop
endfacet
facet normal 1.0 2.416805633234611e-16 -1.0531097879815729e-15
  outer loop
    vertex 5.059287999999993 27.672548088918173 37.01052982312959
    vertex 5.059287999999991 40.40476629614593 37.39549108636647
    vertex 5.059287999999988 27.386781893507656 37.143997501549435
  endloop
endfacet
facet normal 1.0 2.416805633234611e-16 -1.0531097879815729e-15
  outer loop
    vertex 5.059287999999988 27.386781893507656 37.143997501549435
    vertex 5.059287999999991 40.40476629614593 37.39549108636647
    vertex 5.059287999999993 26.940415407610594 37.42161389880731
  endloop
endfacet
facet normal 1.0 2.416805633234611e-16 -1.0531097879815729e-15
  outer loop
    vertex 5.059287999999993 26.940415407610594 37.42161389880731
    vertex 5.059287999999991 40.40476629614593 37.39549108636647
    vertex 5.059287999999991 41.44004247655601 37.5317877812102
  endloop
endfacet
facet normal 1.0 2.416805633234611e-16 -1.0531097879815729e-15
  outer loop
    vertex 5.059287999999993 26.940415407610594 37.42161389880731
    vertex 5.059287999999991 41.44004247655601 37.5317877812102
    vertex 5.059287999999995 26.36699155247403 37.88286863571887
  endloop
endfacet
facet normal 1.0 2.416805633234611e-16 -1.0531097879815729e-15
  outer loop
    vertex 5.059287999999995 26.36699155247403 37.88286863571887
    vertex 5.059287999999991 41.44004247655601 37.5317877812102
    vertex 5.059287999999987 56.513093400638 37.88286863571886
  endloop
endfacet
facet normal 1.0 2.416805633234611e-16 -1.0531097879815729e-15
  outer loop
    vertex 5.059287999999995 26.36699155247403 37.88286863571887
    vertex 5.059287999999987 56.513093400638 37.88286863571886
    vertex 5.059287999999988 56.76683119489293 38.124123524975055
  endloop
endfacet
facet normal 1.0 2.416805633234611e-16 -1.0531097879815729e-15
  outer loop
    vertex 5.059287999999995 26.36699155247403 37.88286863571887
    vertex 5.059287999999988 56.76683119489293 38.124123524975055
    vertex 5.059287999999995 26.1132537582191 38.124123524975055
  endloop
endfacet
facet normal 1.0 2.416805633234611e-16 -1.0531097879815729e-15
  outer loop
    vertex 5.059287999999995 26.1132537582191 38.124123524975055
    vertex 5.059287999999988 56.76683119489293 38.124123524975055
    vertex 5.059287999999995 28.52683135713937 38.73347820500694
  endloop
endfacet
facet normal 1.0 2.416805633234611e-16 -1.0531097879815729e-15
  outer loop
    vertex 5.059287999999995 26.1132537582191 38.124123524975055
    vertex 5.059287999999995 28.52683135713937 38.73347820500694
    vertex 5.059287999999995 26.34110271046666 38.825370494270025
  endloop
endfacet
facet normal 1.0 2.416805633234611e-16 -1.0531097879815729e-15
  outer loop
    vertex 5.059287999999995 28.52683135713937 38.73347820500694
    vertex 5.059287999999988 56.76683119489293 38.124123524975055
    vertex 5.059287999999989 54.353253595972646 38.73347820500694
  endloop
endfacet
facet normal 1.0 2.416805633234611e-16 -1.0531097879815729e-15
  outer loop
    vertex 5.059287999999995 26.34110271046666 38.825370494270025
    vertex 5.059287999999995 28.52683135713937 38.73347820500694
    vertex 5.059287999999995 28.446142962225842 38.743176791012644
  endloop
endfacet
facet normal 1.0 2.416805633234611e-16 -1.0531097879815729e-15
  outer loop
    vertex 5.059287999999995 26.34110271046666 38.825370494270025
    vertex 5.059287999999995 28.446142962225842 38.743176791012644
    vertex 5.059287999999995 28.25715227822526 38.80975651232375
  endloop
endfacet
facet normal 1.0 2.416805633234611e-16 -1.0531097879815729e-15
  outer loop
    vertex 5.059287999999995 26.34110271046666 38.825370494270025
    vertex 5.059287999999995 28.25715227822526 38.80975651232375
    vertex 5.059287999999995 27.947512236687388 38.86974804754835
  endloop
endfacet
facet normal 1.0 2.416805633234611e-16 -1.0531097879815729e-15
  outer loop
    vertex 5.059287999999995 26.34110271046666 38.825370494270025
    vertex 5.059287999999995 27.947512236687388 38.86974804754835
    vertex 5.059287999999995 26.688186964082366 38.871406466242064
  endloop
endfacet
facet normal 1.0 2.416805633234611e-16 -1.0531097879815729e-15
  outer loop
    vertex 5.059287999999995 26.688186964082366 38.871406466242064
    vertex 5.059287999999995 27.947512236687388 38.86974804754835
    vertex 5.059287999999995 27.423215339774494 38.907519301777484
  endloop
endfacet
facet normal 1.0 2.416805633234611e-16 -1.0531097879815729e-15
  outer loop
    vertex 5.059287999999989 54.278526103184085 38.76542318060198
    vertex 5.059287999999995 28.52683135713937 38.73347820500694
    vertex 5.059287999999989 54.353253595972646 38.73347820500694
  endloop
endfacet
facet normal 1.0 2.416805633234611e-16 -1.0531097879815729e-15
  outer loop
    vertex 5.059287999999995 28.52683135713937 38.73347820500694
    vertex 5.059287999999989 54.278526103184085 38.76542318060198
    vertex 5.059287999999995 28.601558849927933 38.765423180601985
  endloop
endfacet
facet normal 1.0 2.416805633234611e-16 -1.0531097879815729e-15
  outer loop
    vertex 5.059287999999995 28.601558849927933 38.765423180601985
    vertex 5.059287999999989 54.278526103184085 38.76542318060198
    vertex 5.059287999999989 54.229782683865565 38.83045208738485
  endloop
endfacet
facet normal 1.0 2.416805633234611e-16 -1.0531097879815729e-15
  outer loop
    vertex 5.059287999999995 28.601558849927933 38.765423180601985
    vertex 5.059287999999989 54.229782683865565 38.83045208738485
    vertex 5.059287999999995 28.650302269246435 38.830452087384856
  endloop
endfacet
facet normal 1.0 2.416805633234611e-16 -1.0531097879815729e-15
  outer loop
    vertex 5.059287999999995 28.650302269246435 38.830452087384856
    vertex 5.059287999999989 54.229782683865565 38.83045208738485
    vertex 5.059287999999989 53.9357240577208 39.4909185753898
  endloop
endfacet
facet normal 1.0 2.416805633234611e-16 -1.0531097879815729e-15
  outer loop
    vertex 5.059287999999995 28.650302269246435 38.830452087384856
    vertex 5.059287999999989 53.9357240577208 39.4909185753898
    vertex 5.059287999999995 28.944360895391235 39.490918575389806
  endloop
endfacet
facet normal 1.0 2.416805633234611e-16 -1.0531097879815729e-15
  outer loop
    vertex 5.059287999999995 28.944360895391235 39.490918575389806
    vertex 5.059287999999989 53.9357240577208 39.4909185753898
    vertex 5.059287999999989 53.92001387586323 39.570654827058895
  endloop
endfacet
facet normal 1.0 2.416805633234611e-16 -1.0531097879815729e-15
  outer loop
    vertex 5.059287999999995 28.944360895391235 39.490918575389806
    vertex 5.059287999999989 53.92001387586323 39.570654827058895
    vertex 5.059287999999995 28.960071077248777 39.5706548270589
  endloop
endfacet
facet normal 1.0 2.416805633234611e-16 -1.0531097879815729e-15
  outer loop
    vertex 5.059287999999995 28.960071077248777 39.5706548270589
    vertex 5.059287999999989 53.92001387586323 39.570654827058895
    vertex 5.05928799999999 53.94627658511107 39.64756353753565
  endloop
endfacet
facet normal 1.0 2.416805633234611e-16 -1.0531097879815729e-15
  outer loop
    vertex 5.059287999999995 28.960071077248777 39.5706548270589
    vertex 5.05928799999999 53.94627658511107 39.64756353753565
    vertex 5.059287999999996 28.933808368000957 39.64756353753566
  endloop
endfacet
facet normal 1.0 2.416805633234611e-16 -1.0531097879815729e-15
  outer loop
    vertex 5.059287999999996 28.933808368000957 39.64756353753566
    vertex 5.05928799999999 53.94627658511107 39.64756353753565
    vertex 5.05928799999999 54.00747511373028 39.70103707995691
  endloop
endfacet
facet normal 1.0 2.416805633234611e-16 -1.0531097879815729e-15
  outer loop
    vertex 5.059287999999996 28.933808368000957 39.64756353753566
    vertex 5.05928799999999 54.00747511373028 39.70103707995691
    vertex 5.059287999999996 28.87260983938175 39.70103707995692
  endloop
endfacet
facet normal 1.0 2.416805633234611e-16 -1.0531097879815729e-15
  outer loop
    vertex 5.059287999999996 28.87260983938175 39.70103707995692
    vertex 5.05928799999999 54.00747511373028 39.70103707995691
    vertex 5.05928799999999 54.183412940085844 39.796933999543256
  endloop
endfacet
facet normal 1.0 2.416805633234611e-16 -1.0531097879815729e-15
  outer loop
    vertex 5.059287999999996 28.87260983938175 39.70103707995692
    vertex 5.05928799999999 54.183412940085844 39.796933999543256
    vertex 5.059287999999996 28.696672013026184 39.79693399954327
  endloop
endfacet
facet normal 1.0 2.416805633234611e-16 -1.0531097879815729e-15
  outer loop
    vertex 5.059287999999996 28.696672013026184 39.79693399954327
    vertex 5.05928799999999 54.183412940085844 39.796933999543256
    vertex 5.05928799999999 54.43518496780765 39.98689922183151
  endloop
endfacet
facet normal 1.0 2.416805633234611e-16 -1.0531097879815729e-15
  outer loop
    vertex 5.059287999999996 28.696672013026184 39.79693399954327
    vertex 5.05928799999999 54.43518496780765 39.98689922183151
    vertex 5.059287999999996 28.44489998530437 39.986899221831514
  endloop
endfacet
facet normal 1.0 2.416805633234611e-16 -1.0531097879815729e-15
  outer loop
    vertex 5.059287999999996 28.44489998530437 39.986899221831514
    vertex 5.05928799999999 54.43518496780765 39.98689922183151
    vertex 5.059287999999991 54.81407758048321 40.35125384554089
  endloop
endfacet
facet normal 1.0 2.416805633234611e-16 -1.0531097879815729e-15
  outer loop
    vertex 5.059287999999996 28.44489998530437 39.986899221831514
    vertex 5.059287999999991 54.81407758048321 40.35125384554089
    vertex 5.059287999999996 28.066007372628818 40.3512538455409
  endloop
endfacet
facet normal 1.0 2.416805633234611e-16 -1.0531097879815729e-15
  outer loop
    vertex 5.059287999999996 28.066007372628818 40.3512538455409
    vertex 5.059287999999991 54.81407758048321 40.35125384554089
    vertex 5.059287999999991 55.279070496339614 40.92165058305472
  endloop
endfacet
facet normal 1.0 2.416805633234611e-16 -1.0531097879815729e-15
  outer loop
    vertex 5.059287999999996 28.066007372628818 40.3512538455409
    vertex 5.059287999999991 55.279070496339614 40.92165058305472
    vertex 5.059287999999998 27.601014456772415 40.92165058305473
  endloop
endfacet
facet normal 1.0 2.416805633234611e-16 -1.0531097879815729e-15
  outer loop
    vertex 5.059287999999998 27.601014456772415 40.92165058305473
    vertex 5.059287999999991 55.279070496339614 40.92165058305472
    vertex 5.059287999999991 55.477103799062256 41.21038852797387
  endloop
endfacet
facet normal 1.0 2.416805633234611e-16 -1.0531097879815729e-15
  outer loop
    vertex 5.059287999999998 27.601014456772415 40.92165058305473
    vertex 5.059287999999991 55.477103799062256 41.21038852797387
    vertex 5.059287999999998 27.402981154049773 41.21038852797388
  endloop
endfacet
facet normal 1.0 2.416805633234611e-16 -1.0531097879815729e-15
  outer loop
    vertex 5.059287999999998 27.402981154049773 41.21038852797388
    vertex 5.059287999999991 55.477103799062256 41.21038852797387
    vertex 5.0592879999999925 52.989576699660375 41.3046163467316
  endloop
endfacet
facet normal 1.0 2.416805633234611e-16 -1.0531097879815729e-15
  outer loop
    vertex 5.0592879999999925 52.989576699660375 41.3046163467316
    vertex 5.059287999999991 55.477103799062256 41.21038852797387
    vertex 5.0592879999999925 55.10843645002464 41.84893910759876
  endloop
endfacet
facet normal 1.0 2.416805633234611e-16 -1.0531097879815729e-15
  outer loop
    vertex 5.0592879999999925 52.989576699660375 41.3046163467316
    vertex 5.0592879999999925 55.10843645002464 41.84893910759876
    vertex 5.0592879999999925 53.06648541013715 41.33087905597943
  endloop
endfacet
facet normal 1.0 2.416805633234611e-16 -1.0531097879815729e-15
  outer loop
    vertex 5.0592879999999925 53.06648541013715 41.33087905597943
    vertex 5.0592879999999925 55.10843645002464 41.84893910759876
    vertex 5.0592879999999925 53.23750349182136 41.43529722329677
  endloop
endfacet
facet normal 1.0 2.416805633234611e-16 -1.0531097879815729e-15
  outer loop
    vertex 5.0592879999999925 53.23750349182136 41.43529722329677
    vertex 5.0592879999999925 55.10843645002464 41.84893910759876
    vertex 5.0592879999999925 53.52790421401944 41.55835558412207
  endloop
endfacet
facet normal 1.0 2.416805633234611e-16 -1.0531097879815729e-15
  outer loop
    vertex 5.0592879999999925 53.52790421401944 41.55835558412207
    vertex 5.0592879999999925 55.10843645002464 41.84893910759876
    vertex 5.0592879999999925 54.03289088047586 41.704308900150664
  endloop
endfacet
facet normal 1.0 2.416805633234611e-16 -1.0531097879815729e-15
  outer loop
    vertex 5.0592879999999925 54.03289088047586 41.704308900150664
    vertex 5.0592879999999925 55.10843645002464 41.84893910759876
    vertex 5.0592879999999925 54.75936540332682 41.82180620910519
  endloop
endfacet
facet normal 1.0 2.416805633234611e-16 -1.0531097879815729e-15
  outer loop
    vertex 5.0592879999999925 52.90984044799129 41.32032652858914
    vertex 5.059287999999998 29.890508253451657 41.3046163467316
    vertex 5.0592879999999925 52.989576699660375 41.3046163467316
  endloop
endfacet
facet normal 1.0 2.416805633234611e-16 -1.0531097879815729e-15
  outer loop
    vertex 5.059287999999998 29.890508253451657 41.3046163467316
    vertex 5.0592879999999925 52.90984044799129 41.32032652858914
    vertex 5.059287999999998 29.970244505120736 41.32032652858915
  endloop
endfacet
facet normal 1.0 2.416805633234611e-16 -1.0531097879815729e-15
  outer loop
    vertex 5.059287999999998 29.970244505120736 41.32032652858915
    vertex 5.0592879999999925 52.90984044799129 41.32032652858914
    vertex 5.0592879999999925 52.848641919372085 41.3738000710104
  endloop
endfacet
facet normal 1.0 2.416805633234611e-16 -1.0531097879815729e-15
  outer loop
    vertex 5.059287999999998 29.970244505120736 41.32032652858915
    vertex 5.0592879999999925 52.848641919372085 41.3738000710104
    vertex 5.059287999999998 30.031443033739944 41.37380007101041
  endloop
endfacet
facet normal 1.0 2.416805633234611e-16 -1.0531097879815729e-15
  outer loop
    vertex 5.059287999999998 30.031443033739944 41.37380007101041
    vertex 5.0592879999999925 52.848641919372085 41.3738000710104
    vertex 5.0592879999999925 52.42369047548389 41.95869555545622
  endloop
endfacet
facet normal 1.0 2.416805633234611e-16 -1.0531097879815729e-15
  outer loop
    vertex 5.059287999999998 30.031443033739944 41.37380007101041
    vertex 5.0592879999999925 52.42369047548389 41.95869555545622
    vertex 5.059287999999998 30.45639447762814 41.958695555456224
  endloop
endfacet
facet normal 1.0 2.416805633234611e-16 -1.0531097879815729e-15
  outer loop
    vertex 5.059287999999998 30.45639447762814 41.958695555456224
    vertex 5.0592879999999925 52.42369047548389 41.95869555545622
    vertex 5.0592879999999925 52.39174549988884 42.03342304824479
  endloop
endfacet
facet normal 1.0 2.416805633234611e-16 -1.0531097879815729e-15
  outer loop
    vertex 5.059287999999998 30.45639447762814 41.958695555456224
    vertex 5.0592879999999925 52.39174549988884 42.03342304824479
    vertex 5.059287999999998 30.48833945322319 42.0334230482448
  endloop
endfacet
facet normal 1.0 2.416805633234611e-16 -1.0531097879815729e-15
  outer loop
    vertex 5.059287999999998 30.48833945322319 42.0334230482448
    vertex 5.0592879999999925 52.39174549988884 42.03342304824479
    vertex 5.0592879999999925 52.40144408589455 42.114111443158336
  endloop
endfacet
facet normal 1.0 2.416805633234611e-16 -1.0531097879815729e-15
  outer loop
    vertex 5.059287999999998 30.48833945322319 42.0334230482448
    vertex 5.0592879999999925 52.40144408589455 42.114111443158336
    vertex 5.059287999999998 30.478640867217496 42.11411144315834
  endloop
endfacet
facet normal 1.0 2.416805633234611e-16 -1.0531097879815729e-15
  outer loop
    vertex 5.059287999999998 30.478640867217496 42.11411144315834
    vertex 5.0592879999999925 52.40144408589455 42.114111443158336
    vertex 5.0592879999999925 52.45018750521305 42.17914034994121
  endloop
endfacet
facet normal 1.0 2.416805633234611e-16 -1.0531097879815729e-15
  outer loop
    vertex 5.059287999999998 30.478640867217496 42.11411144315834
    vertex 5.0592879999999925 52.45018750521305 42.17914034994121
    vertex 5.059287999999998 30.429897447899 42.179140349941214
  endloop
endfacet
facet normal 1.0 2.416805633234611e-16 -1.0531097879815729e-15
  outer loop
    vertex 5.059287999999998 30.429897447899 42.179140349941214
    vertex 5.0592879999999925 52.45018750521305 42.17914034994121
    vertex 5.0592879999999925 52.60234257724564 42.30952122270874
  endloop
endfacet
facet normal 1.0 2.416805633234611e-16 -1.0531097879815729e-15
  outer loop
    vertex 5.059287999999998 30.429897447899 42.179140349941214
    vertex 5.0592879999999925 52.60234257724564 42.30952122270874
    vertex 5.059287999999999 30.277742375866385 42.309521222708746
  endloop
endfacet
facet normal 1.0 2.416805633234611e-16 -1.0531097879815729e-15
  outer loop
    vertex 5.059287999999999 30.277742375866385 42.309521222708746
    vertex 5.0592879999999925 52.60234257724564 42.30952122270874
    vertex 5.059287999999993 52.80911679153109 42.54768159709711
  endloop
endfacet
facet normal 1.0 2.416805633234611e-16 -1.0531097879815729e-15
  outer loop
    vertex 5.059287999999999 30.277742375866385 42.309521222708746
    vertex 5.059287999999993 52.80911679153109 42.54768159709711
    vertex 5.059287999999999 30.07096816158094 42.54768159709712
  endloop
endfacet
facet normal 1.0 2.416805633234611e-16 -1.0531097879815729e-15
  outer loop
    vertex 5.059287999999999 30.07096816158094 42.54768159709712
    vertex 5.059287999999993 52.80911679153109 42.54768159709711
    vertex 5.059287999999993 53.10397610568277 42.98285040183445
  endloop
endfacet
facet normal 1.0 2.416805633234611e-16 -1.0531097879815729e-15
  outer loop
    vertex 5.059287999999999 30.07096816158094 42.54768159709712
    vertex 5.059287999999993 53.10397610568277 42.98285040183445
    vertex 5.059287999999999 29.77610884742926 42.982850401834455
  endloop
endfacet
facet normal 1.0 2.416805633234611e-16 -1.0531097879815729e-15
  outer loop
    vertex 5.059287999999999 29.77610884742926 42.982850401834455
    vertex 5.059287999999993 53.10397610568277 42.98285040183445
    vertex 5.059287999999995 51.12112973698439 43.536044581973336
  endloop
endfacet
facet normal 1.0 2.416805633234611e-16 -1.0531097879815729e-15
  outer loop
    vertex 5.059287999999995 51.12112973698439 43.536044581973336
    vertex 5.059287999999993 53.10397610568277 42.98285040183445
    vertex 5.059287999999993 53.44021566055248 43.63746006545396
  endloop
endfacet
facet normal 1.0 2.416805633234611e-16 -1.0531097879815729e-15
  outer loop
    vertex 5.059287999999999 29.77610884742926 42.982850401834455
    vertex 5.059287999999995 51.12112973698439 43.536044581973336
    vertex 5.059287999999995 51.03986958324969 43.5348333597604
  endloop
endfacet
facet normal 1.0 2.416805633234611e-16 -1.0531097879815729e-15
  outer loop
    vertex 5.059287999999995 51.12112973698439 43.536044581973336
    vertex 5.059287999999993 53.44021566055248 43.63746006545396
    vertex 5.059287999999995 51.19089748332761 43.577723608046725
  endloop
endfacet
facet normal 1.0 2.416805633234611e-16 -1.0531097879815729e-15
  outer loop
    vertex 5.059287999999995 51.19089748332761 43.577723608046725
    vertex 5.059287999999993 53.44021566055248 43.63746006545396
    vertex 5.059287999999995 51.33646865189007 43.71541664640458
  endloop
endfacet
facet normal 1.0 2.416805633234611e-16 -1.0531097879815729e-15
  outer loop
    vertex 5.059287999999995 51.33646865189007 43.71541664640458
    vertex 5.059287999999993 53.44021566055248 43.63746006545396
    vertex 5.059287999999995 53.57388946614464 43.96106183232474
  endloop
endfacet
facet normal 1.0 2.416805633234611e-16 -1.0531097879815729e-15
  outer loop
    vertex 5.059287999999995 51.33646865189007 43.71541664640458
    vertex 5.059287999999995 53.57388946614464 43.96106183232474
    vertex 5.059287999999995 51.59493814969105 43.896163591962974
  endloop
endfacet
facet normal 1.0 2.416805633234611e-16 -1.0531097879815729e-15
  outer loop
    vertex 5.059287999999995 51.59493814969105 43.896163591962974
    vertex 5.059287999999995 53.57388946614464 43.96106183232474
    vertex 5.059287999999995 52.058544245172 44.14392010951887
  endloop
endfacet
facet normal 1.0 2.416805633234611e-16 -1.0531097879815729e-15
  outer loop
    vertex 5.059287999999995 52.058544245172 44.14392010951887
    vertex 5.059287999999995 53.57388946614464 43.96106183232474
    vertex 5.059287999999995 53.08051625253214 44.50900829784429
  endloop
endfacet
facet normal 1.0 2.416805633234611e-16 -1.0531097879815729e-15
  outer loop
    vertex 5.059287999999995 52.058544245172 44.14392010951887
    vertex 5.059287999999995 53.08051625253214 44.50900829784429
    vertex 5.059287999999995 52.7447144925216 44.40989236674737
  endloop
endfacet
facet normal 1.0 2.416805633234611e-16 -1.0531097879815729e-15
  outer loop
    vertex 5.059287999999995 50.96889061469357 43.574414487421706
    vertex 5.059287999999999 31.840215369862335 43.534833359760405
    vertex 5.059287999999995 51.03986958324969 43.5348333597604
  endloop
endfacet
facet normal 1.0 2.416805633234611e-16 -1.0531097879815729e-15
  outer loop
    vertex 5.059287999999999 31.840215369862335 43.534833359760405
    vertex 5.059287999999995 50.96889061469357 43.574414487421706
    vertex 5.059287999999999 31.91119433841846 43.57441448742172
  endloop
endfacet
facet normal 1.0 2.416805633234611e-16 -1.0531097879815729e-15
  outer loop
    vertex 5.059287999999999 31.91119433841846 43.57441448742172
    vertex 5.059287999999995 50.96889061469357 43.574414487421706
    vertex 5.059287999999995 50.70025469249836 43.81629535820995
  endloop
endfacet
facet normal 1.0 2.416805633234611e-16 -1.0531097879815729e-15
  outer loop
    vertex 5.059287999999999 31.91119433841846 43.57441448742172
    vertex 5.059287999999995 50.70025469249836 43.81629535820995
    vertex 5.059288 32.448466182808865 44.058176228998185
  endloop
endfacet
facet normal 1.0 2.416805633234611e-16 -1.0531097879815729e-15
  outer loop
    vertex 5.059288 32.448466182808865 44.058176228998185
    vertex 5.059287999999995 50.70025469249836 43.81629535820995
    vertex 5.059287999999995 50.43161877030316 44.058176228998185
  endloop
endfacet
facet normal 1.0 2.416805633234611e-16 -1.0531097879815729e-15
  outer loop
    vertex 5.059288 32.448466182808865 44.058176228998185
    vertex 5.059287999999995 50.43161877030316 44.058176228998185
    vertex 5.059287999999999 32.49524980341888 44.124629012889095
  endloop
endfacet
facet normal 1.0 2.416805633234611e-16 -1.0531097879815729e-15
  outer loop
    vertex 5.059287999999999 32.49524980341888 44.124629012889095
    vertex 5.059287999999995 50.43161877030316 44.058176228998185
    vertex 5.059287999999995 50.384835149693124 44.12462901288909
  endloop
endfacet
facet normal 1.0 2.416805633234611e-16 -1.0531097879815729e-15
  outer loop
    vertex 5.059287999999999 32.49524980341888 44.124629012889095
    vertex 5.059287999999995 50.384835149693124 44.12462901288909
    vertex 5.059287999999995 50.37754573770927 44.20557062219582
  endloop
endfacet
facet normal 1.0 2.416805633234611e-16 -1.0531097879815729e-15
  outer loop
    vertex 5.059287999999999 32.49524980341888 44.124629012889095
    vertex 5.059287999999995 50.37754573770927 44.20557062219582
    vertex 5.059287999999999 32.50253921540273 44.20557062219582
  endloop
endfacet
facet normal 1.0 2.416805633234611e-16 -1.0531097879815729e-15
  outer loop
    vertex 5.059287999999999 32.50253921540273 44.20557062219582
    vertex 5.059287999999995 50.37754573770927 44.20557062219582
    vertex 5.059287999999995 50.41170372640598 44.27931281807057
  endloop
endfacet
facet normal 1.0 2.416805633234611e-16 -1.0531097879815729e-15
  outer loop
    vertex 5.059287999999999 32.50253921540273 44.20557062219582
    vertex 5.059287999999995 50.41170372640598 44.27931281807057
    vertex 5.059288 32.46838122670604 44.27931281807058
  endloop
endfacet
facet normal 1.0 2.416805633234611e-16 -1.0531097879815729e-15
  outer loop
    vertex 5.059288 32.46838122670604 44.27931281807058
    vertex 5.059287999999995 50.41170372640598 44.27931281807057
    vertex 5.059287999999995 50.533426137346716 44.438479374242505
  endloop
endfacet
facet normal 1.0 2.416805633234611e-16 -1.0531097879815729e-15
  outer loop
    vertex 5.059288 32.46838122670604 44.27931281807058
    vertex 5.059287999999995 50.533426137346716 44.438479374242505
    vertex 5.059288 32.34665881576529 44.438479374242505
  endloop
endfacet
facet normal 1.0 2.416805633234611e-16 -1.0531097879815729e-15
  outer loop
    vertex 5.059288 32.34665881576529 44.438479374242505
    vertex 5.059287999999995 50.533426137346716 44.438479374242505
    vertex 5.059287999999996 50.6861655128188 44.71442614954996
  endloop
endfacet
facet normal 1.0 2.416805633234611e-16 -1.0531097879815729e-15
  outer loop
    vertex 5.059288 32.34665881576529 44.438479374242505
    vertex 5.059287999999996 50.6861655128188 44.71442614954996
    vertex 5.0592880000000005 32.19391944029322 44.71442614954996
  endloop
endfacet
facet normal 1.0 2.416805633234611e-16 -1.0531097879815729e-15
  outer loop
    vertex 5.0592880000000005 32.19391944029322 44.71442614954996
    vertex 5.059287999999996 50.6861655128188 44.71442614954996
    vertex 5.0592880000000005 31.99598019158583 45.201390170376634
  endloop
endfacet
facet normal 1.0 2.416805633234611e-16 -1.0531097879815729e-15
  outer loop
    vertex 5.0592880000000005 31.99598019158583 45.201390170376634
    vertex 5.059287999999996 50.6861655128188 44.71442614954996
    vertex 5.059287999999996 50.8841047615262 45.20139017037662
  endloop
endfacet
facet normal 1.0 2.416805633234611e-16 -1.0531097879815729e-15
  outer loop
    vertex 5.0592880000000005 31.99598019158583 45.201390170376634
    vertex 5.059287999999996 50.8841047615262 45.20139017037662
    vertex 5.059287999999997 48.750340208864316 45.31215909921083
  endloop
endfacet
facet normal 1.0 2.416805633234611e-16 -1.0531097879815729e-15
  outer loop
    vertex 5.059287999999997 48.750340208864316 45.31215909921083
    vertex 5.059287999999996 50.8841047615262 45.20139017037662
    vertex 5.059287999999997 48.82957280601692 45.330238789271455
  endloop
endfacet
facet normal 1.0 2.416805633234611e-16 -1.0531097879815729e-15
  outer loop
    vertex 5.059287999999997 48.82957280601692 45.330238789271455
    vertex 5.059287999999996 50.8841047615262 45.20139017037662
    vertex 5.059287999999997 51.07689567340503 45.91160317663599
  endloop
endfacet
facet normal 1.0 2.416805633234611e-16 -1.0531097879815729e-15
  outer loop
    vertex 5.0592880000000005 31.99598019158583 45.201390170376634
    vertex 5.059287999999997 48.750340208864316 45.31215909921083
    vertex 5.0592880000000005 34.12974474424771 45.31215909921083
  endloop
endfacet
facet normal 1.0 2.416805633234611e-16 -1.0531097879815729e-15
  outer loop
    vertex 5.059287999999997 48.82957280601692 45.330238789271455
    vertex 5.059287999999997 51.07689567340503 45.91160317663599
    vertex 5.059287999999997 48.889150402928564 45.38551255873282
  endloop
endfacet
facet normal 1.0 2.416805633234611e-16 -1.0531097879815729e-15
  outer loop
    vertex 5.059287999999997 48.889150402928564 45.38551255873282
    vertex 5.059287999999997 51.07689567340503 45.91160317663599
    vertex 5.059287999999997 49.002912499775164 45.55046262163044
  endloop
endfacet
facet normal 1.0 2.416805633234611e-16 -1.0531097879815729e-15
  outer loop
    vertex 5.059287999999997 49.002912499775164 45.55046262163044
    vertex 5.059287999999997 51.07689567340503 45.91160317663599
    vertex 5.059287999999998 49.21815441585085 45.78099864308097
  endloop
endfacet
facet normal 1.0 2.416805633234611e-16 -1.0531097879815729e-15
  outer loop
    vertex 5.059287999999998 49.21815441585085 45.78099864308097
    vertex 5.059287999999997 51.07689567340503 45.91160317663599
    vertex 5.059287999999998 49.62011812935495 46.1197302134793
  endloop
endfacet
facet normal 1.0 2.416805633234611e-16 -1.0531097879815729e-15
  outer loop
    vertex 5.059287999999998 49.62011812935495 46.1197302134793
    vertex 5.059287999999997 51.07689567340503 45.91160317663599
    vertex 5.059287999999998 51.14036779512424 46.255925815432576
  endloop
endfacet
facet normal 1.0 2.416805633234611e-16 -1.0531097879815729e-15
  outer loop
    vertex 5.059287999999998 49.62011812935495 46.1197302134793
    vertex 5.059287999999998 51.14036779512424 46.255925815432576
    vertex 5.059287999999998 50.23599516878391 46.52255315506441
  endloop
endfacet
facet normal 1.0 2.416805633234611e-16 -1.0531097879815729e-15
  outer loop
    vertex 5.059287999999998 50.23599516878391 46.52255315506441
    vertex 5.059287999999998 51.14036779512424 46.255925815432576
    vertex 5.059287999999998 50.54385149383904 46.68932027696472
  endloop
endfacet
facet normal 1.0 2.416805633234611e-16 -1.0531097879815729e-15
  outer loop
    vertex 5.059287999999997 48.750340208864316 45.31215909921083
    vertex 5.0592880000000005 34.207402031220006 45.33611792690207
    vertex 5.0592880000000005 34.12974474424771 45.31215909921083
  endloop
endfacet
facet normal 1.0 2.416805633234611e-16 -1.0531097879815729e-15
  outer loop
    vertex 5.0592880000000005 34.207402031220006 45.33611792690207
    vertex 5.059287999999997 48.750340208864316 45.31215909921083
    vertex 5.059287999999997 48.67268292189201 45.33611792690207
  endloop
endfacet
facet normal 1.0 2.416805633234611e-16 -1.0531097879815729e-15
  outer loop
    vertex 5.0592880000000005 34.207402031220006 45.33611792690207
    vertex 5.059287999999997 48.67268292189201 45.33611792690207
    vertex 5.059287999999998 48.04657203471564 45.69760321615591
  endloop
endfacet
facet normal 1.0 2.416805633234611e-16 -1.0531097879815729e-15
  outer loop
    vertex 5.0592880000000005 34.207402031220006 45.33611792690207
    vertex 5.059287999999998 48.04657203471564 45.69760321615591
    vertex 5.0592880000000005 34.5204574748082 45.516860571529
  endloop
endfacet
facet normal 1.0 2.416805633234611e-16 -1.0531097879815729e-15
  outer loop
    vertex 5.0592880000000005 34.5204574748082 45.516860571529
    vertex 5.059287999999998 48.04657203471564 45.69760321615591
    vertex 5.0592880000000005 34.83351291839639 45.697603216155926
  endloop
endfacet
facet normal 1.0 2.416805633234611e-16 -1.0531097879815729e-15
  outer loop
    vertex 5.0592880000000005 34.83351291839639 45.697603216155926
    vertex 5.059287999999998 48.04657203471564 45.69760321615591
    vertex 5.059287999999998 47.986994437803965 45.75287698561728
  endloop
endfacet
facet normal 1.0 2.416805633234611e-16 -1.0531097879815729e-15
  outer loop
    vertex 5.0592880000000005 34.83351291839639 45.697603216155926
    vertex 5.059287999999998 47.986994437803965 45.75287698561728
    vertex 5.0592880000000005 34.89309051530806 45.752876985617284
  endloop
endfacet
facet normal 1.0 2.416805633234611e-16 -1.0531097879815729e-15
  outer loop
    vertex 5.0592880000000005 34.89309051530806 45.752876985617284
    vertex 5.059287999999998 47.986994437803965 45.75287698561728
    vertex 5.059287999999998 47.96303561011274 45.83053427258955
  endloop
endfacet
facet normal 1.0 2.416805633234611e-16 -1.0531097879815729e-15
  outer loop
    vertex 5.0592880000000005 34.89309051530806 45.752876985617284
    vertex 5.059287999999998 47.96303561011274 45.83053427258955
    vertex 5.0592880000000005 34.917049342999306 45.83053427258957
  endloop
endfacet
facet normal 1.0 2.416805633234611e-16 -1.0531097879815729e-15
  outer loop
    vertex 5.0592880000000005 34.917049342999306 45.83053427258957
    vertex 5.059287999999998 47.96303561011274 45.83053427258955
    vertex 5.059287999999998 47.981115300173364 45.90976686974216
  endloop
endfacet
facet normal 1.0 2.416805633234611e-16 -1.0531097879815729e-15
  outer loop
    vertex 5.0592880000000005 34.917049342999306 45.83053427258957
    vertex 5.059287999999998 47.981115300173364 45.90976686974216
    vertex 5.0592880000000005 34.89896965293866 45.909766869742164
  endloop
endfacet
facet normal 1.0 2.416805633234611e-16 -1.0531097879815729e-15
  outer loop
    vertex 5.0592880000000005 34.89896965293866 45.909766869742164
    vertex 5.059287999999998 47.981115300173364 45.90976686974216
    vertex 5.059287999999998 48.067085196575256 46.0907627670479
  endloop
endfacet
facet normal 1.0 2.416805633234611e-16 -1.0531097879815729e-15
  outer loop
    vertex 5.0592880000000005 34.89896965293866 45.909766869742164
    vertex 5.059287999999998 48.067085196575256 46.0907627670479
    vertex 5.059288000000001 34.81299975653677 46.09076276704791
  endloop
endfacet
facet normal 1.0 2.416805633234611e-16 -1.0531097879815729e-15
  outer loop
    vertex 5.059288000000001 34.81299975653677 46.09076276704791
    vertex 5.059287999999998 48.067085196575256 46.0907627670479
    vertex 5.059287999999999 48.15911428960096 46.392435745053966
  endloop
endfacet
facet normal 1.0 2.416805633234611e-16 -1.0531097879815729e-15
  outer loop
    vertex 5.059288000000001 34.81299975653677 46.09076276704791
    vertex 5.059287999999999 48.15911428960096 46.392435745053966
    vertex 5.059288000000002 34.72097066351106 46.39243574505398
  endloop
endfacet
facet normal 1.0 2.416805633234611e-16 -1.0531097879815729e-15
  outer loop
    vertex 5.059288000000002 34.72097066351106 46.39243574505398
    vertex 5.059287999999999 48.15911428960096 46.392435745053966
    vertex 5.059287999999999 46.1413157448766 46.5746260835713
  endloop
endfacet
facet normal 1.0 2.416805633234611e-16 -1.0531097879815729e-15
  outer loop
    vertex 5.059287999999999 46.1413157448766 46.5746260835713
    vertex 5.059287999999999 48.15911428960096 46.392435745053966
    vertex 5.059287999999999 48.25148257787767 46.9099123175472
  endloop
endfacet
facet normal 1.0 2.416805633234611e-16 -1.0531097879815729e-15
  outer loop
    vertex 5.059288000000002 34.72097066351106 46.39243574505398
    vertex 5.059287999999999 46.1413157448766 46.5746260835713
    vertex 5.059288000000001 36.738769208235425 46.5746260835713
  endloop
endfacet
facet normal 1.0 2.416805633234611e-16 -1.0531097879815729e-15
  outer loop
    vertex 5.059287999999999 46.1413157448766 46.5746260835713
    vertex 5.059287999999999 48.25148257787767 46.9099123175472
    vertex 5.059287999999999 46.21505794075135 46.608784072268
  endloop
endfacet
facet normal 1.0 2.416805633234611e-16 -1.0531097879815729e-15
  outer loop
    vertex 5.059287999999999 46.21505794075135 46.608784072268
    vertex 5.059287999999999 48.25148257787767 46.9099123175472
    vertex 5.059287999999999 46.261841561361415 46.6752368561589
  endloop
endfacet
facet normal 1.0 2.416805633234611e-16 -1.0531097879815729e-15
  outer loop
    vertex 5.059287999999999 46.261841561361415 46.6752368561589
    vertex 5.059287999999999 48.25148257787767 46.9099123175472
    vertex 5.059287999999999 46.3388226369688 46.860234834329454
  endloop
endfacet
facet normal 1.0 2.416805633234611e-16 -1.0531097879815729e-15
  outer loop
    vertex 5.059287999999999 46.3388226369688 46.860234834329454
    vertex 5.059287999999999 48.25148257787767 46.9099123175472
    vertex 5.059287999999999 46.501429866741425 47.13048440130016
  endloop
endfacet
facet normal 1.0 2.416805633234611e-16 -1.0531097879815729e-15
  outer loop
    vertex 5.059287999999999 46.501429866741425 47.13048440130016
    vertex 5.059287999999999 48.25148257787767 46.9099123175472
    vertex 5.059287999999999 48.29239895880306 47.64468895009277
  endloop
endfacet
facet normal 1.0 2.416805633234611e-16 -1.0531097879815729e-15
  outer loop
    vertex 5.059287999999999 46.501429866741425 47.13048440130016
    vertex 5.059287999999999 48.29239895880306 47.64468895009277
    vertex 5.059288 46.824183455152635 47.545386829500096
  endloop
endfacet
facet normal 1.0 2.416805633234611e-16 -1.0531097879815729e-15
  outer loop
    vertex 5.059288 46.824183455152635 47.545386829500096
    vertex 5.059287999999999 48.29239895880306 47.64468895009277
    vertex 5.0592880000000005 47.34285050473194 48.06745515993561
  endloop
endfacet
facet normal 1.0 2.416805633234611e-16 -1.0531097879815729e-15
  outer loop
    vertex 5.0592880000000005 47.34285050473194 48.06745515993561
    vertex 5.059287999999999 48.29239895880306 47.64468895009277
    vertex 5.0592880000000005 48.28289536035718 47.99468390925641
  endloop
endfacet
facet normal 1.0 2.416805633234611e-16 -1.0531097879815729e-15
  outer loop
    vertex 5.0592880000000005 47.34285050473194 48.06745515993561
    vertex 5.0592880000000005 48.28289536035718 47.99468390925641
    vertex 5.0592880000000005 47.60930659616825 48.29458494917484
  endloop
endfacet
facet normal 1.0 2.416805633234611e-16 -1.0531097879815729e-15
  outer loop
    vertex 5.059287999999999 46.1413157448766 46.5746260835713
    vertex 5.059288000000001 36.81971081754215 46.581915495555165
    vertex 5.059288000000001 36.738769208235425 46.5746260835713
  endloop
endfacet
facet normal 1.0 2.416805633234611e-16 -1.0531097879815729e-15
  outer loop
    vertex 5.059288000000001 36.81971081754215 46.581915495555165
    vertex 5.059287999999999 46.1413157448766 46.5746260835713
    vertex 5.059287999999999 46.06037413556988 46.58191549555515
  endloop
endfacet
facet normal 1.0 2.416805633234611e-16 -1.0531097879815729e-15
  outer loop
    vertex 5.059288000000001 36.81971081754215 46.581915495555165
    vertex 5.059287999999999 46.06037413556988 46.58191549555515
    vertex 5.059287999999999 45.372788255790454 46.805325690747125
  endloop
endfacet
facet normal 1.0 2.416805633234611e-16 -1.0531097879815729e-15
  outer loop
    vertex 5.059288000000001 36.81971081754215 46.581915495555165
    vertex 5.059287999999999 45.372788255790454 46.805325690747125
    vertex 5.059288000000001 37.50729669732157 46.805325690747125
  endloop
endfacet
facet normal 1.0 2.416805633234611e-16 -1.0531097879815729e-15
  outer loop
    vertex 5.059288000000001 37.50729669732157 46.805325690747125
    vertex 5.059287999999999 45.372788255790454 46.805325690747125
    vertex 5.059287999999999 45.30302050944724 46.8470047168205
  endloop
endfacet
facet normal 1.0 2.416805633234611e-16 -1.0531097879815729e-15
  outer loop
    vertex 5.059288000000001 37.50729669732157 46.805325690747125
    vertex 5.059287999999999 45.30302050944724 46.8470047168205
    vertex 5.059288000000002 37.57706444366479 46.847004716820514
  endloop
endfacet
facet normal 1.0 2.416805633234611e-16 -1.0531097879815729e-15
  outer loop
    vertex 5.059288000000002 37.57706444366479 46.847004716820514
    vertex 5.059287999999999 45.30302050944724 46.8470047168205
    vertex 5.059287999999999 45.263439381785936 46.91798368537665
  endloop
endfacet
facet normal 1.0 2.416805633234611e-16 -1.0531097879815729e-15
  outer loop
    vertex 5.059288000000002 37.57706444366479 46.847004716820514
    vertex 5.059287999999999 45.263439381785936 46.91798368537665
    vertex 5.059288000000002 37.616645571326096 46.91798368537665
  endloop
endfacet
facet normal 1.0 2.416805633234611e-16 -1.0531097879815729e-15
  outer loop
    vertex 5.059288000000002 37.616645571326096 46.91798368537665
    vertex 5.059287999999999 45.263439381785936 46.91798368537665
    vertex 5.059287999999999 45.26465060399889 46.99924383911134
  endloop
endfacet
facet normal 1.0 2.416805633234611e-16 -1.0531097879815729e-15
  outer loop
    vertex 5.059288000000002 37.616645571326096 46.91798368537665
    vertex 5.059287999999999 45.26465060399889 46.99924383911134
    vertex 5.059288000000002 37.61543434911314 46.99924383911134
  endloop
endfacet
facet normal 1.0 2.416805633234611e-16 -1.0531097879815729e-15
  outer loop
    vertex 5.059288000000002 37.61543434911314 46.99924383911134
    vertex 5.059287999999999 45.26465060399889 46.99924383911134
    vertex 5.059288 45.3111106888598 47.19415868832396
  endloop
endfacet
facet normal 1.0 2.416805633234611e-16 -1.0531097879815729e-15
  outer loop
    vertex 5.059288000000002 37.61543434911314 46.99924383911134
    vertex 5.059288 45.3111106888598 47.19415868832396
    vertex 5.059288000000002 37.56897426425223 47.19415868832396
  endloop
endfacet
facet normal 1.0 2.416805633234611e-16 -1.0531097879815729e-15
  outer loop
    vertex 5.059288000000002 37.56897426425223 47.19415868832396
    vertex 5.059288 45.3111106888598 47.19415868832396
    vertex 5.0592880000000005 43.2461346849377 47.25735986163086
  endloop
endfacet
facet normal 1.0 2.416805633234611e-16 -1.0531097879815729e-15
  outer loop
    vertex 5.0592880000000005 43.2461346849377 47.25735986163086
    vertex 5.059288 45.3111106888598 47.19415868832396
    vertex 5.0592880000000005 45.338407386469335 47.508373312302204
  endloop
endfacet
facet normal 1.0 2.416805633234611e-16 -1.0531097879815729e-15
  outer loop
    vertex 5.0592880000000005 43.2461346849377 47.25735986163086
    vertex 5.0592880000000005 45.338407386469335 47.508373312302204
    vertex 5.0592880000000005 43.32682307985125 47.267058447636565
  endloop
endfacet
facet normal 1.0 2.416805633234611e-16 -1.0531097879815729e-15
  outer loop
    vertex 5.0592880000000005 43.32682307985125 47.267058447636565
    vertex 5.0592880000000005 45.338407386469335 47.508373312302204
    vertex 5.0592880000000005 43.39185198663412 47.31580186695508
  endloop
endfacet
facet normal 1.0 2.416805633234611e-16 -1.0531097879815729e-15
  outer loop
    vertex 5.0592880000000005 43.39185198663412 47.31580186695508
    vertex 5.0592880000000005 45.338407386469335 47.508373312302204
    vertex 5.0592880000000005 43.423796962229176 47.39052935974365
  endloop
endfacet
facet normal 1.0 2.416805633234611e-16 -1.0531097879815729e-15
  outer loop
    vertex 5.0592880000000005 43.423796962229176 47.39052935974365
    vertex 5.0592880000000005 45.338407386469335 47.508373312302204
    vertex 5.059287999999995 43.46063257419714 47.587489953822285
  endloop
endfacet
facet normal 1.0 2.416805633234611e-16 -1.0531097879815729e-15
  outer loop
    vertex 5.059287999999995 43.46063257419714 47.587489953822285
    vertex 5.0592880000000005 45.338407386469335 47.508373312302204
    vertex 5.0592880000000005 45.321167776885424 48.033746227115984
  endloop
endfacet
facet normal 1.0 2.416805633234611e-16 -1.0531097879815729e-15
  outer loop
    vertex 5.059287999999995 43.46063257419714 47.587489953822285
    vertex 5.0592880000000005 45.321167776885424 48.033746227115984
    vertex 5.0592880000000005 43.56349840144957 47.88564186343524
  endloop
endfacet
facet normal 1.0 2.416805633234611e-16 -1.0531097879815729e-15
  outer loop
    vertex 5.0592880000000005 43.56349840144957 47.88564186343524
    vertex 5.0592880000000005 45.321167776885424 48.033746227115984
    vertex 5.059288000000002 43.79293598421076 48.358581922401726
  endloop
endfacet
facet normal 1.0 2.416805633234611e-16 -1.0531097879815729e-15
  outer loop
    vertex 5.059288000000002 43.79293598421076 48.358581922401726
    vertex 5.0592880000000005 45.321167776885424 48.033746227115984
    vertex 5.059288000000002 45.208421384672405 48.76097322125604
  endloop
endfacet
facet normal 1.0 2.416805633234611e-16 -1.0531097879815729e-15
  outer loop
    vertex 5.059288000000002 43.79293598421076 48.358581922401726
    vertex 5.059288000000002 45.208421384672405 48.76097322125604
    vertex 5.059288000000002 44.1917248050332 48.97707875048582
  endloop
endfacet
facet normal 1.0 2.416805633234611e-16 -1.0531097879815729e-15
  outer loop
    vertex 5.059288000000002 44.1917248050332 48.97707875048582
    vertex 5.059288000000002 45.208421384672405 48.76097322125604
    vertex 5.059288000000002 45.126357418916804 49.10134404160913
  endloop
endfacet
facet normal 1.0 2.416805633234611e-16 -1.0531097879815729e-15
  outer loop
    vertex 5.059288000000002 44.1917248050332 48.97707875048582
    vertex 5.059288000000002 45.126357418916804 49.10134404160913
    vertex 5.059288000000002 44.40513525305675 49.25464454538456
  endloop
endfacet
facet normal 1.0 2.416805633234611e-16 -1.0531097879815729e-15
  outer loop
    vertex 5.0592880000000005 42.52712461490473 47.33293086519
    vertex 5.059288000000001 39.63395026817433 47.25735986163086
    vertex 5.0592880000000005 43.2461346849377 47.25735986163086
  endloop
endfacet
facet normal 1.0 2.416805633234611e-16 -1.0531097879815729e-15
  outer loop
    vertex 5.059288000000001 39.63395026817433 47.25735986163086
    vertex 5.0592880000000005 42.52712461490473 47.33293086519
    vertex 5.059288000000001 40.35296033820728 47.33293086519
  endloop
endfacet
facet normal 1.0 2.416805633234611e-16 -1.0531097879815729e-15
  outer loop
    vertex 5.059288000000001 40.35296033820728 47.33293086519
    vertex 5.0592880000000005 42.52712461490473 47.33293086519
    vertex 5.0592880000000005 42.45021590442798 47.35919357443783
  endloop
endfacet
facet normal 1.0 2.416805633234611e-16 -1.0531097879815729e-15
  outer loop
    vertex 5.059288000000001 40.35296033820728 47.33293086519
    vertex 5.0592880000000005 42.45021590442798 47.35919357443783
    vertex 5.0592880000000005 40.42986904868406 47.359193574437846
  endloop
endfacet
facet normal 1.0 2.416805633234611e-16 -1.0531097879815729e-15
  outer loop
    vertex 5.0592880000000005 40.42986904868406 47.359193574437846
    vertex 5.0592880000000005 42.45021590442798 47.35919357443783
    vertex 5.0592880000000005 42.39674236200672 47.420392103057054
  endloop
endfacet
facet normal 1.0 2.416805633234611e-16 -1.0531097879815729e-15
  outer loop
    vertex 5.0592880000000005 40.42986904868406 47.359193574437846
    vertex 5.0592880000000005 42.39674236200672 47.420392103057054
    vertex 5.059288000000001 40.48334259110532 47.420392103057054
  endloop
endfacet
facet normal 1.0 2.416805633234611e-16 -1.0531097879815729e-15
  outer loop
    vertex 5.059288000000001 40.48334259110532 47.420392103057054
    vertex 5.0592880000000005 42.39674236200672 47.420392103057054
    vertex 5.0592880000000005 42.38103218014918 47.500128354726144
  endloop
endfacet
facet normal 1.0 2.416805633234611e-16 -1.0531097879815729e-15
  outer loop
    vertex 5.059288000000001 40.48334259110532 47.420392103057054
    vertex 5.0592880000000005 42.38103218014918 47.500128354726144
    vertex 5.059288000000001 40.49905277296286 47.500128354726144
  endloop
endfacet
facet normal 1.0 2.416805633234611e-16 -1.0531097879815729e-15
  outer loop
    vertex 5.059288000000001 40.49905277296286 47.500128354726144
    vertex 5.0592880000000005 42.38103218014918 47.500128354726144
    vertex 5.059288000000002 40.49413302829153 47.70044344162984
  endloop
endfacet
facet normal 1.0 2.416805633234611e-16 -1.0531097879815729e-15
  outer loop
    vertex 5.059288000000002 40.49413302829153 47.70044344162984
    vertex 5.0592880000000005 42.38103218014918 47.500128354726144
    vertex 5.059288000000001 42.3859519248205 47.70044344162984
  endloop
endfacet
facet normal 1.0 2.416805633234611e-16 -1.0531097879815729e-15
  outer loop
    vertex 5.059288000000002 40.49413302829153 47.70044344162984
    vertex 5.059288000000001 42.3859519248205 47.70044344162984
    vertex 5.059288000000002 42.34732323034421 48.01346702474338
  endloop
endfacet
facet normal 1.0 2.416805633234611e-16 -1.0531097879815729e-15
  outer loop
    vertex 5.059288000000002 40.49413302829153 47.70044344162984
    vertex 5.059288000000002 42.34732323034421 48.01346702474338
    vertex 5.059288000000002 40.53276172276782 48.01346702474337
  endloop
endfacet
facet normal 1.0 2.416805633234611e-16 -1.0531097879815729e-15
  outer loop
    vertex 5.059288000000002 40.53276172276782 48.01346702474337
    vertex 5.059288000000002 42.34732323034421 48.01346702474338
    vertex 5.059288000000002 40.65885577654869 48.52377496448136
  endloop
endfacet
facet normal 1.0 2.416805633234611e-16 -1.0531097879815729e-15
  outer loop
    vertex 5.059288000000002 40.65885577654869 48.52377496448136
    vertex 5.059288000000002 42.34732323034421 48.01346702474338
    vertex 5.059288000000002 42.22122917656334 48.52377496448136
  endloop
endfacet
facet normal 1.0 2.416805633234611e-16 -1.0531097879815729e-15
  outer loop
    vertex 5.059288000000002 40.65885577654869 48.52377496448136
    vertex 5.059288000000002 42.22122917656334 48.52377496448136
    vertex 5.059288000000003 41.959747569568805 49.211669010949706
  endloop
endfacet
facet normal 1.0 2.416805633234611e-16 -1.0531097879815729e-15
  outer loop
    vertex 5.059288000000002 40.65885577654869 48.52377496448136
    vertex 5.059288000000003 41.959747569568805 49.211669010949706
    vertex 5.059288000000003 40.920337383543234 49.211669010949706
  endloop
endfacet
facet normal 1.0 2.416805633234611e-16 -1.0531097879815729e-15
  outer loop
    vertex 5.059288000000003 40.920337383543234 49.211669010949706
    vertex 5.059288000000003 41.959747569568805 49.211669010949706
    vertex 5.059288000000003 41.80870982559365 49.52753985436242
  endloop
endfacet
facet normal 1.0 2.416805633234611e-16 -1.0531097879815729e-15
  outer loop
    vertex 5.059288000000003 40.920337383543234 49.211669010949706
    vertex 5.059288000000003 41.80870982559365 49.52753985436242
    vertex 5.059288000000003 41.07137512751839 49.52753985436242
  endloop
endfacet
facet normal 1.0 2.416805633234611e-16 -1.0531097879815729e-15
  outer loop
    vertex 5.059288000000002 37.56897426425223 47.19415868832396
    vertex 5.059288000000001 39.63395026817433 47.25735986163086
    vertex 5.059288000000002 37.5416775666427 47.508373312302204
  endloop
endfacet
facet normal 1.0 2.416805633234611e-16 -1.0531097879815729e-15
  outer loop
    vertex 5.059288000000001 39.63395026817433 47.25735986163086
    vertex 5.059288000000002 37.56897426425223 47.19415868832396
    vertex 5.0592880000000005 43.2461346849377 47.25735986163086
  endloop
endfacet
facet normal 1.0 2.416805633234611e-16 -1.0531097879815729e-15
  outer loop
    vertex 5.059288000000002 37.5416775666427 47.508373312302204
    vertex 5.059288000000001 39.63395026817433 47.25735986163086
    vertex 5.059288000000001 39.55326187326079 47.267058447636565
  endloop
endfacet
facet normal 1.0 2.416805633234611e-16 -1.0531097879815729e-15
  outer loop
    vertex 5.059288000000002 37.5416775666427 47.508373312302204
    vertex 5.059288000000001 39.55326187326079 47.267058447636565
    vertex 5.059288000000001 39.488232966477916 47.31580186695508
  endloop
endfacet
facet normal 1.0 2.416805633234611e-16 -1.0531097879815729e-15
  outer loop
    vertex 5.059288000000002 37.5416775666427 47.508373312302204
    vertex 5.059288000000001 39.488232966477916 47.31580186695508
    vertex 5.059288000000001 39.45628799088286 47.39052935974365
  endloop
endfacet
facet normal 1.0 2.416805633234611e-16 -1.0531097879815729e-15
  outer loop
    vertex 5.059288000000002 37.5416775666427 47.508373312302204
    vertex 5.059288000000001 39.45628799088286 47.39052935974365
    vertex 5.059288000000002 39.41945237891489 47.587489953822285
  endloop
endfacet
facet normal 1.0 2.416805633234611e-16 -1.0531097879815729e-15
  outer loop
    vertex 5.059288000000002 37.5416775666427 47.508373312302204
    vertex 5.059288000000002 39.41945237891489 47.587489953822285
    vertex 5.059288000000002 37.55891717622661 48.033746227115984
  endloop
endfacet
facet normal 1.0 2.416805633234611e-16 -1.0531097879815729e-15
  outer loop
    vertex 5.059288000000002 37.55891717622661 48.033746227115984
    vertex 5.059288000000002 39.41945237891489 47.587489953822285
    vertex 5.059288000000002 39.31658655166247 47.88564186343524
  endloop
endfacet
facet normal 1.0 2.416805633234611e-16 -1.0531097879815729e-15
  outer loop
    vertex 5.059288000000002 37.55891717622661 48.033746227115984
    vertex 5.059288000000002 39.31658655166247 47.88564186343524
    vertex 5.059288000000002 39.087148968901275 48.358581922401726
  endloop
endfacet
facet normal 1.0 2.416805633234611e-16 -1.0531097879815729e-15
  outer loop
    vertex 5.059288000000002 37.55891717622661 48.033746227115984
    vertex 5.059288000000002 39.087148968901275 48.358581922401726
    vertex 5.059288000000003 37.67166356843965 48.76097322125604
  endloop
endfacet
facet normal 1.0 2.416805633234611e-16 -1.0531097879815729e-15
  outer loop
    vertex 5.059288000000003 37.67166356843965 48.76097322125604
    vertex 5.059288000000002 39.087148968901275 48.358581922401726
    vertex 5.059288000000003 38.688360148078836 48.97707875048582
  endloop
endfacet
facet normal 1.0 2.416805633234611e-16 -1.0531097879815729e-15
  outer loop
    vertex 5.059288000000003 37.67166356843965 48.76097322125604
    vertex 5.059288000000003 38.688360148078836 48.97707875048582
    vertex 5.059288000000003 37.75372753419523 49.10134404160913
  endloop
endfacet
facet normal 1.0 2.416805633234611e-16 -1.0531097879815729e-15
  outer loop
    vertex 5.059288000000003 37.75372753419523 49.10134404160913
    vertex 5.059288000000003 38.688360148078836 48.97707875048582
    vertex 5.059288000000003 38.47494970005529 49.25464454538456
  endloop
endfacet
facet normal 1.0 2.416805633234611e-16 -1.0531097879815729e-15
  outer loop
    vertex 5.059288000000001 36.738769208235425 46.5746260835713
    vertex 5.059288000000002 34.628602375234365 46.90991231754721
    vertex 5.059288000000002 34.72097066351106 46.39243574505398
  endloop
endfacet
facet normal 1.0 2.416805633234611e-16 -1.0531097879815729e-15
  outer loop
    vertex 5.059288000000002 34.628602375234365 46.90991231754721
    vertex 5.059288000000001 36.738769208235425 46.5746260835713
    vertex 5.059288000000001 36.66502701236068 46.60878407226801
  endloop
endfacet
facet normal 1.0 2.416805633234611e-16 -1.0531097879815729e-15
  outer loop
    vertex 5.059288000000002 34.628602375234365 46.90991231754721
    vertex 5.059288000000001 36.66502701236068 46.60878407226801
    vertex 5.059288000000001 36.61824339175064 46.67523685615891
  endloop
endfacet
facet normal 1.0 2.416805633234611e-16 -1.0531097879815729e-15
  outer loop
    vertex 5.059288000000002 34.628602375234365 46.90991231754721
    vertex 5.059288000000001 36.61824339175064 46.67523685615891
    vertex 5.059288000000002 36.54126231614323 46.860234834329454
  endloop
endfacet
facet normal 1.0 2.416805633234611e-16 -1.0531097879815729e-15
  outer loop
    vertex 5.059288000000002 34.628602375234365 46.90991231754721
    vertex 5.059288000000002 36.54126231614323 46.860234834329454
    vertex 5.059288000000002 36.37865508637061 47.13048440130017
  endloop
endfacet
facet normal 1.0 2.416805633234611e-16 -1.0531097879815729e-15
  outer loop
    vertex 5.059288000000002 34.628602375234365 46.90991231754721
    vertex 5.059288000000002 36.37865508637061 47.13048440130017
    vertex 5.059288000000002 34.58768599430897 47.644688950092785
  endloop
endfacet
facet normal 1.0 2.416805633234611e-16 -1.0531097879815729e-15
  outer loop
    vertex 5.059288000000002 34.58768599430897 47.644688950092785
    vertex 5.059288000000002 36.37865508637061 47.13048440130017
    vertex 5.059288000000002 36.0559014979594 47.5453868295001
  endloop
endfacet
facet normal 1.0 2.416805633234611e-16 -1.0531097879815729e-15
  outer loop
    vertex 5.059288000000002 34.58768599430897 47.644688950092785
    vertex 5.059288000000002 36.0559014979594 47.5453868295001
    vertex 5.059288000000003 35.537234448380104 48.06745515993563
  endloop
endfacet
facet normal 1.0 2.416805633234611e-16 -1.0531097879815729e-15
  outer loop
    vertex 5.059288000000002 34.58768599430897 47.644688950092785
    vertex 5.059288000000003 35.537234448380104 48.06745515993563
    vertex 5.059288000000003 34.59718959275485 47.994683909256416
  endloop
endfacet
facet normal 1.0 2.416805633234611e-16 -1.0531097879815729e-15
  outer loop
    vertex 5.059288000000003 34.59718959275485 47.994683909256416
    vertex 5.059288000000003 35.537234448380104 48.06745515993563
    vertex 5.059288000000003 35.27077835694378 48.29458494917485
  endloop
endfacet
facet normal 1.0 2.416805633234611e-16 -1.0531097879815729e-15
  outer loop
    vertex 5.0592880000000005 31.99598019158583 45.201390170376634
    vertex 5.0592880000000005 34.050512147095105 45.33023878927147
    vertex 5.059288000000002 31.803189279706995 45.911603176636
  endloop
endfacet
facet normal 1.0 2.416805633234611e-16 -1.0531097879815729e-15
  outer loop
    vertex 5.0592880000000005 34.050512147095105 45.33023878927147
    vertex 5.0592880000000005 31.99598019158583 45.201390170376634
    vertex 5.0592880000000005 34.12974474424771 45.31215909921083
  endloop
endfacet
facet normal 1.0 2.416805633234611e-16 -1.0531097879815729e-15
  outer loop
    vertex 5.059288000000002 31.803189279706995 45.911603176636
    vertex 5.0592880000000005 34.050512147095105 45.33023878927147
    vertex 5.0592880000000005 33.990934550183454 45.38551255873283
  endloop
endfacet
facet normal 1.0 2.416805633234611e-16 -1.0531097879815729e-15
  outer loop
    vertex 5.059288000000002 31.803189279706995 45.911603176636
    vertex 5.0592880000000005 33.990934550183454 45.38551255873283
    vertex 5.0592880000000005 33.87717245333686 45.55046262163045
  endloop
endfacet
facet normal 1.0 2.416805633234611e-16 -1.0531097879815729e-15
  outer loop
    vertex 5.059288000000002 31.803189279706995 45.911603176636
    vertex 5.0592880000000005 33.87717245333686 45.55046262163045
    vertex 5.059288000000001 33.66193053726117 45.78099864308098
  endloop
endfacet
facet normal 1.0 2.416805633234611e-16 -1.0531097879815729e-15
  outer loop
    vertex 5.059288000000002 31.803189279706995 45.911603176636
    vertex 5.059288000000001 33.66193053726117 45.78099864308098
    vertex 5.059288000000002 33.259966823757075 46.11973021347931
  endloop
endfacet
facet normal 1.0 2.416805633234611e-16 -1.0531097879815729e-15
  outer loop
    vertex 5.059288000000002 31.803189279706995 45.911603176636
    vertex 5.059288000000002 33.259966823757075 46.11973021347931
    vertex 5.059288000000002 31.739717157987787 46.255925815432576
  endloop
endfacet
facet normal 1.0 2.416805633234611e-16 -1.0531097879815729e-15
  outer loop
    vertex 5.059288000000002 31.739717157987787 46.255925815432576
    vertex 5.059288000000002 33.259966823757075 46.11973021347931
    vertex 5.059288000000002 32.644089784328116 46.52255315506442
  endloop
endfacet
facet normal 1.0 2.416805633234611e-16 -1.0531097879815729e-15
  outer loop
    vertex 5.059288000000002 31.739717157987787 46.255925815432576
    vertex 5.059288000000002 32.644089784328116 46.52255315506442
    vertex 5.059288000000002 32.33623345927299 46.68932027696472
  endloop
endfacet
facet normal 1.0 2.416805633234611e-16 -1.0531097879815729e-15
  outer loop
    vertex 5.059287999999999 29.77610884742926 42.982850401834455
    vertex 5.059287999999999 31.758955216127614 43.53604458197335
    vertex 5.059288 29.43986929255955 43.63746006545397
  endloop
endfacet
facet normal 1.0 2.416805633234611e-16 -1.0531097879815729e-15
  outer loop
    vertex 5.059287999999999 31.758955216127614 43.53604458197335
    vertex 5.059287999999999 29.77610884742926 42.982850401834455
    vertex 5.059287999999999 31.840215369862335 43.534833359760405
  endloop
endfacet
facet normal 1.0 2.416805633234611e-16 -1.0531097879815729e-15
  outer loop
    vertex 5.059287999999999 31.840215369862335 43.534833359760405
    vertex 5.059287999999999 29.77610884742926 42.982850401834455
    vertex 5.059287999999995 51.03986958324969 43.5348333597604
  endloop
endfacet
facet normal 1.0 2.416805633234611e-16 -1.0531097879815729e-15
  outer loop
    vertex 5.059288 29.43986929255955 43.63746006545397
    vertex 5.059287999999999 31.758955216127614 43.53604458197335
    vertex 5.059287999999999 31.68918746978442 43.577723608046725
  endloop
endfacet
facet normal 1.0 2.416805633234611e-16 -1.0531097879815729e-15
  outer loop
    vertex 5.059288 29.43986929255955 43.63746006545397
    vertex 5.059287999999999 31.68918746978442 43.577723608046725
    vertex 5.059287999999999 31.543616301221935 43.71541664640458
  endloop
endfacet
facet normal 1.0 2.416805633234611e-16 -1.0531097879815729e-15
  outer loop
    vertex 5.059288 29.43986929255955 43.63746006545397
    vertex 5.059287999999999 31.543616301221935 43.71541664640458
    vertex 5.0592880000000005 29.30619548696739 43.96106183232475
  endloop
endfacet
facet normal 1.0 2.416805633234611e-16 -1.0531097879815729e-15
  outer loop
    vertex 5.0592880000000005 29.30619548696739 43.96106183232475
    vertex 5.059287999999999 31.543616301221935 43.71541664640458
    vertex 5.059287999999999 31.285146803420975 43.896163591962974
  endloop
endfacet
facet normal 1.0 2.416805633234611e-16 -1.0531097879815729e-15
  outer loop
    vertex 5.0592880000000005 29.30619548696739 43.96106183232475
    vertex 5.059287999999999 31.285146803420975 43.896163591962974
    vertex 5.0592880000000005 30.821540707940027 44.14392010951888
  endloop
endfacet
facet normal 1.0 2.416805633234611e-16 -1.0531097879815729e-15
  outer loop
    vertex 5.0592880000000005 29.30619548696739 43.96106183232475
    vertex 5.0592880000000005 30.821540707940027 44.14392010951888
    vertex 5.0592880000000005 29.79956870057989 44.5090082978443
  endloop
endfacet
facet normal 1.0 2.416805633234611e-16 -1.0531097879815729e-15
  outer loop
    vertex 5.0592880000000005 29.79956870057989 44.5090082978443
    vertex 5.0592880000000005 30.821540707940027 44.14392010951888
    vertex 5.0592880000000005 30.135370460590426 44.40989236674738
  endloop
endfacet
facet normal 1.0 2.416805633234611e-16 -1.0531097879815729e-15
  outer loop
    vertex 5.059287999999998 27.402981154049773 41.21038852797388
    vertex 5.059287999999998 29.890508253451657 41.3046163467316
    vertex 5.059287999999999 27.771648503087402 41.84893910759877
  endloop
endfacet
facet normal 1.0 2.416805633234611e-16 -1.0531097879815729e-15
  outer loop
    vertex 5.059287999999998 29.890508253451657 41.3046163467316
    vertex 5.059287999999998 27.402981154049773 41.21038852797388
    vertex 5.0592879999999925 52.989576699660375 41.3046163467316
  endloop
endfacet
facet normal 1.0 2.416805633234611e-16 -1.0531097879815729e-15
  outer loop
    vertex 5.059287999999999 27.771648503087402 41.84893910759877
    vertex 5.059287999999998 29.890508253451657 41.3046163467316
    vertex 5.059287999999998 29.813599542974885 41.33087905597944
  endloop
endfacet
facet normal 1.0 2.416805633234611e-16 -1.0531097879815729e-15
  outer loop
    vertex 5.059287999999999 27.771648503087402 41.84893910759877
    vertex 5.059287999999998 29.813599542974885 41.33087905597944
    vertex 5.059287999999998 29.642581461290668 41.435297223296786
  endloop
endfacet
facet normal 1.0 2.416805633234611e-16 -1.0531097879815729e-15
  outer loop
    vertex 5.059287999999999 27.771648503087402 41.84893910759877
    vertex 5.059287999999998 29.642581461290668 41.435297223296786
    vertex 5.059287999999998 29.352180739092585 41.558355584122076
  endloop
endfacet
facet normal 1.0 2.416805633234611e-16 -1.0531097879815729e-15
  outer loop
    vertex 5.059287999999999 27.771648503087402 41.84893910759877
    vertex 5.059287999999998 29.352180739092585 41.558355584122076
    vertex 5.059287999999998 28.847194072636164 41.70430890015068
  endloop
endfacet
facet normal 1.0 2.416805633234611e-16 -1.0531097879815729e-15
  outer loop
    vertex 5.059287999999999 27.771648503087402 41.84893910759877
    vertex 5.059287999999998 28.847194072636164 41.70430890015068
    vertex 5.059287999999999 28.12071954978522 41.8218062091052
  endloop
endfacet
facet normal 1.0 2.416805633234611e-16 -1.0531097879815729e-15
  outer loop
    vertex 5.0592879999999925 27.646582141900666 35.92771181929853
    vertex 5.0592879999999925 27.13253205010781 35.947846032960406
    vertex 5.0592879999999925 26.611839212989207 35.87578444033368
  endloop
endfacet
facet normal 1.0 2.416805633234611e-16 -1.0531097879815729e-15
  outer loop
    vertex 5.0592879999999925 27.13253205010781 35.947846032960406
    vertex 5.0592879999999925 27.646582141900666 35.92771181929853
    vertex 5.0592879999999925 27.4478786553525 35.953543241297155
  endloop
endfacet
facet normal 3.6748961023866834e-16 0.84044604249331 0.5418952386368915
  outer loop
    vertex 5.059288000000003 38.688360148078836 48.97707875048582
    vertex 2.0592880000000027 39.087148968901275 48.358581922401726
    vertex 2.059288000000003 38.688360148078836 48.97707875048582
  endloop
endfacet
facet normal 3.6748961023866834e-16 0.84044604249331 0.5418952386368915
  outer loop
    vertex 2.0592880000000027 39.087148968901275 48.358581922401726
    vertex 5.059288000000003 38.688360148078836 48.97707875048582
    vertex 5.059288000000002 39.087148968901275 48.358581922401726
  endloop
endfacet
facet normal 2.4190102080336457e-16 0.8997145251877673 0.4364788347287308
  outer loop
    vertex 5.059288000000002 39.087148968901275 48.358581922401726
    vertex 2.059288000000002 39.31658655166247 47.885641863435254
    vertex 2.0592880000000027 39.087148968901275 48.358581922401726
  endloop
endfacet
facet normal 2.4190102080336457e-16 0.8997145251877673 0.4364788347287308
  outer loop
    vertex 2.059288000000002 39.31658655166247 47.885641863435254
    vertex 5.059288000000002 39.087148968901275 48.358581922401726
    vertex 5.059288000000002 39.31658655166247 47.88564186343524
  endloop
endfacet
facet normal 1.144448630857348e-16 0.9453193991174611 0.3261460311765306
  outer loop
    vertex 5.059288000000002 39.31658655166247 47.88564186343524
    vertex 2.0592880000000013 39.41945237891489 47.587489953822285
    vertex 2.059288000000002 39.31658655166247 47.885641863435254
  endloop
endfacet
facet normal 1.144448630857348e-16 0.9453193991174611 0.3261460311765306
  outer loop
    vertex 2.0592880000000013 39.41945237891489 47.587489953822285
    vertex 5.059288000000002 39.31658655166247 47.88564186343524
    vertex 5.059288000000002 39.41945237891489 47.587489953822285
  endloop
endfacet
facet normal -4.48097885612227e-17 0.9829575053441983 0.18383292057602327
  outer loop
    vertex 5.059288000000002 39.41945237891489 47.587489953822285
    vertex 2.059288000000001 39.45628799088286 47.39052935974365
    vertex 2.0592880000000013 39.41945237891489 47.587489953822285
  endloop
endfacet
facet normal -4.48097885612227e-17 0.9829575053441983 0.18383292057602327
  outer loop
    vertex 2.059288000000001 39.45628799088286 47.39052935974365
    vertex 5.059288000000002 39.41945237891489 47.587489953822285
    vertex 5.059288000000001 39.45628799088286 47.39052935974365
  endloop
endfacet
facet normal 1.9131272455899855e-16 0.9195059263479504 0.393076139457736
  outer loop
    vertex 5.059288000000001 39.45628799088286 47.39052935974365
    vertex 2.059288000000001 39.488232966477916 47.31580186695508
    vertex 2.059288000000001 39.45628799088286 47.39052935974365
  endloop
endfacet
facet normal 1.9131272455899855e-16 0.9195059263479504 0.393076139457736
  outer loop
    vertex 2.059288000000001 39.488232966477916 47.31580186695508
    vertex 5.059288000000001 39.45628799088286 47.39052935974365
    vertex 5.059288000000001 39.488232966477916 47.31580186695508
  endloop
endfacet
facet normal 6.983666504309732e-16 0.5997774214189261 0.8001668855657948
  outer loop
    vertex 2.059288000000001 39.488232966477916 47.31580186695508
    vertex 5.059288000000001 39.55326187326079 47.267058447636565
    vertex 2.059288000000001 39.55326187326079 47.267058447636565
  endloop
endfacet
facet normal 6.983666504309732e-16 0.5997774214189261 0.8001668855657948
  outer loop
    vertex 5.059288000000001 39.55326187326079 47.267058447636565
    vertex 2.059288000000001 39.488232966477916 47.31580186695508
    vertex 5.059288000000001 39.488232966477916 47.31580186695508
  endloop
endfacet
facet normal 1.0182937962993558e-15 0.11933904078208854 0.9928535608765329
  outer loop
    vertex 2.059288000000001 39.55326187326079 47.267058447636565
    vertex 5.059288000000001 39.63395026817433 47.25735986163086
    vertex 2.059288000000001 39.63395026817433 47.257359861630874
  endloop
endfacet
facet normal 1.0182937962993558e-15 0.11933904078208854 0.9928535608765329
  outer loop
    vertex 5.059288000000001 39.63395026817433 47.25735986163086
    vertex 2.059288000000001 39.55326187326079 47.267058447636565
    vertex 5.059288000000001 39.55326187326079 47.267058447636565
  endloop
endfacet
facet normal 1.074421665506486e-15 -0.10452846326765002 0.9945218953682737
  outer loop
    vertex 2.059288000000001 39.63395026817433 47.257359861630874
    vertex 5.059288000000001 40.35296033820728 47.33293086519
    vertex 2.059288000000001 40.35296033820728 47.33293086519
  endloop
endfacet
facet normal 1.074421665506486e-15 -0.10452846326765002 0.9945218953682737
  outer loop
    vertex 5.059288000000001 40.35296033820728 47.33293086519
    vertex 2.059288000000001 39.63395026817433 47.257359861630874
    vertex 5.059288000000001 39.63395026817433 47.25735986163086
  endloop
endfacet
facet normal 1.0767001196034786e-15 -0.32315705899121044 0.9463453467018006
  outer loop
    vertex 2.059288000000001 40.35296033820728 47.33293086519
    vertex 5.0592880000000005 40.42986904868406 47.359193574437846
    vertex 2.059288000000001 40.42986904868406 47.359193574437846
  endloop
endfacet
facet normal 1.0767001196034786e-15 -0.32315705899121044 0.9463453467018006
  outer loop
    vertex 5.0592880000000005 40.42986904868406 47.359193574437846
    vertex 2.059288000000001 40.35296033820728 47.33293086519
    vertex 5.059288000000001 40.35296033820728 47.33293086519
  endloop
endfacet
facet normal 8.76928209759337e-16 -0.7530348958495184 0.6579805815013883
  outer loop
    vertex 5.0592880000000005 40.42986904868406 47.359193574437846
    vertex 2.059288000000001 40.48334259110532 47.420392103057054
    vertex 2.059288000000001 40.42986904868406 47.359193574437846
  endloop
endfacet
facet normal 8.76928209759337e-16 -0.7530348958495184 0.6579805815013883
  outer loop
    vertex 2.059288000000001 40.48334259110532 47.420392103057054
    vertex 5.0592880000000005 40.42986904868406 47.359193574437846
    vertex 5.059288000000001 40.48334259110532 47.420392103057054
  endloop
endfacet
facet normal 4.4218409429007446e-16 -0.981137640492552 0.19331045085227025
  outer loop
    vertex 5.059288000000001 40.48334259110532 47.420392103057054
    vertex 2.059288000000001 40.49905277296286 47.500128354726144
    vertex 2.059288000000001 40.48334259110532 47.420392103057054
  endloop
endfacet
facet normal 4.4218409429007446e-16 -0.981137640492552 0.19331045085227025
  outer loop
    vertex 2.059288000000001 40.49905277296286 47.500128354726144
    vertex 5.059288000000001 40.48334259110532 47.420392103057054
    vertex 5.059288000000001 40.49905277296286 47.500128354726144
  endloop
endfacet
facet normal 2.1688664215473626e-16 -0.9996985388206427 -0.02455262674077466
  outer loop
    vertex 5.059288000000001 40.49905277296286 47.500128354726144
    vertex 2.0592880000000013 40.49413302829153 47.70044344162984
    vertex 2.059288000000001 40.49905277296286 47.500128354726144
  endloop
endfacet
facet normal 2.1688664215473626e-16 -0.9996985388206427 -0.02455262674077466
  outer loop
    vertex 2.0592880000000013 40.49413302829153 47.70044344162984
    vertex 5.059288000000001 40.49905277296286 47.500128354726144
    vertex 5.059288000000002 40.49413302829153 47.70044344162984
  endloop
endfacet
facet normal 3.7021941193645526e-16 -0.9924714749692818 0.1224760032508349
  outer loop
    vertex 5.059288000000002 40.49413302829153 47.70044344162984
    vertex 2.059288000000002 40.53276172276782 48.01346702474338
    vertex 2.0592880000000013 40.49413302829153 47.70044344162984
  endloop
endfacet
facet normal 3.7021941193645526e-16 -0.9924714749692818 0.1224760032508349
  outer loop
    vertex 2.059288000000002 40.53276172276782 48.01346702474338
    vertex 5.059288000000002 40.49413302829153 47.70044344162984
    vertex 5.059288000000002 40.53276172276782 48.01346702474337
  endloop
endfacet
facet normal 4.887959229885231e-16 -0.970802656692383 0.23987955677591874
  outer loop
    vertex 5.059288000000002 40.53276172276782 48.01346702474337
    vertex 2.0592880000000022 40.65885577654869 48.52377496448136
    vertex 2.059288000000002 40.53276172276782 48.01346702474338
  endloop
endfacet
facet normal 4.887959229885231e-16 -0.970802656692383 0.23987955677591874
  outer loop
    vertex 2.0592880000000022 40.65885577654869 48.52377496448136
    vertex 5.059288000000002 40.53276172276782 48.01346702474337
    vertex 5.059288000000002 40.65885577654869 48.52377496448136
  endloop
endfacet
facet normal 6.018023590306825e-16 -0.9347466353221443 0.3553149697858655
  outer loop
    vertex 2.0592880000000022 40.65885577654869 48.52377496448136
    vertex 5.059288000000003 40.920337383543234 49.211669010949706
    vertex 2.0592880000000027 40.920337383543234 49.211669010949706
  endloop
endfacet
facet normal 6.018023590306825e-16 -0.9347466353221443 0.3553149697858655
  outer loop
    vertex 5.059288000000003 40.920337383543234 49.211669010949706
    vertex 2.0592880000000022 40.65885577654869 48.52377496448136
    vertex 5.059288000000002 40.65885577654869 48.52377496448136
  endloop
endfacet
facet normal 6.741288246455365e-16 -0.902168592651743 0.43138362327836843
  outer loop
    vertex 5.059288000000003 40.920337383543234 49.211669010949706
    vertex 2.059288000000003 41.07137512751839 49.52753985436244
    vertex 2.0592880000000027 40.920337383543234 49.211669010949706
  endloop
endfacet
facet normal 6.741288246455365e-16 -0.902168592651743 0.43138362327836843
  outer loop
    vertex 2.059288000000003 41.07137512751839 49.52753985436244
    vertex 5.059288000000003 40.920337383543234 49.211669010949706
    vertex 5.059288000000003 41.07137512751839 49.52753985436242
  endloop
endfacet
facet normal 1.0548144424291316e-15 2.428612866367544e-16 1.0
  outer loop
    vertex 2.059288000000003 41.07137512751839 49.52753985436244
    vertex 5.059288000000003 41.80870982559365 49.52753985436242
    vertex 2.059288000000003 41.80870982559365 49.52753985436244
  endloop
endfacet
facet normal 1.0548144424291316e-15 2.428612866367544e-16 1.0
  outer loop
    vertex 5.059288000000003 41.80870982559365 49.52753985436242
    vertex 2.059288000000003 41.07137512751839 49.52753985436244
    vertex 5.059288000000003 41.07137512751839 49.52753985436242
  endloop
endfacet
facet normal 2.359305274773282e-16 0.9021685926517419 0.4313836232783712
  outer loop
    vertex 5.059288000000003 41.80870982559365 49.52753985436242
    vertex 2.0592880000000027 41.959747569568805 49.211669010949706
    vertex 2.059288000000003 41.80870982559365 49.52753985436244
  endloop
endfacet
facet normal 2.359305274773282e-16 0.9021685926517419 0.4313836232783712
  outer loop
    vertex 2.0592880000000027 41.959747569568805 49.211669010949706
    vertex 5.059288000000003 41.80870982559365 49.52753985436242
    vertex 5.059288000000003 41.959747569568805 49.211669010949706
  endloop
endfacet
facet normal 1.4778036445211982e-16 0.9347466353221443 0.355314969785865
  outer loop
    vertex 5.059288000000003 41.959747569568805 49.211669010949706
    vertex 2.059288000000002 42.22122917656334 48.52377496448136
    vertex 2.0592880000000027 41.959747569568805 49.211669010949706
  endloop
endfacet
facet normal 1.4778036445211982e-16 0.9347466353221443 0.355314969785865
  outer loop
    vertex 2.059288000000002 42.22122917656334 48.52377496448136
    vertex 5.059288000000003 41.959747569568805 49.211669010949706
    vertex 5.059288000000002 42.22122917656334 48.52377496448136
  endloop
endfacet
facet normal 1.7260918872952197e-17 0.9708026566923832 0.2398795567759183
  outer loop
    vertex 5.059288000000002 42.22122917656334 48.52377496448136
    vertex 2.0592880000000013 42.34732323034421 48.01346702474338
    vertex 2.059288000000002 42.22122917656334 48.52377496448136
  endloop
endfacet
facet normal 1.7260918872952197e-17 0.9708026566923832 0.2398795567759183
  outer loop
    vertex 2.0592880000000013 42.34732323034421 48.01346702474338
    vertex 5.059288000000002 42.22122917656334 48.52377496448136
    vertex 5.059288000000002 42.34732323034421 48.01346702474338
  endloop
endfacet
facet normal -1.1184049777650227e-16 0.992471474969282 0.12247600325083223
  outer loop
    vertex 5.059288000000002 42.34732323034421 48.01346702474338
    vertex 2.059288000000001 42.3859519248205 47.70044344162984
    vertex 2.0592880000000013 42.34732323034421 48.01346702474338
  endloop
endfacet
facet normal -1.1184049777650227e-16 0.992471474969282 0.12247600325083223
  outer loop
    vertex 2.059288000000001 42.3859519248205 47.70044344162984
    vertex 5.059288000000002 42.34732323034421 48.01346702474338
    vertex 5.059288000000001 42.3859519248205 47.70044344162984
  endloop
endfacet
facet normal -2.6868357272621913e-16 0.9996985388206427 -0.024552626740775838
  outer loop
    vertex 5.059288000000001 42.3859519248205 47.70044344162984
    vertex 2.059288000000001 42.38103218014918 47.50012835472616
    vertex 2.059288000000001 42.3859519248205 47.70044344162984
  endloop
endfacet
facet normal -2.6868357272621913e-16 0.9996985388206427 -0.024552626740775838
  outer loop
    vertex 2.059288000000001 42.38103218014918 47.50012835472616
    vertex 5.059288000000001 42.3859519248205 47.70044344162984
    vertex 5.0592880000000005 42.38103218014918 47.500128354726144
  endloop
endfacet
facet normal -3.4370783427166525e-17 0.9811376404925547 0.1933104508522566
  outer loop
    vertex 5.0592880000000005 42.38103218014918 47.500128354726144
    vertex 2.059288000000001 42.39674236200672 47.420392103057054
    vertex 2.059288000000001 42.38103218014918 47.50012835472616
  endloop
endfacet
facet normal -3.4370783427166525e-17 0.9811376404925547 0.1933104508522566
  outer loop
    vertex 2.059288000000001 42.39674236200672 47.420392103057054
    vertex 5.0592880000000005 42.38103218014918 47.500128354726144
    vertex 5.0592880000000005 42.39674236200672 47.420392103057054
  endloop
endfacet
facet normal 5.111666306517781e-16 0.7530348958495532 0.6579805815013486
  outer loop
    vertex 5.0592880000000005 42.39674236200672 47.420392103057054
    vertex 2.0592880000000005 42.45021590442798 47.359193574437846
    vertex 2.059288000000001 42.39674236200672 47.420392103057054
  endloop
endfacet
facet normal 5.111666306517781e-16 0.7530348958495532 0.6579805815013486
  outer loop
    vertex 2.0592880000000005 42.45021590442798 47.359193574437846
    vertex 5.0592880000000005 42.39674236200672 47.420392103057054
    vertex 5.0592880000000005 42.45021590442798 47.35919357443783
  endloop
endfacet
facet normal 9.19737358849885e-16 0.3231570589911488 0.9463453467018219
  outer loop
    vertex 2.0592880000000005 42.45021590442798 47.359193574437846
    vertex 5.0592880000000005 42.52712461490473 47.33293086519
    vertex 2.0592880000000005 42.52712461490473 47.33293086519
  endloop
endfacet
facet normal 9.19737358849885e-16 0.3231570589911488 0.9463453467018219
  outer loop
    vertex 5.0592880000000005 42.52712461490473 47.33293086519
    vertex 2.0592880000000005 42.45021590442798 47.359193574437846
    vertex 5.0592880000000005 42.45021590442798 47.35919357443783
  endloop
endfacet
facet normal 1.0236504515864086e-15 0.1045284632676582 0.994521895368273
  outer loop
    vertex 2.0592880000000005 42.52712461490473 47.33293086519
    vertex 5.0592880000000005 43.2461346849377 47.25735986163086
    vertex 2.0592880000000005 43.2461346849377 47.25735986163086
  endloop
endfacet
facet normal 1.0236504515864086e-15 0.1045284632676582 0.994521895368273
  outer loop
    vertex 5.0592880000000005 43.2461346849377 47.25735986163086
    vertex 2.0592880000000005 42.52712461490473 47.33293086519
    vertex 5.0592880000000005 42.52712461490473 47.33293086519
  endloop
endfacet
facet normal 1.0762587541601675e-15 -0.11933904078215647 0.9928535608765247
  outer loop
    vertex 2.0592880000000005 43.2461346849377 47.25735986163086
    vertex 5.0592880000000005 43.32682307985125 47.267058447636565
    vertex 2.0592880000000005 43.32682307985125 47.26705844763658
  endloop
endfacet
facet normal 1.0762587541601675e-15 -0.11933904078215647 0.9928535608765247
  outer loop
    vertex 5.0592880000000005 43.32682307985125 47.267058447636565
    vertex 2.0592880000000005 43.2461346849377 47.25735986163086
    vertex 5.0592880000000005 43.2461346849377 47.25735986163086
  endloop
endfacet
facet normal 9.89688524065753e-16 -0.5997774214188368 0.8001668855658618
  outer loop
    vertex 2.0592880000000005 43.32682307985125 47.26705844763658
    vertex 5.0592880000000005 43.39185198663412 47.31580186695508
    vertex 2.059288 43.39185198663412 47.31580186695508
  endloop
endfacet
facet normal 9.89688524065753e-16 -0.5997774214188368 0.8001668855658618
  outer loop
    vertex 5.0592880000000005 43.39185198663412 47.31580186695508
    vertex 2.0592880000000005 43.32682307985125 47.26705844763658
    vertex 5.0592880000000005 43.32682307985125 47.267058447636565
  endloop
endfacet
facet normal 6.379320531895052e-16 -0.9195059263480005 0.3930761394576192
  outer loop
    vertex 5.0592880000000005 43.39185198663412 47.31580186695508
    vertex 2.059288 43.423796962229176 47.39052935974365
    vertex 2.059288 43.39185198663412 47.31580186695508
  endloop
endfacet
facet normal 6.379320531895052e-16 -0.9195059263480005 0.3930761394576192
  outer loop
    vertex 2.059288 43.423796962229176 47.39052935974365
    vertex 5.0592880000000005 43.39185198663412 47.31580186695508
    vertex 5.0592880000000005 43.423796962229176 47.39052935974365
  endloop
endfacet
facet normal 4.3262902779628173e-16 -0.9829575053441937 0.18383292057604841
  outer loop
    vertex 5.0592880000000005 43.423796962229176 47.39052935974365
    vertex 2.0592880000000005 43.46063257419714 47.587489953822285
    vertex 2.059288 43.423796962229176 47.39052935974365
  endloop
endfacet
facet normal 4.3262902779628173e-16 -0.9829575053441937 0.18383292057604841
  outer loop
    vertex 2.0592880000000005 43.46063257419714 47.587489953822285
    vertex 5.0592880000000005 43.423796962229176 47.39052935974365
    vertex 5.059287999999995 43.46063257419714 47.587489953822285
  endloop
endfacet
facet normal 5.736022249661609e-16 -0.9453193991174599 0.32614603117653385
  outer loop
    vertex 5.059287999999995 43.46063257419714 47.587489953822285
    vertex 2.0592880000000062 43.56349840144957 47.885641863435254
    vertex 2.0592880000000005 43.46063257419714 47.587489953822285
  endloop
endfacet
facet normal 5.736022249661609e-16 -0.9453193991174599 0.32614603117653385
  outer loop
    vertex 2.0592880000000062 43.56349840144957 47.885641863435254
    vertex 5.059287999999995 43.46063257419714 47.587489953822285
    vertex 5.0592880000000005 43.56349840144957 47.88564186343524
  endloop
endfacet
facet normal 6.789073365696483e-16 -0.8997145251877638 0.4364788347287378
  outer loop
    vertex 5.0592880000000005 43.56349840144957 47.88564186343524
    vertex 2.059288000000007 43.79293598421076 48.358581922401726
    vertex 2.0592880000000062 43.56349840144957 47.885641863435254
  endloop
endfacet
facet normal 6.789073365696483e-16 -0.8997145251877638 0.4364788347287378
  outer loop
    vertex 2.059288000000007 43.79293598421076 48.358581922401726
    vertex 5.0592880000000005 43.56349840144957 47.88564186343524
    vertex 5.059288000000002 43.79293598421076 48.358581922401726
  endloop
endfacet
facet normal 7.757082377568765e-16 -0.840446042493312 0.5418952386368883
  outer loop
    vertex 2.059288000000007 43.79293598421076 48.358581922401726
    vertex 5.059288000000002 44.1917248050332 48.97707875048582
    vertex 2.059288000000002 44.1917248050332 48.97707875048582
  endloop
endfacet
facet normal 7.757082377568765e-16 -0.840446042493312 0.5418952386368883
  outer loop
    vertex 5.059288000000002 44.1917248050332 48.97707875048582
    vertex 2.059288000000007 43.79293598421076 48.358581922401726
    vertex 5.059288000000002 43.79293598421076 48.358581922401726
  endloop
endfacet
facet normal 8.35468622000707e-16 -0.7927643458527989 0.6095282536064952
  outer loop
    vertex 5.059288000000002 44.1917248050332 48.97707875048582
    vertex 2.0592880000000022 44.40513525305675 49.25464454538457
    vertex 2.059288000000002 44.1917248050332 48.97707875048582
  endloop
endfacet
facet normal 8.35468622000707e-16 -0.7927643458527989 0.6095282536064952
  outer loop
    vertex 2.0592880000000022 44.40513525305675 49.25464454538457
    vertex 5.059288000000002 44.1917248050332 48.97707875048582
    vertex 5.059288000000002 44.40513525305675 49.25464454538456
  endloop
endfacet
facet normal 9.81271132183479e-16 0.20791169081776065 0.9781476007338054
  outer loop
    vertex 2.0592880000000022 44.40513525305675 49.25464454538457
    vertex 5.059288000000002 45.126357418916804 49.10134404160913
    vertex 2.0592880000000013 45.126357418916804 49.101344041609146
  endloop
endfacet
facet normal 9.81271132183479e-16 0.20791169081776065 0.9781476007338054
  outer loop
    vertex 5.059288000000002 45.126357418916804 49.10134404160913
    vertex 2.0592880000000022 44.40513525305675 49.25464454538457
    vertex 5.059288000000002 44.40513525305675 49.25464454538456
  endloop
endfacet
facet normal 1.1139970838855532e-17 0.9721437428665916 0.23438545860469778
  outer loop
    vertex 5.059288000000002 45.126357418916804 49.10134404160913
    vertex 2.0592880000000013 45.208421384672405 48.760973221256044
    vertex 2.0592880000000013 45.126357418916804 49.101344041609146
  endloop
endfacet
facet normal 1.1139970838855532e-17 0.9721437428665916 0.23438545860469778
  outer loop
    vertex 2.0592880000000013 45.208421384672405 48.760973221256044
    vertex 5.059288000000002 45.126357418916804 49.10134404160913
    vertex 5.059288000000002 45.208421384672405 48.76097322125604
  endloop
endfacet
facet normal -7.838759238984929e-17 0.9881943147753939 0.15320573176480715
  outer loop
    vertex 5.059288000000002 45.208421384672405 48.76097322125604
    vertex 2.059288000000001 45.321167776885424 48.033746227115984
    vertex 2.0592880000000013 45.208421384672405 48.760973221256044
  endloop
endfacet
facet normal -7.838759238984929e-17 0.9881943147753939 0.15320573176480715
  outer loop
    vertex 2.059288000000001 45.321167776885424 48.033746227115984
    vertex 5.059288000000002 45.208421384672405 48.76097322125604
    vertex 5.0592880000000005 45.321167776885424 48.033746227115984
  endloop
endfacet
facet normal -2.0813356803929728e-16 0.9994620536715548 0.032796391122166334
  outer loop
    vertex 5.0592880000000005 45.321167776885424 48.033746227115984
    vertex 2.059288 45.338407386469335 47.50837331230222
    vertex 2.059288000000001 45.321167776885424 48.033746227115984
  endloop
endfacet
facet normal -2.0813356803929728e-16 0.9994620536715548 0.032796391122166334
  outer loop
    vertex 2.059288 45.338407386469335 47.50837331230222
    vertex 5.0592880000000005 45.321167776885424 48.033746227115984
    vertex 5.0592880000000005 45.338407386469335 47.508373312302204
  endloop
endfacet
facet normal -3.3323789221564286e-16 0.9962477849584271 -0.08654681372198447
  outer loop
    vertex 5.0592880000000005 45.338407386469335 47.508373312302204
    vertex 2.0592879999999996 45.3111106888598 47.19415868832396
    vertex 2.059288 45.338407386469335 47.50837331230222
  endloop
endfacet
facet normal -3.3323789221564286e-16 0.9962477849584271 -0.08654681372198447
  outer loop
    vertex 2.0592879999999996 45.3111106888598 47.19415868832396
    vertex 5.0592880000000005 45.338407386469335 47.508373312302204
    vertex 5.059288 45.3111106888598 47.19415868832396
  endloop
endfacet
facet normal -4.808145954762664e-16 0.9727479490648127 -0.23186510645243927
  outer loop
    vertex 5.059288 45.3111106888598 47.19415868832396
    vertex 2.059287999999999 45.26465060399889 46.99924383911134
    vertex 2.0592879999999996 45.3111106888598 47.19415868832396
  endloop
endfacet
facet normal -4.808145954762664e-16 0.9727479490648127 -0.23186510645243927
  outer loop
    vertex 2.059287999999999 45.26465060399889 46.99924383911134
    vertex 5.059288 45.3111106888598 47.19415868832396
    vertex 5.059287999999999 45.26465060399889 46.99924383911134
  endloop
endfacet
facet normal -2.5855212324816953e-16 0.9998889317268552 -0.014903832061860325
  outer loop
    vertex 5.059287999999999 45.26465060399889 46.99924383911134
    vertex 2.059287999999999 45.263439381785936 46.91798368537665
    vertex 2.059287999999999 45.26465060399889 46.99924383911134
  endloop
endfacet
facet normal -2.5855212324816953e-16 0.9998889317268552 -0.014903832061860325
  outer loop
    vertex 2.059287999999999 45.263439381785936 46.91798368537665
    vertex 5.059287999999999 45.26465060399889 46.99924383911134
    vertex 5.059287999999999 45.263439381785936 46.91798368537665
  endloop
endfacet
facet normal 3.0162617626338675e-16 0.8733811318692816 0.48703736868410086
  outer loop
    vertex 5.059287999999999 45.263439381785936 46.91798368537665
    vertex 2.059287999999999 45.30302050944724 46.847004716820514
    vertex 2.059287999999999 45.263439381785936 46.91798368537665
  endloop
endfacet
facet normal 3.0162617626338675e-16 0.8733811318692816 0.48703736868410086
  outer loop
    vertex 2.059287999999999 45.30302050944724 46.847004716820514
    vertex 5.059287999999999 45.263439381785936 46.91798368537665
    vertex 5.059287999999999 45.30302050944724 46.8470047168205
  endloop
endfacet
facet normal 7.809839854291533e-16 0.5128515630426973 0.8584772998074337
  outer loop
    vertex 2.059287999999999 45.30302050944724 46.847004716820514
    vertex 5.059287999999999 45.372788255790454 46.805325690747125
    vertex 2.059287999999999 45.372788255790454 46.805325690747125
  endloop
endfacet
facet normal 7.809839854291533e-16 0.5128515630426973 0.8584772998074337
  outer loop
    vertex 5.059287999999999 45.372788255790454 46.805325690747125
    vertex 2.059287999999999 45.30302050944724 46.847004716820514
    vertex 5.059287999999999 45.30302050944724 46.8470047168205
  endloop
endfacet
facet normal 9.2814080091216e-16 0.30901699437495 0.9510565162951529
  outer loop
    vertex 2.059287999999999 45.372788255790454 46.805325690747125
    vertex 5.059287999999999 46.06037413556988 46.58191549555515
    vertex 2.059287999999999 46.06037413556988 46.581915495555165
  endloop
endfacet
facet normal 9.2814080091216e-16 0.30901699437495 0.9510565162951529
  outer loop
    vertex 5.059287999999999 46.06037413556988 46.58191549555515
    vertex 2.059287999999999 45.372788255790454 46.805325690747125
    vertex 5.059287999999999 45.372788255790454 46.805325690747125
  endloop
endfacet
facet normal 1.0287797166975764e-15 0.08969466616130335 0.9959693102009783
  outer loop
    vertex 2.059287999999999 46.06037413556988 46.581915495555165
    vertex 5.059287999999999 46.1413157448766 46.5746260835713
    vertex 2.059287999999999 46.1413157448766 46.57462608357131
  endloop
endfacet
facet normal 1.0287797166975764e-15 0.08969466616130335 0.9959693102009783
  outer loop
    vertex 5.059287999999999 46.1413157448766 46.5746260835713
    vertex 2.059287999999999 46.06037413556988 46.581915495555165
    vertex 5.059287999999999 46.06037413556988 46.58191549555515
  endloop
endfacet
facet normal 1.059194700818054e-15 -0.42030679562079976 0.9073820571043794
  outer loop
    vertex 2.059287999999999 46.1413157448766 46.57462608357131
    vertex 5.059287999999999 46.21505794075135 46.608784072268
    vertex 2.059287999999999 46.21505794075135 46.60878407226801
  endloop
endfacet
facet normal 1.059194700818054e-15 -0.42030679562079976 0.9073820571043794
  outer loop
    vertex 5.059287999999999 46.21505794075135 46.608784072268
    vertex 2.059287999999999 46.1413157448766 46.57462608357131
    vertex 5.059287999999999 46.1413157448766 46.5746260835713
  endloop
endfacet
facet normal 8.057993202270792e-16 -0.8176873909429918 0.5756625145802384
  outer loop
    vertex 5.059287999999999 46.21505794075135 46.608784072268
    vertex 2.059287999999999 46.261841561361415 46.67523685615891
    vertex 2.059287999999999 46.21505794075135 46.60878407226801
  endloop
endfacet
facet normal 8.057993202270792e-16 -0.8176873909429918 0.5756625145802384
  outer loop
    vertex 2.059287999999999 46.261841561361415 46.67523685615891
    vertex 5.059287999999999 46.21505794075135 46.608784072268
    vertex 5.059287999999999 46.261841561361415 46.6752368561589
  endloop
endfacet
facet normal 6.294634489387221e-16 -0.9232565121307761 0.38418408713546975
  outer loop
    vertex 5.059287999999999 46.261841561361415 46.6752368561589
    vertex 2.059287999999999 46.3388226369688 46.860234834329454
    vertex 2.059287999999999 46.261841561361415 46.67523685615891
  endloop
endfacet
facet normal 6.294634489387221e-16 -0.9232565121307761 0.38418408713546975
  outer loop
    vertex 2.059287999999999 46.3388226369688 46.860234834329454
    vertex 5.059287999999999 46.261841561361415 46.6752368561589
    vertex 5.059287999999999 46.3388226369688 46.860234834329454
  endloop
endfacet
facet normal 7.519158683159705e-16 -0.8568523293784613 0.5155619125175026
  outer loop
    vertex 2.059287999999999 46.3388226369688 46.860234834329454
    vertex 5.059287999999999 46.501429866741425 47.13048440130016
    vertex 2.059287999999999 46.501429866741425 47.13048440130016
  endloop
endfacet
facet normal 7.519158683159705e-16 -0.8568523293784613 0.5155619125175026
  outer loop
    vertex 5.059287999999999 46.501429866741425 47.13048440130016
    vertex 2.059287999999999 46.3388226369688 46.860234834329454
    vertex 5.059287999999999 46.3388226369688 46.860234834329454
  endloop
endfacet
facet normal 8.393472417838412e-16 -0.7893045516231465 0.6140018931460909
  outer loop
    vertex 5.059287999999999 46.501429866741425 47.13048440130016
    vertex 2.0592879999999996 46.824183455152635 47.5453868295001
    vertex 2.059287999999999 46.501429866741425 47.13048440130016
  endloop
endfacet
facet normal 8.393472417838412e-16 -0.7893045516231465 0.6140018931460909
  outer loop
    vertex 2.0592879999999996 46.824183455152635 47.5453868295001
    vertex 5.059287999999999 46.501429866741425 47.13048440130016
    vertex 5.059288 46.824183455152635 47.545386829500096
  endloop
endfacet
facet normal 9.157119442319923e-16 -0.7094139246999652 0.7047920852576256
  outer loop
    vertex 2.0592879999999996 46.824183455152635 47.5453868295001
    vertex 5.0592880000000005 47.34285050473194 48.06745515993561
    vertex 2.059288 47.34285050473194 48.06745515993562
  endloop
endfacet
facet normal 9.157119442319923e-16 -0.7094139246999652 0.7047920852576256
  outer loop
    vertex 5.0592880000000005 47.34285050473194 48.06745515993561
    vertex 2.0592879999999996 46.824183455152635 47.5453868295001
    vertex 5.059288 46.824183455152635 47.545386829500096
  endloop
endfacet
facet normal 9.602944315512033e-16 -0.6487124930346977 0.7610335744109503
  outer loop
    vertex 2.059288 47.34285050473194 48.06745515993562
    vertex 5.0592880000000005 47.60930659616825 48.29458494917484
    vertex 2.0592880000000005 47.60930659616825 48.29458494917485
  endloop
endfacet
facet normal 9.602944315512033e-16 -0.6487124930346977 0.7610335744109503
  outer loop
    vertex 5.0592880000000005 47.60930659616825 48.29458494917484
    vertex 2.059288 47.34285050473194 48.06745515993562
    vertex 5.0592880000000005 47.34285050473194 48.06745515993561
  endloop
endfacet
facet normal 8.648415648000967e-16 0.406736643075805 0.9135454576425988
  outer loop
    vertex 2.0592880000000005 47.60930659616825 48.29458494917485
    vertex 5.0592880000000005 48.28289536035718 47.99468390925641
    vertex 2.059288 48.28289536035718 47.994683909256416
  endloop
endfacet
facet normal 8.648415648000967e-16 0.406736643075805 0.9135454576425988
  outer loop
    vertex 5.0592880000000005 48.28289536035718 47.99468390925641
    vertex 2.0592880000000005 47.60930659616825 48.29458494917485
    vertex 5.0592880000000005 47.60930659616825 48.29458494917484
  endloop
endfacet
facet normal -2.1413745598078133e-16 0.9996315466549366 0.027143524683789513
  outer loop
    vertex 5.0592880000000005 48.28289536035718 47.99468390925641
    vertex 2.059287999999999 48.29239895880306 47.644688950092785
    vertex 2.059288 48.28289536035718 47.994683909256416
  endloop
endfacet
facet normal -2.1413745598078133e-16 0.9996315466549366 0.027143524683789513
  outer loop
    vertex 2.059287999999999 48.29239895880306 47.644688950092785
    vertex 5.0592880000000005 48.28289536035718 47.99468390925641
    vertex 5.059287999999999 48.29239895880306 47.64468895009277
  endloop
endfacet
facet normal -3.0112963529897167e-16 0.9984531607905321 -0.05559933189703015
  outer loop
    vertex 5.059287999999999 48.29239895880306 47.64468895009277
    vertex 2.0592879999999987 48.25148257787767 46.90991231754721
    vertex 2.059287999999999 48.29239895880306 47.644688950092785
  endloop
endfacet
facet normal -3.0112963529897167e-16 0.9984531607905321 -0.05559933189703015
  outer loop
    vertex 2.0592879999999987 48.25148257787767 46.90991231754721
    vertex 5.059287999999999 48.29239895880306 47.64468895009277
    vertex 5.059287999999999 48.25148257787767 46.9099123175472
  endloop
endfacet
facet normal -4.244316192925559e-16 0.9844401629542445 -0.17572013419816332
  outer loop
    vertex 5.059287999999999 48.25148257787767 46.9099123175472
    vertex 2.0592879999999982 48.15911428960096 46.392435745053966
    vertex 2.0592879999999987 48.25148257787767 46.90991231754721
  endloop
endfacet
facet normal -4.244316192925559e-16 0.9844401629542445 -0.17572013419816332
  outer loop
    vertex 2.0592879999999982 48.15911428960096 46.392435745053966
    vertex 5.059287999999999 48.25148257787767 46.9099123175472
    vertex 5.059287999999999 48.15911428960096 46.392435745053966
  endloop
endfacet
facet normal -5.400711917121724e-16 0.9564832862176188 -0.29178711963749304
  outer loop
    vertex 5.059287999999999 48.15911428960096 46.392435745053966
    vertex 2.059287999999998 48.067085196575256 46.09076276704791
    vertex 2.0592879999999982 48.15911428960096 46.392435745053966
  endloop
endfacet
facet normal -5.400711917121724e-16 0.9564832862176188 -0.29178711963749304
  outer loop
    vertex 2.059287999999998 48.067085196575256 46.09076276704791
    vertex 5.059287999999999 48.15911428960096 46.392435745053966
    vertex 5.059287999999998 48.067085196575256 46.0907627670479
  endloop
endfacet
facet normal -6.719317131995912e-16 0.9032836061723138 -0.429043968399907
  outer loop
    vertex 5.059287999999998 48.067085196575256 46.0907627670479
    vertex 2.0592879999999973 47.981115300173364 45.909766869742164
    vertex 2.059287999999998 48.067085196575256 46.09076276704791
  endloop
endfacet
facet normal -6.719317131995912e-16 0.9032836061723138 -0.429043968399907
  outer loop
    vertex 2.0592879999999973 47.981115300173364 45.909766869742164
    vertex 5.059287999999998 48.067085196575256 46.0907627670479
    vertex 5.059287999999998 47.981115300173364 45.90976686974216
  endloop
endfacet
facet normal -4.714334946124612e-16 0.97494027864527 -0.22246674599832547
  outer loop
    vertex 5.059287999999998 47.981115300173364 45.90976686974216
    vertex 2.0592879999999973 47.96303561011274 45.83053427258957
    vertex 2.0592879999999973 47.981115300173364 45.909766869742164
  endloop
endfacet
facet normal -4.714334946124612e-16 0.97494027864527 -0.22246674599832547
  outer loop
    vertex 2.0592879999999973 47.96303561011274 45.83053427258957
    vertex 5.059287999999998 47.981115300173364 45.90976686974216
    vertex 5.059287999999998 47.96303561011274 45.83053427258955
  endloop
endfacet
facet normal 7.890321060936293e-17 0.9555564214786489 0.29480828579081486
  outer loop
    vertex 5.059287999999998 47.96303561011274 45.83053427258955
    vertex 2.0592879999999973 47.986994437803965 45.75287698561728
    vertex 2.0592879999999973 47.96303561011274 45.83053427258957
  endloop
endfacet
facet normal 7.890321060936293e-17 0.9555564214786489 0.29480828579081486
  outer loop
    vertex 2.0592879999999973 47.986994437803965 45.75287698561728
    vertex 5.059287999999998 47.96303561011274 45.83053427258955
    vertex 5.059287999999998 47.986994437803965 45.75287698561728
  endloop
endfacet
facet normal 6.080978642682618e-16 0.6801319928543988 0.7330896754803632
  outer loop
    vertex 2.0592879999999973 47.986994437803965 45.75287698561728
    vertex 5.059287999999998 48.04657203471564 45.69760321615591
    vertex 2.0592879999999973 48.04657203471564 45.697603216155926
  endloop
endfacet
facet normal 6.080978642682618e-16 0.6801319928543988 0.7330896754803632
  outer loop
    vertex 5.059287999999998 48.04657203471564 45.69760321615591
    vertex 2.0592879999999973 47.986994437803965 45.75287698561728
    vertex 5.059287999999998 47.986994437803965 45.75287698561728
  endloop
endfacet
facet normal 7.920669435243531e-16 0.5000000000000039 0.8660254037844364
  outer loop
    vertex 2.0592879999999973 48.04657203471564 45.697603216155926
    vertex 5.059287999999997 48.67268292189201 45.33611792690207
    vertex 2.059287999999997 48.67268292189201 45.33611792690207
  endloop
endfacet
facet normal 7.920669435243531e-16 0.5000000000000039 0.8660254037844364
  outer loop
    vertex 5.059287999999997 48.67268292189201 45.33611792690207
    vertex 2.0592879999999973 48.04657203471564 45.697603216155926
    vertex 5.059287999999998 48.04657203471564 45.69760321615591
  endloop
endfacet
facet normal 9.363380689824926e-16 0.29480828579080554 0.9555564214786518
  outer loop
    vertex 2.059287999999997 48.67268292189201 45.33611792690207
    vertex 5.059287999999997 48.750340208864316 45.31215909921083
    vertex 2.059287999999997 48.750340208864316 45.31215909921083
  endloop
endfacet
facet normal 9.363380689824926e-16 0.29480828579080554 0.9555564214786518
  outer loop
    vertex 5.059287999999997 48.750340208864316 45.31215909921083
    vertex 2.059287999999997 48.67268292189201 45.33611792690207
    vertex 5.059287999999997 48.67268292189201 45.33611792690207
  endloop
endfacet
facet normal 1.082408986564545e-15 -0.22246674599833255 0.9749402786452684
  outer loop
    vertex 2.059287999999997 48.750340208864316 45.31215909921083
    vertex 5.059287999999997 48.82957280601692 45.330238789271455
    vertex 2.059287999999997 48.82957280601692 45.33023878927147
  endloop
endfacet
facet normal 1.082408986564545e-15 -0.22246674599833255 0.9749402786452684
  outer loop
    vertex 5.059287999999997 48.82957280601692 45.330238789271455
    vertex 2.059287999999997 48.750340208864316 45.31215909921083
    vertex 5.059287999999997 48.750340208864316 45.31215909921083
  endloop
endfacet
facet normal 9.384492903164506e-16 -0.6801319928544424 0.7330896754803228
  outer loop
    vertex 2.059287999999997 48.82957280601692 45.33023878927147
    vertex 5.059287999999997 48.889150402928564 45.38551255873282
    vertex 2.059287999999997 48.889150402928564 45.38551255873282
  endloop
endfacet
facet normal 9.384492903164506e-16 -0.6801319928544424 0.7330896754803228
  outer loop
    vertex 5.059287999999997 48.889150402928564 45.38551255873282
    vertex 2.059287999999997 48.82957280601692 45.33023878927147
    vertex 5.059287999999997 48.82957280601692 45.330238789271455
  endloop
endfacet
facet normal 7.987872968617918e-16 -0.8232047790609668 0.5677445655672847
  outer loop
    vertex 2.059287999999997 48.889150402928564 45.38551255873282
    vertex 5.059287999999997 49.002912499775164 45.55046262163044
    vertex 2.059287999999997 49.002912499775164 45.55046262163045
  endloop
endfacet
facet normal 7.987872968617918e-16 -0.8232047790609668 0.5677445655672847
  outer loop
    vertex 5.059287999999997 49.002912499775164 45.55046262163044
    vertex 2.059287999999997 48.889150402928564 45.38551255873282
    vertex 5.059287999999997 48.889150402928564 45.38551255873282
  endloop
endfacet
facet normal 8.973671801277406e-16 -0.7309367012119644 0.6824452643409372
  outer loop
    vertex 5.059287999999997 49.002912499775164 45.55046262163044
    vertex 2.0592879999999973 49.21815441585085 45.78099864308098
    vertex 2.059287999999997 49.002912499775164 45.55046262163045
  endloop
endfacet
facet normal 8.973671801277406e-16 -0.7309367012119644 0.6824452643409372
  outer loop
    vertex 2.0592879999999973 49.21815441585085 45.78099864308098
    vertex 5.059287999999997 49.002912499775164 45.55046262163044
    vertex 5.059287999999998 49.21815441585085 45.78099864308097
  endloop
endfacet
facet normal 9.631036448971508e-16 -0.6443981816491459 0.7646901225249836
  outer loop
    vertex 2.0592879999999973 49.21815441585085 45.78099864308098
    vertex 5.059287999999998 49.62011812935495 46.1197302134793
    vertex 2.0592879999999973 49.62011812935495 46.11973021347931
  endloop
endfacet
facet normal 9.631036448971508e-16 -0.6443981816491459 0.7646901225249836
  outer loop
    vertex 5.059287999999998 49.62011812935495 46.1197302134793
    vertex 2.0592879999999973 49.21815441585085 45.78099864308098
    vertex 5.059287999999998 49.21815441585085 45.78099864308097
  endloop
endfacet
facet normal 1.0156946446707463e-15 -0.5473770142515342 0.836886135784956
  outer loop
    vertex 2.0592879999999973 49.62011812935495 46.11973021347931
    vertex 5.059287999999998 50.23599516878391 46.52255315506441
    vertex 2.0592879999999973 50.23599516878391 46.52255315506442
  endloop
endfacet
facet normal 1.0156946446707463e-15 -0.5473770142515342 0.836886135784956
  outer loop
    vertex 5.059287999999998 50.23599516878391 46.52255315506441
    vertex 2.0592879999999973 49.62011812935495 46.11973021347931
    vertex 5.059287999999998 49.62011812935495 46.1197302134793
  endloop
endfacet
facet normal 1.0431507664389806e-15 -0.47630879140306787 0.8792780761693931
  outer loop
    vertex 2.0592879999999973 50.23599516878391 46.52255315506442
    vertex 5.059287999999998 50.54385149383904 46.68932027696472
    vertex 2.059287999999998 50.54385149383904 46.68932027696472
  endloop
endfacet
facet normal 1.0431507664389806e-15 -0.47630879140306787 0.8792780761693931
  outer loop
    vertex 5.059287999999998 50.54385149383904 46.68932027696472
    vertex 2.0592879999999973 50.23599516878391 46.52255315506442
    vertex 5.059287999999998 50.23599516878391 46.52255315506441
  endloop
endfacet
facet normal 7.106142710646994e-16 0.5877852522924701 0.8090169943749498
  outer loop
    vertex 2.059287999999998 50.54385149383904 46.68932027696472
    vertex 5.059287999999998 51.14036779512424 46.255925815432576
    vertex 2.0592879999999973 51.14036779512424 46.255925815432576
  endloop
endfacet
facet normal 7.106142710646994e-16 0.5877852522924701 0.8090169943749498
  outer loop
    vertex 5.059287999999998 51.14036779512424 46.255925815432576
    vertex 2.059287999999998 50.54385149383904 46.68932027696472
    vertex 5.059287999999998 50.54385149383904 46.68932027696472
  endloop
endfacet
facet normal -4.3005604842856743e-16 0.9834306550901067 -0.18128471151490896
  outer loop
    vertex 5.059287999999998 51.14036779512424 46.255925815432576
    vertex 2.059287999999997 51.07689567340503 45.911603176636
    vertex 2.0592879999999973 51.14036779512424 46.255925815432576
  endloop
endfacet
facet normal -4.3005604842856743e-16 0.9834306550901067 -0.18128471151490896
  outer loop
    vertex 2.059287999999997 51.07689567340503 45.911603176636
    vertex 5.059287999999998 51.14036779512424 46.255925815432576
    vertex 5.059287999999997 51.07689567340503 45.91160317663599
  endloop
endfacet
facet normal -5.107108681652293e-16 0.9650748125692936 -0.2619744379597803
  outer loop
    vertex 5.059287999999997 51.07689567340503 45.91160317663599
    vertex 2.059287999999996 50.8841047615262 45.201390170376634
    vertex 2.059287999999997 51.07689567340503 45.911603176636
  endloop
endfacet
facet normal -5.107108681652293e-16 0.9650748125692936 -0.2619744379597803
  outer loop
    vertex 2.059287999999996 50.8841047615262 45.201390170376634
    vertex 5.059287999999997 51.07689567340503 45.91160317663599
    vertex 5.059287999999996 50.8841047615262 45.20139017037662
  endloop
endfacet
facet normal -6.221799721338716e-16 0.9263935132478237 -0.3765568464552917
  outer loop
    vertex 5.059287999999996 50.8841047615262 45.20139017037662
    vertex 2.0592879999999956 50.6861655128188 44.71442614954997
    vertex 2.059287999999996 50.8841047615262 45.201390170376634
  endloop
endfacet
facet normal -6.221799721338716e-16 0.9263935132478237 -0.3765568464552917
  outer loop
    vertex 2.0592879999999956 50.6861655128188 44.71442614954997
    vertex 5.059287999999996 50.8841047615262 45.20139017037662
    vertex 5.059287999999996 50.6861655128188 44.71442614954996
  endloop
endfacet
facet normal -7.233007885817405e-16 0.8749158781530795 -0.48427492827486535
  outer loop
    vertex 5.059287999999996 50.6861655128188 44.71442614954996
    vertex 2.0592879999999956 50.533426137346716 44.438479374242505
    vertex 2.0592879999999956 50.6861655128188 44.71442614954997
  endloop
endfacet
facet normal -7.233007885817405e-16 0.8749158781530795 -0.48427492827486535
  outer loop
    vertex 2.0592879999999956 50.533426137346716 44.438479374242505
    vertex 5.059287999999996 50.6861655128188 44.71442614954996
    vertex 5.059287999999995 50.533426137346716 44.438479374242505
  endloop
endfacet
facet normal -8.336821907700156e-16 0.7943414352544407 -0.6074715501469311
  outer loop
    vertex 5.059287999999995 50.533426137346716 44.438479374242505
    vertex 2.0592879999999956 50.41170372640598 44.27931281807058
    vertex 2.0592879999999956 50.533426137346716 44.438479374242505
  endloop
endfacet
facet normal -8.336821907700156e-16 0.7943414352544407 -0.6074715501469311
  outer loop
    vertex 2.0592879999999956 50.41170372640598 44.27931281807058
    vertex 5.059287999999995 50.533426137346716 44.438479374242505
    vertex 5.059287999999995 50.41170372640598 44.27931281807057
  endloop
endfacet
facet normal -6.637109600732915e-16 0.9073820571043923 -0.4203067956207716
  outer loop
    vertex 5.059287999999995 50.41170372640598 44.27931281807057
    vertex 2.059287999999995 50.37754573770927 44.20557062219582
    vertex 2.0592879999999956 50.41170372640598 44.27931281807058
  endloop
endfacet
facet normal -6.637109600732915e-16 0.9073820571043923 -0.4203067956207716
  outer loop
    vertex 2.059287999999995 50.37754573770927 44.20557062219582
    vertex 5.059287999999995 50.41170372640598 44.27931281807057
    vertex 5.059287999999995 50.37754573770927 44.20557062219582
  endloop
endfacet
facet normal -1.4726820396796856e-16 0.9959693102009783 0.08969466616130288
  outer loop
    vertex 5.059287999999995 50.37754573770927 44.20557062219582
    vertex 2.059287999999995 50.384835149693124 44.12462901288909
    vertex 2.059287999999995 50.37754573770927 44.20557062219582
  endloop
endfacet
facet normal -1.4726820396796856e-16 0.9959693102009783 0.08969466616130288
  outer loop
    vertex 2.059287999999995 50.384835149693124 44.12462901288909
    vertex 5.059287999999995 50.37754573770927 44.20557062219582
    vertex 5.059287999999995 50.384835149693124 44.12462901288909
  endloop
endfacet
facet normal 4.0863494846152234e-16 0.8176873909429977 0.5756625145802298
  outer loop
    vertex 5.059287999999995 50.384835149693124 44.12462901288909
    vertex 2.059287999999995 50.43161877030316 44.0581762289982
    vertex 2.059287999999995 50.384835149693124 44.12462901288909
  endloop
endfacet
facet normal 4.0863494846152234e-16 0.8176873909429977 0.5756625145802298
  outer loop
    vertex 2.059287999999995 50.43161877030316 44.0581762289982
    vertex 5.059287999999995 50.384835149693124 44.12462901288909
    vertex 5.059287999999995 50.43161877030316 44.058176228998185
  endloop
endfacet
facet normal 6.213759599456508e-16 0.6691306063588616 0.7431448254773914
  outer loop
    vertex 2.059287999999995 50.43161877030316 44.0581762289982
    vertex 5.059287999999995 50.96889061469357 43.574414487421706
    vertex 2.0592879999999942 50.96889061469357 43.57441448742172
  endloop
endfacet
facet normal 6.213759599456508e-16 0.6691306063588616 0.7431448254773914
  outer loop
    vertex 5.059287999999995 50.96889061469357 43.574414487421706
    vertex 2.059287999999995 50.43161877030316 44.0581762289982
    vertex 5.059287999999995 50.70025469249836 43.81629535820995
  endloop
endfacet
facet normal 6.213759599456508e-16 0.6691306063588616 0.7431448254773914
  outer loop
    vertex 5.059287999999995 50.70025469249836 43.81629535820995
    vertex 2.059287999999995 50.43161877030316 44.0581762289982
    vertex 5.059287999999995 50.43161877030316 44.058176228998185
  endloop
endfacet
facet normal 8.0297395460432205e-16 0.4870373686841277 0.8733811318692666
  outer loop
    vertex 2.0592879999999942 50.96889061469357 43.57441448742172
    vertex 5.059287999999995 51.03986958324969 43.5348333597604
    vertex 2.0592879999999942 51.03986958324969 43.534833359760405
  endloop
endfacet
facet normal 8.0297395460432205e-16 0.4870373686841277 0.8733811318692666
  outer loop
    vertex 5.059287999999995 51.03986958324969 43.5348333597604
    vertex 2.0592879999999942 50.96889061469357 43.57441448742172
    vertex 5.059287999999995 50.96889061469357 43.574414487421706
  endloop
endfacet
facet normal 1.0583168056235876e-15 -0.014903832061859324 0.9998889317268553
  outer loop
    vertex 2.0592879999999942 51.03986958324969 43.534833359760405
    vertex 5.059287999999995 51.12112973698439 43.536044581973336
    vertex 2.0592879999999942 51.12112973698439 43.53604458197335
  endloop
endfacet
facet normal 1.0583168056235876e-15 -0.014903832061859324 0.9998889317268553
  outer loop
    vertex 5.059287999999995 51.12112973698439 43.536044581973336
    vertex 2.0592879999999942 51.03986958324969 43.534833359760405
    vertex 5.059287999999995 51.03986958324969 43.5348333597604
  endloop
endfacet
facet normal -2.0716957048117966e-16 -0.9135454576425956 -0.4067366430758122
  outer loop
    vertex 5.059287999999984 28.94436089539123 27.57265698703061
    vertex 2.0592879999999836 28.650302269246428 28.233123475035566
    vertex 2.059287999999983 28.94436089539123 27.572656987030616
  endloop
endfacet
facet normal -2.0716957048117966e-16 -0.9135454576425956 -0.4067366430758122
  outer loop
    vertex 2.0592879999999836 28.650302269246428 28.233123475035566
    vertex 5.059287999999984 28.94436089539123 27.57265698703061
    vertex 5.059287999999984 28.650302269246428 28.233123475035566
  endloop
endfacet
facet normal -4.3832670097057375e-16 -0.8001668855658691 -0.5997774214188272
  outer loop
    vertex 5.059287999999984 28.650302269246428 28.233123475035566
    vertex 2.0592879999999836 28.60155884992793 28.298152381818436
    vertex 2.0592879999999836 28.650302269246428 28.233123475035566
  endloop
endfacet
facet normal -4.3832670097057375e-16 -0.8001668855658691 -0.5997774214188272
  outer loop
    vertex 2.0592879999999836 28.60155884992793 28.298152381818436
    vertex 5.059287999999984 28.650302269246428 28.233123475035566
    vertex 5.059287999999984 28.60155884992793 28.298152381818436
  endloop
endfacet
facet normal -8.744463202304503e-16 -0.3930761394576631 -0.9195059263479817
  outer loop
    vertex 5.059287999999984 28.526831357139365 28.330097357413475
    vertex 2.0592879999999836 28.60155884992793 28.298152381818436
    vertex 5.059287999999984 28.60155884992793 28.298152381818436
  endloop
endfacet
facet normal -8.744463202304503e-16 -0.3930761394576631 -0.9195059263479817
  outer loop
    vertex 2.0592879999999836 28.60155884992793 28.298152381818436
    vertex 5.059287999999984 28.526831357139365 28.330097357413475
    vertex 2.0592879999999836 28.526831357139365 28.330097357413475
  endloop
endfacet
facet normal -1.0762587541601675e-15 0.11933904078215583 -0.9928535608765249
  outer loop
    vertex 5.059287999999984 28.446142962225835 28.32039877140777
    vertex 2.0592879999999836 28.526831357139365 28.330097357413475
    vertex 5.059287999999984 28.526831357139365 28.330097357413475
  endloop
endfacet
facet normal -1.0762587541601675e-15 0.11933904078215583 -0.9928535608765249
  outer loop
    vertex 2.0592879999999836 28.526831357139365 28.330097357413475
    vertex 5.059287999999984 28.446142962225835 28.32039877140777
    vertex 2.0592879999999836 28.446142962225835 28.32039877140777
  endloop
endfacet
facet normal -1.075578353949287e-15 0.3322747734013324 -0.9431826307566807
  outer loop
    vertex 5.059287999999984 28.257152278225256 28.25381905009667
    vertex 2.0592879999999836 28.446142962225835 28.32039877140777
    vertex 5.059287999999984 28.446142962225835 28.32039877140777
  endloop
endfacet
facet normal -1.075578353949287e-15 0.3322747734013324 -0.9431826307566807
  outer loop
    vertex 2.0592879999999836 28.446142962225835 28.32039877140777
    vertex 5.059287999999984 28.257152278225256 28.25381905009667
    vertex 2.0592879999999836 28.257152278225256 28.25381905009667
  endloop
endfacet
facet normal -1.0817511858988944e-15 0.19020895121639725 -0.9817436299142248
  outer loop
    vertex 5.059287999999984 27.947512236687405 28.193827514872073
    vertex 2.0592879999999836 28.257152278225256 28.25381905009667
    vertex 5.059287999999984 28.257152278225256 28.25381905009667
  endloop
endfacet
facet normal -1.0817511858988944e-15 0.19020895121639725 -0.9817436299142248
  outer loop
    vertex 2.0592879999999836 28.257152278225256 28.25381905009667
    vertex 5.059287999999984 27.947512236687405 28.193827514872073
    vertex 2.0592879999999836 27.947512236687405 28.193827514872076
  endloop
endfacet
facet normal -1.0695385091439766e-15 0.07185550350456447 -0.9974150523308266
  outer loop
    vertex 5.0592879999999845 27.423215339774487 28.156056260642934
    vertex 2.0592879999999836 27.947512236687405 28.193827514872076
    vertex 5.059287999999984 27.947512236687405 28.193827514872073
  endloop
endfacet
facet normal -1.0695385091439766e-15 0.07185550350456447 -0.9974150523308266
  outer loop
    vertex 2.0592879999999836 27.947512236687405 28.193827514872076
    vertex 5.0592879999999845 27.423215339774487 28.156056260642934
    vertex 2.059287999999984 27.423215339774487 28.156056260642934
  endloop
endfacet
facet normal -1.0416260982378283e-15 -0.04907202160272106 -0.998795242627748
  outer loop
    vertex 5.0592879999999845 26.68818696408236 28.192169096178354
    vertex 2.059287999999984 27.423215339774487 28.156056260642934
    vertex 5.0592879999999845 27.423215339774487 28.156056260642934
  endloop
endfacet
facet normal -1.0416260982378283e-15 -0.04907202160272106 -0.998795242627748
  outer loop
    vertex 2.059287999999984 27.423215339774487 28.156056260642934
    vertex 5.0592879999999845 26.68818696408236 28.192169096178354
    vertex 2.059287999999984 26.68818696408236 28.192169096178358
  endloop
endfacet
facet normal -1.0137245708432327e-15 -0.13148477902119274 -0.9913181895263237
  outer loop
    vertex 5.0592879999999845 26.341102710466657 28.238205068150386
    vertex 2.059287999999984 26.68818696408236 28.192169096178358
    vertex 5.0592879999999845 26.68818696408236 28.192169096178354
  endloop
endfacet
facet normal -1.0137245708432327e-15 -0.13148477902119274 -0.9913181895263237
  outer loop
    vertex 2.059287999999984 26.68818696408236 28.192169096178358
    vertex 5.0592879999999845 26.341102710466657 28.238205068150386
    vertex 2.059287999999984 26.341102710466657 28.23820506815039
  endloop
endfacet
facet normal -9.498360104426937e-17 -0.9510565162951561 -0.3090169943749401
  outer loop
    vertex 5.0592879999999845 26.341102710466657 28.238205068150386
    vertex 2.0592879999999854 26.113253758219095 28.93945203744536
    vertex 2.059287999999984 26.341102710466657 28.23820506815039
  endloop
endfacet
facet normal -9.498360104426937e-17 -0.9510565162951561 -0.3090169943749401
  outer loop
    vertex 2.0592879999999854 26.113253758219095 28.93945203744536
    vertex 5.0592879999999845 26.341102710466657 28.238205068150386
    vertex 5.059287999999985 26.113253758219095 28.93945203744536
  endloop
endfacet
facet normal 9.317758309022205e-16 -0.6890556328626226 0.7247084481502135
  outer loop
    vertex 2.0592879999999854 26.113253758219095 28.93945203744536
    vertex 5.059287999999985 26.36699155247403 29.18070692670154
    vertex 2.0592879999999854 26.36699155247403 29.18070692670154
  endloop
endfacet
facet normal 9.317758309022205e-16 -0.6890556328626226 0.7247084481502135
  outer loop
    vertex 5.059287999999985 26.36699155247403 29.18070692670154
    vertex 2.0592879999999854 26.113253758219095 28.93945203744536
    vertex 5.059287999999985 26.113253758219095 28.93945203744536
  endloop
endfacet
facet normal 9.741279075674278e-16 -0.6267772131014082 0.7791985145884402
  outer loop
    vertex 2.0592879999999854 26.36699155247403 29.18070692670154
    vertex 5.059287999999985 26.940415407610594 29.641961663613095
    vertex 2.0592879999999854 26.940415407610594 29.641961663613102
  endloop
endfacet
facet normal 9.741279075674278e-16 -0.6267772131014082 0.7791985145884402
  outer loop
    vertex 5.059287999999985 26.940415407610594 29.641961663613095
    vertex 2.0592879999999854 26.36699155247403 29.18070692670154
    vertex 5.059287999999985 26.36699155247403 29.18070692670154
  endloop
endfacet
facet normal 1.0239692609050133e-15 -0.5281335347000229 0.84916133303705
  outer loop
    vertex 2.0592879999999854 26.940415407610594 29.641961663613102
    vertex 5.059287999999986 27.386781893507656 29.91957806087097
    vertex 2.059287999999986 27.386781893507656 29.919578060870975
  endloop
endfacet
facet normal 1.0239692609050133e-15 -0.5281335347000229 0.84916133303705
  outer loop
    vertex 5.059287999999986 27.386781893507656 29.91957806087097
    vertex 2.0592879999999854 26.940415407610594 29.641961663613102
    vertex 5.059287999999985 26.940415407610594 29.641961663613095
  endloop
endfacet
facet normal 1.0584847622383462e-15 -0.4231721531793616 0.9060492970989729
  outer loop
    vertex 2.059287999999986 27.386781893507656 29.919578060870975
    vertex 5.059287999999985 27.672548088918173 30.05304573929082
    vertex 2.0592879999999854 27.672548088918173 30.053045739290827
  endloop
endfacet
facet normal 1.0584847622383462e-15 -0.4231721531793616 0.9060492970989729
  outer loop
    vertex 5.059287999999985 27.672548088918173 30.05304573929082
    vertex 2.059287999999986 27.386781893507656 29.919578060870975
    vertex 5.059287999999986 27.386781893507656 29.91957806087097
  endloop
endfacet
facet normal 1.0802425477551532e-15 -0.28557290209340885 0.9583569885955591
  outer loop
    vertex 2.0592879999999854 27.672548088918173 30.053045739290827
    vertex 5.059287999999986 27.864579342341564 30.110267550145586
    vertex 2.059287999999986 27.864579342341564 30.110267550145593
  endloop
endfacet
facet normal 1.0802425477551532e-15 -0.28557290209340885 0.9583569885955591
  outer loop
    vertex 5.059287999999986 27.864579342341564 30.110267550145586
    vertex 2.0592879999999854 27.672548088918173 30.053045739290827
    vertex 5.059287999999985 27.672548088918173 30.05304573929082
  endloop
endfacet
facet normal 1.0395361086772785e-15 -0.48703736868415015 0.8733811318692539
  outer loop
    vertex 2.059287999999986 27.864579342341564 30.110267550145593
    vertex 5.059287999999986 27.93555831089771 30.149848677806894
    vertex 2.059287999999986 27.93555831089771 30.1498486778069
  endloop
endfacet
facet normal 1.0395361086772785e-15 -0.48703736868415015 0.8733811318692539
  outer loop
    vertex 5.059287999999986 27.93555831089771 30.149848677806894
    vertex 2.059287999999986 27.864579342341564 30.110267550145593
    vertex 5.059287999999986 27.864579342341564 30.110267550145586
  endloop
endfacet
facet normal 7.494515901340838e-16 -0.8584772998073877 0.512851563042774
  outer loop
    vertex 5.059287999999986 27.93555831089771 30.149848677806894
    vertex 2.059287999999986 27.97723733697111 30.2196164241501
    vertex 2.059287999999986 27.93555831089771 30.1498486778069
  endloop
endfacet
facet normal 7.494515901340838e-16 -0.8584772998073877 0.512851563042774
  outer loop
    vertex 2.059287999999986 27.97723733697111 30.2196164241501
    vertex 5.059287999999986 27.93555831089771 30.149848677806894
    vertex 5.059287999999986 27.97723733697111 30.2196164241501
  endloop
endfacet
facet normal 2.585521232480238e-16 -0.9998889317268574 0.01490383206172169
  outer loop
    vertex 5.059287999999986 27.97723733697111 30.2196164241501
    vertex 2.059287999999986 27.97844855918404 30.300876577884793
    vertex 2.059287999999986 27.97723733697111 30.2196164241501
  endloop
endfacet
facet normal 2.585521232480238e-16 -0.9998889317268574 0.01490383206172169
  outer loop
    vertex 2.059287999999986 27.97844855918404 30.300876577884793
    vertex 5.059287999999986 27.97723733697111 30.2196164241501
    vertex 5.059287999999986 27.97844855918404 30.300876577884786
  endloop
endfacet
facet normal 1.8243028602244995e-17 -0.9781476007338051 -0.20791169081776187
  outer loop
    vertex 5.059287999999986 27.97844855918404 30.300876577884786
    vertex 2.059287999999987 27.828134523794997 31.00804851465323
    vertex 2.059287999999986 27.97844855918404 30.300876577884793
  endloop
endfacet
facet normal 1.8243028602244995e-17 -0.9781476007338051 -0.20791169081776187
  outer loop
    vertex 2.059287999999987 27.828134523794997 31.00804851465323
    vertex 5.059287999999986 27.97844855918404 30.300876577884786
    vertex 5.059287999999987 27.828134523794997 31.00804851465323
  endloop
endfacet
facet normal -2.229803964705027e-16 -0.9073820571043941 -0.4203067956207679
  outer loop
    vertex 5.059287999999987 27.828134523794997 31.00804851465323
    vertex 2.059287999999987 27.793976535098288 31.081790710527986
    vertex 2.059287999999987 27.828134523794997 31.00804851465323
  endloop
endfacet
facet normal -2.229803964705027e-16 -0.9073820571043941 -0.4203067956207679
  outer loop
    vertex 2.059287999999987 27.793976535098288 31.081790710527986
    vertex 5.059287999999987 27.828134523794997 31.00804851465323
    vertex 5.059287999999987 27.793976535098288 31.081790710527986
  endloop
endfacet
facet normal -7.227040382984226e-16 -0.5756625145801931 -0.8176873909430237
  outer loop
    vertex 5.059287999999987 27.727523751207414 31.128574331138015
    vertex 2.059287999999987 27.793976535098288 31.081790710527986
    vertex 5.059287999999987 27.793976535098288 31.081790710527986
  endloop
endfacet
facet normal -7.227040382984226e-16 -0.5756625145801931 -0.8176873909430237
  outer loop
    vertex 2.059287999999987 27.793976535098288 31.081790710527986
    vertex 5.059287999999987 27.727523751207414 31.128574331138015
    vertex 2.059287999999987 27.727523751207414 31.128574331138022
  endloop
endfacet
facet normal -1.0287797166975646e-15 -0.08969466616133777 -0.9959693102009751
  outer loop
    vertex 5.059287999999987 27.646582141900666 31.135863743121874
    vertex 2.059287999999987 27.727523751207414 31.128574331138022
    vertex 5.059287999999987 27.727523751207414 31.128574331138015
  endloop
endfacet
facet normal -1.0287797166975646e-15 -0.08969466616133777 -0.9959693102009751
  outer loop
    vertex 2.059287999999987 27.727523751207414 31.128574331138022
    vertex 5.059287999999987 27.646582141900666 31.135863743121874
    vertex 2.059287999999987 27.646582141900666 31.135863743121877
  endloop
endfacet
facet normal -1.077320787088299e-15 0.12891507687633258 -0.9916556372824032
  outer loop
    vertex 5.059287999999987 27.4478786553525 31.110032321123256
    vertex 2.059287999999987 27.646582141900666 31.135863743121877
    vertex 5.059287999999987 27.646582141900666 31.135863743121874
  endloop
endfacet
facet normal -1.077320787088299e-15 0.12891507687633258 -0.9916556372824032
  outer loop
    vertex 2.059287999999987 27.646582141900666 31.135863743121877
    vertex 5.059287999999987 27.4478786553525 31.110032321123256
    vertex 2.059287999999987 27.4478786553525 31.110032321123256
  endloop
endfacet
facet normal -1.0502554566355507e-15 -0.018063548774622313 -0.99983684079237
  outer loop
    vertex 5.059287999999987 27.13253205010781 31.115729529460005
    vertex 2.059287999999987 27.4478786553525 31.110032321123256
    vertex 5.059287999999987 27.4478786553525 31.110032321123256
  endloop
endfacet
facet normal -1.0502554566355507e-15 -0.018063548774622313 -0.99983684079237
  outer loop
    vertex 2.059287999999987 27.4478786553525 31.110032321123256
    vertex 5.059287999999987 27.13253205010781 31.115729529460005
    vertex 2.059287999999987 27.13253205010781 31.115729529460005
  endloop
endfacet
facet normal -1.0115624697231851e-15 -0.1370889616246765 -0.9905587396013766
  outer loop
    vertex 5.059287999999988 26.611839212989207 31.187791122086725
    vertex 2.059287999999987 27.13253205010781 31.115729529460005
    vertex 5.059287999999987 27.13253205010781 31.115729529460005
  endloop
endfacet
facet normal -1.0115624697231851e-15 -0.1370889616246765 -0.9905587396013766
  outer loop
    vertex 2.059287999999987 27.13253205010781 31.115729529460005
    vertex 5.059287999999988 26.611839212989207 31.187791122086725
    vertex 2.059287999999987 26.611839212989207 31.18779112208673
  endloop
endfacet
facet normal -9.576699174812238e-16 -0.25566088786932617 -0.9667665232174044
  outer loop
    vertex 5.059287999999988 25.900381251531062 31.375935797910575
    vertex 2.059287999999987 26.611839212989207 31.18779112208673
    vertex 5.059287999999988 26.611839212989207 31.187791122086725
  endloop
endfacet
facet normal -9.576699174812238e-16 -0.25566088786932617 -0.9667665232174044
  outer loop
    vertex 2.059287999999987 26.611839212989207 31.18779112208673
    vertex 5.059287999999988 25.900381251531062 31.375935797910575
    vertex 2.0592879999999876 25.900381251531062 31.37593579791058
  endloop
endfacet
facet normal -9.126818469176814e-16 -0.33471816205541527 -0.942318285925857
  outer loop
    vertex 5.059287999999988 25.570453038375526 31.493128647467927
    vertex 2.0592879999999876 25.900381251531062 31.37593579791058
    vertex 5.059287999999988 25.900381251531062 31.375935797910575
  endloop
endfacet
facet normal -9.126818469176814e-16 -0.33471816205541527 -0.942318285925857
  outer loop
    vertex 2.0592879999999876 25.900381251531062 31.37593579791058
    vertex 5.059287999999988 25.570453038375526 31.493128647467927
    vertex 2.0592879999999876 25.570453038375526 31.49312864746793
  endloop
endfacet
facet normal 1.3126978380981025e-16 -0.9945218953682737 -0.10452846326765133
  outer loop
    vertex 5.059287999999988 25.570453038375526 31.493128647467927
    vertex 2.059287999999989 25.493380575471814 32.22642414891851
    vertex 2.0592879999999876 25.570453038375526 31.49312864746793
  endloop
endfacet
facet normal 1.3126978380981025e-16 -0.9945218953682737 -0.10452846326765133
  outer loop
    vertex 2.059287999999989 25.493380575471814 32.22642414891851
    vertex 5.059287999999988 25.570453038375526 31.493128647467927
    vertex 5.059287999999989 25.493380575471814 32.22642414891851
  endloop
endfacet
facet normal 1.0259371168513676e-15 -0.523322755251875 0.8521345514856127
  outer loop
    vertex 2.059287999999989 25.493380575471814 32.22642414891851
    vertex 5.059287999999989 25.791733302081088 32.40965198618184
    vertex 2.059287999999989 25.791733302081088 32.40965198618184
  endloop
endfacet
facet normal 1.0259371168513676e-15 -0.523322755251875 0.8521345514856127
  outer loop
    vertex 5.059287999999989 25.791733302081088 32.40965198618184
    vertex 2.059287999999989 25.493380575471814 32.22642414891851
    vertex 5.059287999999989 25.493380575471814 32.22642414891851
  endloop
endfacet
facet normal 1.0509541560175804e-15 -0.45107614653899736 0.8924854676819837
  outer loop
    vertex 2.059287999999989 25.791733302081088 32.40965198618184
    vertex 5.059287999999989 26.44852672243542 32.741605677142296
    vertex 2.059287999999989 26.44852672243542 32.7416056771423
  endloop
endfacet
facet normal 1.0509541560175804e-15 -0.45107614653899736 0.8924854676819837
  outer loop
    vertex 5.059287999999989 26.44852672243542 32.741605677142296
    vertex 2.059287999999989 25.791733302081088 32.40965198618184
    vertex 5.059287999999989 25.791733302081088 32.40965198618184
  endloop
endfacet
facet normal 1.0745403448399198e-15 -0.3400419813050945 0.9404102567231528
  outer loop
    vertex 2.059287999999989 26.44852672243542 32.7416056771423
    vertex 5.059287999999989 26.942858724216226 32.92035067923721
    vertex 2.059287999999989 26.942858724216226 32.92035067923721
  endloop
endfacet
facet normal 1.0745403448399198e-15 -0.3400419813050945 0.9404102567231528
  outer loop
    vertex 5.059287999999989 26.942858724216226 32.92035067923721
    vertex 2.059287999999989 26.44852672243542 32.7416056771423
    vertex 5.059287999999989 26.44852672243542 32.741605677142296
  endloop
endfacet
facet normal 1.0824102535728013e-15 -0.22554658500566482 0.9742323839784236
  outer loop
    vertex 2.059287999999989 26.942858724216226 32.92035067923721
    vertex 5.059287999999989 27.250129733317618 32.991487635792744
    vertex 2.059287999999989 27.250129733317618 32.991487635792744
  endloop
endfacet
facet normal 1.0824102535728013e-15 -0.22554658500566482 0.9742323839784236
  outer loop
    vertex 5.059287999999989 27.250129733317618 32.991487635792744
    vertex 2.059287999999989 26.942858724216226 32.92035067923721
    vertex 5.059287999999989 26.942858724216226 32.92035067923721
  endloop
endfacet
facet normal 1.0708747510798537e-15 -0.08007882711134817 0.9967885339671956
  outer loop
    vertex 2.059287999999989 27.250129733317618 32.991487635792744
    vertex 5.059287999999989 27.449861726566127 33.00753347020086
    vertex 2.059287999999989 27.449861726566127 33.00753347020087
  endloop
endfacet
facet normal 1.0708747510798537e-15 -0.08007882711134817 0.9967885339671956
  outer loop
    vertex 5.059287999999989 27.449861726566127 33.00753347020086
    vertex 2.059287999999989 27.250129733317618 32.991487635792744
    vertex 5.059287999999989 27.250129733317618 32.991487635792744
  endloop
endfacet
facet normal 1.0795313588806653e-15 -0.2948082857908422 0.9555564214786404
  outer loop
    vertex 2.059287999999989 27.449861726566127 33.00753347020087
    vertex 5.059287999999989 27.52751901353838 33.0314922978921
    vertex 2.059287999999989 27.52751901353838 33.03149229789211
  endloop
endfacet
facet normal 1.0795313588806653e-15 -0.2948082857908422 0.9555564214786404
  outer loop
    vertex 5.059287999999989 27.52751901353838 33.0314922978921
    vertex 2.059287999999989 27.449861726566127 33.00753347020087
    vertex 5.059287999999989 27.449861726566127 33.00753347020086
  endloop
endfacet
facet normal 8.954499756679218e-16 -0.7330896754803025 0.6801319928544642
  outer loop
    vertex 5.059287999999989 27.52751901353838 33.0314922978921
    vertex 2.059287999999989 27.582792782999753 33.09106989480376
    vertex 2.059287999999989 27.52751901353838 33.03149229789211
  endloop
endfacet
facet normal 8.954499756679218e-16 -0.7330896754803025 0.6801319928544642
  outer loop
    vertex 2.059287999999989 27.582792782999753 33.09106989480376
    vertex 5.059287999999989 27.52751901353838 33.0314922978921
    vertex 5.059287999999989 27.582792782999753 33.09106989480375
  endloop
endfacet
facet normal 4.71433494612393e-16 -0.9749402786452857 0.2224667459982572
  outer loop
    vertex 5.059287999999989 27.582792782999753 33.09106989480375
    vertex 2.059287999999989 27.60087247306038 33.170302491956356
    vertex 2.059287999999989 27.582792782999753 33.09106989480376
  endloop
endfacet
facet normal 4.71433494612393e-16 -0.9749402786452857 0.2224667459982572
  outer loop
    vertex 2.059287999999989 27.60087247306038 33.170302491956356
    vertex 5.059287999999989 27.582792782999753 33.09106989480375
    vertex 5.059287999999989 27.60087247306038 33.17030249195635
  endloop
endfacet
facet normal 2.4285831979599616e-16 -1.0 1.584497050866706e-14
  outer loop
    vertex 5.059287999999989 27.60087247306038 33.17030249195635
    vertex 2.0592879999999902 27.600872473060406 33.893273070464055
    vertex 2.059287999999989 27.60087247306038 33.170302491956356
  endloop
endfacet
facet normal 2.4285831979599616e-16 -1.0 1.584497050866706e-14
  outer loop
    vertex 2.0592879999999902 27.600872473060406 33.893273070464055
    vertex 5.059287999999989 27.60087247306038 33.17030249195635
    vertex 5.059287999999991 27.600872473060406 33.893273070464055
  endloop
endfacet
facet normal 2.1112213338988837e-18 -0.974940278645256 -0.22246674599838723
  outer loop
    vertex 5.059287999999991 27.600872473060406 33.893273070464055
    vertex 2.0592879999999902 27.582792782999753 33.97250566761666
    vertex 2.0592879999999902 27.600872473060406 33.893273070464055
  endloop
endfacet
facet normal 2.1112213338988837e-18 -0.974940278645256 -0.22246674599838723
  outer loop
    vertex 2.0592879999999902 27.582792782999753 33.97250566761666
    vertex 5.059287999999991 27.600872473060406 33.893273070464055
    vertex 5.059287999999991 27.582792782999753 33.97250566761665
  endloop
endfacet
facet normal -5.393761219740707e-16 -0.7330896754803017 -0.6801319928544649
  outer loop
    vertex 5.059287999999991 27.582792782999753 33.97250566761665
    vertex 2.0592879999999902 27.52751901353838 34.03208326452831
    vertex 2.0592879999999902 27.582792782999753 33.97250566761666
  endloop
endfacet
facet normal -5.393761219740707e-16 -0.7330896754803017 -0.6801319928544649
  outer loop
    vertex 2.0592879999999902 27.52751901353838 34.03208326452831
    vertex 5.059287999999991 27.582792782999753 33.97250566761665
    vertex 5.059287999999991 27.52751901353838 34.0320832645283
  endloop
endfacet
facet normal -9.36338068982476e-16 -0.29480828579083473 -0.9555564214786428
  outer loop
    vertex 5.059287999999991 27.449861726566127 34.05604209221954
    vertex 2.0592879999999902 27.52751901353838 34.03208326452831
    vertex 5.059287999999991 27.52751901353838 34.0320832645283
  endloop
endfacet
facet normal -9.36338068982476e-16 -0.29480828579083473 -0.9555564214786428
  outer loop
    vertex 2.0592879999999902 27.52751901353838 34.03208326452831
    vertex 5.059287999999991 27.449861726566127 34.05604209221954
    vertex 2.0592879999999902 27.449861726566127 34.05604209221955
  endloop
endfacet
facet normal -1.0319791322728645e-15 -0.08007882711134688 -0.9967885339671956
  outer loop
    vertex 5.059287999999991 27.250129733317618 34.07208792662767
    vertex 2.0592879999999902 27.449861726566127 34.05604209221955
    vertex 5.059287999999991 27.449861726566127 34.05604209221954
  endloop
endfacet
facet normal -1.0319791322728645e-15 -0.08007882711134688 -0.9967885339671956
  outer loop
    vertex 2.0592879999999902 27.449861726566127 34.05604209221955
    vertex 5.059287999999991 27.250129733317618 34.07208792662767
    vertex 2.0592879999999902 27.250129733317618 34.07208792662767
  endloop
endfacet
facet normal -9.728585242324074e-16 -0.22554658500566474 -0.9742323839784235
  outer loop
    vertex 5.059287999999991 26.942858724216226 34.143224883183194
    vertex 2.0592879999999902 27.250129733317618 34.07208792662767
    vertex 5.059287999999991 27.250129733317618 34.07208792662767
  endloop
endfacet
facet normal -9.728585242324074e-16 -0.22554658500566474 -0.9742323839784235
  outer loop
    vertex 2.0592879999999902 27.250129733317618 34.07208792662767
    vertex 5.059287999999991 26.942858724216226 34.143224883183194
    vertex 2.0592879999999907 26.942858724216226 34.1432248831832
  endloop
endfacet
facet normal -9.093762963602175e-16 -0.3400419813050946 -0.9404102567231526
  outer loop
    vertex 5.059287999999991 26.44852672243542 34.32196988527811
    vertex 2.0592879999999907 26.942858724216226 34.1432248831832
    vertex 5.059287999999991 26.942858724216226 34.143224883183194
  endloop
endfacet
facet normal -9.093762963602175e-16 -0.3400419813050946 -0.9404102567231526
  outer loop
    vertex 2.0592879999999907 26.942858724216226 34.1432248831832
    vertex 5.059287999999991 26.44852672243542 34.32196988527811
    vertex 2.0592879999999907 26.44852672243542 34.321969885278115
  endloop
endfacet
facet normal -8.318589659205685e-16 -0.4510761465389974 -0.8924854676819837
  outer loop
    vertex 5.059287999999992 25.791733302081088 34.65392357623857
    vertex 2.0592879999999907 26.44852672243542 34.321969885278115
    vertex 5.059287999999991 26.44852672243542 34.32196988527811
  endloop
endfacet
facet normal -8.318589659205685e-16 -0.4510761465389974 -0.8924854676819837
  outer loop
    vertex 2.0592879999999907 26.44852672243542 34.321969885278115
    vertex 5.059287999999992 25.791733302081088 34.65392357623857
    vertex 2.059287999999991 25.791733302081088 34.65392357623857
  endloop
endfacet
facet normal -7.717505467484304e-16 -0.5233227552518652 -0.8521345514856188
  outer loop
    vertex 5.0592879999999925 25.493380575471814 34.8371514135019
    vertex 2.059287999999991 25.791733302081088 34.65392357623857
    vertex 5.059287999999992 25.791733302081088 34.65392357623857
  endloop
endfacet
facet normal -7.717505467484304e-16 -0.5233227552518652 -0.8521345514856188
  outer loop
    vertex 2.059287999999991 25.791733302081088 34.65392357623857
    vertex 5.0592879999999925 25.493380575471814 34.8371514135019
    vertex 2.0592879999999916 25.493380575471814 34.8371514135019
  endloop
endfacet
facet normal 3.5178604920909384e-16 -0.9945218953682736 0.10452846326765174
  outer loop
    vertex 2.0592879999999916 25.493380575471814 34.8371514135019
    vertex 5.0592879999999925 25.570453038375526 35.57044691495248
    vertex 2.059287999999992 25.570453038375526 35.57044691495248
  endloop
endfacet
facet normal 3.5178604920909384e-16 -0.9945218953682736 0.10452846326765174
  outer loop
    vertex 5.0592879999999925 25.570453038375526 35.57044691495248
    vertex 2.0592879999999916 25.493380575471814 34.8371514135019
    vertex 5.0592879999999925 25.493380575471814 34.8371514135019
  endloop
endfacet
facet normal 1.0752600278016324e-15 -0.3347181620554273 0.9423182859258525
  outer loop
    vertex 2.059287999999992 25.570453038375526 35.57044691495248
    vertex 5.0592879999999925 25.900381251531062 35.68763976450983
    vertex 2.059287999999992 25.900381251531062 35.68763976450984
  endloop
endfacet
facet normal 1.0752600278016324e-15 -0.3347181620554273 0.9423182859258525
  outer loop
    vertex 5.0592879999999925 25.900381251531062 35.68763976450983
    vertex 2.059287999999992 25.570453038375526 35.57044691495248
    vertex 5.0592879999999925 25.570453038375526 35.57044691495248
  endloop
endfacet
facet normal 1.0818486648122094e-15 -0.25566088786932567 0.9667665232174044
  outer loop
    vertex 2.059287999999992 25.900381251531062 35.68763976450984
    vertex 5.0592879999999925 26.611839212989207 35.87578444033368
    vertex 2.059287999999992 26.611839212989207 35.87578444033369
  endloop
endfacet
facet normal 1.0818486648122094e-15 -0.25566088786932567 0.9667665232174044
  outer loop
    vertex 5.0592879999999925 26.611839212989207 35.87578444033368
    vertex 2.059287999999992 25.900381251531062 35.68763976450984
    vertex 5.0592879999999925 25.900381251531062 35.68763976450983
  endloop
endfacet
facet normal 1.078148859488674e-15 -0.13708896162467668 0.9905587396013767
  outer loop
    vertex 2.059287999999992 26.611839212989207 35.87578444033369
    vertex 5.0592879999999925 27.13253205010781 35.947846032960406
    vertex 2.059287999999992 27.13253205010781 35.947846032960406
  endloop
endfacet
facet normal 1.078148859488674e-15 -0.13708896162467668 0.9905587396013767
  outer loop
    vertex 5.0592879999999925 27.13253205010781 35.947846032960406
    vertex 2.059287999999992 26.611839212989207 35.87578444033369
    vertex 5.0592879999999925 26.611839212989207 35.87578444033368
  endloop
endfacet
facet normal 1.0590292228454656e-15 -0.018063548774621827 0.99983684079237
  outer loop
    vertex 2.059287999999992 27.13253205010781 35.947846032960406
    vertex 5.0592879999999925 27.4478786553525 35.953543241297155
    vertex 2.059287999999992 27.4478786553525 35.953543241297155
  endloop
endfacet
facet normal 1.0590292228454656e-15 -0.018063548774621827 0.99983684079237
  outer loop
    vertex 5.0592879999999925 27.4478786553525 35.953543241297155
    vertex 2.059287999999992 27.13253205010781 35.947846032960406
    vertex 5.0592879999999925 27.13253205010781 35.947846032960406
  endloop
endfacet
facet normal 1.0147045891551888e-15 0.12891507687632964 0.9916556372824037
  outer loop
    vertex 2.059287999999992 27.4478786553525 35.953543241297155
    vertex 5.0592879999999925 27.646582141900666 35.92771181929853
    vertex 2.059287999999992 27.646582141900666 35.92771181929854
  endloop
endfacet
facet normal 1.0147045891551888e-15 0.12891507687632964 0.9916556372824037
  outer loop
    vertex 5.0592879999999925 27.646582141900666 35.92771181929853
    vertex 2.059287999999992 27.4478786553525 35.953543241297155
    vertex 5.0592879999999925 27.4478786553525 35.953543241297155
  endloop
endfacet
facet normal 1.0723459085347728e-15 -0.08969466616134161 0.9959693102009749
  outer loop
    vertex 2.059287999999992 27.646582141900666 35.92771181929854
    vertex 5.0592879999999925 27.727523751207414 35.93500123128239
    vertex 2.059287999999992 27.727523751207414 35.93500123128239
  endloop
endfacet
facet normal 1.0723459085347728e-15 -0.08969466616134161 0.9959693102009749
  outer loop
    vertex 5.0592879999999925 27.727523751207414 35.93500123128239
    vertex 2.059287999999992 27.646582141900666 35.92771181929854
    vertex 5.0592879999999925 27.646582141900666 35.92771181929853
  endloop
endfacet
facet normal 1.0023129004193726e-15 -0.5756625145801897 0.8176873909430259
  outer loop
    vertex 2.059287999999992 27.727523751207414 35.93500123128239
    vertex 5.0592879999999925 27.793976535098288 35.98178485189242
    vertex 2.059287999999992 27.793976535098288 35.98178485189243
  endloop
endfacet
facet normal 1.0023129004193726e-15 -0.5756625145801897 0.8176873909430259
  outer loop
    vertex 5.0592879999999925 27.793976535098288 35.98178485189242
    vertex 2.059287999999992 27.727523751207414 35.93500123128239
    vertex 5.0592879999999925 27.727523751207414 35.93500123128239
  endloop
endfacet
facet normal 6.637109600732852e-16 -0.9073820571043956 0.42030679562076506
  outer loop
    vertex 5.0592879999999925 27.793976535098288 35.98178485189242
    vertex 2.059287999999992 27.828134523794997 36.055527047767185
    vertex 2.059287999999992 27.793976535098288 35.98178485189243
  endloop
endfacet
facet normal 6.637109600732852e-16 -0.9073820571043956 0.42030679562076506
  outer loop
    vertex 2.059287999999992 27.828134523794997 36.055527047767185
    vertex 5.0592879999999925 27.793976535098288 35.98178485189242
    vertex 5.0592879999999925 27.828134523794997 36.055527047767185
  endloop
endfacet
facet normal 4.568595370511166e-16 -0.9781476007338049 0.20791169081776253
  outer loop
    vertex 2.059287999999992 27.828134523794997 36.055527047767185
    vertex 5.059287999999993 27.97844855918404 36.762698984535625
    vertex 2.059287999999993 27.97844855918404 36.762698984535625
  endloop
endfacet
facet normal 4.568595370511166e-16 -0.9781476007338049 0.20791169081776253
  outer loop
    vertex 5.059287999999993 27.97844855918404 36.762698984535625
    vertex 2.059287999999992 27.828134523794997 36.055527047767185
    vertex 5.0592879999999925 27.828134523794997 36.055527047767185
  endloop
endfacet
facet normal 2.2711056863539296e-16 -0.9998889317268553 -0.014903832061859712
  outer loop
    vertex 5.059287999999993 27.97844855918404 36.762698984535625
    vertex 2.059287999999993 27.977237336971086 36.843959138270314
    vertex 2.059287999999993 27.97844855918404 36.762698984535625
  endloop
endfacet
facet normal 2.2711056863539296e-16 -0.9998889317268553 -0.014903832061859712
  outer loop
    vertex 2.059287999999993 27.977237336971086 36.843959138270314
    vertex 5.059287999999993 27.97844855918404 36.762698984535625
    vertex 5.059287999999993 27.977237336971086 36.843959138270314
  endloop
endfacet
facet normal -3.324748809056648e-16 -0.8584772998073857 -0.5128515630427773
  outer loop
    vertex 5.059287999999993 27.977237336971086 36.843959138270314
    vertex 2.059287999999993 27.93555831089769 36.91372688461351
    vertex 2.059287999999993 27.977237336971086 36.843959138270314
  endloop
endfacet
facet normal -3.324748809056648e-16 -0.8584772998073857 -0.5128515630427773
  outer loop
    vertex 2.059287999999993 27.93555831089769 36.91372688461351
    vertex 5.059287999999993 27.977237336971086 36.843959138270314
    vertex 5.059287999999993 27.93555831089769 36.9137268846135
  endloop
endfacet
facet normal -8.029739546043083e-16 -0.487037368684144 -0.8733811318692574
  outer loop
    vertex 5.059287999999993 27.864579342341564 36.95330801227482
    vertex 2.059287999999993 27.93555831089769 36.91372688461351
    vertex 5.059287999999993 27.93555831089769 36.9137268846135
  endloop
endfacet
facet normal -8.029739546043083e-16 -0.487037368684144 -0.8733811318692574
  outer loop
    vertex 2.059287999999993 27.93555831089769 36.91372688461351
    vertex 5.059287999999993 27.864579342341564 36.95330801227482
    vertex 2.059287999999993 27.864579342341564 36.95330801227482
  endloop
endfacet
facet normal -9.415350373918085e-16 -0.285572902093428 -0.9583569885955533
  outer loop
    vertex 5.059287999999993 27.672548088918173 37.01052982312959
    vertex 2.059287999999993 27.864579342341564 36.95330801227482
    vertex 5.059287999999993 27.864579342341564 36.95330801227482
  endloop
endfacet
facet normal -9.415350373918085e-16 -0.285572902093428 -0.9583569885955533
  outer loop
    vertex 2.059287999999993 27.864579342341564 36.95330801227482
    vertex 5.059287999999993 27.672548088918173 37.01052982312959
    vertex 2.059287999999993 27.672548088918173 37.01052982312959
  endloop
endfacet
facet normal -8.529430060271755e-16 -0.4231721531793584 -0.9060492970989744
  outer loop
    vertex 5.059287999999988 27.386781893507656 37.143997501549435
    vertex 2.059287999999993 27.672548088918173 37.01052982312959
    vertex 5.059287999999993 27.672548088918173 37.01052982312959
  endloop
endfacet
facet normal -8.529430060271755e-16 -0.4231721531793584 -0.9060492970989744
  outer loop
    vertex 2.059287999999993 27.672548088918173 37.01052982312959
    vertex 5.059287999999988 27.386781893507656 37.143997501549435
    vertex 2.0592879999999876 27.386781893507656 37.143997501549435
  endloop
endfacet
facet normal -7.674460151746935e-16 -0.5281335347000242 -0.8491613330370491
  outer loop
    vertex 5.059287999999993 26.940415407610594 37.42161389880731
    vertex 2.0592879999999876 27.386781893507656 37.143997501549435
    vertex 5.059287999999988 27.386781893507656 37.143997501549435
  endloop
endfacet
facet normal -7.674460151746935e-16 -0.5281335347000242 -0.8491613330370491
  outer loop
    vertex 2.0592879999999876 27.386781893507656 37.143997501549435
    vertex 5.059287999999993 26.940415407610594 37.42161389880731
    vertex 2.059287999999988 26.940415407610594 37.42161389880731
  endloop
endfacet
facet normal -6.696917858469989e-16 -0.6267772131014081 -0.7791985145884406
  outer loop
    vertex 5.059287999999995 26.36699155247403 37.88286863571887
    vertex 2.059287999999988 26.940415407610594 37.42161389880731
    vertex 5.059287999999993 26.940415407610594 37.42161389880731
  endloop
endfacet
facet normal -6.696917858469989e-16 -0.6267772131014081 -0.7791985145884406
  outer loop
    vertex 2.059287999999988 26.940415407610594 37.42161389880731
    vertex 5.059287999999995 26.36699155247403 37.88286863571887
    vertex 2.0592879999999942 26.36699155247403 37.88286863571887
  endloop
endfacet
facet normal -5.970900444162806e-16 -0.6890556328626196 -0.7247084481502163
  outer loop
    vertex 5.059287999999995 26.1132537582191 38.124123524975055
    vertex 2.0592879999999942 26.36699155247403 37.88286863571887
    vertex 5.059287999999995 26.36699155247403 37.88286863571887
  endloop
endfacet
facet normal -5.970900444162806e-16 -0.6890556328626196 -0.7247084481502163
  outer loop
    vertex 2.0592879999999942 26.36699155247403 37.88286863571887
    vertex 5.059287999999995 26.1132537582191 38.124123524975055
    vertex 2.0592879999999947 26.1132537582191 38.124123524975055
  endloop
endfacet
facet normal 5.569275762012017e-16 -0.9510565162951513 0.3090169943749544
  outer loop
    vertex 2.0592879999999947 26.1132537582191 38.124123524975055
    vertex 5.059287999999995 26.34110271046666 38.825370494270025
    vertex 2.0592879999999956 26.34110271046666 38.825370494270025
  endloop
endfacet
facet normal 5.569275762012017e-16 -0.9510565162951513 0.3090169943749544
  outer loop
    vertex 5.059287999999995 26.34110271046666 38.825370494270025
    vertex 2.0592879999999947 26.1132537582191 38.124123524975055
    vertex 5.059287999999995 26.1132537582191 38.124123524975055
  endloop
endfacet
facet normal 1.0775889158669e-15 -0.13148477902121425 0.9913181895263208
  outer loop
    vertex 2.0592879999999956 26.34110271046666 38.825370494270025
    vertex 5.059287999999995 26.688186964082366 38.871406466242064
    vertex 2.0592879999999956 26.688186964082366 38.87140646624207
  endloop
endfacet
facet normal 1.0775889158669e-15 -0.13148477902121425 0.9913181895263208
  outer loop
    vertex 5.059287999999995 26.688186964082366 38.871406466242064
    vertex 2.0592879999999956 26.34110271046666 38.825370494270025
    vertex 5.059287999999995 26.34110271046666 38.825370494270025
  endloop
endfacet
facet normal 1.0654611956686856e-15 -0.04907202160271793 0.9987952426277483
  outer loop
    vertex 2.0592879999999956 26.688186964082366 38.87140646624207
    vertex 5.059287999999995 27.423215339774494 38.907519301777484
    vertex 2.059287999999995 27.423215339774494 38.907519301777484
  endloop
endfacet
facet normal 1.0654611956686856e-15 -0.04907202160271793 0.9987952426277483
  outer loop
    vertex 5.059287999999995 27.423215339774494 38.907519301777484
    vertex 2.0592879999999956 26.688186964082366 38.87140646624207
    vertex 5.059287999999995 26.688186964082366 38.871406466242064
  endloop
endfacet
facet normal 1.0346370954455511e-15 0.07185550350456514 0.9974150523308265
  outer loop
    vertex 2.059287999999995 27.423215339774494 38.907519301777484
    vertex 5.059287999999995 27.947512236687388 38.86974804754835
    vertex 2.059287999999995 27.947512236687388 38.86974804754835
  endloop
endfacet
facet normal 1.0346370954455511e-15 0.07185550350456514 0.9974150523308265
  outer loop
    vertex 5.059287999999995 27.947512236687388 38.86974804754835
    vertex 2.059287999999995 27.423215339774494 38.907519301777484
    vertex 5.059287999999995 27.423215339774494 38.907519301777484
  endloop
endfacet
facet normal 9.893635332937589e-16 0.19020895121638867 0.9817436299142265
  outer loop
    vertex 2.059287999999995 27.947512236687388 38.86974804754835
    vertex 5.059287999999995 28.25715227822526 38.80975651232375
    vertex 2.059287999999995 28.25715227822526 38.80975651232375
  endloop
endfacet
facet normal 9.893635332937589e-16 0.19020895121638867 0.9817436299142265
  outer loop
    vertex 5.059287999999995 28.25715227822526 38.80975651232375
    vertex 2.059287999999995 27.947512236687388 38.86974804754835
    vertex 5.059287999999995 27.947512236687388 38.86974804754835
  endloop
endfacet
facet normal 9.141869675916052e-16 0.3322747734013442 0.9431826307566766
  outer loop
    vertex 2.059287999999995 28.25715227822526 38.80975651232375
    vertex 5.059287999999995 28.446142962225842 38.743176791012644
    vertex 2.0592879999999947 28.446142962225842 38.74317679101265
  endloop
endfacet
facet normal 9.141869675916052e-16 0.3322747734013442 0.9431826307566766
  outer loop
    vertex 5.059287999999995 28.446142962225842 38.743176791012644
    vertex 2.059287999999995 28.25715227822526 38.80975651232375
    vertex 5.059287999999995 28.25715227822526 38.80975651232375
  endloop
endfacet
facet normal 1.0182937962993278e-15 0.11933904078216484 0.9928535608765238
  outer loop
    vertex 2.0592879999999947 28.446142962225842 38.74317679101265
    vertex 5.059287999999995 28.52683135713937 38.73347820500694
    vertex 2.0592879999999947 28.52683135713937 38.73347820500694
  endloop
endfacet
facet normal 1.0182937962993278e-15 0.11933904078216484 0.9928535608765238
  outer loop
    vertex 5.059287999999995 28.52683135713937 38.73347820500694
    vertex 2.0592879999999947 28.446142962225842 38.74317679101265
    vertex 5.059287999999995 28.446142962225842 38.743176791012644
  endloop
endfacet
facet normal 1.0653699417916082e-15 -0.3930761394576553 0.9195059263479849
  outer loop
    vertex 2.0592879999999947 28.52683135713937 38.73347820500694
    vertex 5.059287999999995 28.601558849927933 38.765423180601985
    vertex 2.059287999999995 28.601558849927933 38.765423180601985
  endloop
endfacet
facet normal 1.0653699417916082e-15 -0.3930761394576553 0.9195059263479849
  outer loop
    vertex 5.059287999999995 28.601558849927933 38.765423180601985
    vertex 2.0592879999999947 28.52683135713937 38.73347820500694
    vertex 5.059287999999995 28.52683135713937 38.73347820500694
  endloop
endfacet
facet normal 8.269810717403805e-16 -0.8001668855658781 0.5997774214188151
  outer loop
    vertex 5.059287999999995 28.601558849927933 38.765423180601985
    vertex 2.059287999999995 28.650302269246435 38.830452087384856
    vertex 2.059287999999995 28.601558849927933 38.765423180601985
  endloop
endfacet
facet normal 8.269810717403805e-16 -0.8001668855658781 0.5997774214188151
  outer loop
    vertex 2.059287999999995 28.650302269246435 38.830452087384856
    vertex 5.059287999999995 28.601558849927933 38.765423180601985
    vertex 5.059287999999995 28.650302269246435 38.830452087384856
  endloop
endfacet
facet normal 6.508938002818406e-16 -0.9135454576425951 0.4067366430758134
  outer loop
    vertex 2.059287999999995 28.650302269246435 38.830452087384856
    vertex 5.059287999999995 28.944360895391235 39.490918575389806
    vertex 2.0592879999999956 28.944360895391235 39.490918575389806
  endloop
endfacet
facet normal 6.508938002818406e-16 -0.9135454576425951 0.4067366430758134
  outer loop
    vertex 5.059287999999995 28.944360895391235 39.490918575389806
    vertex 2.059287999999995 28.650302269246435 38.830452087384856
    vertex 5.059287999999995 28.650302269246435 38.830452087384856
  endloop
endfacet
facet normal 4.4218409428999715e-16 -0.9811376404925671 0.19331045085219356
  outer loop
    vertex 5.059287999999995 28.944360895391235 39.490918575389806
    vertex 2.0592879999999956 28.960071077248777 39.57065482705891
    vertex 2.0592879999999956 28.944360895391235 39.490918575389806
  endloop
endfacet
facet normal 4.4218409428999715e-16 -0.9811376404925671 0.19331045085219356
  outer loop
    vertex 2.0592879999999956 28.960071077248777 39.57065482705891
    vertex 5.059287999999995 28.944360895391235 39.490918575389806
    vertex 5.059287999999995 28.960071077248777 39.5706548270589
  endloop
endfacet
facet normal -1.1104289215012079e-16 -0.946345346701797 -0.32315705899122105
  outer loop
    vertex 5.059287999999995 28.960071077248777 39.5706548270589
    vertex 2.0592879999999956 28.933808368000957 39.64756353753567
    vertex 2.0592879999999956 28.960071077248777 39.57065482705891
  endloop
endfacet
facet normal -1.1104289215012079e-16 -0.946345346701797 -0.32315705899122105
  outer loop
    vertex 2.0592879999999956 28.933808368000957 39.64756353753567
    vertex 5.059287999999995 28.960071077248777 39.5706548270589
    vertex 5.059287999999996 28.933808368000957 39.64756353753566
  endloop
endfacet
facet normal -6.34516025313406e-16 -0.6579805815013662 -0.7530348958495378
  outer loop
    vertex 5.059287999999996 28.87260983938175 39.70103707995692
    vertex 2.0592879999999956 28.933808368000957 39.64756353753567
    vertex 5.059287999999996 28.933808368000957 39.64756353753566
  endloop
endfacet
facet normal -6.34516025313406e-16 -0.6579805815013662 -0.7530348958495378
  outer loop
    vertex 2.0592879999999956 28.933808368000957 39.64756353753567
    vertex 5.059287999999996 28.87260983938175 39.70103707995692
    vertex 2.0592879999999956 28.87260983938175 39.70103707995692
  endloop
endfacet
facet normal -8.099413433903667e-16 -0.47858607092318894 -0.8780406441152393
  outer loop
    vertex 5.059287999999996 28.696672013026184 39.79693399954327
    vertex 2.0592879999999956 28.87260983938175 39.70103707995692
    vertex 5.059287999999996 28.87260983938175 39.70103707995692
  endloop
endfacet
facet normal -8.099413433903667e-16 -0.47858607092318894 -0.8780406441152393
  outer loop
    vertex 2.0592879999999956 28.87260983938175 39.70103707995692
    vertex 5.059287999999996 28.696672013026184 39.79693399954327
    vertex 2.0592879999999956 28.696672013026184 39.79693399954327
  endloop
endfacet
facet normal -6.957497855838971e-16 -0.6023030676538526 -0.7982675082293897
  outer loop
    vertex 5.059287999999996 28.44489998530437 39.986899221831514
    vertex 2.0592879999999956 28.696672013026184 39.79693399954327
    vertex 5.059287999999996 28.696672013026184 39.79693399954327
  endloop
endfacet
facet normal -6.957497855838971e-16 -0.6023030676538526 -0.7982675082293897
  outer loop
    vertex 2.0592879999999956 28.696672013026184 39.79693399954327
    vertex 5.059287999999996 28.44489998530437 39.986899221831514
    vertex 2.059287999999996 28.44489998530437 39.986899221831514
  endloop
endfacet
facet normal -5.919746605114786e-16 -0.6931431183626869 -0.720799984369069
  outer loop
    vertex 5.059287999999996 28.066007372628818 40.3512538455409
    vertex 2.059287999999996 28.44489998530437 39.986899221831514
    vertex 5.059287999999996 28.44489998530437 39.986899221831514
  endloop
endfacet
facet normal -5.919746605114786e-16 -0.6931431183626869 -0.720799984369069
  outer loop
    vertex 2.059287999999996 28.44489998530437 39.986899221831514
    vertex 5.059287999999996 28.066007372628818 40.3512538455409
    vertex 2.0592879999999965 28.066007372628818 40.35125384554091
  endloop
endfacet
facet normal -4.782558611941971e-16 -0.7750851078405271 -0.6318568473980785
  outer loop
    vertex 5.059287999999996 28.066007372628818 40.3512538455409
    vertex 2.0592879999999973 27.601014456772415 40.92165058305473
    vertex 2.0592879999999965 28.066007372628818 40.35125384554091
  endloop
endfacet
facet normal -4.782558611941971e-16 -0.7750851078405271 -0.6318568473980785
  outer loop
    vertex 2.0592879999999973 27.601014456772415 40.92165058305473
    vertex 5.059287999999996 28.066007372628818 40.3512538455409
    vertex 5.059287999999998 27.601014456772415 40.92165058305473
  endloop
endfacet
facet normal -3.963338419871863e-16 -0.8246734728615287 -0.56560910809366
  outer loop
    vertex 5.059287999999998 27.601014456772415 40.92165058305473
    vertex 2.0592879999999973 27.402981154049773 41.21038852797388
    vertex 2.0592879999999973 27.601014456772415 40.92165058305473
  endloop
endfacet
facet normal -3.963338419871863e-16 -0.8246734728615287 -0.56560910809366
  outer loop
    vertex 2.0592879999999973 27.402981154049773 41.21038852797388
    vertex 5.059287999999998 27.601014456772415 40.92165058305473
    vertex 5.059287999999998 27.402981154049773 41.21038852797388
  endloop
endfacet
facet normal 7.377286956782917e-16 -0.8660254037844372 0.5000000000000027
  outer loop
    vertex 5.059287999999998 27.402981154049773 41.21038852797388
    vertex 2.0592879999999982 27.771648503087402 41.84893910759877
    vertex 2.0592879999999973 27.402981154049773 41.21038852797388
  endloop
endfacet
facet normal 7.377286956782917e-16 -0.8660254037844372 0.5000000000000027
  outer loop
    vertex 2.0592879999999982 27.771648503087402 41.84893910759877
    vertex 5.059287999999998 27.402981154049773 41.21038852797388
    vertex 5.059287999999999 27.771648503087402 41.84893910759877
  endloop
endfacet
facet normal 1.0328219974634688e-15 0.07749511979020682 0.9969927313720506
  outer loop
    vertex 2.0592879999999982 27.771648503087402 41.84893910759877
    vertex 5.059287999999999 28.12071954978522 41.8218062091052
    vertex 2.0592879999999982 28.12071954978522 41.821806209105205
  endloop
endfacet
facet normal 1.0328219974634688e-15 0.07749511979020682 0.9969927313720506
  outer loop
    vertex 5.059287999999999 28.12071954978522 41.8218062091052
    vertex 2.0592879999999982 27.771648503087402 41.84893910759877
    vertex 5.059287999999999 27.771648503087402 41.84893910759877
  endloop
endfacet
facet normal 1.002507959624384e-15 0.15966152748161294 0.9871718171839379
  outer loop
    vertex 2.0592879999999982 28.12071954978522 41.821806209105205
    vertex 5.059287999999998 28.847194072636164 41.70430890015068
    vertex 2.059287999999998 28.847194072636164 41.70430890015068
  endloop
endfacet
facet normal 1.002507959624384e-15 0.15966152748161294 0.9871718171839379
  outer loop
    vertex 5.059287999999998 28.847194072636164 41.70430890015068
    vertex 2.0592879999999982 28.12071954978522 41.821806209105205
    vertex 5.059287999999999 28.12071954978522 41.8218062091052
  endloop
endfacet
facet normal 9.459067255918453e-16 0.27765953832969514 0.9606795411449859
  outer loop
    vertex 2.059287999999998 28.847194072636164 41.70430890015068
    vertex 5.059287999999998 29.352180739092585 41.558355584122076
    vertex 2.0592879999999973 29.352180739092585 41.55835558412208
  endloop
endfacet
facet normal 9.459067255918453e-16 0.27765953832969514 0.9606795411449859
  outer loop
    vertex 5.059287999999998 29.352180739092585 41.558355584122076
    vertex 2.059287999999998 28.847194072636164 41.70430890015068
    vertex 5.059287999999998 28.847194072636164 41.70430890015068
  endloop
endfacet
facet normal 8.764579098441452e-16 0.39016840731544966 0.9207435114802196
  outer loop
    vertex 2.0592879999999973 29.352180739092585 41.55835558412208
    vertex 5.059287999999998 29.642581461290668 41.435297223296786
    vertex 2.0592879999999973 29.642581461290668 41.435297223296786
  endloop
endfacet
facet normal 8.764579098441452e-16 0.39016840731544966 0.9207435114802196
  outer loop
    vertex 5.059287999999998 29.642581461290668 41.435297223296786
    vertex 2.0592879999999973 29.352180739092585 41.55835558412208
    vertex 5.059287999999998 29.352180739092585 41.558355584122076
  endloop
endfacet
facet normal 7.737149887885041e-16 0.5211124678974468 0.8534880173744869
  outer loop
    vertex 2.0592879999999973 29.642581461290668 41.435297223296786
    vertex 5.059287999999998 29.813599542974885 41.33087905597944
    vertex 2.0592879999999973 29.813599542974885 41.330879055979445
  endloop
endfacet
facet normal 7.737149887885041e-16 0.5211124678974468 0.8534880173744869
  outer loop
    vertex 5.059287999999998 29.813599542974885 41.33087905597944
    vertex 2.0592879999999973 29.642581461290668 41.435297223296786
    vertex 5.059287999999998 29.642581461290668 41.435297223296786
  endloop
endfacet
facet normal 9.197373588498474e-16 0.32315705899121094 0.9463453467018006
  outer loop
    vertex 2.0592879999999973 29.813599542974885 41.330879055979445
    vertex 5.059287999999998 29.890508253451657 41.3046163467316
    vertex 2.0592879999999973 29.890508253451657 41.304616346731606
  endloop
endfacet
facet normal 9.197373588498474e-16 0.32315705899121094 0.9463453467018006
  outer loop
    vertex 5.059287999999998 29.890508253451657 41.3046163467316
    vertex 2.0592879999999973 29.813599542974885 41.330879055979445
    vertex 5.059287999999998 29.813599542974885 41.33087905597944
  endloop
endfacet
facet normal 1.0818652044953707e-15 -0.1933104508522763 0.9811376404925507
  outer loop
    vertex 2.0592879999999973 29.890508253451657 41.304616346731606
    vertex 5.059287999999998 29.970244505120736 41.32032652858915
    vertex 2.0592879999999973 29.970244505120736 41.32032652858915
  endloop
endfacet
facet normal 1.0818652044953707e-15 -0.1933104508522763 0.9811376404925507
  outer loop
    vertex 5.059287999999998 29.970244505120736 41.32032652858915
    vertex 2.0592879999999973 29.890508253451657 41.304616346731606
    vertex 5.059287999999998 29.890508253451657 41.3046163467316
  endloop
endfacet
facet normal 9.541081422769862e-16 -0.657980581501405 0.7530348958495036
  outer loop
    vertex 2.0592879999999973 29.970244505120736 41.32032652858915
    vertex 5.059287999999998 30.031443033739944 41.37380007101041
    vertex 2.0592879999999973 30.031443033739944 41.37380007101041
  endloop
endfacet
facet normal 9.541081422769862e-16 -0.657980581501405 0.7530348958495036
  outer loop
    vertex 5.059287999999998 30.031443033739944 41.37380007101041
    vertex 2.0592879999999973 29.970244505120736 41.32032652858915
    vertex 5.059287999999998 29.970244505120736 41.32032652858915
  endloop
endfacet
facet normal 8.164808811052544e-16 -0.8090169943749391 0.5877852522924845
  outer loop
    vertex 5.059287999999998 30.031443033739944 41.37380007101041
    vertex 2.059287999999998 30.45639447762814 41.95869555545623
    vertex 2.0592879999999973 30.031443033739944 41.37380007101041
  endloop
endfacet
facet normal 8.164808811052544e-16 -0.8090169943749391 0.5877852522924845
  outer loop
    vertex 2.059287999999998 30.45639447762814 41.95869555545623
    vertex 5.059287999999998 30.031443033739944 41.37380007101041
    vertex 5.059287999999998 30.45639447762814 41.958695555456224
  endloop
endfacet
facet normal 6.379320531894992e-16 -0.9195059263480031 0.3930761394576129
  outer loop
    vertex 5.059287999999998 30.45639447762814 41.958695555456224
    vertex 2.059287999999998 30.48833945322319 42.033423048244806
    vertex 2.059287999999998 30.45639447762814 41.95869555545623
  endloop
endfacet
facet normal 6.379320531894992e-16 -0.9195059263480031 0.3930761394576129
  outer loop
    vertex 2.059287999999998 30.48833945322319 42.033423048244806
    vertex 5.059287999999998 30.45639447762814 41.958695555456224
    vertex 5.059287999999998 30.48833945322319 42.0334230482448
  endloop
endfacet
facet normal 1.1524220383530066e-16 -0.9928535608765282 -0.11933904078212845
  outer loop
    vertex 5.059287999999998 30.48833945322319 42.0334230482448
    vertex 2.059287999999998 30.478640867217496 42.11411144315835
    vertex 2.059287999999998 30.48833945322319 42.033423048244806
  endloop
endfacet
facet normal 1.1524220383530066e-16 -0.9928535608765282 -0.11933904078212845
  outer loop
    vertex 2.059287999999998 30.478640867217496 42.11411144315835
    vertex 5.059287999999998 30.48833945322319 42.0334230482448
    vertex 5.059287999999998 30.478640867217496 42.11411144315834
  endloop
endfacet
facet normal -4.3832670097058923e-16 -0.8001668855658599 -0.5997774214188397
  outer loop
    vertex 5.059287999999998 30.478640867217496 42.11411144315834
    vertex 2.059287999999998 30.429897447899 42.179140349941214
    vertex 2.059287999999998 30.478640867217496 42.11411144315835
  endloop
endfacet
facet normal -4.3832670097058923e-16 -0.8001668855658599 -0.5997774214188397
  outer loop
    vertex 2.059287999999998 30.429897447899 42.179140349941214
    vertex 5.059287999999998 30.478640867217496 42.11411144315834
    vertex 5.059287999999998 30.429897447899 42.179140349941214
  endloop
endfacet
facet normal -6.429493261530025e-16 -0.6506827319428421 -0.7593497101806252
  outer loop
    vertex 5.059287999999999 30.277742375866385 42.309521222708746
    vertex 2.059287999999998 30.429897447899 42.179140349941214
    vertex 5.059287999999998 30.429897447899 42.179140349941214
  endloop
endfacet
facet normal -6.429493261530025e-16 -0.6506827319428421 -0.7593497101806252
  outer loop
    vertex 2.059287999999998 30.429897447899 42.179140349941214
    vertex 5.059287999999999 30.277742375866385 42.309521222708746
    vertex 2.0592879999999982 30.277742375866385 42.309521222708746
  endloop
endfacet
facet normal -5.081489609327642e-16 -0.7551104479010584 -0.6555975987377191
  outer loop
    vertex 5.059287999999999 30.277742375866385 42.309521222708746
    vertex 2.0592879999999987 30.07096816158094 42.54768159709712
    vertex 2.0592879999999982 30.277742375866385 42.309521222708746
  endloop
endfacet
facet normal -5.081489609327642e-16 -0.7551104479010584 -0.6555975987377191
  outer loop
    vertex 2.0592879999999987 30.07096816158094 42.54768159709712
    vertex 5.059287999999999 30.277742375866385 42.309521222708746
    vertex 5.059287999999999 30.07096816158094 42.54768159709712
  endloop
endfacet
facet normal -3.9063117257431566e-16 -0.8278590216832055 -0.5609362176020783
  outer loop
    vertex 5.059287999999999 30.07096816158094 42.54768159709712
    vertex 2.059287999999999 29.77610884742926 42.982850401834455
    vertex 2.0592879999999987 30.07096816158094 42.54768159709712
  endloop
endfacet
facet normal -3.9063117257431566e-16 -0.8278590216832055 -0.5609362176020783
  outer loop
    vertex 2.059287999999999 29.77610884742926 42.982850401834455
    vertex 5.059287999999999 30.07096816158094 42.54768159709712
    vertex 5.059287999999999 29.77610884742926 42.982850401834455
  endloop
endfacet
facet normal -2.6591786048095344e-16 -0.8895180640960313 -0.45690000399086095
  outer loop
    vertex 5.059287999999999 29.77610884742926 42.982850401834455
    vertex 2.0592879999999996 29.43986929255955 43.637460065453986
    vertex 2.059287999999999 29.77610884742926 42.982850401834455
  endloop
endfacet
facet normal -2.6591786048095344e-16 -0.8895180640960313 -0.45690000399086095
  outer loop
    vertex 2.0592879999999996 29.43986929255955 43.637460065453986
    vertex 5.059287999999999 29.77610884742926 42.982850401834455
    vertex 5.059288 29.43986929255955 43.63746006545397
  endloop
endfacet
facet normal -1.7825594884251021e-16 -0.9242491248739942 -0.38178993591981436
  outer loop
    vertex 5.059288 29.43986929255955 43.63746006545397
    vertex 2.0592880000000005 29.30619548696739 43.96106183232475
    vertex 2.0592879999999996 29.43986929255955 43.637460065453986
  endloop
endfacet
facet normal -1.7825594884251021e-16 -0.9242491248739942 -0.38178993591981436
  outer loop
    vertex 2.0592880000000005 29.30619548696739 43.96106183232475
    vertex 5.059288 29.43986929255955 43.63746006545397
    vertex 5.0592880000000005 29.30619548696739 43.96106183232475
  endloop
endfacet
facet normal 8.862875311391963e-16 -0.7431448254774004 0.6691306063588515
  outer loop
    vertex 2.0592880000000005 29.30619548696739 43.96106183232475
    vertex 5.0592880000000005 29.79956870057989 44.5090082978443
    vertex 2.0592880000000005 29.79956870057989 44.5090082978443
  endloop
endfacet
facet normal 8.862875311391963e-16 -0.7431448254774004 0.6691306063588515
  outer loop
    vertex 5.0592880000000005 29.79956870057989 44.5090082978443
    vertex 2.0592880000000005 29.30619548696739 43.96106183232475
    vertex 5.0592880000000005 29.30619548696739 43.96106183232475
  endloop
endfacet
facet normal 9.429158017410623e-16 0.28308811000397627 0.9590939067549
  outer loop
    vertex 2.0592880000000005 29.79956870057989 44.5090082978443
    vertex 5.0592880000000005 30.135370460590426 44.40989236674738
    vertex 2.0592880000000005 30.135370460590426 44.40989236674738
  endloop
endfacet
facet normal 9.429158017410623e-16 0.28308811000397627 0.9590939067549
  outer loop
    vertex 5.0592880000000005 30.135370460590426 44.40989236674738
    vertex 2.0592880000000005 29.79956870057989 44.5090082978443
    vertex 5.0592880000000005 29.79956870057989 44.5090082978443
  endloop
endfacet
facet normal 8.957403151775818e-16 0.3614171016739882 0.932404246353251
  outer loop
    vertex 2.0592880000000005 30.135370460590426 44.40989236674738
    vertex 5.0592880000000005 30.821540707940027 44.14392010951888
    vertex 2.059288 30.821540707940027 44.14392010951888
  endloop
endfacet
facet normal 8.957403151775818e-16 0.3614171016739882 0.932404246353251
  outer loop
    vertex 5.0592880000000005 30.821540707940027 44.14392010951888
    vertex 2.0592880000000005 30.135370460590426 44.40989236674738
    vertex 5.0592880000000005 30.135370460590426 44.40989236674738
  endloop
endfacet
facet normal 8.15835692865719e-16 0.4713285189715266 0.881957724159218
  outer loop
    vertex 2.059288 30.821540707940027 44.14392010951888
    vertex 5.059287999999999 31.285146803420975 43.896163591962974
    vertex 2.059287999999999 31.285146803420975 43.89616359196299
  endloop
endfacet
facet normal 8.15835692865719e-16 0.4713285189715266 0.881957724159218
  outer loop
    vertex 5.059287999999999 31.285146803420975 43.896163591962974
    vertex 2.059288 30.821540707940027 44.14392010951888
    vertex 5.0592880000000005 30.821540707940027 44.14392010951888
  endloop
endfacet
facet normal 7.252468700226834e-16 0.573075631779069 0.8195024833769701
  outer loop
    vertex 2.059287999999999 31.285146803420975 43.89616359196299
    vertex 5.059287999999999 31.543616301221935 43.71541664640458
    vertex 2.059287999999999 31.543616301221935 43.71541664640458
  endloop
endfacet
facet normal 7.252468700226834e-16 0.573075631779069 0.8195024833769701
  outer loop
    vertex 5.059287999999999 31.543616301221935 43.71541664640458
    vertex 2.059287999999999 31.285146803420975 43.89616359196299
    vertex 5.059287999999999 31.285146803420975 43.896163591962974
  endloop
endfacet
facet normal 5.994279522789108e-16 0.6871750469713824 0.7264918821431374
  outer loop
    vertex 2.059287999999999 31.543616301221935 43.71541664640458
    vertex 5.059287999999999 31.68918746978442 43.577723608046725
    vertex 2.059287999999999 31.68918746978442 43.57772360804673
  endloop
endfacet
facet normal 5.994279522789108e-16 0.6871750469713824 0.7264918821431374
  outer loop
    vertex 5.059287999999999 31.68918746978442 43.577723608046725
    vertex 2.059287999999999 31.543616301221935 43.71541664640458
    vertex 5.059287999999999 31.543616301221935 43.71541664640458
  endloop
endfacet
facet normal 7.80983985429093e-16 0.5128515630427661 0.8584772998073924
  outer loop
    vertex 2.059287999999999 31.68918746978442 43.57772360804673
    vertex 5.059287999999999 31.758955216127614 43.53604458197335
    vertex 2.059287999999999 31.758955216127614 43.53604458197335
  endloop
endfacet
facet normal 7.80983985429093e-16 0.5128515630427661 0.8584772998073924
  outer loop
    vertex 5.059287999999999 31.758955216127614 43.53604458197335
    vertex 2.059287999999999 31.68918746978442 43.57772360804673
    vertex 5.059287999999999 31.68918746978442 43.577723608046725
  endloop
endfacet
facet normal 1.051077766397463e-15 0.01490383206184143 0.9998889317268557
  outer loop
    vertex 2.059287999999999 31.758955216127614 43.53604458197335
    vertex 5.059287999999999 31.840215369862335 43.534833359760405
    vertex 2.059287999999999 31.840215369862335 43.534833359760405
  endloop
endfacet
facet normal 1.051077766397463e-15 0.01490383206184143 0.9998889317268557
  outer loop
    vertex 5.059287999999999 31.840215369862335 43.534833359760405
    vertex 2.059287999999999 31.758955216127614 43.53604458197335
    vertex 5.059287999999999 31.758955216127614 43.53604458197335
  endloop
endfacet
facet normal 1.0395361086772673e-15 -0.48703736868418324 0.8733811318692355
  outer loop
    vertex 2.059287999999999 31.840215369862335 43.534833359760405
    vertex 5.059287999999999 31.91119433841846 43.57441448742172
    vertex 2.059287999999999 31.91119433841846 43.57441448742172
  endloop
endfacet
facet normal 1.0395361086772673e-15 -0.48703736868418324 0.8733811318692355
  outer loop
    vertex 5.059287999999999 31.91119433841846 43.57441448742172
    vertex 2.059287999999999 31.840215369862335 43.534833359760405
    vertex 5.059287999999999 31.840215369862335 43.534833359760405
  endloop
endfacet
facet normal 9.463838295144067e-16 -0.6691306063588618 0.743144825477391
  outer loop
    vertex 2.059287999999999 31.91119433841846 43.57441448742172
    vertex 5.059288 32.448466182808865 44.058176228998185
    vertex 2.0592879999999996 32.448466182808865 44.058176228998185
  endloop
endfacet
facet normal 9.463838295144067e-16 -0.6691306063588618 0.743144825477391
  outer loop
    vertex 5.059288 32.448466182808865 44.058176228998185
    vertex 2.059287999999999 31.91119433841846 43.57441448742172
    vertex 5.059287999999999 31.91119433841846 43.57441448742172
  endloop
endfacet
facet normal 8.057993202270357e-16 -0.8176873909430261 0.5756625145801894
  outer loop
    vertex 2.0592879999999996 32.448466182808865 44.058176228998185
    vertex 5.059287999999999 32.49524980341888 44.124629012889095
    vertex 2.059287999999999 32.49524980341888 44.124629012889095
  endloop
endfacet
facet normal 8.057993202270357e-16 -0.8176873909430261 0.5756625145801894
  outer loop
    vertex 5.059287999999999 32.49524980341888 44.124629012889095
    vertex 2.0592879999999996 32.448466182808865 44.058176228998185
    vertex 5.059288 32.448466182808865 44.058176228998185
  endloop
endfacet
facet normal 3.3649066251957573e-16 -0.9959693102009779 0.08969466616130645
  outer loop
    vertex 5.059287999999999 32.49524980341888 44.124629012889095
    vertex 2.059287999999999 32.50253921540273 44.20557062219583
    vertex 2.059287999999999 32.49524980341888 44.124629012889095
  endloop
endfacet
facet normal 3.3649066251957573e-16 -0.9959693102009779 0.08969466616130645
  outer loop
    vertex 2.059287999999999 32.50253921540273 44.20557062219583
    vertex 5.059287999999999 32.49524980341888 44.124629012889095
    vertex 5.059287999999999 32.50253921540273 44.20557062219582
  endloop
endfacet
facet normal -2.2298039647051424e-16 -0.9073820571043896 -0.42030679562077783
  outer loop
    vertex 5.059287999999999 32.50253921540273 44.20557062219582
    vertex 2.0592879999999996 32.46838122670604 44.27931281807058
    vertex 2.059287999999999 32.50253921540273 44.20557062219583
  endloop
endfacet
facet normal -2.2298039647051424e-16 -0.9073820571043896 -0.42030679562077783
  outer loop
    vertex 2.0592879999999996 32.46838122670604 44.27931281807058
    vertex 5.059287999999999 32.50253921540273 44.20557062219582
    vertex 5.059288 32.46838122670604 44.27931281807058
  endloop
endfacet
facet normal -4.478573381495704e-16 -0.7943414352544436 -0.6074715501469273
  outer loop
    vertex 5.059288 32.46838122670604 44.27931281807058
    vertex 2.0592879999999996 32.34665881576529 44.43847937424252
    vertex 2.0592879999999996 32.46838122670604 44.27931281807058
  endloop
endfacet
facet normal -4.478573381495704e-16 -0.7943414352544436 -0.6074715501469273
  outer loop
    vertex 2.0592879999999996 32.34665881576529 44.43847937424252
    vertex 5.059288 32.46838122670604 44.27931281807058
    vertex 5.059288 32.34665881576529 44.438479374242505
  endloop
endfacet
facet normal -2.9833958831956673e-16 -0.8749158781530851 -0.48427492827485497
  outer loop
    vertex 5.059288 32.34665881576529 44.438479374242505
    vertex 2.059288 32.19391944029322 44.71442614954997
    vertex 2.0592879999999996 32.34665881576529 44.43847937424252
  endloop
endfacet
facet normal -2.9833958831956673e-16 -0.8749158781530851 -0.48427492827485497
  outer loop
    vertex 2.059288 32.19391944029322 44.71442614954997
    vertex 5.059288 32.34665881576529 44.438479374242505
    vertex 5.0592880000000005 32.19391944029322 44.71442614954996
  endloop
endfacet
facet normal -1.7221522793934818e-16 -0.9263935132478244 -0.3765568464552903
  outer loop
    vertex 5.0592880000000005 32.19391944029322 44.71442614954996
    vertex 2.059288000000001 31.99598019158583 45.201390170376634
    vertex 2.059288 32.19391944029322 44.71442614954997
  endloop
endfacet
facet normal -1.7221522793934818e-16 -0.9263935132478244 -0.3765568464552903
  outer loop
    vertex 2.059288000000001 31.99598019158583 45.201390170376634
    vertex 5.0592880000000005 32.19391944029322 44.71442614954996
    vertex 5.0592880000000005 31.99598019158583 45.201390170376634
  endloop
endfacet
facet normal -4.1957973249223803e-17 -0.9650748125692956 -0.2619744379597727
  outer loop
    vertex 5.0592880000000005 31.99598019158583 45.201390170376634
    vertex 2.0592880000000013 31.803189279706995 45.911603176636
    vertex 2.059288000000001 31.99598019158583 45.201390170376634
  endloop
endfacet
facet normal -4.1957973249223803e-17 -0.9650748125692956 -0.2619744379597727
  outer loop
    vertex 2.0592880000000013 31.803189279706995 45.911603176636
    vertex 5.0592880000000005 31.99598019158583 45.201390170376634
    vertex 5.059288000000002 31.803189279706995 45.911603176636
  endloop
endfacet
facet normal 4.7612584633517806e-17 -0.9834306550901066 -0.18128471151490916
  outer loop
    vertex 5.059288000000002 31.803189279706995 45.911603176636
    vertex 2.0592880000000022 31.739717157987787 46.255925815432576
    vertex 2.0592880000000013 31.803189279706995 45.911603176636
  endloop
endfacet
facet normal 4.7612584633517806e-17 -0.9834306550901066 -0.18128471151490916
  outer loop
    vertex 2.0592880000000022 31.739717157987787 46.255925815432576
    vertex 5.059288000000002 31.803189279706995 45.911603176636
    vertex 5.059288000000002 31.739717157987787 46.255925815432576
  endloop
endfacet
facet normal 9.96111348609908e-16 -0.5877852522924734 0.8090169943749475
  outer loop
    vertex 2.0592880000000022 31.739717157987787 46.255925815432576
    vertex 5.059288000000002 32.33623345927299 46.68932027696472
    vertex 2.0592880000000022 32.33623345927299 46.68932027696472
  endloop
endfacet
facet normal 9.96111348609908e-16 -0.5877852522924734 0.8090169943749475
  outer loop
    vertex 5.059288000000002 32.33623345927299 46.68932027696472
    vertex 2.0592880000000022 31.739717157987787 46.255925815432576
    vertex 5.059288000000002 31.739717157987787 46.255925815432576
  endloop
endfacet
facet normal 8.117996608705902e-16 0.47630879140304905 0.8792780761694031
  outer loop
    vertex 2.0592880000000022 32.33623345927299 46.68932027696472
    vertex 5.059288000000002 32.644089784328116 46.52255315506442
    vertex 2.059288000000002 32.644089784328116 46.52255315506442
  endloop
endfacet
facet normal 8.117996608705902e-16 0.47630879140304905 0.8792780761694031
  outer loop
    vertex 5.059288000000002 32.644089784328116 46.52255315506442
    vertex 2.0592880000000022 32.33623345927299 46.68932027696472
    vertex 5.059288000000002 32.33623345927299 46.68932027696472
  endloop
endfacet
facet normal 7.498245207186097e-16 0.547377014251536 0.8368861357849549
  outer loop
    vertex 2.059288000000002 32.644089784328116 46.52255315506442
    vertex 5.059288000000002 33.259966823757075 46.11973021347931
    vertex 2.0592880000000013 33.259966823757075 46.11973021347931
  endloop
endfacet
facet normal 7.498245207186097e-16 0.547377014251536 0.8368861357849549
  outer loop
    vertex 5.059288000000002 33.259966823757075 46.11973021347931
    vertex 2.059288000000002 32.644089784328116 46.52255315506442
    vertex 5.059288000000002 32.644089784328116 46.52255315506442
  endloop
endfacet
facet normal 6.501087255473587e-16 0.6443981816491463 0.7646901225249834
  outer loop
    vertex 2.0592880000000013 33.259966823757075 46.11973021347931
    vertex 5.059288000000001 33.66193053726117 45.78099864308098
    vertex 2.059288000000001 33.66193053726117 45.78099864308098
  endloop
endfacet
facet normal 6.501087255473587e-16 0.6443981816491463 0.7646901225249834
  outer loop
    vertex 5.059288000000001 33.66193053726117 45.78099864308098
    vertex 2.0592880000000013 33.259966823757075 46.11973021347931
    vertex 5.059288000000002 33.259966823757075 46.11973021347931
  endloop
endfacet
facet normal 5.423390618606273e-16 0.7309367012119689 0.6824452643409323
  outer loop
    vertex 5.059288000000001 33.66193053726117 45.78099864308098
    vertex 2.059288000000001 33.87717245333686 45.55046262163045
    vertex 2.059288000000001 33.66193053726117 45.78099864308098
  endloop
endfacet
facet normal 5.423390618606273e-16 0.7309367012119689 0.6824452643409323
  outer loop
    vertex 2.059288000000001 33.87717245333686 45.55046262163045
    vertex 5.059288000000001 33.66193053726117 45.78099864308098
    vertex 5.0592880000000005 33.87717245333686 45.55046262163045
  endloop
endfacet
facet normal 3.9894303788028896e-16 0.8232047790609494 0.5677445655673099
  outer loop
    vertex 5.0592880000000005 33.87717245333686 45.55046262163045
    vertex 2.0592880000000005 33.990934550183454 45.38551255873283
    vertex 2.059288000000001 33.87717245333686 45.55046262163045
  endloop
endfacet
facet normal 3.9894303788028896e-16 0.8232047790609494 0.5677445655673099
  outer loop
    vertex 2.0592880000000005 33.990934550183454 45.38551255873283
    vertex 5.0592880000000005 33.87717245333686 45.55046262163045
    vertex 5.0592880000000005 33.990934550183454 45.38551255873283
  endloop
endfacet
facet normal 6.080978642681969e-16 0.680131992854452 0.7330896754803138
  outer loop
    vertex 2.0592880000000005 33.990934550183454 45.38551255873283
    vertex 5.0592880000000005 34.050512147095105 45.33023878927147
    vertex 2.0592880000000005 34.050512147095105 45.33023878927147
  endloop
endfacet
facet normal 6.080978642681969e-16 0.680131992854452 0.7330896754803138
  outer loop
    vertex 5.0592880000000005 34.050512147095105 45.33023878927147
    vertex 2.0592880000000005 33.990934550183454 45.38551255873283
    vertex 5.0592880000000005 33.990934550183454 45.38551255873283
  endloop
endfacet
facet normal 9.743531862772681e-16 0.22246674599835095 0.9749402786452642
  outer loop
    vertex 2.0592880000000005 34.050512147095105 45.33023878927147
    vertex 5.0592880000000005 34.12974474424771 45.31215909921083
    vertex 2.0592880000000005 34.12974474424771 45.31215909921083
  endloop
endfacet
facet normal 9.743531862772681e-16 0.22246674599835095 0.9749402786452642
  outer loop
    vertex 5.0592880000000005 34.12974474424771 45.31215909921083
    vertex 2.0592880000000005 34.050512147095105 45.33023878927147
    vertex 5.0592880000000005 34.050512147095105 45.33023878927147
  endloop
endfacet
facet normal 1.0795313588806612e-15 -0.29480828579089174 0.9555564214786253
  outer loop
    vertex 2.0592880000000005 34.12974474424771 45.31215909921083
    vertex 5.0592880000000005 34.207402031220006 45.33611792690207
    vertex 2.0592880000000005 34.207402031220006 45.336117926902084
  endloop
endfacet
facet normal 1.0795313588806612e-15 -0.29480828579089174 0.9555564214786253
  outer loop
    vertex 5.0592880000000005 34.207402031220006 45.33611792690207
    vertex 2.0592880000000005 34.12974474424771 45.31215909921083
    vertex 5.0592880000000005 34.12974474424771 45.31215909921083
  endloop
endfacet
facet normal 1.0349252633203358e-15 -0.5000000000000006 0.8660254037844384
  outer loop
    vertex 2.0592880000000005 34.207402031220006 45.336117926902084
    vertex 5.0592880000000005 34.83351291839639 45.697603216155926
    vertex 2.059288000000001 34.83351291839639 45.697603216155926
  endloop
endfacet
facet normal 1.0349252633203358e-15 -0.5000000000000006 0.8660254037844384
  outer loop
    vertex 5.0592880000000005 34.83351291839639 45.697603216155926
    vertex 2.0592880000000005 34.207402031220006 45.336117926902084
    vertex 5.0592880000000005 34.5204574748082 45.516860571529
  endloop
endfacet
facet normal 1.0349252633203358e-15 -0.5000000000000006 0.8660254037844384
  outer loop
    vertex 5.0592880000000005 34.5204574748082 45.516860571529
    vertex 2.0592880000000005 34.207402031220006 45.336117926902084
    vertex 5.0592880000000005 34.207402031220006 45.33611792690207
  endloop
endfacet
facet normal 9.38449290316481e-16 -0.6801319928544012 0.733089675480361
  outer loop
    vertex 2.059288000000001 34.83351291839639 45.697603216155926
    vertex 5.0592880000000005 34.89309051530806 45.752876985617284
    vertex 2.059288000000001 34.89309051530806 45.752876985617284
  endloop
endfacet
facet normal 9.38449290316481e-16 -0.6801319928544012 0.733089675480361
  outer loop
    vertex 5.0592880000000005 34.89309051530806 45.752876985617284
    vertex 2.059288000000001 34.83351291839639 45.697603216155926
    vertex 5.0592880000000005 34.83351291839639 45.697603216155926
  endloop
endfacet
facet normal 5.4303286459049535e-16 -0.9555564214786474 0.29480828579082025
  outer loop
    vertex 5.0592880000000005 34.89309051530806 45.752876985617284
    vertex 2.059288000000001 34.917049342999306 45.830534272589574
    vertex 2.059288000000001 34.89309051530806 45.752876985617284
  endloop
endfacet
facet normal 5.4303286459049535e-16 -0.9555564214786474 0.29480828579082025
  outer loop
    vertex 2.059288000000001 34.917049342999306 45.830534272589574
    vertex 5.0592880000000005 34.89309051530806 45.752876985617284
    vertex 5.0592880000000005 34.917049342999306 45.83053427258957
  endloop
endfacet
facet normal 2.1112213338863108e-18 -0.9749402786452533 -0.22246674599839852
  outer loop
    vertex 5.0592880000000005 34.917049342999306 45.83053427258957
    vertex 2.059288000000001 34.89896965293866 45.909766869742164
    vertex 2.059288000000001 34.917049342999306 45.830534272589574
  endloop
endfacet
facet normal 2.1112213338863108e-18 -0.9749402786452533 -0.22246674599839852
  outer loop
    vertex 2.059288000000001 34.89896965293866 45.909766869742164
    vertex 5.0592880000000005 34.917049342999306 45.83053427258957
    vertex 5.0592880000000005 34.89896965293866 45.909766869742164
  endloop
endfacet
facet normal -2.331918354110616e-16 -0.9032836061723166 -0.42904396839990105
  outer loop
    vertex 5.0592880000000005 34.89896965293866 45.909766869742164
    vertex 2.059288000000001 34.81299975653677 46.09076276704791
    vertex 2.059288000000001 34.89896965293866 45.909766869742164
  endloop
endfacet
facet normal -2.331918354110616e-16 -0.9032836061723166 -0.42904396839990105
  outer loop
    vertex 2.059288000000001 34.81299975653677 46.09076276704791
    vertex 5.0592880000000005 34.89896965293866 45.909766869742164
    vertex 5.059288000000001 34.81299975653677 46.09076276704791
  endloop
endfacet
facet normal -7.549134410467613e-17 -0.956483286217619 -0.2917871196374926
  outer loop
    vertex 5.059288000000001 34.81299975653677 46.09076276704791
    vertex 2.0592880000000013 34.72097066351106 46.39243574505398
    vertex 2.059288000000001 34.81299975653677 46.09076276704791
  endloop
endfacet
facet normal -7.549134410467613e-17 -0.956483286217619 -0.2917871196374926
  outer loop
    vertex 2.0592880000000013 34.72097066351106 46.39243574505398
    vertex 5.059288000000001 34.81299975653677 46.09076276704791
    vertex 5.059288000000002 34.72097066351106 46.39243574505398
  endloop
endfacet
facet normal 5.37273485369512e-17 -0.9844401629542464 -0.17572013419815338
  outer loop
    vertex 5.059288000000002 34.72097066351106 46.39243574505398
    vertex 2.0592880000000022 34.628602375234365 46.90991231754721
    vertex 2.0592880000000013 34.72097066351106 46.39243574505398
  endloop
endfacet
facet normal 5.37273485369512e-17 -0.9844401629542464 -0.17572013419815338
  outer loop
    vertex 2.0592880000000022 34.628602375234365 46.90991231754721
    vertex 5.059288000000002 34.72097066351106 46.39243574505398
    vertex 5.059288000000002 34.628602375234365 46.90991231754721
  endloop
endfacet
facet normal 1.8383567875015963e-16 -0.9984531607905313 -0.05559933189704495
  outer loop
    vertex 2.0592880000000022 34.628602375234365 46.90991231754721
    vertex 5.059288000000002 34.58768599430897 47.644688950092785
    vertex 2.0592880000000027 34.58768599430897 47.644688950092785
  endloop
endfacet
facet normal 1.8383567875015963e-16 -0.9984531607905313 -0.05559933189704495
  outer loop
    vertex 5.059288000000002 34.58768599430897 47.644688950092785
    vertex 2.0592880000000022 34.628602375234365 46.90991231754721
    vertex 5.059288000000002 34.628602375234365 46.90991231754721
  endloop
endfacet
facet normal 2.714002196905844e-16 -0.9996315466549361 0.027143524683806097
  outer loop
    vertex 5.059288000000002 34.58768599430897 47.644688950092785
    vertex 2.059288000000003 34.59718959275485 47.994683909256416
    vertex 2.0592880000000027 34.58768599430897 47.644688950092785
  endloop
endfacet
facet normal 2.714002196905844e-16 -0.9996315466549361 0.027143524683806097
  outer loop
    vertex 2.059288000000003 34.59718959275485 47.994683909256416
    vertex 5.059288000000002 34.58768599430897 47.644688950092785
    vertex 5.059288000000003 34.59718959275485 47.994683909256416
  endloop
endfacet
facet normal 1.0624003202737908e-15 -0.40673664307580454 0.913545457642599
  outer loop
    vertex 2.059288000000003 34.59718959275485 47.994683909256416
    vertex 5.059288000000003 35.27077835694378 48.29458494917485
    vertex 2.0592880000000036 35.27077835694378 48.29458494917485
  endloop
endfacet
facet normal 1.0624003202737908e-15 -0.40673664307580454 0.913545457642599
  outer loop
    vertex 5.059288000000003 35.27077835694378 48.29458494917485
    vertex 2.059288000000003 34.59718959275485 47.994683909256416
    vertex 5.059288000000003 34.59718959275485 47.994683909256416
  endloop
endfacet
facet normal 6.452039793730963e-16 0.6487124930346729 0.7610335744109715
  outer loop
    vertex 2.0592880000000036 35.27077835694378 48.29458494917485
    vertex 5.059288000000003 35.537234448380104 48.06745515993563
    vertex 2.059288000000003 35.537234448380104 48.06745515993563
  endloop
endfacet
facet normal 6.452039793730963e-16 0.6487124930346729 0.7610335744109715
  outer loop
    vertex 5.059288000000003 35.537234448380104 48.06745515993563
    vertex 2.0592880000000036 35.27077835694378 48.29458494917485
    vertex 5.059288000000003 35.27077835694378 48.29458494917485
  endloop
endfacet
facet normal 5.711377966469743e-16 0.7094139246999714 0.7047920852576194
  outer loop
    vertex 2.059288000000003 35.537234448380104 48.06745515993563
    vertex 5.059288000000002 36.0559014979594 47.5453868295001
    vertex 2.0592880000000022 36.0559014979594 47.54538682950012
  endloop
endfacet
facet normal 5.711377966469743e-16 0.7094139246999714 0.7047920852576194
  outer loop
    vertex 5.059288000000002 36.0559014979594 47.5453868295001
    vertex 2.059288000000003 35.537234448380104 48.06745515993563
    vertex 5.059288000000003 35.537234448380104 48.06745515993563
  endloop
endfacet
facet normal 4.559688873548001e-16 0.7893045516231519 0.6140018931460838
  outer loop
    vertex 5.059288000000002 36.0559014979594 47.5453868295001
    vertex 2.059288000000002 36.37865508637061 47.13048440130017
    vertex 2.0592880000000022 36.0559014979594 47.54538682950012
  endloop
endfacet
facet normal 4.559688873548001e-16 0.7893045516231519 0.6140018931460838
  outer loop
    vertex 2.059288000000002 36.37865508637061 47.13048440130017
    vertex 5.059288000000002 36.0559014979594 47.5453868295001
    vertex 5.059288000000002 36.37865508637061 47.13048440130017
  endloop
endfacet
facet normal 3.3572843426374347e-16 0.8568523293784506 0.5155619125175205
  outer loop
    vertex 5.059288000000002 36.37865508637061 47.13048440130017
    vertex 2.0592880000000013 36.54126231614323 46.860234834329454
    vertex 2.059288000000002 36.37865508637061 47.13048440130017
  endloop
endfacet
facet normal 3.3572843426374347e-16 0.8568523293784506 0.5155619125175205
  outer loop
    vertex 2.0592880000000013 36.54126231614323 46.860234834329454
    vertex 5.059288000000002 36.37865508637061 47.13048440130017
    vertex 5.059288000000002 36.54126231614323 46.860234834329454
  endloop
endfacet
facet normal 1.810223983851857e-16 0.9232565121307702 0.38418408713548435
  outer loop
    vertex 5.059288000000002 36.54126231614323 46.860234834329454
    vertex 2.059288000000001 36.61824339175064 46.67523685615891
    vertex 2.0592880000000013 36.54126231614323 46.860234834329454
  endloop
endfacet
facet normal 1.810223983851857e-16 0.9232565121307702 0.38418408713548435
  outer loop
    vertex 2.059288000000001 36.61824339175064 46.67523685615891
    vertex 5.059288000000002 36.54126231614323 46.860234834329454
    vertex 5.059288000000001 36.61824339175064 46.67523685615891
  endloop
endfacet
facet normal 4.0863494846135855e-16 0.817687390943092 0.5756625145800962
  outer loop
    vertex 5.059288000000001 36.61824339175064 46.67523685615891
    vertex 2.059288000000001 36.66502701236068 46.60878407226801
    vertex 2.059288000000001 36.61824339175064 46.67523685615891
  endloop
endfacet
facet normal 4.0863494846135855e-16 0.817687390943092 0.5756625145800962
  outer loop
    vertex 2.059288000000001 36.66502701236068 46.60878407226801
    vertex 5.059288000000001 36.61824339175064 46.67523685615891
    vertex 5.059288000000001 36.66502701236068 46.60878407226801
  endloop
endfacet
facet normal 8.550446964514738e-16 0.4203067956207738 0.9073820571043915
  outer loop
    vertex 2.059288000000001 36.66502701236068 46.60878407226801
    vertex 5.059288000000001 36.738769208235425 46.5746260835713
    vertex 2.059288000000001 36.738769208235425 46.57462608357131
  endloop
endfacet
facet normal 8.550446964514738e-16 0.4203067956207738 0.9073820571043915
  outer loop
    vertex 5.059288000000001 36.738769208235425 46.5746260835713
    vertex 2.059288000000001 36.66502701236068 46.60878407226801
    vertex 5.059288000000001 36.66502701236068 46.60878407226801
  endloop
endfacet
facet normal 1.0723459085347772e-15 -0.08969466616137171 0.995969310200972
  outer loop
    vertex 2.059288000000001 36.738769208235425 46.57462608357131
    vertex 5.059288000000001 36.81971081754215 46.581915495555165
    vertex 2.059288000000001 36.81971081754215 46.581915495555165
  endloop
endfacet
facet normal 1.0723459085347772e-15 -0.08969466616137171 0.995969310200972
  outer loop
    vertex 5.059288000000001 36.81971081754215 46.581915495555165
    vertex 2.059288000000001 36.738769208235425 46.57462608357131
    vertex 5.059288000000001 36.738769208235425 46.5746260835713
  endloop
endfacet
facet normal 1.078235496996768e-15 -0.3090169943749483 0.9510565162951533
  outer loop
    vertex 2.059288000000001 36.81971081754215 46.581915495555165
    vertex 5.059288000000001 37.50729669732157 46.805325690747125
    vertex 2.059288000000001 37.50729669732157 46.805325690747125
  endloop
endfacet
facet normal 1.078235496996768e-15 -0.3090169943749483 0.9510565162951533
  outer loop
    vertex 5.059288000000001 37.50729669732157 46.805325690747125
    vertex 2.059288000000001 36.81971081754215 46.581915495555165
    vertex 5.059288000000001 36.81971081754215 46.581915495555165
  endloop
endfacet
facet normal 1.0300845232397282e-15 -0.5128515630427175 0.8584772998074217
  outer loop
    vertex 2.059288000000001 37.50729669732157 46.805325690747125
    vertex 5.059288000000002 37.57706444366479 46.847004716820514
    vertex 2.0592880000000013 37.57706444366479 46.847004716820514
  endloop
endfacet
facet normal 1.0300845232397282e-15 -0.5128515630427175 0.8584772998074217
  outer loop
    vertex 5.059288000000002 37.57706444366479 46.847004716820514
    vertex 2.059288000000001 37.50729669732157 46.805325690747125
    vertex 5.059288000000001 37.50729669732157 46.805325690747125
  endloop
endfacet
facet normal 7.258419247179209e-16 -0.8733811318693026 0.48703736868406305
  outer loop
    vertex 5.059288000000002 37.57706444366479 46.847004716820514
    vertex 2.0592880000000013 37.616645571326096 46.91798368537665
    vertex 2.0592880000000013 37.57706444366479 46.847004716820514
  endloop
endfacet
facet normal 7.258419247179209e-16 -0.8733811318693026 0.48703736868406305
  outer loop
    vertex 2.0592880000000013 37.616645571326096 46.91798368537665
    vertex 5.059288000000002 37.57706444366479 46.847004716820514
    vertex 5.059288000000002 37.616645571326096 46.91798368537665
  endloop
endfacet
facet normal 2.2711056863539217e-16 -0.9998889317268552 -0.014903832061860358
  outer loop
    vertex 5.059288000000002 37.616645571326096 46.91798368537665
    vertex 2.0592880000000013 37.61543434911314 46.99924383911134
    vertex 2.0592880000000013 37.616645571326096 46.91798368537665
  endloop
endfacet
facet normal 2.2711056863539217e-16 -0.9998889317268552 -0.014903832061860358
  outer loop
    vertex 2.0592880000000013 37.61543434911314 46.99924383911134
    vertex 5.059288000000002 37.616645571326096 46.91798368537665
    vertex 5.059288000000002 37.61543434911314 46.99924383911134
  endloop
endfacet
facet normal -8.334730486468694e-18 -0.9727479490648269 -0.23186510645237912
  outer loop
    vertex 5.059288000000002 37.61543434911314 46.99924383911134
    vertex 2.059288000000002 37.56897426425223 47.194158688323974
    vertex 2.0592880000000013 37.61543434911314 46.99924383911134
  endloop
endfacet
facet normal -8.334730486468694e-18 -0.9727479490648269 -0.23186510645237912
  outer loop
    vertex 2.059288000000002 37.56897426425223 47.194158688323974
    vertex 5.059288000000002 37.61543434911314 46.99924383911134
    vertex 5.059288000000002 37.56897426425223 47.19415868832396
  endloop
endfacet
facet normal 1.506562340952576e-16 -0.9962477849584239 -0.08654681372202104
  outer loop
    vertex 2.059288000000002 37.56897426425223 47.194158688323974
    vertex 5.059288000000002 37.5416775666427 47.508373312302204
    vertex 2.059288000000002 37.5416775666427 47.50837331230222
  endloop
endfacet
facet normal 1.506562340952576e-16 -0.9962477849584239 -0.08654681372202104
  outer loop
    vertex 5.059288000000002 37.5416775666427 47.508373312302204
    vertex 2.059288000000002 37.56897426425223 47.194158688323974
    vertex 5.059288000000002 37.56897426425223 47.19415868832396
  endloop
endfacet
facet normal 2.7732178206973984e-16 -0.9994620536715545 0.032796391122177186
  outer loop
    vertex 5.059288000000002 37.5416775666427 47.508373312302204
    vertex 2.0592880000000027 37.55891717622661 48.033746227115984
    vertex 2.059288000000002 37.5416775666427 47.50837331230222
  endloop
endfacet
facet normal 2.7732178206973984e-16 -0.9994620536715545 0.032796391122177186
  outer loop
    vertex 2.0592880000000027 37.55891717622661 48.033746227115984
    vertex 5.059288000000002 37.5416775666427 47.508373312302204
    vertex 5.059288000000002 37.55891717622661 48.033746227115984
  endloop
endfacet
facet normal 4.015948294467352e-16 -0.9881943147753935 0.15320573176480878
  outer loop
    vertex 5.059288000000002 37.55891717622661 48.033746227115984
    vertex 2.059288000000003 37.67166356843965 48.760973221256044
    vertex 2.0592880000000027 37.55891717622661 48.033746227115984
  endloop
endfacet
facet normal 4.015948294467352e-16 -0.9881943147753935 0.15320573176480878
  outer loop
    vertex 2.059288000000003 37.67166356843965 48.760973221256044
    vertex 5.059288000000002 37.55891717622661 48.033746227115984
    vertex 5.059288000000003 37.67166356843965 48.76097322125604
  endloop
endfacet
facet normal 4.833263628243663e-16 -0.9721437428665916 0.23438545860469834
  outer loop
    vertex 5.059288000000003 37.67166356843965 48.76097322125604
    vertex 2.0592880000000036 37.75372753419523 49.101344041609146
    vertex 2.059288000000003 37.67166356843965 48.760973221256044
  endloop
endfacet
facet normal 4.833263628243663e-16 -0.9721437428665916 0.23438545860469834
  outer loop
    vertex 2.0592880000000036 37.75372753419523 49.101344041609146
    vertex 5.059288000000003 37.67166356843965 48.76097322125604
    vertex 5.059288000000003 37.75372753419523 49.10134404160913
  endloop
endfacet
facet normal 1.0822572999793642e-15 -0.2079116908177581 0.978147600733806
  outer loop
    vertex 2.0592880000000036 37.75372753419523 49.101344041609146
    vertex 5.059288000000003 38.47494970005529 49.25464454538456
    vertex 2.0592880000000036 38.47494970005529 49.25464454538456
  endloop
endfacet
facet normal 1.0822572999793642e-15 -0.2079116908177581 0.978147600733806
  outer loop
    vertex 5.059288000000003 38.47494970005529 49.25464454538456
    vertex 2.0592880000000036 37.75372753419523 49.101344041609146
    vertex 5.059288000000003 37.75372753419523 49.10134404160913
  endloop
endfacet
facet normal 4.504097879447726e-16 0.7927643458527962 0.6095282536064988
  outer loop
    vertex 5.059288000000003 38.47494970005529 49.25464454538456
    vertex 2.059288000000003 38.688360148078836 48.97707875048582
    vertex 2.0592880000000036 38.47494970005529 49.25464454538456
  endloop
endfacet
facet normal 4.504097879447726e-16 0.7927643458527962 0.6095282536064988
  outer loop
    vertex 2.059288000000003 38.688360148078836 48.97707875048582
    vertex 5.059288000000003 38.47494970005529 49.25464454538456
    vertex 5.059288000000003 38.688360148078836 48.97707875048582
  endloop
endfacet
facet normal -1.0 -2.428583197959795e-16 1.0548144424291316e-15
  outer loop
    vertex 2.059287999999986 55.233502811211366 31.135863743121877
    vertex 2.059287999999986 55.747552903004205 31.115729529460005
    vertex 2.059287999999986 55.43220629775952 31.110032321123256
  endloop
endfacet
facet normal -1.0 -2.428583197959795e-16 1.0548144424291316e-15
  outer loop
    vertex 2.059287999999986 55.747552903004205 31.115729529460005
    vertex 2.059287999999986 55.233502811211366 31.135863743121877
    vertex 2.05928799999998 56.26824574012281 31.18779112208673
  endloop
endfacet
facet normal -1.0 -2.428583197959795e-16 1.0548144424291316e-15
  outer loop
    vertex 2.05928799999998 56.26824574012281 31.18779112208673
    vertex 2.059287999999986 55.233502811211366 31.135863743121877
    vertex 2.059287999999987 26.611839212989207 31.18779112208673
  endloop
endfacet
facet normal -1.0 -2.428583197959795e-16 1.0548144424291316e-15
  outer loop
    vertex 2.05928799999998 56.26824574012281 31.18779112208673
    vertex 2.059287999999987 26.611839212989207 31.18779112208673
    vertex 2.0592879999999876 25.900381251531062 31.37593579791058
  endloop
endfacet
facet normal -1.0 -2.428583197959795e-16 1.0548144424291316e-15
  outer loop
    vertex 2.05928799999998 56.26824574012281 31.18779112208673
    vertex 2.0592879999999876 25.900381251531062 31.37593579791058
    vertex 2.05928799999998 56.97970370158096 31.375935797910586
  endloop
endfacet
facet normal -1.0 -2.428583197959795e-16 1.0548144424291316e-15
  outer loop
    vertex 2.05928799999998 56.97970370158096 31.375935797910586
    vertex 2.0592879999999876 25.900381251531062 31.37593579791058
    vertex 2.0592879999999876 25.570453038375526 31.49312864746793
  endloop
endfacet
facet normal -1.0 -2.428583197959795e-16 1.0548144424291316e-15
  outer loop
    vertex 2.05928799999998 56.97970370158096 31.375935797910586
    vertex 2.0592879999999876 25.570453038375526 31.49312864746793
    vertex 2.05928799999998 57.30963191473649 31.49312864746793
  endloop
endfacet
facet normal -1.0 -2.428583197959795e-16 1.0548144424291316e-15
  outer loop
    vertex 2.05928799999998 57.30963191473649 31.49312864746793
    vertex 2.0592879999999876 25.570453038375526 31.49312864746793
    vertex 2.0592879999999836 41.44004247655601 31.531787781210202
  endloop
endfacet
facet normal -1.0 -2.428583197959795e-16 1.0548144424291316e-15
  outer loop
    vertex 2.0592879999999836 41.44004247655601 31.531787781210202
    vertex 2.0592879999999876 25.570453038375526 31.49312864746793
    vertex 2.059287999999989 25.493380575471814 32.22642414891851
  endloop
endfacet
facet normal -1.0 -2.428583197959795e-16 1.0548144424291316e-15
  outer loop
    vertex 2.0592879999999836 41.44004247655601 31.531787781210202
    vertex 2.059287999999989 25.493380575471814 32.22642414891851
    vertex 2.059287999999984 41.232703010951525 31.559084539705474
  endloop
endfacet
facet normal -1.0 -2.428583197959795e-16 1.0548144424291316e-15
  outer loop
    vertex 2.059287999999984 41.232703010951525 31.559084539705474
    vertex 2.059287999999989 25.493380575471814 32.22642414891851
    vertex 2.0592879999999845 40.92240438635097 31.599936128632066
  endloop
endfacet
facet normal -1.0 -2.428583197959795e-16 1.0548144424291316e-15
  outer loop
    vertex 2.0592879999999845 40.92240438635097 31.599936128632066
    vertex 2.059287999999989 25.493380575471814 32.22642414891851
    vertex 2.0592879999999845 40.44004247655601 31.799736973641327
  endloop
endfacet
facet normal -1.0 -2.428583197959795e-16 1.0548144424291316e-15
  outer loop
    vertex 2.0592879999999845 40.44004247655601 31.799736973641327
    vertex 2.059287999999989 25.493380575471814 32.22642414891851
    vertex 2.0592879999999854 40.02582891418291 32.117574218837106
  endloop
endfacet
facet normal -1.0 -2.428583197959795e-16 1.0548144424291316e-15
  outer loop
    vertex 2.0592879999999854 40.02582891418291 32.117574218837106
    vertex 2.059287999999989 25.493380575471814 32.22642414891851
    vertex 2.0592879999999854 39.70799166898713 32.531787781210205
  endloop
endfacet
facet normal -1.0 -2.428583197959795e-16 1.0548144424291316e-15
  outer loop
    vertex 2.0592879999999854 39.70799166898713 32.531787781210205
    vertex 2.059287999999989 25.493380575471814 32.22642414891851
    vertex 2.059287999999989 25.791733302081088 32.40965198618184
  endloop
endfacet
facet normal -1.0 -2.428583197959795e-16 1.0548144424291316e-15
  outer loop
    vertex 2.0592879999999854 39.70799166898713 32.531787781210205
    vertex 2.059287999999989 25.791733302081088 32.40965198618184
    vertex 2.059287999999989 26.44852672243542 32.7416056771423
  endloop
endfacet
facet normal -1.0 -2.428583197959795e-16 1.0548144424291316e-15
  outer loop
    vertex 2.0592879999999854 39.70799166898713 32.531787781210205
    vertex 2.059287999999989 26.44852672243542 32.7416056771423
    vertex 2.0592879999999862 39.50819082397788 33.014149691005166
  endloop
endfacet
facet normal -1.0 -2.428583197959795e-16 1.0548144424291316e-15
  outer loop
    vertex 2.0592879999999862 39.50819082397788 33.014149691005166
    vertex 2.059287999999989 26.44852672243542 32.7416056771423
    vertex 2.059287999999989 26.942858724216226 32.92035067923721
  endloop
endfacet
facet normal -1.0 -2.428583197959795e-16 1.0548144424291316e-15
  outer loop
    vertex 2.0592879999999862 39.50819082397788 33.014149691005166
    vertex 2.059287999999989 26.942858724216226 32.92035067923721
    vertex 2.059287999999989 27.250129733317618 32.991487635792744
  endloop
endfacet
facet normal -1.0 -2.428583197959795e-16 1.0548144424291316e-15
  outer loop
    vertex 2.0592879999999862 39.50819082397788 33.014149691005166
    vertex 2.059287999999989 27.250129733317618 32.991487635792744
    vertex 2.059287999999989 27.449861726566127 33.00753347020087
  endloop
endfacet
facet normal -1.0 -2.428583197959795e-16 1.0548144424291316e-15
  outer loop
    vertex 2.0592879999999862 39.50819082397788 33.014149691005166
    vertex 2.059287999999989 27.449861726566127 33.00753347020087
    vertex 2.059287999999989 27.52751901353838 33.03149229789211
  endloop
endfacet
facet normal -1.0 -2.428583197959795e-16 1.0548144424291316e-15
  outer loop
    vertex 2.0592879999999862 39.50819082397788 33.014149691005166
    vertex 2.059287999999989 27.52751901353838 33.03149229789211
    vertex 2.0592879999999867 39.44004247655601 33.531787781210205
  endloop
endfacet
facet normal -1.0 -2.428583197959795e-16 1.0548144424291316e-15
  outer loop
    vertex 2.0592879999999867 39.44004247655601 33.531787781210205
    vertex 2.059287999999989 27.52751901353838 33.03149229789211
    vertex 2.059287999999989 27.582792782999753 33.09106989480376
  endloop
endfacet
facet normal -1.0 -2.428583197959795e-16 1.0548144424291316e-15
  outer loop
    vertex 2.0592879999999867 39.44004247655601 33.531787781210205
    vertex 2.059287999999989 27.582792782999753 33.09106989480376
    vertex 2.059287999999989 27.60087247306038 33.170302491956356
  endloop
endfacet
facet normal -1.0 -2.428583197959795e-16 1.0548144424291316e-15
  outer loop
    vertex 2.0592879999999867 39.44004247655601 33.531787781210205
    vertex 2.059287999999989 27.60087247306038 33.170302491956356
    vertex 2.0592879999999902 27.600872473060406 33.893273070464055
  endloop
endfacet
facet normal -1.0 -2.428583197959795e-16 1.0548144424291316e-15
  outer loop
    vertex 2.0592879999999867 39.44004247655601 33.531787781210205
    vertex 2.0592879999999902 27.600872473060406 33.893273070464055
    vertex 2.059287999999987 39.50819082397788 34.04942587141525
  endloop
endfacet
facet normal -1.0 -2.428583197959795e-16 1.0548144424291316e-15
  outer loop
    vertex 2.059287999999987 39.50819082397788 34.04942587141525
    vertex 2.0592879999999902 27.600872473060406 33.893273070464055
    vertex 2.0592879999999902 27.582792782999753 33.97250566761666
  endloop
endfacet
facet normal -1.0 -2.428583197959795e-16 1.0548144424291316e-15
  outer loop
    vertex 2.059287999999987 39.50819082397788 34.04942587141525
    vertex 2.0592879999999902 27.582792782999753 33.97250566761666
    vertex 2.0592879999999902 27.52751901353838 34.03208326452831
  endloop
endfacet
facet normal -1.0 -2.428583197959795e-16 1.0548144424291316e-15
  outer loop
    vertex 2.059287999999987 39.50819082397788 34.04942587141525
    vertex 2.0592879999999902 27.52751901353838 34.03208326452831
    vertex 2.0592879999999902 27.449861726566127 34.05604209221955
  endloop
endfacet
facet normal -1.0 -2.428583197959795e-16 1.0548144424291316e-15
  outer loop
    vertex 2.059287999999987 39.50819082397788 34.04942587141525
    vertex 2.0592879999999902 27.449861726566127 34.05604209221955
    vertex 2.0592879999999876 39.70799166898713 34.531787781210205
  endloop
endfacet
facet normal -1.0 -2.428583197959795e-16 1.0548144424291316e-15
  outer loop
    vertex 2.0592879999999876 39.70799166898713 34.531787781210205
    vertex 2.0592879999999902 27.449861726566127 34.05604209221955
    vertex 2.0592879999999902 27.250129733317618 34.07208792662767
  endloop
endfacet
facet normal -1.0 -2.428583197959795e-16 1.0548144424291316e-15
  outer loop
    vertex 2.0592879999999876 39.70799166898713 34.531787781210205
    vertex 2.0592879999999902 27.250129733317618 34.07208792662767
    vertex 2.0592879999999907 26.942858724216226 34.1432248831832
  endloop
endfacet
facet normal -1.0 -2.428583197959795e-16 1.0548144424291316e-15
  outer loop
    vertex 2.0592879999999876 39.70799166898713 34.531787781210205
    vertex 2.0592879999999907 26.942858724216226 34.1432248831832
    vertex 2.0592879999999907 26.44852672243542 34.321969885278115
  endloop
endfacet
facet normal -1.0 -2.428583197959795e-16 1.0548144424291316e-15
  outer loop
    vertex 2.0592879999999876 39.70799166898713 34.531787781210205
    vertex 2.0592879999999907 26.44852672243542 34.321969885278115
    vertex 2.059287999999991 25.791733302081088 34.65392357623857
  endloop
endfacet
facet normal -1.0 -2.428583197959795e-16 1.0548144424291316e-15
  outer loop
    vertex 2.0592879999999876 39.70799166898713 34.531787781210205
    vertex 2.059287999999991 25.791733302081088 34.65392357623857
    vertex 2.059287999999988 40.02582891418291 34.9460013435833
  endloop
endfacet
facet normal -1.0 -2.428583197959795e-16 1.0548144424291316e-15
  outer loop
    vertex 2.059287999999988 40.02582891418291 34.9460013435833
    vertex 2.059287999999991 25.791733302081088 34.65392357623857
    vertex 2.0592879999999916 25.493380575471814 34.8371514135019
  endloop
endfacet
facet normal -1.0 -2.428583197959795e-16 1.0548144424291316e-15
  outer loop
    vertex 2.059287999999988 40.02582891418291 34.9460013435833
    vertex 2.0592879999999916 25.493380575471814 34.8371514135019
    vertex 2.059287999999992 25.570453038375526 35.57044691495248
  endloop
endfacet
facet normal -1.0 -2.428583197959795e-16 1.0548144424291316e-15
  outer loop
    vertex 2.059287999999988 40.02582891418291 34.9460013435833
    vertex 2.059287999999992 25.570453038375526 35.57044691495248
    vertex 2.059287999999988 40.27412961138308 35.13652916967898
  endloop
endfacet
facet normal -1.0 -2.428583197959795e-16 1.0548144424291316e-15
  outer loop
    vertex 2.059287999999988 40.27412961138308 35.13652916967898
    vertex 2.059287999999992 25.570453038375526 35.57044691495248
    vertex 2.059287999999988 40.440042476556016 35.26383858877908
  endloop
endfacet
facet normal -1.0 -2.428583197959795e-16 1.0548144424291316e-15
  outer loop
    vertex 2.059287999999988 40.440042476556016 35.26383858877908
    vertex 2.059287999999992 25.570453038375526 35.57044691495248
    vertex 2.0592879999999885 40.92240438635097 35.46363943378834
  endloop
endfacet
facet normal -1.0 -2.428583197959795e-16 1.0548144424291316e-15
  outer loop
    vertex 2.0592879999999885 40.92240438635097 35.46363943378834
    vertex 2.059287999999992 25.570453038375526 35.57044691495248
    vertex 2.059287999999988 41.44004247655601 35.5317877812102
  endloop
endfacet
facet normal -1.0 -2.428583197959795e-16 1.0548144424291316e-15
  outer loop
    vertex 2.05928799999997 40.92033738354322 17.85190655147071
    vertex 2.0592879999999694 41.80870982559364 17.536035708057987
    vertex 2.0592879999999694 41.071375127518394 17.536035708057987
  endloop
endfacet
facet normal -1.0 -2.428583197959795e-16 1.0548144424291316e-15
  outer loop
    vertex 2.0592879999999694 41.80870982559364 17.536035708057987
    vertex 2.05928799999997 40.92033738354322 17.85190655147071
    vertex 2.0592879999999694 41.95974756956882 17.851906551470712
  endloop
endfacet
facet normal -1.0 -2.428583197959795e-16 1.0548144424291316e-15
  outer loop
    vertex 2.0592879999999694 41.95974756956882 17.851906551470712
    vertex 2.05928799999997 40.92033738354322 17.85190655147071
    vertex 2.0592879999999703 40.658855776548684 18.539800597939053
  endloop
endfacet
facet normal -1.0 -2.428583197959795e-16 1.0548144424291316e-15
  outer loop
    vertex 2.0592879999999694 41.95974756956882 17.851906551470712
    vertex 2.0592879999999703 40.658855776548684 18.539800597939053
    vertex 2.05928799999997 42.221229176563355 18.539800597939053
  endloop
endfacet
facet normal -1.0 -2.428583197959795e-16 1.0548144424291316e-15
  outer loop
    vertex 2.05928799999997 42.221229176563355 18.539800597939053
    vertex 2.0592879999999703 40.658855776548684 18.539800597939053
    vertex 2.059287999999971 40.532761722767816 19.05010853767704
  endloop
endfacet
facet normal -1.0 -2.428583197959795e-16 1.0548144424291316e-15
  outer loop
    vertex 2.05928799999997 42.221229176563355 18.539800597939053
    vertex 2.059287999999971 40.532761722767816 19.05010853767704
    vertex 2.0592879999999707 42.34732323034422 19.05010853767704
  endloop
endfacet
facet normal -1.0 -2.428583197959795e-16 1.0548144424291316e-15
  outer loop
    vertex 2.0592879999999707 42.34732323034422 19.05010853767704
    vertex 2.059287999999971 40.532761722767816 19.05010853767704
    vertex 2.0592879999999716 40.49413302829154 19.363132120790585
  endloop
endfacet
facet normal -1.0 -2.428583197959795e-16 1.0548144424291316e-15
  outer loop
    vertex 2.0592879999999707 42.34732323034422 19.05010853767704
    vertex 2.0592879999999716 40.49413302829154 19.363132120790585
    vertex 2.0592879999999707 42.38595192482049 19.363132120790578
  endloop
endfacet
facet normal -1.0 -2.428583197959795e-16 1.0548144424291316e-15
  outer loop
    vertex 2.0592879999999707 42.38595192482049 19.363132120790578
    vertex 2.0592879999999716 40.49413302829154 19.363132120790585
    vertex 2.059287999999971 42.38103218014916 19.56344720769427
  endloop
endfacet
facet normal -1.0 -2.428583197959795e-16 1.0548144424291316e-15
  outer loop
    vertex 2.059287999999971 42.38103218014916 19.56344720769427
    vertex 2.0592879999999716 40.49413302829154 19.363132120790585
    vertex 2.0592879999999716 40.49905277296285 19.563447207694274
  endloop
endfacet
facet normal -1.0 -2.428583197959795e-16 1.0548144424291316e-15
  outer loop
    vertex 2.059287999999971 42.38103218014916 19.56344720769427
    vertex 2.0592879999999716 40.49905277296285 19.563447207694274
    vertex 2.0592879999999716 40.483342591105306 19.64318345936337
  endloop
endfacet
facet normal -1.0 -2.428583197959795e-16 1.0548144424291316e-15
  outer loop
    vertex 2.059287999999971 42.38103218014916 19.56344720769427
    vertex 2.0592879999999716 40.483342591105306 19.64318345936337
    vertex 2.059287999999971 42.396742362006705 19.643183459363364
  endloop
endfacet
facet normal -1.0 -2.428583197959795e-16 1.0548144424291316e-15
  outer loop
    vertex 2.059287999999971 42.396742362006705 19.643183459363364
    vertex 2.0592879999999716 40.483342591105306 19.64318345936337
    vertex 2.0592879999999716 42.450215904427964 19.704381987982575
  endloop
endfacet
facet normal -1.0 -2.428583197959795e-16 1.0548144424291316e-15
  outer loop
    vertex 2.0592879999999716 42.450215904427964 19.704381987982575
    vertex 2.0592879999999716 40.483342591105306 19.64318345936337
    vertex 2.059287999999972 40.42986904868407 19.70438198798258
  endloop
endfacet
facet normal -1.0 -2.428583197959795e-16 1.0548144424291316e-15
  outer loop
    vertex 2.0592879999999716 42.450215904427964 19.704381987982575
    vertex 2.059287999999972 40.42986904868407 19.70438198798258
    vertex 2.0592879999999716 42.527124614904736 19.730644697230417
  endloop
endfacet
facet normal -1.0 -2.428583197959795e-16 1.0548144424291316e-15
  outer loop
    vertex 2.0592879999999716 42.527124614904736 19.730644697230417
    vertex 2.059287999999972 40.42986904868407 19.70438198798258
    vertex 2.059287999999972 40.352960338207296 19.730644697230414
  endloop
endfacet
facet normal -1.0 -2.428583197959795e-16 1.0548144424291316e-15
  outer loop
    vertex 2.0592879999999716 42.527124614904736 19.730644697230417
    vertex 2.059287999999972 40.352960338207296 19.730644697230414
    vertex 2.059287999999972 39.633950268174324 19.806215700789558
  endloop
endfacet
facet normal -1.0 -2.428583197959795e-16 1.0548144424291316e-15
  outer loop
    vertex 2.0592879999999716 42.527124614904736 19.730644697230417
    vertex 2.059287999999972 39.633950268174324 19.806215700789558
    vertex 2.0592879999999716 43.246134684937715 19.80621570078955
  endloop
endfacet
facet normal -1.0 -2.428583197959795e-16 1.0548144424291316e-15
  outer loop
    vertex 2.059287999999975 31.73971715798778 20.80764974698784
    vertex 2.0592879999999747 32.64408978432811 20.541022407356
    vertex 2.0592879999999747 32.336233459272975 20.374255285455693
  endloop
endfacet
facet normal -1.0 -2.428583197959795e-16 1.0548144424291316e-15
  outer loop
    vertex 2.0592879999999747 32.64408978432811 20.541022407356
    vertex 2.059287999999975 31.73971715798778 20.80764974698784
    vertex 2.059287999999975 33.25996682375707 20.94384534894111
  endloop
endfacet
facet normal -1.0 -2.428583197959795e-16 1.0548144424291316e-15
  outer loop
    vertex 2.059287999999975 33.25996682375707 20.94384534894111
    vertex 2.059287999999975 31.73971715798778 20.80764974698784
    vertex 2.0592879999999756 31.803189279706988 21.15197238578441
  endloop
endfacet
facet normal -1.0 -2.428583197959795e-16 1.0548144424291316e-15
  outer loop
    vertex 2.059287999999975 33.25996682375707 20.94384534894111
    vertex 2.0592879999999756 31.803189279706988 21.15197238578441
    vertex 2.059287999999975 33.66193053726117 21.28257691933944
  endloop
endfacet
facet normal -1.0 -2.428583197959795e-16 1.0548144424291316e-15
  outer loop
    vertex 2.059287999999975 33.66193053726117 21.28257691933944
    vertex 2.0592879999999756 31.803189279706988 21.15197238578441
    vertex 2.059287999999976 31.995980191585847 21.862185392043784
  endloop
endfacet
facet normal -1.0 -2.428583197959795e-16 1.0548144424291316e-15
  outer loop
    vertex 2.059287999999975 33.66193053726117 21.28257691933944
    vertex 2.059287999999976 31.995980191585847 21.862185392043784
    vertex 2.059287999999975 33.877172453336854 21.513112940789966
  endloop
endfacet
facet normal -1.0 -2.428583197959795e-16 1.0548144424291316e-15
  outer loop
    vertex 2.059287999999975 33.877172453336854 21.513112940789966
    vertex 2.059287999999976 31.995980191585847 21.862185392043784
    vertex 2.059287999999975 33.990934550183454 21.678063003687598
  endloop
endfacet
facet normal -1.0 -2.428583197959795e-16 1.0548144424291316e-15
  outer loop
    vertex 2.059287999999975 33.990934550183454 21.678063003687598
    vertex 2.059287999999976 31.995980191585847 21.862185392043784
    vertex 2.0592879999999756 34.0505121470951 21.733336773148952
  endloop
endfacet
facet normal -1.0 -2.428583197959795e-16 1.0548144424291316e-15
  outer loop
    vertex 2.0592879999999756 34.0505121470951 21.733336773148952
    vertex 2.059287999999976 31.995980191585847 21.862185392043784
    vertex 2.0592879999999756 34.1297447442477 21.751416463209587
  endloop
endfacet
facet normal -1.0 -2.428583197959795e-16 1.0548144424291316e-15
  outer loop
    vertex 2.0592879999999756 34.1297447442477 21.751416463209587
    vertex 2.059287999999976 31.995980191585847 21.862185392043784
    vertex 2.059287999999972 48.75034020886431 21.751416463209587
  endloop
endfacet
facet normal -1.0 -2.428583197959795e-16 1.0548144424291316e-15
  outer loop
    vertex 2.0592879999999782 29.306195486967386 23.102513730095673
    vertex 2.0592879999999774 30.13537046059042 22.653683195673036
    vertex 2.0592879999999774 29.799568700579886 22.55456726457612
  endloop
endfacet
facet normal -1.0 -2.428583197959795e-16 1.0548144424291316e-15
  outer loop
    vertex 2.0592879999999774 30.13537046059042 22.653683195673036
    vertex 2.0592879999999782 29.306195486967386 23.102513730095673
    vertex 2.059287999999978 30.82154070794002 22.919655452901537
  endloop
endfacet
facet normal -1.0 -2.428583197959795e-16 1.0548144424291316e-15
  outer loop
    vertex 2.059287999999978 30.82154070794002 22.919655452901537
    vertex 2.0592879999999782 29.306195486967386 23.102513730095673
    vertex 2.059287999999978 31.285146803420993 23.167411970457433
  endloop
endfacet
facet normal -1.0 -2.428583197959795e-16 1.0548144424291316e-15
  outer loop
    vertex 2.059287999999978 31.285146803420993 23.167411970457433
    vertex 2.0592879999999782 29.306195486967386 23.102513730095673
    vertex 2.0592879999999782 29.439869292559546 23.426115496966446
  endloop
endfacet
facet normal -1.0 -2.428583197959795e-16 1.0548144424291316e-15
  outer loop
    vertex 2.059287999999978 31.285146803420993 23.167411970457433
    vertex 2.0592879999999782 29.439869292559546 23.426115496966446
    vertex 2.059287999999978 31.543616301221952 23.348158916015834
  endloop
endfacet
facet normal -1.0 -2.428583197959795e-16 1.0548144424291316e-15
  outer loop
    vertex 2.059287999999978 31.543616301221952 23.348158916015834
    vertex 2.0592879999999782 29.439869292559546 23.426115496966446
    vertex 2.0592879999999782 31.689187469784414 23.485851954373686
  endloop
endfacet
facet normal -1.0 -2.428583197959795e-16 1.0548144424291316e-15
  outer loop
    vertex 2.0592879999999782 31.689187469784414 23.485851954373686
    vertex 2.0592879999999782 29.439869292559546 23.426115496966446
    vertex 2.059287999999979 29.776108847429253 24.08072516058596
  endloop
endfacet
facet normal -1.0 -2.428583197959795e-16 1.0548144424291316e-15
  outer loop
    vertex 2.0592879999999782 31.689187469784414 23.485851954373686
    vertex 2.059287999999979 29.776108847429253 24.08072516058596
    vertex 2.0592879999999782 31.75895521612763 23.527530980447068
  endloop
endfacet
facet normal -1.0 -2.428583197959795e-16 1.0548144424291316e-15
  outer loop
    vertex 2.0592879999999782 31.75895521612763 23.527530980447068
    vertex 2.059287999999979 29.776108847429253 24.08072516058596
    vertex 2.0592879999999782 31.84021536986233 23.528742202660005
  endloop
endfacet
facet normal -1.0 -2.428583197959795e-16 1.0548144424291316e-15
  outer loop
    vertex 2.0592879999999782 31.84021536986233 23.528742202660005
    vertex 2.059287999999979 29.776108847429253 24.08072516058596
    vertex 2.0592879999999734 51.03986958324968 23.52874220266001
  endloop
endfacet
facet normal -1.0 -2.428583197959795e-16 1.0548144424291316e-15
  outer loop
    vertex 2.059287999999982 27.402981154049765 25.853187034446538
    vertex 2.0592879999999805 28.120719549785218 25.241769353315224
    vertex 2.059287999999981 27.7716485030874 25.214636454821655
  endloop
endfacet
facet normal -1.0 -2.428583197959795e-16 1.0548144424291316e-15
  outer loop
    vertex 2.0592879999999805 28.120719549785218 25.241769353315224
    vertex 2.059287999999982 27.402981154049765 25.853187034446538
    vertex 2.0592879999999805 28.84719407263616 25.359266662269743
  endloop
endfacet
facet normal -1.0 -2.428583197959795e-16 1.0548144424291316e-15
  outer loop
    vertex 2.0592879999999805 28.84719407263616 25.359266662269743
    vertex 2.059287999999982 27.402981154049765 25.853187034446538
    vertex 2.0592879999999805 29.352180739092578 25.505219978298342
  endloop
endfacet
facet normal -1.0 -2.428583197959795e-16 1.0548144424291316e-15
  outer loop
    vertex 2.0592879999999805 29.352180739092578 25.505219978298342
    vertex 2.059287999999982 27.402981154049765 25.853187034446538
    vertex 2.0592879999999805 29.642581461290664 25.628278339123636
  endloop
endfacet
facet normal -1.0 -2.428583197959795e-16 1.0548144424291316e-15
  outer loop
    vertex 2.0592879999999805 29.642581461290664 25.628278339123636
    vertex 2.059287999999982 27.402981154049765 25.853187034446538
    vertex 2.0592879999999805 29.813599542974877 25.732696506440977
  endloop
endfacet
facet normal -1.0 -2.428583197959795e-16 1.0548144424291316e-15
  outer loop
    vertex 2.0592879999999805 29.813599542974877 25.732696506440977
    vertex 2.059287999999982 27.402981154049765 25.853187034446538
    vertex 2.0592879999999805 29.89050825345165 25.75895921568882
  endloop
endfacet
facet normal -1.0 -2.428583197959795e-16 1.0548144424291316e-15
  outer loop
    vertex 2.0592879999999805 29.89050825345165 25.75895921568882
    vertex 2.059287999999982 27.402981154049765 25.853187034446538
    vertex 2.059287999999975 52.98957669966038 25.758959215688822
  endloop
endfacet
facet normal -1.0 -2.428583197959795e-16 1.0548144424291316e-15
  outer loop
    vertex 2.059287999999984 26.68818696408236 28.192169096178358
    vertex 2.0592879999999836 27.947512236687405 28.193827514872076
    vertex 2.059287999999984 27.423215339774487 28.156056260642934
  endloop
endfacet
facet normal -1.0 -2.428583197959795e-16 1.0548144424291316e-15
  outer loop
    vertex 2.0592879999999836 27.947512236687405 28.193827514872076
    vertex 2.059287999999984 26.68818696408236 28.192169096178358
    vertex 2.059287999999984 26.341102710466657 28.23820506815039
  endloop
endfacet
facet normal -1.0 -2.428583197959795e-16 1.0548144424291316e-15
  outer loop
    vertex 2.0592879999999836 27.947512236687405 28.193827514872076
    vertex 2.059287999999984 26.341102710466657 28.23820506815039
    vertex 2.0592879999999836 28.257152278225256 28.25381905009667
  endloop
endfacet
facet normal -1.0 -2.428583197959795e-16 1.0548144424291316e-15
  outer loop
    vertex 2.0592879999999836 28.257152278225256 28.25381905009667
    vertex 2.059287999999984 26.341102710466657 28.23820506815039
    vertex 2.0592879999999854 26.113253758219095 28.93945203744536
  endloop
endfacet
facet normal -1.0 -2.428583197959795e-16 1.0548144424291316e-15
  outer loop
    vertex 2.0592879999999836 28.257152278225256 28.25381905009667
    vertex 2.0592879999999854 26.113253758219095 28.93945203744536
    vertex 2.0592879999999836 28.446142962225835 28.32039877140777
  endloop
endfacet
facet normal -1.0 -2.428583197959795e-16 1.0548144424291316e-15
  outer loop
    vertex 2.0592879999999836 28.446142962225835 28.32039877140777
    vertex 2.0592879999999854 26.113253758219095 28.93945203744536
    vertex 2.0592879999999836 28.526831357139365 28.330097357413475
  endloop
endfacet
facet normal -1.0 -2.428583197959795e-16 1.0548144424291316e-15
  outer loop
    vertex 2.0592879999999836 28.526831357139365 28.330097357413475
    vertex 2.0592879999999854 26.113253758219095 28.93945203744536
    vertex 2.0592879999999774 54.353253595972646 28.330097357413475
  endloop
endfacet
facet normal -1.0 -2.428583197959795e-16 1.0548144424291316e-15
  outer loop
    vertex 2.059287999999987 27.13253205010781 31.115729529460005
    vertex 2.059287999999987 27.646582141900666 31.135863743121877
    vertex 2.059287999999987 27.4478786553525 31.110032321123256
  endloop
endfacet
facet normal -1.0 -2.428583197959795e-16 1.0548144424291316e-15
  outer loop
    vertex 2.059287999999987 27.646582141900666 31.135863743121877
    vertex 2.059287999999987 27.13253205010781 31.115729529460005
    vertex 2.059287999999987 26.611839212989207 31.18779112208673
  endloop
endfacet
facet normal -1.0 -2.428583197959795e-16 1.0548144424291316e-15
  outer loop
    vertex 2.059287999999987 27.646582141900666 31.135863743121877
    vertex 2.059287999999987 26.611839212989207 31.18779112208673
    vertex 2.059287999999986 55.233502811211366 31.135863743121877
  endloop
endfacet
facet normal -1.0 -2.428583197959795e-16 1.0548144424291316e-15
  outer loop
    vertex 2.0592879999999774 54.93257271642464 28.193827514872073
    vertex 2.059287999999977 56.19189798902966 28.192169096178354
    vertex 2.059287999999977 55.456869613337524 28.156056260642934
  endloop
endfacet
facet normal -1.0 -2.428583197959795e-16 1.0548144424291316e-15
  outer loop
    vertex 2.059287999999977 56.19189798902966 28.192169096178354
    vertex 2.0592879999999774 54.93257271642464 28.193827514872073
    vertex 2.059287999999977 56.53898224264537 28.238205068150386
  endloop
endfacet
facet normal -1.0 -2.428583197959795e-16 1.0548144424291316e-15
  outer loop
    vertex 2.059287999999977 56.53898224264537 28.238205068150386
    vertex 2.0592879999999774 54.93257271642464 28.193827514872073
    vertex 2.0592879999999774 54.622932674886755 28.25381905009667
  endloop
endfacet
facet normal -1.0 -2.428583197959795e-16 1.0548144424291316e-15
  outer loop
    vertex 2.059287999999977 56.53898224264537 28.238205068150386
    vertex 2.0592879999999774 54.622932674886755 28.25381905009667
    vertex 2.0592879999999836 56.76683119489293 28.93945203744536
  endloop
endfacet
facet normal -1.0 -2.428583197959795e-16 1.0548144424291316e-15
  outer loop
    vertex 2.0592879999999836 56.76683119489293 28.93945203744536
    vertex 2.0592879999999774 54.622932674886755 28.25381905009667
    vertex 2.0592879999999774 54.4339419908862 28.32039877140777
  endloop
endfacet
facet normal -1.0 -2.428583197959795e-16 1.0548144424291316e-15
  outer loop
    vertex 2.0592879999999836 56.76683119489293 28.93945203744536
    vertex 2.0592879999999774 54.4339419908862 28.32039877140777
    vertex 2.0592879999999774 54.353253595972646 28.330097357413475
  endloop
endfacet
facet normal -1.0 -2.428583197959795e-16 1.0548144424291316e-15
  outer loop
    vertex 2.0592879999999836 56.76683119489293 28.93945203744536
    vertex 2.0592879999999774 54.353253595972646 28.330097357413475
    vertex 2.0592879999999854 26.113253758219095 28.93945203744536
  endloop
endfacet
facet normal -1.0 -2.428583197959795e-16 1.0548144424291316e-15
  outer loop
    vertex 2.0592879999999836 56.76683119489293 28.93945203744536
    vertex 2.0592879999999854 26.113253758219095 28.93945203744536
    vertex 2.0592879999999854 26.36699155247403 29.18070692670154
  endloop
endfacet
facet normal -1.0 -2.428583197959795e-16 1.0548144424291316e-15
  outer loop
    vertex 2.0592879999999836 56.76683119489293 28.93945203744536
    vertex 2.0592879999999854 26.36699155247403 29.18070692670154
    vertex 2.0592879999999836 56.513093400638 29.180706926701546
  endloop
endfacet
facet normal -1.0 -2.428583197959795e-16 1.0548144424291316e-15
  outer loop
    vertex 2.0592879999999836 56.513093400638 29.180706926701546
    vertex 2.0592879999999854 26.36699155247403 29.18070692670154
    vertex 2.0592879999999854 26.940415407610594 29.641961663613102
  endloop
endfacet
facet normal -1.0 -2.428583197959795e-16 1.0548144424291316e-15
  outer loop
    vertex 2.0592879999999836 56.513093400638 29.180706926701546
    vertex 2.0592879999999854 26.940415407610594 29.641961663613102
    vertex 2.059287999999984 55.939669545501424 29.641961663613102
  endloop
endfacet
facet normal -1.0 -2.428583197959795e-16 1.0548144424291316e-15
  outer loop
    vertex 2.059287999999984 55.939669545501424 29.641961663613102
    vertex 2.0592879999999854 26.940415407610594 29.641961663613102
    vertex 2.059287999999986 27.386781893507656 29.919578060870975
  endloop
endfacet
facet normal -1.0 -2.428583197959795e-16 1.0548144424291316e-15
  outer loop
    vertex 2.059287999999984 55.939669545501424 29.641961663613102
    vertex 2.059287999999986 27.386781893507656 29.919578060870975
    vertex 2.0592879999999787 55.49330305960437 29.919578060870975
  endloop
endfacet
facet normal -1.0 -2.428583197959795e-16 1.0548144424291316e-15
  outer loop
    vertex 2.0592879999999787 55.49330305960437 29.919578060870975
    vertex 2.059287999999986 27.386781893507656 29.919578060870975
    vertex 2.0592879999999854 27.672548088918173 30.053045739290827
  endloop
endfacet
facet normal -1.0 -2.428583197959795e-16 1.0548144424291316e-15
  outer loop
    vertex 2.0592879999999787 55.49330305960437 29.919578060870975
    vertex 2.0592879999999854 27.672548088918173 30.053045739290827
    vertex 2.0592879999999787 55.20753686419388 30.053045739290827
  endloop
endfacet
facet normal -1.0 -2.428583197959795e-16 1.0548144424291316e-15
  outer loop
    vertex 2.0592879999999787 55.20753686419388 30.053045739290827
    vertex 2.0592879999999854 27.672548088918173 30.053045739290827
    vertex 2.059287999999986 27.864579342341564 30.110267550145593
  endloop
endfacet
facet normal -1.0 -2.428583197959795e-16 1.0548144424291316e-15
  outer loop
    vertex 2.0592879999999787 55.20753686419388 30.053045739290827
    vertex 2.059287999999986 27.864579342341564 30.110267550145593
    vertex 2.0592879999999796 55.01550561077047 30.110267550145593
  endloop
endfacet
facet normal -1.0 -2.428583197959795e-16 1.0548144424291316e-15
  outer loop
    vertex 2.0592879999999796 55.01550561077047 30.110267550145593
    vertex 2.059287999999986 27.864579342341564 30.110267550145593
    vertex 2.059287999999986 27.93555831089771 30.1498486778069
  endloop
endfacet
facet normal -1.0 -2.428583197959795e-16 1.0548144424291316e-15
  outer loop
    vertex 2.0592879999999796 55.01550561077047 30.110267550145593
    vertex 2.059287999999986 27.93555831089771 30.1498486778069
    vertex 2.0592879999999796 54.94452664221431 30.149848677806904
  endloop
endfacet
facet normal -1.0 -2.428583197959795e-16 1.0548144424291316e-15
  outer loop
    vertex 2.0592879999999796 54.94452664221431 30.149848677806904
    vertex 2.059287999999986 27.93555831089771 30.1498486778069
    vertex 2.059287999999986 27.97723733697111 30.2196164241501
  endloop
endfacet
facet normal -1.0 -2.428583197959795e-16 1.0548144424291316e-15
  outer loop
    vertex 2.0592879999999796 54.94452664221431 30.149848677806904
    vertex 2.059287999999986 27.97723733697111 30.2196164241501
    vertex 2.0592879999999796 54.902847616140946 30.219616424150104
  endloop
endfacet
facet normal -1.0 -2.428583197959795e-16 1.0548144424291316e-15
  outer loop
    vertex 2.0592879999999796 54.902847616140946 30.219616424150104
    vertex 2.059287999999986 27.97723733697111 30.2196164241501
    vertex 2.059287999999986 27.97844855918404 30.300876577884793
  endloop
endfacet
facet normal -1.0 -2.428583197959795e-16 1.0548144424291316e-15
  outer loop
    vertex 2.0592879999999796 54.902847616140946 30.219616424150104
    vertex 2.059287999999986 27.97844855918404 30.300876577884793
    vertex 2.0592879999999796 54.901636393928 30.300876577884797
  endloop
endfacet
facet normal -1.0 -2.428583197959795e-16 1.0548144424291316e-15
  outer loop
    vertex 2.0592879999999796 54.901636393928 30.300876577884797
    vertex 2.059287999999986 27.97844855918404 30.300876577884793
    vertex 2.059287999999987 27.828134523794997 31.00804851465323
  endloop
endfacet
facet normal -1.0 -2.428583197959795e-16 1.0548144424291316e-15
  outer loop
    vertex 2.0592879999999796 54.901636393928 30.300876577884797
    vertex 2.059287999999987 27.828134523794997 31.00804851465323
    vertex 2.059287999999986 55.05195042931703 31.008048514653233
  endloop
endfacet
facet normal -1.0 -2.428583197959795e-16 1.0548144424291316e-15
  outer loop
    vertex 2.059287999999986 55.05195042931703 31.008048514653233
    vertex 2.059287999999987 27.828134523794997 31.00804851465323
    vertex 2.059287999999987 27.793976535098288 31.081790710527986
  endloop
endfacet
facet normal -1.0 -2.428583197959795e-16 1.0548144424291316e-15
  outer loop
    vertex 2.059287999999986 55.05195042931703 31.008048514653233
    vertex 2.059287999999987 27.793976535098288 31.081790710527986
    vertex 2.059287999999986 55.08610841801373 31.081790710527986
  endloop
endfacet
facet normal -1.0 -2.428583197959795e-16 1.0548144424291316e-15
  outer loop
    vertex 2.059287999999986 55.08610841801373 31.081790710527986
    vertex 2.059287999999987 27.793976535098288 31.081790710527986
    vertex 2.059287999999987 27.727523751207414 31.128574331138022
  endloop
endfacet
facet normal -1.0 -2.428583197959795e-16 1.0548144424291316e-15
  outer loop
    vertex 2.059287999999986 55.08610841801373 31.081790710527986
    vertex 2.059287999999987 27.727523751207414 31.128574331138022
    vertex 2.059287999999986 55.152561201904625 31.128574331138026
  endloop
endfacet
facet normal -1.0 -2.428583197959795e-16 1.0548144424291316e-15
  outer loop
    vertex 2.059287999999986 55.152561201904625 31.128574331138026
    vertex 2.059287999999987 27.727523751207414 31.128574331138022
    vertex 2.059287999999987 27.646582141900666 31.135863743121877
  endloop
endfacet
facet normal -1.0 -2.428583197959795e-16 1.0548144424291316e-15
  outer loop
    vertex 2.059287999999986 55.152561201904625 31.128574331138026
    vertex 2.059287999999987 27.646582141900666 31.135863743121877
    vertex 2.059287999999986 55.233502811211366 31.135863743121877
  endloop
endfacet
facet normal -1.0 -2.428583197959795e-16 1.0548144424291316e-15
  outer loop
    vertex 2.0592879999999743 54.75936540332681 25.241769353315227
    vertex 2.0592879999999747 55.477103799062256 25.853187034446538
    vertex 2.0592879999999743 55.10843645002463 25.214636454821658
  endloop
endfacet
facet normal -1.0 -2.428583197959795e-16 1.0548144424291316e-15
  outer loop
    vertex 2.0592879999999747 55.477103799062256 25.853187034446538
    vertex 2.0592879999999743 54.75936540332681 25.241769353315227
    vertex 2.0592879999999743 54.032890880475875 25.35926666226975
  endloop
endfacet
facet normal -1.0 -2.428583197959795e-16 1.0548144424291316e-15
  outer loop
    vertex 2.0592879999999747 55.477103799062256 25.853187034446538
    vertex 2.0592879999999743 54.032890880475875 25.35926666226975
    vertex 2.059287999999975 53.527904214019436 25.505219978298346
  endloop
endfacet
facet normal -1.0 -2.428583197959795e-16 1.0548144424291316e-15
  outer loop
    vertex 2.0592879999999747 55.477103799062256 25.853187034446538
    vertex 2.059287999999975 53.527904214019436 25.505219978298346
    vertex 2.059287999999975 53.23750349182135 25.628278339123643
  endloop
endfacet
facet normal -1.0 -2.428583197959795e-16 1.0548144424291316e-15
  outer loop
    vertex 2.0592879999999747 55.477103799062256 25.853187034446538
    vertex 2.059287999999975 53.23750349182135 25.628278339123643
    vertex 2.059287999999975 53.06648541013713 25.732696506440984
  endloop
endfacet
facet normal -1.0 -2.428583197959795e-16 1.0548144424291316e-15
  outer loop
    vertex 2.0592879999999747 55.477103799062256 25.853187034446538
    vertex 2.059287999999975 53.06648541013713 25.732696506440984
    vertex 2.059287999999975 52.98957669966038 25.758959215688822
  endloop
endfacet
facet normal -1.0 -2.428583197959795e-16 1.0548144424291316e-15
  outer loop
    vertex 2.0592879999999747 55.477103799062256 25.853187034446538
    vertex 2.059287999999975 52.98957669966038 25.758959215688822
    vertex 2.059287999999982 27.402981154049765 25.853187034446538
  endloop
endfacet
facet normal -1.0 -2.428583197959795e-16 1.0548144424291316e-15
  outer loop
    vertex 2.0592879999999747 55.477103799062256 25.853187034446538
    vertex 2.059287999999982 27.402981154049765 25.853187034446538
    vertex 2.059287999999982 27.601014456772408 26.141924979365697
  endloop
endfacet
facet normal -1.0 -2.428583197959795e-16 1.0548144424291316e-15
  outer loop
    vertex 2.0592879999999747 55.477103799062256 25.853187034446538
    vertex 2.059287999999982 27.601014456772408 26.141924979365697
    vertex 2.059287999999975 55.27907049633961 26.14192497936569
  endloop
endfacet
facet normal -1.0 -2.428583197959795e-16 1.0548144424291316e-15
  outer loop
    vertex 2.059287999999975 55.27907049633961 26.14192497936569
    vertex 2.059287999999982 27.601014456772408 26.141924979365697
    vertex 2.0592879999999822 28.066007372628814 26.712321716879522
  endloop
endfacet
facet normal -1.0 -2.428583197959795e-16 1.0548144424291316e-15
  outer loop
    vertex 2.059287999999975 55.27907049633961 26.14192497936569
    vertex 2.0592879999999822 28.066007372628814 26.712321716879522
    vertex 2.0592879999999756 54.81407758048321 26.712321716879522
  endloop
endfacet
facet normal -1.0 -2.428583197959795e-16 1.0548144424291316e-15
  outer loop
    vertex 2.0592879999999756 54.81407758048321 26.712321716879522
    vertex 2.0592879999999822 28.066007372628814 26.712321716879522
    vertex 2.0592879999999822 28.444899985304364 27.07667634058891
  endloop
endfacet
facet normal -1.0 -2.428583197959795e-16 1.0548144424291316e-15
  outer loop
    vertex 2.0592879999999756 54.81407758048321 26.712321716879522
    vertex 2.0592879999999822 28.444899985304364 27.07667634058891
    vertex 2.059287999999976 54.43518496780765 27.076676340588904
  endloop
endfacet
facet normal -1.0 -2.428583197959795e-16 1.0548144424291316e-15
  outer loop
    vertex 2.059287999999976 54.43518496780765 27.076676340588904
    vertex 2.0592879999999822 28.444899985304364 27.07667634058891
    vertex 2.0592879999999827 28.696672013026177 27.26664156287715
  endloop
endfacet
facet normal -1.0 -2.428583197959795e-16 1.0548144424291316e-15
  outer loop
    vertex 2.059287999999976 54.43518496780765 27.076676340588904
    vertex 2.0592879999999827 28.696672013026177 27.26664156287715
    vertex 2.0592879999999765 54.18341294008584 27.26664156287715
  endloop
endfacet
facet normal -1.0 -2.428583197959795e-16 1.0548144424291316e-15
  outer loop
    vertex 2.0592879999999765 54.18341294008584 27.26664156287715
    vertex 2.0592879999999827 28.696672013026177 27.26664156287715
    vertex 2.0592879999999827 28.87260983938174 27.362538482463503
  endloop
endfacet
facet normal -1.0 -2.428583197959795e-16 1.0548144424291316e-15
  outer loop
    vertex 2.0592879999999765 54.18341294008584 27.26664156287715
    vertex 2.0592879999999827 28.87260983938174 27.362538482463503
    vertex 2.059287999999977 54.00747511373027 27.362538482463503
  endloop
endfacet
facet normal -1.0 -2.428583197959795e-16 1.0548144424291316e-15
  outer loop
    vertex 2.059287999999977 54.00747511373027 27.362538482463503
    vertex 2.0592879999999827 28.87260983938174 27.362538482463503
    vertex 2.0592879999999827 28.933808368000953 27.416012024884758
  endloop
endfacet
facet normal -1.0 -2.428583197959795e-16 1.0548144424291316e-15
  outer loop
    vertex 2.059287999999977 54.00747511373027 27.362538482463503
    vertex 2.0592879999999827 28.933808368000953 27.416012024884758
    vertex 2.059287999999977 53.94627658511106 27.41601202488475
  endloop
endfacet
facet normal -1.0 -2.428583197959795e-16 1.0548144424291316e-15
  outer loop
    vertex 2.059287999999977 53.94627658511106 27.41601202488475
    vertex 2.0592879999999827 28.933808368000953 27.416012024884758
    vertex 2.0592879999999827 28.96007107724877 27.492920735361512
  endloop
endfacet
facet normal -1.0 -2.428583197959795e-16 1.0548144424291316e-15
  outer loop
    vertex 2.059287999999977 53.94627658511106 27.41601202488475
    vertex 2.0592879999999827 28.96007107724877 27.492920735361512
    vertex 2.059287999999977 53.92001387586324 27.492920735361512
  endloop
endfacet
facet normal -1.0 -2.428583197959795e-16 1.0548144424291316e-15
  outer loop
    vertex 2.059287999999977 53.92001387586324 27.492920735361512
    vertex 2.0592879999999827 28.96007107724877 27.492920735361512
    vertex 2.059287999999983 28.94436089539123 27.572656987030616
  endloop
endfacet
facet normal -1.0 -2.428583197959795e-16 1.0548144424291316e-15
  outer loop
    vertex 2.059287999999977 53.92001387586324 27.492920735361512
    vertex 2.059287999999983 28.94436089539123 27.572656987030616
    vertex 2.059287999999977 53.93572405772078 27.572656987030616
  endloop
endfacet
facet normal -1.0 -2.428583197959795e-16 1.0548144424291316e-15
  outer loop
    vertex 2.059287999999977 53.93572405772078 27.572656987030616
    vertex 2.059287999999983 28.94436089539123 27.572656987030616
    vertex 2.0592879999999836 28.650302269246428 28.233123475035566
  endloop
endfacet
facet normal -1.0 -2.428583197959795e-16 1.0548144424291316e-15
  outer loop
    vertex 2.059287999999977 53.93572405772078 27.572656987030616
    vertex 2.0592879999999836 28.650302269246428 28.233123475035566
    vertex 2.0592879999999774 54.22978268386559 28.233123475035566
  endloop
endfacet
facet normal -1.0 -2.428583197959795e-16 1.0548144424291316e-15
  outer loop
    vertex 2.0592879999999774 54.22978268386559 28.233123475035566
    vertex 2.0592879999999836 28.650302269246428 28.233123475035566
    vertex 2.0592879999999836 28.60155884992793 28.298152381818436
  endloop
endfacet
facet normal -1.0 -2.428583197959795e-16 1.0548144424291316e-15
  outer loop
    vertex 2.0592879999999774 54.22978268386559 28.233123475035566
    vertex 2.0592879999999836 28.60155884992793 28.298152381818436
    vertex 2.0592879999999774 54.278526103184085 28.298152381818436
  endloop
endfacet
facet normal -1.0 -2.428583197959795e-16 1.0548144424291316e-15
  outer loop
    vertex 2.0592879999999774 54.278526103184085 28.298152381818436
    vertex 2.0592879999999836 28.60155884992793 28.298152381818436
    vertex 2.0592879999999836 28.526831357139365 28.330097357413475
  endloop
endfacet
facet normal -1.0 -2.428583197959795e-16 1.0548144424291316e-15
  outer loop
    vertex 2.0592879999999774 54.278526103184085 28.298152381818436
    vertex 2.0592879999999836 28.526831357139365 28.330097357413475
    vertex 2.0592879999999774 54.353253595972646 28.330097357413475
  endloop
endfacet
facet normal -1.0 -2.428583197959795e-16 1.0548144424291316e-15
  outer loop
    vertex 2.059287999999972 52.744714492521595 22.653683195673036
    vertex 2.059287999999972 53.57388946614463 23.102513730095676
    vertex 2.0592879999999716 53.08051625253213 22.554567264576125
  endloop
endfacet
facet normal -1.0 -2.428583197959795e-16 1.0548144424291316e-15
  outer loop
    vertex 2.059287999999972 53.57388946614463 23.102513730095676
    vertex 2.059287999999972 52.744714492521595 22.653683195673036
    vertex 2.0592879999999725 52.058544245171994 22.919655452901537
  endloop
endfacet
facet normal -1.0 -2.428583197959795e-16 1.0548144424291316e-15
  outer loop
    vertex 2.059287999999972 53.57388946614463 23.102513730095676
    vertex 2.0592879999999725 52.058544245171994 22.919655452901537
    vertex 2.059287999999973 51.59493814969104 23.167411970457437
  endloop
endfacet
facet normal -1.0 -2.428583197959795e-16 1.0548144424291316e-15
  outer loop
    vertex 2.059287999999972 53.57388946614463 23.102513730095676
    vertex 2.059287999999973 51.59493814969104 23.167411970457437
    vertex 2.0592879999999725 53.44021566055247 23.426115496966446
  endloop
endfacet
facet normal -1.0 -2.428583197959795e-16 1.0548144424291316e-15
  outer loop
    vertex 2.0592879999999725 53.44021566055247 23.426115496966446
    vertex 2.059287999999973 51.59493814969104 23.167411970457437
    vertex 2.059287999999973 51.33646865189006 23.348158916015837
  endloop
endfacet
facet normal -1.0 -2.428583197959795e-16 1.0548144424291316e-15
  outer loop
    vertex 2.0592879999999725 53.44021566055247 23.426115496966446
    vertex 2.059287999999973 51.33646865189006 23.348158916015837
    vertex 2.0592879999999734 51.190897483327596 23.485851954373686
  endloop
endfacet
facet normal -1.0 -2.428583197959795e-16 1.0548144424291316e-15
  outer loop
    vertex 2.0592879999999725 53.44021566055247 23.426115496966446
    vertex 2.0592879999999734 51.190897483327596 23.485851954373686
    vertex 2.0592879999999734 53.10397610568276 24.08072516058597
  endloop
endfacet
facet normal -1.0 -2.428583197959795e-16 1.0548144424291316e-15
  outer loop
    vertex 2.0592879999999734 53.10397610568276 24.08072516058597
    vertex 2.0592879999999734 51.190897483327596 23.485851954373686
    vertex 2.0592879999999734 51.12112973698438 23.527530980447068
  endloop
endfacet
facet normal -1.0 -2.428583197959795e-16 1.0548144424291316e-15
  outer loop
    vertex 2.0592879999999734 53.10397610568276 24.08072516058597
    vertex 2.0592879999999734 51.12112973698438 23.527530980447068
    vertex 2.0592879999999734 51.03986958324968 23.52874220266001
  endloop
endfacet
facet normal -1.0 -2.428583197959795e-16 1.0548144424291316e-15
  outer loop
    vertex 2.0592879999999734 53.10397610568276 24.08072516058597
    vertex 2.0592879999999734 51.03986958324968 23.52874220266001
    vertex 2.059287999999979 29.776108847429253 24.08072516058596
  endloop
endfacet
facet normal -1.0 -2.428583197959795e-16 1.0548144424291316e-15
  outer loop
    vertex 2.0592879999999734 53.10397610568276 24.08072516058597
    vertex 2.059287999999979 29.776108847429253 24.08072516058596
    vertex 2.059287999999979 30.070968161580936 24.515893965323304
  endloop
endfacet
facet normal -1.0 -2.428583197959795e-16 1.0548144424291316e-15
  outer loop
    vertex 2.0592879999999734 53.10397610568276 24.08072516058597
    vertex 2.059287999999979 30.070968161580936 24.515893965323304
    vertex 2.059287999999974 52.80911679153108 24.51589396532331
  endloop
endfacet
facet normal -1.0 -2.428583197959795e-16 1.0548144424291316e-15
  outer loop
    vertex 2.059287999999974 52.80911679153108 24.51589396532331
    vertex 2.059287999999979 30.070968161580936 24.515893965323304
    vertex 2.0592879999999796 30.27774237586638 24.754054339711672
  endloop
endfacet
facet normal -1.0 -2.428583197959795e-16 1.0548144424291316e-15
  outer loop
    vertex 2.059287999999974 52.80911679153108 24.51589396532331
    vertex 2.0592879999999796 30.27774237586638 24.754054339711672
    vertex 2.0592879999999743 52.60234257724563 24.75405433971168
  endloop
endfacet
facet normal -1.0 -2.428583197959795e-16 1.0548144424291316e-15
  outer loop
    vertex 2.0592879999999743 52.60234257724563 24.75405433971168
    vertex 2.0592879999999796 30.27774237586638 24.754054339711672
    vertex 2.0592879999999796 30.42989744789899 24.884435212479207
  endloop
endfacet
facet normal -1.0 -2.428583197959795e-16 1.0548144424291316e-15
  outer loop
    vertex 2.0592879999999743 52.60234257724563 24.75405433971168
    vertex 2.0592879999999796 30.42989744789899 24.884435212479207
    vertex 2.0592879999999743 52.450187505213044 24.88443521247921
  endloop
endfacet
facet normal -1.0 -2.428583197959795e-16 1.0548144424291316e-15
  outer loop
    vertex 2.0592879999999743 52.450187505213044 24.88443521247921
    vertex 2.0592879999999796 30.42989744789899 24.884435212479207
    vertex 2.05928799999998 30.47864086721749 24.94946411926208
  endloop
endfacet
facet normal -1.0 -2.428583197959795e-16 1.0548144424291316e-15
  outer loop
    vertex 2.0592879999999743 52.450187505213044 24.88443521247921
    vertex 2.05928799999998 30.47864086721749 24.94946411926208
    vertex 2.0592879999999747 52.401444085894546 24.94946411926208
  endloop
endfacet
facet normal -1.0 -2.428583197959795e-16 1.0548144424291316e-15
  outer loop
    vertex 2.0592879999999747 52.401444085894546 24.94946411926208
    vertex 2.05928799999998 30.47864086721749 24.94946411926208
    vertex 2.05928799999998 30.488339453223183 25.030152514175622
  endloop
endfacet
facet normal -1.0 -2.428583197959795e-16 1.0548144424291316e-15
  outer loop
    vertex 2.0592879999999747 52.401444085894546 24.94946411926208
    vertex 2.05928799999998 30.488339453223183 25.030152514175622
    vertex 2.0592879999999747 52.39174549988883 25.030152514175622
  endloop
endfacet
facet normal -1.0 -2.428583197959795e-16 1.0548144424291316e-15
  outer loop
    vertex 2.0592879999999747 52.39174549988883 25.030152514175622
    vertex 2.05928799999998 30.488339453223183 25.030152514175622
    vertex 2.05928799999998 30.456394477628134 25.104880006964198
  endloop
endfacet
facet normal -1.0 -2.428583197959795e-16 1.0548144424291316e-15
  outer loop
    vertex 2.0592879999999747 52.39174549988883 25.030152514175622
    vertex 2.05928799999998 30.456394477628134 25.104880006964198
    vertex 2.0592879999999747 52.42369047548388 25.104880006964205
  endloop
endfacet
facet normal -1.0 -2.428583197959795e-16 1.0548144424291316e-15
  outer loop
    vertex 2.0592879999999747 52.42369047548388 25.104880006964205
    vertex 2.05928799999998 30.456394477628134 25.104880006964198
    vertex 2.0592879999999805 30.03144303373996 25.689775491410018
  endloop
endfacet
facet normal -1.0 -2.428583197959795e-16 1.0548144424291316e-15
  outer loop
    vertex 2.0592879999999747 52.42369047548388 25.104880006964205
    vertex 2.0592879999999805 30.03144303373996 25.689775491410018
    vertex 2.059287999999975 52.84864191937207 25.689775491410018
  endloop
endfacet
facet normal -1.0 -2.428583197959795e-16 1.0548144424291316e-15
  outer loop
    vertex 2.059287999999975 52.84864191937207 25.689775491410018
    vertex 2.0592879999999805 30.03144303373996 25.689775491410018
    vertex 2.0592879999999805 29.97024450512073 25.743249033831272
  endloop
endfacet
facet normal -1.0 -2.428583197959795e-16 1.0548144424291316e-15
  outer loop
    vertex 2.059287999999975 52.84864191937207 25.689775491410018
    vertex 2.0592879999999805 29.97024450512073 25.743249033831272
    vertex 2.059287999999975 52.909840447991286 25.743249033831276
  endloop
endfacet
facet normal -1.0 -2.428583197959795e-16 1.0548144424291316e-15
  outer loop
    vertex 2.059287999999975 52.909840447991286 25.743249033831276
    vertex 2.0592879999999805 29.97024450512073 25.743249033831272
    vertex 2.0592879999999805 29.89050825345165 25.75895921568882
  endloop
endfacet
facet normal -1.0 -2.428583197959795e-16 1.0548144424291316e-15
  outer loop
    vertex 2.059287999999975 52.909840447991286 25.743249033831276
    vertex 2.0592879999999805 29.89050825345165 25.75895921568882
    vertex 2.059287999999975 52.98957669966038 25.758959215688822
  endloop
endfacet
facet normal -1.0 -2.428583197959795e-16 1.0548144424291316e-15
  outer loop
    vertex 2.05928799999997 50.23599516878388 20.541022407355992
    vertex 2.0592879999999703 51.140367795124234 20.807649746987835
    vertex 2.05928799999997 50.543851493839036 20.374255285455693
  endloop
endfacet
facet normal -1.0 -2.428583197959795e-16 1.0548144424291316e-15
  outer loop
    vertex 2.0592879999999703 51.140367795124234 20.807649746987835
    vertex 2.05928799999997 50.23599516878388 20.541022407355992
    vertex 2.059287999999971 49.62011812935494 20.943845348941107
  endloop
endfacet
facet normal -1.0 -2.428583197959795e-16 1.0548144424291316e-15
  outer loop
    vertex 2.0592879999999703 51.140367795124234 20.807649746987835
    vertex 2.059287999999971 49.62011812935494 20.943845348941107
    vertex 2.059287999999971 51.076895673405026 21.151972385784415
  endloop
endfacet
facet normal -1.0 -2.428583197959795e-16 1.0548144424291316e-15
  outer loop
    vertex 2.059287999999971 51.076895673405026 21.151972385784415
    vertex 2.059287999999971 49.62011812935494 20.943845348941107
    vertex 2.0592879999999716 49.21815441585085 21.282576919339437
  endloop
endfacet
facet normal -1.0 -2.428583197959795e-16 1.0548144424291316e-15
  outer loop
    vertex 2.059287999999971 51.076895673405026 21.151972385784415
    vertex 2.0592879999999716 49.21815441585085 21.282576919339437
    vertex 2.0592879999999716 50.88410476152619 21.862185392043784
  endloop
endfacet
facet normal -1.0 -2.428583197959795e-16 1.0548144424291316e-15
  outer loop
    vertex 2.0592879999999716 50.88410476152619 21.862185392043784
    vertex 2.0592879999999716 49.21815441585085 21.282576919339437
    vertex 2.0592879999999716 49.002912499775135 21.513112940789966
  endloop
endfacet
facet normal -1.0 -2.428583197959795e-16 1.0548144424291316e-15
  outer loop
    vertex 2.0592879999999716 50.88410476152619 21.862185392043784
    vertex 2.0592879999999716 49.002912499775135 21.513112940789966
    vertex 2.0592879999999716 48.889150402928564 21.678063003687594
  endloop
endfacet
facet normal -1.0 -2.428583197959795e-16 1.0548144424291316e-15
  outer loop
    vertex 2.0592879999999716 50.88410476152619 21.862185392043784
    vertex 2.0592879999999716 48.889150402928564 21.678063003687594
    vertex 2.059287999999972 48.82957280601691 21.73333677314895
  endloop
endfacet
facet normal -1.0 -2.428583197959795e-16 1.0548144424291316e-15
  outer loop
    vertex 2.0592879999999716 50.88410476152619 21.862185392043784
    vertex 2.059287999999972 48.82957280601691 21.73333677314895
    vertex 2.059287999999972 48.75034020886431 21.751416463209587
  endloop
endfacet
facet normal -1.0 -2.428583197959795e-16 1.0548144424291316e-15
  outer loop
    vertex 2.0592879999999716 50.88410476152619 21.862185392043784
    vertex 2.059287999999972 48.75034020886431 21.751416463209587
    vertex 2.059287999999976 31.995980191585847 21.862185392043784
  endloop
endfacet
facet normal -1.0 -2.428583197959795e-16 1.0548144424291316e-15
  outer loop
    vertex 2.0592879999999716 50.88410476152619 21.862185392043784
    vertex 2.059287999999976 31.995980191585847 21.862185392043784
    vertex 2.059287999999977 32.19391944029324 22.34914941287045
  endloop
endfacet
facet normal -1.0 -2.428583197959795e-16 1.0548144424291316e-15
  outer loop
    vertex 2.0592879999999716 50.88410476152619 21.862185392043784
    vertex 2.059287999999977 32.19391944029324 22.34914941287045
    vertex 2.059287999999972 50.686165512818796 22.349149412870453
  endloop
endfacet
facet normal -1.0 -2.428583197959795e-16 1.0548144424291316e-15
  outer loop
    vertex 2.059287999999972 50.686165512818796 22.349149412870453
    vertex 2.059287999999977 32.19391944029324 22.34914941287045
    vertex 2.059287999999977 32.3466588157653 22.625096188177903
  endloop
endfacet
facet normal -1.0 -2.428583197959795e-16 1.0548144424291316e-15
  outer loop
    vertex 2.059287999999972 50.686165512818796 22.349149412870453
    vertex 2.059287999999977 32.3466588157653 22.625096188177903
    vertex 2.0592879999999725 50.53342613734673 22.625096188177903
  endloop
endfacet
facet normal -1.0 -2.428583197959795e-16 1.0548144424291316e-15
  outer loop
    vertex 2.0592879999999725 50.53342613734673 22.625096188177903
    vertex 2.059287999999977 32.3466588157653 22.625096188177903
    vertex 2.059287999999977 32.468381226706036 22.784262744349835
  endloop
endfacet
facet normal -1.0 -2.428583197959795e-16 1.0548144424291316e-15
  outer loop
    vertex 2.0592879999999725 50.53342613734673 22.625096188177903
    vertex 2.059287999999977 32.468381226706036 22.784262744349835
    vertex 2.0592879999999725 50.411703726405975 22.784262744349835
  endloop
endfacet
facet normal -1.0 -2.428583197959795e-16 1.0548144424291316e-15
  outer loop
    vertex 2.0592879999999725 50.411703726405975 22.784262744349835
    vertex 2.059287999999977 32.468381226706036 22.784262744349835
    vertex 2.059287999999977 32.50253921540275 22.85800494022459
  endloop
endfacet
facet normal -1.0 -2.428583197959795e-16 1.0548144424291316e-15
  outer loop
    vertex 2.0592879999999725 50.411703726405975 22.784262744349835
    vertex 2.059287999999977 32.50253921540275 22.85800494022459
    vertex 2.0592879999999725 50.37754573770927 22.85800494022459
  endloop
endfacet
facet normal -1.0 -2.428583197959795e-16 1.0548144424291316e-15
  outer loop
    vertex 2.0592879999999725 50.37754573770927 22.85800494022459
    vertex 2.059287999999977 32.50253921540275 22.85800494022459
    vertex 2.059287999999977 32.49524980341889 22.938946549531327
  endloop
endfacet
facet normal -1.0 -2.428583197959795e-16 1.0548144424291316e-15
  outer loop
    vertex 2.0592879999999725 50.37754573770927 22.85800494022459
    vertex 2.059287999999977 32.49524980341889 22.938946549531327
    vertex 2.059287999999973 50.38483514969312 22.93894654953132
  endloop
endfacet
facet normal -1.0 -2.428583197959795e-16 1.0548144424291316e-15
  outer loop
    vertex 2.059287999999973 50.38483514969312 22.93894654953132
    vertex 2.059287999999977 32.49524980341889 22.938946549531327
    vertex 2.059287999999977 32.44846618280886 23.005399333422226
  endloop
endfacet
facet normal -1.0 -2.428583197959795e-16 1.0548144424291316e-15
  outer loop
    vertex 2.059287999999973 50.38483514969312 22.93894654953132
    vertex 2.059287999999977 32.44846618280886 23.005399333422226
    vertex 2.059287999999973 50.43161877030315 23.005399333422226
  endloop
endfacet
facet normal -1.0 -2.428583197959795e-16 1.0548144424291316e-15
  outer loop
    vertex 2.059287999999973 50.43161877030315 23.005399333422226
    vertex 2.059287999999977 32.44846618280886 23.005399333422226
    vertex 2.0592879999999782 31.911194338418458 23.489161074998698
  endloop
endfacet
facet normal -1.0 -2.428583197959795e-16 1.0548144424291316e-15
  outer loop
    vertex 2.059287999999973 50.43161877030315 23.005399333422226
    vertex 2.0592879999999782 31.911194338418458 23.489161074998698
    vertex 2.0592879999999734 50.96889061469356 23.489161074998698
  endloop
endfacet
facet normal -1.0 -2.428583197959795e-16 1.0548144424291316e-15
  outer loop
    vertex 2.0592879999999734 50.96889061469356 23.489161074998698
    vertex 2.0592879999999782 31.911194338418458 23.489161074998698
    vertex 2.0592879999999782 31.84021536986233 23.528742202660005
  endloop
endfacet
facet normal -1.0 -2.428583197959795e-16 1.0548144424291316e-15
  outer loop
    vertex 2.0592879999999734 50.96889061469356 23.489161074998698
    vertex 2.0592879999999782 31.84021536986233 23.528742202660005
    vertex 2.0592879999999734 51.03986958324968 23.52874220266001
  endloop
endfacet
facet normal -1.0 -2.428583197959795e-16 1.0548144424291316e-15
  outer loop
    vertex 2.0592879999999725 34.59718959275484 19.068891653164
    vertex 2.059287999999972 35.537234448380076 18.996120402484795
    vertex 2.059287999999972 35.270778356943765 18.768990613245567
  endloop
endfacet
facet normal -1.0 -2.428583197959795e-16 1.0548144424291316e-15
  outer loop
    vertex 2.059287999999972 35.537234448380076 18.996120402484795
    vertex 2.0592879999999725 34.59718959275484 19.068891653164
    vertex 2.059287999999973 36.05590149795938 19.51818873292031
  endloop
endfacet
facet normal -1.0 -2.428583197959795e-16 1.0548144424291316e-15
  outer loop
    vertex 2.059287999999973 36.05590149795938 19.51818873292031
    vertex 2.0592879999999725 34.59718959275484 19.068891653164
    vertex 2.0592879999999734 34.587685994308956 19.418886612327633
  endloop
endfacet
facet normal -1.0 -2.428583197959795e-16 1.0548144424291316e-15
  outer loop
    vertex 2.059287999999973 36.05590149795938 19.51818873292031
    vertex 2.0592879999999734 34.587685994308956 19.418886612327633
    vertex 2.0592879999999734 34.62860237523435 20.153663244873204
  endloop
endfacet
facet normal -1.0 -2.428583197959795e-16 1.0548144424291316e-15
  outer loop
    vertex 2.059287999999973 36.05590149795938 19.51818873292031
    vertex 2.0592879999999734 34.62860237523435 20.153663244873204
    vertex 2.059287999999973 36.37865508637059 19.933091161120252
  endloop
endfacet
facet normal -1.0 -2.428583197959795e-16 1.0548144424291316e-15
  outer loop
    vertex 2.059287999999973 36.37865508637059 19.933091161120252
    vertex 2.0592879999999734 34.62860237523435 20.153663244873204
    vertex 2.0592879999999734 36.54126231614322 20.203340728090957
  endloop
endfacet
facet normal -1.0 -2.428583197959795e-16 1.0548144424291316e-15
  outer loop
    vertex 2.0592879999999734 36.54126231614322 20.203340728090957
    vertex 2.0592879999999734 34.62860237523435 20.153663244873204
    vertex 2.0592879999999743 34.72097066351108 20.67113981736645
  endloop
endfacet
facet normal -1.0 -2.428583197959795e-16 1.0548144424291316e-15
  outer loop
    vertex 2.0592879999999734 36.54126231614322 20.203340728090957
    vertex 2.0592879999999743 34.72097066351108 20.67113981736645
    vertex 2.0592879999999734 36.6182433917506 20.388338706261514
  endloop
endfacet
facet normal -1.0 -2.428583197959795e-16 1.0548144424291316e-15
  outer loop
    vertex 2.0592879999999734 36.6182433917506 20.388338706261514
    vertex 2.0592879999999743 34.72097066351108 20.67113981736645
    vertex 2.0592879999999734 36.66502701236067 20.45479149015241
  endloop
endfacet
facet normal -1.0 -2.428583197959795e-16 1.0548144424291316e-15
  outer loop
    vertex 2.0592879999999734 36.66502701236067 20.45479149015241
    vertex 2.0592879999999743 34.72097066351108 20.67113981736645
    vertex 2.0592879999999734 36.7387692082354 20.488949478849108
  endloop
endfacet
facet normal -1.0 -2.428583197959795e-16 1.0548144424291316e-15
  outer loop
    vertex 2.0592879999999734 36.7387692082354 20.488949478849108
    vertex 2.0592879999999743 34.72097066351108 20.67113981736645
    vertex 2.059287999999971 46.14131574487659 20.488949478849108
  endloop
endfacet
facet normal -1.0 -2.428583197959795e-16 1.0548144424291316e-15
  outer loop
    vertex 2.059287999999971 46.14131574487659 20.488949478849108
    vertex 2.0592879999999743 34.72097066351108 20.67113981736645
    vertex 2.059287999999971 48.15911428960096 20.67113981736644
  endloop
endfacet
facet normal -1.0 -2.428583197959795e-16 1.0548144424291316e-15
  outer loop
    vertex 2.059287999999971 48.15911428960096 20.67113981736644
    vertex 2.0592879999999743 34.72097066351108 20.67113981736645
    vertex 2.0592879999999716 48.06708519657525 20.9728127953725
  endloop
endfacet
facet normal -1.0 -2.428583197959795e-16 1.0548144424291316e-15
  outer loop
    vertex 2.0592879999999716 48.06708519657525 20.9728127953725
    vertex 2.0592879999999743 34.72097066351108 20.67113981736645
    vertex 2.0592879999999747 34.81299975653676 20.97281279537251
  endloop
endfacet
facet normal -1.0 -2.428583197959795e-16 1.0548144424291316e-15
  outer loop
    vertex 2.0592879999999716 48.06708519657525 20.9728127953725
    vertex 2.0592879999999747 34.81299975653676 20.97281279537251
    vertex 2.0592879999999716 47.98111530017336 21.15380869267825
  endloop
endfacet
facet normal -1.0 -2.428583197959795e-16 1.0548144424291316e-15
  outer loop
    vertex 2.0592879999999716 47.98111530017336 21.15380869267825
    vertex 2.0592879999999747 34.81299975653676 20.97281279537251
    vertex 2.059287999999975 34.89896965293865 21.153808692678254
  endloop
endfacet
facet normal -1.0 -2.428583197959795e-16 1.0548144424291316e-15
  outer loop
    vertex 2.0592879999999716 47.98111530017336 21.15380869267825
    vertex 2.059287999999975 34.89896965293865 21.153808692678254
    vertex 2.059287999999975 34.917049342999306 21.23304128983085
  endloop
endfacet
facet normal -1.0 -2.428583197959795e-16 1.0548144424291316e-15
  outer loop
    vertex 2.0592879999999716 47.98111530017336 21.15380869267825
    vertex 2.059287999999975 34.917049342999306 21.23304128983085
    vertex 2.0592879999999716 47.96303561011271 21.233041289830847
  endloop
endfacet
facet normal -1.0 -2.428583197959795e-16 1.0548144424291316e-15
  outer loop
    vertex 2.0592879999999716 47.96303561011271 21.233041289830847
    vertex 2.059287999999975 34.917049342999306 21.23304128983085
    vertex 2.0592879999999716 47.98699443780396 21.310698576803134
  endloop
endfacet
facet normal -1.0 -2.428583197959795e-16 1.0548144424291316e-15
  outer loop
    vertex 2.0592879999999716 47.98699443780396 21.310698576803134
    vertex 2.059287999999975 34.917049342999306 21.23304128983085
    vertex 2.059287999999975 34.89309051530805 21.31069857680314
  endloop
endfacet
facet normal -1.0 -2.428583197959795e-16 1.0548144424291316e-15
  outer loop
    vertex 2.0592879999999716 47.98699443780396 21.310698576803134
    vertex 2.059287999999975 34.89309051530805 21.31069857680314
    vertex 2.0592879999999716 48.04657203471561 21.365972346264492
  endloop
endfacet
facet normal -1.0 -2.428583197959795e-16 1.0548144424291316e-15
  outer loop
    vertex 2.0592879999999716 48.04657203471561 21.365972346264492
    vertex 2.059287999999975 34.89309051530805 21.31069857680314
    vertex 2.059287999999975 34.83351291839638 21.365972346264492
  endloop
endfacet
facet normal -1.0 -2.428583197959795e-16 1.0548144424291316e-15
  outer loop
    vertex 2.0592879999999716 48.04657203471561 21.365972346264492
    vertex 2.059287999999975 34.83351291839638 21.365972346264492
    vertex 2.0592879999999756 34.207402031220006 21.72745763551835
  endloop
endfacet
facet normal -1.0 -2.428583197959795e-16 1.0548144424291316e-15
  outer loop
    vertex 2.0592879999999716 48.04657203471561 21.365972346264492
    vertex 2.0592879999999756 34.207402031220006 21.72745763551835
    vertex 2.059287999999972 48.67268292189201 21.72745763551834
  endloop
endfacet
facet normal -1.0 -2.428583197959795e-16 1.0548144424291316e-15
  outer loop
    vertex 2.059287999999972 48.67268292189201 21.72745763551834
    vertex 2.0592879999999756 34.207402031220006 21.72745763551835
    vertex 2.059287999999972 48.75034020886431 21.751416463209587
  endloop
endfacet
facet normal -1.0 -2.428583197959795e-16 1.0548144424291316e-15
  outer loop
    vertex 2.059287999999972 48.75034020886431 21.751416463209587
    vertex 2.0592879999999756 34.207402031220006 21.72745763551835
    vertex 2.0592879999999756 34.1297447442477 21.751416463209587
  endloop
endfacet
facet normal -1.0 -2.428583197959795e-16 1.0548144424291316e-15
  outer loop
    vertex 2.0592879999999694 47.34285050473194 18.996120402484788
    vertex 2.059287999999969 48.28289536035717 19.068891653163995
    vertex 2.059287999999969 47.609306596168246 18.768990613245563
  endloop
endfacet
facet normal -1.0 -2.428583197959795e-16 1.0548144424291316e-15
  outer loop
    vertex 2.059287999999969 48.28289536035717 19.068891653163995
    vertex 2.0592879999999694 47.34285050473194 18.996120402484788
    vertex 2.05928799999997 46.82418345515263 19.518188732920308
  endloop
endfacet
facet normal -1.0 -2.428583197959795e-16 1.0548144424291316e-15
  outer loop
    vertex 2.059287999999969 48.28289536035717 19.068891653163995
    vertex 2.05928799999997 46.82418345515263 19.518188732920308
    vertex 2.05928799999997 48.292398958803055 19.41888661232763
  endloop
endfacet
facet normal -1.0 -2.428583197959795e-16 1.0548144424291316e-15
  outer loop
    vertex 2.05928799999997 48.292398958803055 19.41888661232763
    vertex 2.05928799999997 46.82418345515263 19.518188732920308
    vertex 2.0592879999999703 48.25148257787766 20.1536632448732
  endloop
endfacet
facet normal -1.0 -2.428583197959795e-16 1.0548144424291316e-15
  outer loop
    vertex 2.0592879999999703 48.25148257787766 20.1536632448732
    vertex 2.05928799999997 46.82418345515263 19.518188732920308
    vertex 2.0592879999999703 46.50142986674142 19.93309116112025
  endloop
endfacet
facet normal -1.0 -2.428583197959795e-16 1.0548144424291316e-15
  outer loop
    vertex 2.0592879999999703 48.25148257787766 20.1536632448732
    vertex 2.0592879999999703 46.50142986674142 19.93309116112025
    vertex 2.0592879999999707 46.33882263696879 20.203340728090957
  endloop
endfacet
facet normal -1.0 -2.428583197959795e-16 1.0548144424291316e-15
  outer loop
    vertex 2.0592879999999703 48.25148257787766 20.1536632448732
    vertex 2.0592879999999707 46.33882263696879 20.203340728090957
    vertex 2.059287999999971 48.15911428960096 20.67113981736644
  endloop
endfacet
facet normal -1.0 -2.428583197959795e-16 1.0548144424291316e-15
  outer loop
    vertex 2.059287999999971 48.15911428960096 20.67113981736644
    vertex 2.0592879999999707 46.33882263696879 20.203340728090957
    vertex 2.059287999999971 46.26184156136141 20.388338706261507
  endloop
endfacet
facet normal -1.0 -2.428583197959795e-16 1.0548144424291316e-15
  outer loop
    vertex 2.059287999999971 48.15911428960096 20.67113981736644
    vertex 2.059287999999971 46.26184156136141 20.388338706261507
    vertex 2.059287999999971 46.21505794075134 20.45479149015241
  endloop
endfacet
facet normal -1.0 -2.428583197959795e-16 1.0548144424291316e-15
  outer loop
    vertex 2.059287999999971 48.15911428960096 20.67113981736644
    vertex 2.059287999999971 46.21505794075134 20.45479149015241
    vertex 2.059287999999971 46.14131574487659 20.488949478849108
  endloop
endfacet
facet normal -1.0 -2.428583197959795e-16 1.0548144424291316e-15
  outer loop
    vertex 2.0592879999999703 37.753727534195214 17.96223152081128
    vertex 2.0592879999999707 38.68836014807882 18.086496811934595
    vertex 2.0592879999999703 38.47494970005528 17.808931017035853
  endloop
endfacet
facet normal -1.0 -2.428583197959795e-16 1.0548144424291316e-15
  outer loop
    vertex 2.0592879999999707 38.68836014807882 18.086496811934595
    vertex 2.0592879999999703 37.753727534195214 17.96223152081128
    vertex 2.059287999999971 37.67166356843961 18.302602341164377
  endloop
endfacet
facet normal -1.0 -2.428583197959795e-16 1.0548144424291316e-15
  outer loop
    vertex 2.0592879999999707 38.68836014807882 18.086496811934595
    vertex 2.059287999999971 37.67166356843961 18.302602341164377
    vertex 2.059287999999971 39.08714896890126 18.704993640018696
  endloop
endfacet
facet normal -1.0 -2.428583197959795e-16 1.0548144424291316e-15
  outer loop
    vertex 2.059287999999971 39.08714896890126 18.704993640018696
    vertex 2.059287999999971 37.67166356843961 18.302602341164377
    vertex 2.0592879999999716 37.55891717622659 19.02982933530444
  endloop
endfacet
facet normal -1.0 -2.428583197959795e-16 1.0548144424291316e-15
  outer loop
    vertex 2.059287999999971 39.08714896890126 18.704993640018696
    vertex 2.0592879999999716 37.55891717622659 19.02982933530444
    vertex 2.0592879999999716 39.31658655166245 19.17793369898517
  endloop
endfacet
facet normal -1.0 -2.428583197959795e-16 1.0548144424291316e-15
  outer loop
    vertex 2.0592879999999716 39.31658655166245 19.17793369898517
    vertex 2.0592879999999716 37.55891717622659 19.02982933530444
    vertex 2.0592879999999725 37.54167756664268 19.555202250118207
  endloop
endfacet
facet normal -1.0 -2.428583197959795e-16 1.0548144424291316e-15
  outer loop
    vertex 2.0592879999999716 39.31658655166245 19.17793369898517
    vertex 2.0592879999999725 37.54167756664268 19.555202250118207
    vertex 2.0592879999999663 39.41945237891488 19.476085608598133
  endloop
endfacet
facet normal -1.0 -2.428583197959795e-16 1.0548144424291316e-15
  outer loop
    vertex 2.0592879999999663 39.41945237891488 19.476085608598133
    vertex 2.0592879999999725 37.54167756664268 19.555202250118207
    vertex 2.0592879999999716 39.45628799088287 19.67304620267677
  endloop
endfacet
facet normal -1.0 -2.428583197959795e-16 1.0548144424291316e-15
  outer loop
    vertex 2.0592879999999716 39.45628799088287 19.67304620267677
    vertex 2.0592879999999725 37.54167756664268 19.555202250118207
    vertex 2.0592879999999725 37.56897426425222 19.86941687409646
  endloop
endfacet
facet normal -1.0 -2.428583197959795e-16 1.0548144424291316e-15
  outer loop
    vertex 2.0592879999999716 39.45628799088287 19.67304620267677
    vertex 2.0592879999999725 37.56897426425222 19.86941687409646
    vertex 2.059287999999972 39.4882329664779 19.747773695465348
  endloop
endfacet
facet normal -1.0 -2.428583197959795e-16 1.0548144424291316e-15
  outer loop
    vertex 2.059287999999972 39.4882329664779 19.747773695465348
    vertex 2.0592879999999725 37.56897426425222 19.86941687409646
    vertex 2.059287999999972 39.55326187326077 19.796517114783846
  endloop
endfacet
facet normal -1.0 -2.428583197959795e-16 1.0548144424291316e-15
  outer loop
    vertex 2.059287999999972 39.55326187326077 19.796517114783846
    vertex 2.0592879999999725 37.56897426425222 19.86941687409646
    vertex 2.059287999999972 39.633950268174324 19.806215700789558
  endloop
endfacet
facet normal -1.0 -2.428583197959795e-16 1.0548144424291316e-15
  outer loop
    vertex 2.059287999999972 39.633950268174324 19.806215700789558
    vertex 2.0592879999999725 37.56897426425222 19.86941687409646
    vertex 2.0592879999999707 45.31111068885979 19.86941687409645
  endloop
endfacet
facet normal -1.0 -2.428583197959795e-16 1.0548144424291316e-15
  outer loop
    vertex 2.0592879999999707 45.31111068885979 19.86941687409645
    vertex 2.0592879999999725 37.56897426425222 19.86941687409646
    vertex 2.059287999999971 45.26465060399889 20.064331723309078
  endloop
endfacet
facet normal -1.0 -2.428583197959795e-16 1.0548144424291316e-15
  outer loop
    vertex 2.059287999999971 45.26465060399889 20.064331723309078
    vertex 2.0592879999999725 37.56897426425222 19.86941687409646
    vertex 2.059287999999973 37.61543434911313 20.06433172330908
  endloop
endfacet
facet normal -1.0 -2.428583197959795e-16 1.0548144424291316e-15
  outer loop
    vertex 2.059287999999971 45.26465060399889 20.064331723309078
    vertex 2.059287999999973 37.61543434911313 20.06433172330908
    vertex 2.059287999999973 37.61664557132608 20.14559187704377
  endloop
endfacet
facet normal -1.0 -2.428583197959795e-16 1.0548144424291316e-15
  outer loop
    vertex 2.059287999999971 45.26465060399889 20.064331723309078
    vertex 2.059287999999973 37.61664557132608 20.14559187704377
    vertex 2.059287999999971 45.26343938178593 20.145591877043763
  endloop
endfacet
facet normal -1.0 -2.428583197959795e-16 1.0548144424291316e-15
  outer loop
    vertex 2.059287999999971 45.26343938178593 20.145591877043763
    vertex 2.059287999999973 37.61664557132608 20.14559187704377
    vertex 2.059287999999971 45.30302050944726 20.216570845599904
  endloop
endfacet
facet normal -1.0 -2.428583197959795e-16 1.0548144424291316e-15
  outer loop
    vertex 2.059287999999971 45.30302050944726 20.216570845599904
    vertex 2.059287999999973 37.61664557132608 20.14559187704377
    vertex 2.059287999999973 37.57706444366476 20.21657084559991
  endloop
endfacet
facet normal -1.0 -2.428583197959795e-16 1.0548144424291316e-15
  outer loop
    vertex 2.059287999999971 45.30302050944726 20.216570845599904
    vertex 2.059287999999973 37.57706444366476 20.21657084559991
    vertex 2.059287999999971 45.372788255790454 20.258249871673286
  endloop
endfacet
facet normal -1.0 -2.428583197959795e-16 1.0548144424291316e-15
  outer loop
    vertex 2.059287999999971 45.372788255790454 20.258249871673286
    vertex 2.059287999999973 37.57706444366476 20.21657084559991
    vertex 2.059287999999973 37.507296697321564 20.25824987167329
  endloop
endfacet
facet normal -1.0 -2.428583197959795e-16 1.0548144424291316e-15
  outer loop
    vertex 2.059287999999971 45.372788255790454 20.258249871673286
    vertex 2.059287999999973 37.507296697321564 20.25824987167329
    vertex 2.0592879999999734 36.819710817542145 20.48166006686526
  endloop
endfacet
facet normal -1.0 -2.428583197959795e-16 1.0548144424291316e-15
  outer loop
    vertex 2.059287999999971 45.372788255790454 20.258249871673286
    vertex 2.0592879999999734 36.819710817542145 20.48166006686526
    vertex 2.059287999999971 46.06037413556987 20.481660066865253
  endloop
endfacet
facet normal -1.0 -2.428583197959795e-16 1.0548144424291316e-15
  outer loop
    vertex 2.059287999999971 46.06037413556987 20.481660066865253
    vertex 2.0592879999999734 36.819710817542145 20.48166006686526
    vertex 2.059287999999971 46.14131574487659 20.488949478849108
  endloop
endfacet
facet normal -1.0 -2.428583197959795e-16 1.0548144424291316e-15
  outer loop
    vertex 2.059287999999971 46.14131574487659 20.488949478849108
    vertex 2.0592879999999734 36.819710817542145 20.48166006686526
    vertex 2.0592879999999734 36.7387692082354 20.488949478849108
  endloop
endfacet
facet normal -1.0 -2.428583197959795e-16 1.0548144424291316e-15
  outer loop
    vertex 2.0592879999999694 44.19172480503319 18.086496811934595
    vertex 2.0592879999999685 45.1263574189168 17.962231520811276
    vertex 2.059287999999969 44.405135253056734 17.80893101703585
  endloop
endfacet
facet normal -1.0 -2.428583197959795e-16 1.0548144424291316e-15
  outer loop
    vertex 2.0592879999999685 45.1263574189168 17.962231520811276
    vertex 2.0592879999999694 44.19172480503319 18.086496811934595
    vertex 2.0592879999999694 45.208421384672405 18.302602341164377
  endloop
endfacet
facet normal -1.0 -2.428583197959795e-16 1.0548144424291316e-15
  outer loop
    vertex 2.0592879999999694 45.208421384672405 18.302602341164377
    vertex 2.0592879999999694 44.19172480503319 18.086496811934595
    vertex 2.05928799999997 43.79293598421075 18.704993640018692
  endloop
endfacet
facet normal -1.0 -2.428583197959795e-16 1.0548144424291316e-15
  outer loop
    vertex 2.0592879999999694 45.208421384672405 18.302602341164377
    vertex 2.05928799999997 43.79293598421075 18.704993640018692
    vertex 2.05928799999997 45.32116777688542 19.029829335304434
  endloop
endfacet
facet normal -1.0 -2.428583197959795e-16 1.0548144424291316e-15
  outer loop
    vertex 2.05928799999997 45.32116777688542 19.029829335304434
    vertex 2.05928799999997 43.79293598421075 18.704993640018692
    vertex 2.0592879999999707 43.56349840144956 19.17793369898517
  endloop
endfacet
facet normal -1.0 -2.428583197959795e-16 1.0548144424291316e-15
  outer loop
    vertex 2.05928799999997 45.32116777688542 19.029829335304434
    vertex 2.0592879999999707 43.56349840144956 19.17793369898517
    vertex 2.0592879999999703 45.33840738646933 19.555202250118203
  endloop
endfacet
facet normal -1.0 -2.428583197959795e-16 1.0548144424291316e-15
  outer loop
    vertex 2.0592879999999703 45.33840738646933 19.555202250118203
    vertex 2.0592879999999707 43.56349840144956 19.17793369898517
    vertex 2.059287999999971 43.460632574197156 19.476085608598133
  endloop
endfacet
facet normal -1.0 -2.428583197959795e-16 1.0548144424291316e-15
  outer loop
    vertex 2.0592879999999703 45.33840738646933 19.555202250118203
    vertex 2.059287999999971 43.460632574197156 19.476085608598133
    vertex 2.0592879999999707 43.42379696222916 19.673046202676765
  endloop
endfacet
facet normal -1.0 -2.428583197959795e-16 1.0548144424291316e-15
  outer loop
    vertex 2.0592879999999703 45.33840738646933 19.555202250118203
    vertex 2.0592879999999707 43.42379696222916 19.673046202676765
    vertex 2.0592879999999707 45.31111068885979 19.86941687409645
  endloop
endfacet
facet normal -1.0 -2.428583197959795e-16 1.0548144424291316e-15
  outer loop
    vertex 2.0592879999999707 45.31111068885979 19.86941687409645
    vertex 2.0592879999999707 43.42379696222916 19.673046202676765
    vertex 2.059287999999971 43.39185198663413 19.747773695465344
  endloop
endfacet
facet normal -1.0 -2.428583197959795e-16 1.0548144424291316e-15
  outer loop
    vertex 2.0592879999999707 45.31111068885979 19.86941687409645
    vertex 2.059287999999971 43.39185198663413 19.747773695465344
    vertex 2.0592879999999716 43.32682307985124 19.79651711478385
  endloop
endfacet
facet normal -1.0 -2.428583197959795e-16 1.0548144424291316e-15
  outer loop
    vertex 2.0592879999999707 45.31111068885979 19.86941687409645
    vertex 2.0592879999999716 43.32682307985124 19.79651711478385
    vertex 2.0592879999999716 43.246134684937715 19.80621570078955
  endloop
endfacet
facet normal -1.0 -2.428583197959795e-16 1.0548144424291316e-15
  outer loop
    vertex 2.0592879999999707 45.31111068885979 19.86941687409645
    vertex 2.0592879999999716 43.246134684937715 19.80621570078955
    vertex 2.059287999999972 39.633950268174324 19.806215700789558
  endloop
endfacet
facet normal -1.0 -2.428583197959795e-16 1.0548144424291316e-15
  outer loop
    vertex 2.0592879999999836 41.44004247655601 31.531787781210202
    vertex 2.059287999999981 57.386704377640214 32.22642414891851
    vertex 2.05928799999998 57.30963191473649 31.49312864746793
  endloop
endfacet
facet normal -1.0 -2.428583197959795e-16 1.0548144424291316e-15
  outer loop
    vertex 2.059287999999981 57.386704377640214 32.22642414891851
    vertex 2.0592879999999836 41.44004247655601 31.531787781210202
    vertex 2.059287999999984 41.95768056676105 31.599936128632073
  endloop
endfacet
facet normal -1.0 -2.428583197959795e-16 1.0548144424291316e-15
  outer loop
    vertex 2.059287999999981 57.386704377640214 32.22642414891851
    vertex 2.059287999999984 41.95768056676105 31.599936128632073
    vertex 2.0592879999999836 42.440042476556 31.799736973641327
  endloop
endfacet
facet normal -1.0 -2.428583197959795e-16 1.0548144424291316e-15
  outer loop
    vertex 2.059287999999981 57.386704377640214 32.22642414891851
    vertex 2.0592879999999836 42.440042476556 31.799736973641327
    vertex 2.059287999999984 42.60595534172895 31.927046392741435
  endloop
endfacet
facet normal -1.0 -2.428583197959795e-16 1.0548144424291316e-15
  outer loop
    vertex 2.059287999999981 57.386704377640214 32.22642414891851
    vertex 2.059287999999984 42.60595534172895 31.927046392741435
    vertex 2.0592879999999845 42.85425603892911 32.117574218837106
  endloop
endfacet
facet normal -1.0 -2.428583197959795e-16 1.0548144424291316e-15
  outer loop
    vertex 2.059287999999981 57.386704377640214 32.22642414891851
    vertex 2.0592879999999845 42.85425603892911 32.117574218837106
    vertex 2.059287999999985 43.172093284124884 32.531787781210205
  endloop
endfacet
facet normal -1.0 -2.428583197959795e-16 1.0548144424291316e-15
  outer loop
    vertex 2.059287999999981 57.386704377640214 32.22642414891851
    vertex 2.059287999999985 43.172093284124884 32.531787781210205
    vertex 2.0592879999999814 57.08835165103096 32.40965198618184
  endloop
endfacet
facet normal -1.0 -2.428583197959795e-16 1.0548144424291316e-15
  outer loop
    vertex 2.0592879999999814 57.08835165103096 32.40965198618184
    vertex 2.059287999999985 43.172093284124884 32.531787781210205
    vertex 2.059287999999982 56.43155823067661 32.7416056771423
  endloop
endfacet
facet normal -1.0 -2.428583197959795e-16 1.0548144424291316e-15
  outer loop
    vertex 2.059287999999982 56.43155823067661 32.7416056771423
    vertex 2.059287999999985 43.172093284124884 32.531787781210205
    vertex 2.0592879999999854 43.37189412913415 33.01414969100516
  endloop
endfacet
facet normal -1.0 -2.428583197959795e-16 1.0548144424291316e-15
  outer loop
    vertex 2.059287999999982 56.43155823067661 32.7416056771423
    vertex 2.0592879999999854 43.37189412913415 33.01414969100516
    vertex 2.059287999999982 55.9372262288958 32.92035067923721
  endloop
endfacet
facet normal -1.0 -2.428583197959795e-16 1.0548144424291316e-15
  outer loop
    vertex 2.059287999999982 55.9372262288958 32.92035067923721
    vertex 2.0592879999999854 43.37189412913415 33.01414969100516
    vertex 2.0592879999999822 55.629955219794404 32.991487635792744
  endloop
endfacet
facet normal -1.0 -2.428583197959795e-16 1.0548144424291316e-15
  outer loop
    vertex 2.0592879999999822 55.629955219794404 32.991487635792744
    vertex 2.0592879999999854 43.37189412913415 33.01414969100516
    vertex 2.0592879999999822 55.43022322654591 33.00753347020087
  endloop
endfacet
facet normal -1.0 -2.428583197959795e-16 1.0548144424291316e-15
  outer loop
    vertex 2.0592879999999822 55.43022322654591 33.00753347020087
    vertex 2.0592879999999854 43.37189412913415 33.01414969100516
    vertex 2.0592879999999822 55.35256593957364 33.03149229789211
  endloop
endfacet
facet normal -1.0 -2.428583197959795e-16 1.0548144424291316e-15
  outer loop
    vertex 2.0592879999999822 55.35256593957364 33.03149229789211
    vertex 2.0592879999999854 43.37189412913415 33.01414969100516
    vertex 2.0592879999999854 43.440042476556016 33.531787781210205
  endloop
endfacet
facet normal -1.0 -2.428583197959795e-16 1.0548144424291316e-15
  outer loop
    vertex 2.0592879999999822 55.35256593957364 33.03149229789211
    vertex 2.0592879999999854 43.440042476556016 33.531787781210205
    vertex 2.0592879999999822 55.29729217011228 33.09106989480376
  endloop
endfacet
facet normal -1.0 -2.428583197959795e-16 1.0548144424291316e-15
  outer loop
    vertex 2.0592879999999822 55.29729217011228 33.09106989480376
    vertex 2.0592879999999854 43.440042476556016 33.531787781210205
    vertex 2.0592879999999822 55.27921248005165 33.170302491956356
  endloop
endfacet
facet normal -1.0 -2.428583197959795e-16 1.0548144424291316e-15
  outer loop
    vertex 2.0592879999999822 55.27921248005165 33.170302491956356
    vertex 2.0592879999999854 43.440042476556016 33.531787781210205
    vertex 2.0592879999999836 55.27921248005165 33.89327307046406
  endloop
endfacet
facet normal -1.0 -2.428583197959795e-16 1.0548144424291316e-15
  outer loop
    vertex 2.0592879999999836 55.27921248005165 33.89327307046406
    vertex 2.0592879999999854 43.440042476556016 33.531787781210205
    vertex 2.0592879999999862 43.37189412913415 34.04942587141525
  endloop
endfacet
facet normal -1.0 -2.428583197959795e-16 1.0548144424291316e-15
  outer loop
    vertex 2.0592879999999836 55.27921248005165 33.89327307046406
    vertex 2.0592879999999862 43.37189412913415 34.04942587141525
    vertex 2.0592879999999836 55.29729217011228 33.97250566761666
  endloop
endfacet
facet normal -1.0 -2.428583197959795e-16 1.0548144424291316e-15
  outer loop
    vertex 2.0592879999999836 55.29729217011228 33.97250566761666
    vertex 2.0592879999999862 43.37189412913415 34.04942587141525
    vertex 2.059287999999983 55.35256593957364 34.03208326452831
  endloop
endfacet
facet normal -1.0 -2.428583197959795e-16 1.0548144424291316e-15
  outer loop
    vertex 2.059287999999983 55.35256593957364 34.03208326452831
    vertex 2.0592879999999862 43.37189412913415 34.04942587141525
    vertex 2.059287999999983 55.43022322654593 34.05604209221955
  endloop
endfacet
facet normal -1.0 -2.428583197959795e-16 1.0548144424291316e-15
  outer loop
    vertex 2.059287999999983 55.43022322654593 34.05604209221955
    vertex 2.0592879999999862 43.37189412913415 34.04942587141525
    vertex 2.059287999999987 43.172093284124884 34.531787781210205
  endloop
endfacet
facet normal -1.0 -2.428583197959795e-16 1.0548144424291316e-15
  outer loop
    vertex 2.059287999999983 55.43022322654593 34.05604209221955
    vertex 2.059287999999987 43.172093284124884 34.531787781210205
    vertex 2.059287999999983 55.629955219794404 34.07208792662767
  endloop
endfacet
facet normal -1.0 -2.428583197959795e-16 1.0548144424291316e-15
  outer loop
    vertex 2.059287999999983 55.629955219794404 34.07208792662767
    vertex 2.059287999999987 43.172093284124884 34.531787781210205
    vertex 2.0592879999999836 55.9372262288958 34.1432248831832
  endloop
endfacet
facet normal -1.0 -2.428583197959795e-16 1.0548144424291316e-15
  outer loop
    vertex 2.0592879999999836 55.9372262288958 34.1432248831832
    vertex 2.059287999999987 43.172093284124884 34.531787781210205
    vertex 2.0592879999999836 56.43155823067661 34.321969885278115
  endloop
endfacet
facet normal -1.0 -2.428583197959795e-16 1.0548144424291316e-15
  outer loop
    vertex 2.0592879999999836 56.43155823067661 34.321969885278115
    vertex 2.059287999999987 43.172093284124884 34.531787781210205
    vertex 2.0592879999999836 57.08835165103096 34.65392357623857
  endloop
endfacet
facet normal -1.0 -2.428583197959795e-16 1.0548144424291316e-15
  outer loop
    vertex 2.0592879999999836 57.08835165103096 34.65392357623857
    vertex 2.059287999999987 43.172093284124884 34.531787781210205
    vertex 2.059287999999987 42.85425603892911 34.9460013435833
  endloop
endfacet
facet normal -1.0 -2.428583197959795e-16 1.0548144424291316e-15
  outer loop
    vertex 2.0592879999999836 57.08835165103096 34.65392357623857
    vertex 2.059287999999987 42.85425603892911 34.9460013435833
    vertex 2.0592879999999836 57.386704377640214 34.8371514135019
  endloop
endfacet
facet normal -1.0 -2.428583197959795e-16 1.0548144424291316e-15
  outer loop
    vertex 2.0592879999999836 57.386704377640214 34.8371514135019
    vertex 2.059287999999987 42.85425603892911 34.9460013435833
    vertex 2.059287999999984 57.30963191473649 35.57044691495248
  endloop
endfacet
facet normal -1.0 -2.428583197959795e-16 1.0548144424291316e-15
  outer loop
    vertex 2.059287999999984 57.30963191473649 35.57044691495248
    vertex 2.059287999999987 42.85425603892911 34.9460013435833
    vertex 2.0592879999999876 42.44004247655601 35.26383858877908
  endloop
endfacet
facet normal -1.0 -2.428583197959795e-16 1.0548144424291316e-15
  outer loop
    vertex 2.059287999999984 57.30963191473649 35.57044691495248
    vertex 2.0592879999999876 42.44004247655601 35.26383858877908
    vertex 2.059287999999988 41.95768056676105 35.46363943378834
  endloop
endfacet
facet normal -1.0 -2.428583197959795e-16 1.0548144424291316e-15
  outer loop
    vertex 2.059287999999984 57.30963191473649 35.57044691495248
    vertex 2.059287999999988 41.95768056676105 35.46363943378834
    vertex 2.059287999999988 41.647381942160486 35.50449102271494
  endloop
endfacet
facet normal -1.0 -2.428583197959795e-16 1.0548144424291316e-15
  outer loop
    vertex 2.059287999999984 57.30963191473649 35.57044691495248
    vertex 2.059287999999988 41.647381942160486 35.50449102271494
    vertex 2.059287999999988 41.44004247655601 35.5317877812102
  endloop
endfacet
facet normal -1.0 -2.428583197959795e-16 1.0548144424291316e-15
  outer loop
    vertex 2.059287999999984 57.30963191473649 35.57044691495248
    vertex 2.059287999999988 41.44004247655601 35.5317877812102
    vertex 2.059287999999992 25.570453038375526 35.57044691495248
  endloop
endfacet
facet normal -1.0 -2.428583197959795e-16 1.0548144424291316e-15
  outer loop
    vertex 2.059287999999984 57.30963191473649 35.57044691495248
    vertex 2.059287999999992 25.570453038375526 35.57044691495248
    vertex 2.059287999999992 25.900381251531062 35.68763976450984
  endloop
endfacet
facet normal -1.0 -2.428583197959795e-16 1.0548144424291316e-15
  outer loop
    vertex 2.059287999999984 57.30963191473649 35.57044691495248
    vertex 2.059287999999992 25.900381251531062 35.68763976450984
    vertex 2.059287999999985 56.97970370158096 35.687639764509825
  endloop
endfacet
facet normal -1.0 -2.428583197959795e-16 1.0548144424291316e-15
  outer loop
    vertex 2.059287999999985 56.97970370158096 35.687639764509825
    vertex 2.059287999999992 25.900381251531062 35.68763976450984
    vertex 2.059287999999992 26.611839212989207 35.87578444033369
  endloop
endfacet
facet normal -1.0 -2.428583197959795e-16 1.0548144424291316e-15
  outer loop
    vertex 2.059287999999985 56.97970370158096 35.687639764509825
    vertex 2.059287999999992 26.611839212989207 35.87578444033369
    vertex 2.0592879999999854 56.26824574012281 35.87578444033368
  endloop
endfacet
facet normal -1.0 -2.428583197959795e-16 1.0548144424291316e-15
  outer loop
    vertex 2.0592879999999854 56.26824574012281 35.87578444033368
    vertex 2.059287999999992 26.611839212989207 35.87578444033369
    vertex 2.059287999999992 27.646582141900666 35.92771181929854
  endloop
endfacet
facet normal -1.0 -2.428583197959795e-16 1.0548144424291316e-15
  outer loop
    vertex 2.059287999999992 27.646582141900666 35.92771181929854
    vertex 2.059287999999992 26.611839212989207 35.87578444033369
    vertex 2.059287999999992 27.13253205010781 35.947846032960406
  endloop
endfacet
facet normal -1.0 -2.428583197959795e-16 1.0548144424291316e-15
  outer loop
    vertex 2.059287999999992 27.646582141900666 35.92771181929854
    vertex 2.059287999999992 27.13253205010781 35.947846032960406
    vertex 2.059287999999992 27.4478786553525 35.953543241297155
  endloop
endfacet
facet normal -1.0 -2.428583197959795e-16 1.0548144424291316e-15
  outer loop
    vertex 2.059287999999992 27.727523751207414 35.93500123128239
    vertex 2.0592879999999854 55.233502811211366 35.92771181929853
    vertex 2.059287999999992 27.646582141900666 35.92771181929854
  endloop
endfacet
facet normal -1.0 -2.428583197959795e-16 1.0548144424291316e-15
  outer loop
    vertex 2.0592879999999854 55.233502811211366 35.92771181929853
    vertex 2.059287999999992 27.727523751207414 35.93500123128239
    vertex 2.0592879999999854 55.15256120190464 35.935001231282385
  endloop
endfacet
facet normal -1.0 -2.428583197959795e-16 1.0548144424291316e-15
  outer loop
    vertex 2.0592879999999854 55.15256120190464 35.935001231282385
    vertex 2.059287999999992 27.727523751207414 35.93500123128239
    vertex 2.059287999999992 27.793976535098288 35.98178485189243
  endloop
endfacet
facet normal -1.0 -2.428583197959795e-16 1.0548144424291316e-15
  outer loop
    vertex 2.0592879999999854 55.15256120190464 35.935001231282385
    vertex 2.059287999999992 27.793976535098288 35.98178485189243
    vertex 2.0592879999999854 55.08610841801373 35.98178485189242
  endloop
endfacet
facet normal -1.0 -2.428583197959795e-16 1.0548144424291316e-15
  outer loop
    vertex 2.0592879999999854 55.08610841801373 35.98178485189242
    vertex 2.059287999999992 27.793976535098288 35.98178485189243
    vertex 2.059287999999992 27.828134523794997 36.055527047767185
  endloop
endfacet
facet normal -1.0 -2.428583197959795e-16 1.0548144424291316e-15
  outer loop
    vertex 2.0592879999999854 55.08610841801373 35.98178485189242
    vertex 2.059287999999992 27.828134523794997 36.055527047767185
    vertex 2.0592879999999854 55.05195042931703 36.05552704776718
  endloop
endfacet
facet normal -1.0 -2.428583197959795e-16 1.0548144424291316e-15
  outer loop
    vertex 2.0592879999999854 55.05195042931703 36.05552704776718
    vertex 2.059287999999992 27.828134523794997 36.055527047767185
    vertex 2.059287999999993 27.97844855918404 36.762698984535625
  endloop
endfacet
facet normal -1.0 -2.428583197959795e-16 1.0548144424291316e-15
  outer loop
    vertex 2.0592879999999854 55.05195042931703 36.05552704776718
    vertex 2.059287999999993 27.97844855918404 36.762698984535625
    vertex 2.0592879999999867 54.901636393928 36.76269898453561
  endloop
endfacet
facet normal -1.0 -2.428583197959795e-16 1.0548144424291316e-15
  outer loop
    vertex 2.0592879999999867 54.901636393928 36.76269898453561
    vertex 2.059287999999993 27.97844855918404 36.762698984535625
    vertex 2.059287999999993 27.977237336971086 36.843959138270314
  endloop
endfacet
facet normal -1.0 -2.428583197959795e-16 1.0548144424291316e-15
  outer loop
    vertex 2.0592879999999867 54.901636393928 36.76269898453561
    vertex 2.059287999999993 27.977237336971086 36.843959138270314
    vertex 2.0592879999999862 54.902847616140946 36.84395913827031
  endloop
endfacet
facet normal -1.0 -2.428583197959795e-16 1.0548144424291316e-15
  outer loop
    vertex 2.0592879999999862 54.902847616140946 36.84395913827031
    vertex 2.059287999999993 27.977237336971086 36.843959138270314
    vertex 2.059287999999993 27.93555831089769 36.91372688461351
  endloop
endfacet
facet normal -1.0 -2.428583197959795e-16 1.0548144424291316e-15
  outer loop
    vertex 2.0592879999999862 54.902847616140946 36.84395913827031
    vertex 2.059287999999993 27.93555831089769 36.91372688461351
    vertex 2.0592879999999862 54.94452664221431 36.9137268846135
  endloop
endfacet
facet normal -1.0 -2.428583197959795e-16 1.0548144424291316e-15
  outer loop
    vertex 2.0592879999999862 54.94452664221431 36.9137268846135
    vertex 2.059287999999993 27.93555831089769 36.91372688461351
    vertex 2.059287999999993 27.864579342341564 36.95330801227482
  endloop
endfacet
facet normal -1.0 -2.428583197959795e-16 1.0548144424291316e-15
  outer loop
    vertex 2.0592879999999862 54.94452664221431 36.9137268846135
    vertex 2.059287999999993 27.864579342341564 36.95330801227482
    vertex 2.0592879999999862 55.01550561077047 36.95330801227482
  endloop
endfacet
facet normal -1.0 -2.428583197959795e-16 1.0548144424291316e-15
  outer loop
    vertex 2.0592879999999862 55.01550561077047 36.95330801227482
    vertex 2.059287999999993 27.864579342341564 36.95330801227482
    vertex 2.059287999999993 27.672548088918173 37.01052982312959
  endloop
endfacet
facet normal -1.0 -2.428583197959795e-16 1.0548144424291316e-15
  outer loop
    vertex 2.0592879999999862 55.01550561077047 36.95330801227482
    vertex 2.059287999999993 27.672548088918173 37.01052982312959
    vertex 2.0592879999999862 55.20753686419387 37.01052982312959
  endloop
endfacet
facet normal -1.0 -2.428583197959795e-16 1.0548144424291316e-15
  outer loop
    vertex 2.0592879999999862 55.20753686419387 37.01052982312959
    vertex 2.059287999999993 27.672548088918173 37.01052982312959
    vertex 2.0592879999999876 27.386781893507656 37.143997501549435
  endloop
endfacet
facet normal -1.0 -2.428583197959795e-16 1.0548144424291316e-15
  outer loop
    vertex 2.0592879999999862 55.20753686419387 37.01052982312959
    vertex 2.0592879999999876 27.386781893507656 37.143997501549435
    vertex 2.0592879999999867 55.49330305960437 37.143997501549435
  endloop
endfacet
facet normal -1.0 -2.428583197959795e-16 1.0548144424291316e-15
  outer loop
    vertex 2.0592879999999867 55.49330305960437 37.143997501549435
    vertex 2.0592879999999876 27.386781893507656 37.143997501549435
    vertex 2.059287999999988 26.940415407610594 37.42161389880731
  endloop
endfacet
facet normal -1.0 -2.428583197959795e-16 1.0548144424291316e-15
  outer loop
    vertex 2.0592879999999867 55.49330305960437 37.143997501549435
    vertex 2.059287999999988 26.940415407610594 37.42161389880731
    vertex 2.0592879999999867 55.939669545501424 37.4216138988073
  endloop
endfacet
facet normal -1.0 -2.428583197959795e-16 1.0548144424291316e-15
  outer loop
    vertex 2.0592879999999867 55.939669545501424 37.4216138988073
    vertex 2.059287999999988 26.940415407610594 37.42161389880731
    vertex 2.0592879999999942 26.36699155247403 37.88286863571887
  endloop
endfacet
facet normal -1.0 -2.428583197959795e-16 1.0548144424291316e-15
  outer loop
    vertex 2.0592879999999867 55.939669545501424 37.4216138988073
    vertex 2.0592879999999942 26.36699155247403 37.88286863571887
    vertex 2.059287999999987 56.513093400638 37.88286863571886
  endloop
endfacet
facet normal -1.0 -2.428583197959795e-16 1.0548144424291316e-15
  outer loop
    vertex 2.059287999999987 56.513093400638 37.88286863571886
    vertex 2.0592879999999942 26.36699155247403 37.88286863571887
    vertex 2.0592879999999947 26.1132537582191 38.124123524975055
  endloop
endfacet
facet normal -1.0 -2.428583197959795e-16 1.0548144424291316e-15
  outer loop
    vertex 2.059287999999987 56.513093400638 37.88286863571886
    vertex 2.0592879999999947 26.1132537582191 38.124123524975055
    vertex 2.059287999999987 56.76683119489293 38.124123524975055
  endloop
endfacet
facet normal -1.0 -2.428583197959795e-16 1.0548144424291316e-15
  outer loop
    vertex 2.059287999999987 56.76683119489293 38.124123524975055
    vertex 2.0592879999999947 26.1132537582191 38.124123524975055
    vertex 2.0592879999999947 28.52683135713937 38.73347820500694
  endloop
endfacet
facet normal -1.0 -2.428583197959795e-16 1.0548144424291316e-15
  outer loop
    vertex 2.0592879999999947 28.52683135713937 38.73347820500694
    vertex 2.0592879999999947 26.1132537582191 38.124123524975055
    vertex 2.0592879999999956 26.34110271046666 38.825370494270025
  endloop
endfacet
facet normal -1.0 -2.428583197959795e-16 1.0548144424291316e-15
  outer loop
    vertex 2.0592879999999947 28.52683135713937 38.73347820500694
    vertex 2.0592879999999956 26.34110271046666 38.825370494270025
    vertex 2.0592879999999947 28.446142962225842 38.74317679101265
  endloop
endfacet
facet normal -1.0 -2.428583197959795e-16 1.0548144424291316e-15
  outer loop
    vertex 2.0592879999999947 28.446142962225842 38.74317679101265
    vertex 2.0592879999999956 26.34110271046666 38.825370494270025
    vertex 2.059287999999995 28.25715227822526 38.80975651232375
  endloop
endfacet
facet normal -1.0 -2.428583197959795e-16 1.0548144424291316e-15
  outer loop
    vertex 2.059287999999995 28.25715227822526 38.80975651232375
    vertex 2.0592879999999956 26.34110271046666 38.825370494270025
    vertex 2.059287999999995 27.947512236687388 38.86974804754835
  endloop
endfacet
facet normal -1.0 -2.428583197959795e-16 1.0548144424291316e-15
  outer loop
    vertex 2.059287999999995 27.947512236687388 38.86974804754835
    vertex 2.0592879999999956 26.34110271046666 38.825370494270025
    vertex 2.0592879999999956 26.688186964082366 38.87140646624207
  endloop
endfacet
facet normal -1.0 -2.428583197959795e-16 1.0548144424291316e-15
  outer loop
    vertex 2.059287999999995 27.947512236687388 38.86974804754835
    vertex 2.0592879999999956 26.688186964082366 38.87140646624207
    vertex 2.059287999999995 27.423215339774494 38.907519301777484
  endloop
endfacet
facet normal -1.0 -2.428583197959795e-16 1.0548144424291316e-15
  outer loop
    vertex 2.059287999999995 28.601558849927933 38.765423180601985
    vertex 2.0592879999999885 54.353253595972646 38.73347820500694
    vertex 2.0592879999999947 28.52683135713937 38.73347820500694
  endloop
endfacet
facet normal -1.0 -2.428583197959795e-16 1.0548144424291316e-15
  outer loop
    vertex 2.0592879999999885 54.353253595972646 38.73347820500694
    vertex 2.059287999999995 28.601558849927933 38.765423180601985
    vertex 2.059287999999989 54.278526103184085 38.76542318060198
  endloop
endfacet
facet normal -1.0 -2.428583197959795e-16 1.0548144424291316e-15
  outer loop
    vertex 2.059287999999989 54.278526103184085 38.76542318060198
    vertex 2.059287999999995 28.601558849927933 38.765423180601985
    vertex 2.059287999999995 28.650302269246435 38.830452087384856
  endloop
endfacet
facet normal -1.0 -2.428583197959795e-16 1.0548144424291316e-15
  outer loop
    vertex 2.059287999999989 54.278526103184085 38.76542318060198
    vertex 2.059287999999995 28.650302269246435 38.830452087384856
    vertex 2.059287999999989 54.229782683865565 38.83045208738485
  endloop
endfacet
facet normal -1.0 -2.428583197959795e-16 1.0548144424291316e-15
  outer loop
    vertex 2.059287999999989 54.229782683865565 38.83045208738485
    vertex 2.059287999999995 28.650302269246435 38.830452087384856
    vertex 2.0592879999999893 53.9357240577208 39.4909185753898
  endloop
endfacet
facet normal -1.0 -2.428583197959795e-16 1.0548144424291316e-15
  outer loop
    vertex 2.0592879999999893 53.9357240577208 39.4909185753898
    vertex 2.059287999999995 28.650302269246435 38.830452087384856
    vertex 2.0592879999999956 28.944360895391235 39.490918575389806
  endloop
endfacet
facet normal -1.0 -2.428583197959795e-16 1.0548144424291316e-15
  outer loop
    vertex 2.0592879999999893 53.9357240577208 39.4909185753898
    vertex 2.0592879999999956 28.944360895391235 39.490918575389806
    vertex 2.0592879999999893 53.92001387586323 39.570654827058895
  endloop
endfacet
facet normal -1.0 -2.428583197959795e-16 1.0548144424291316e-15
  outer loop
    vertex 2.0592879999999893 53.92001387586323 39.570654827058895
    vertex 2.0592879999999956 28.944360895391235 39.490918575389806
    vertex 2.0592879999999956 28.960071077248777 39.57065482705891
  endloop
endfacet
facet normal -1.0 -2.428583197959795e-16 1.0548144424291316e-15
  outer loop
    vertex 2.0592879999999893 53.92001387586323 39.570654827058895
    vertex 2.0592879999999956 28.960071077248777 39.57065482705891
    vertex 2.05928799999999 53.94627658511107 39.64756353753566
  endloop
endfacet
facet normal -1.0 -2.428583197959795e-16 1.0548144424291316e-15
  outer loop
    vertex 2.05928799999999 53.94627658511107 39.64756353753566
    vertex 2.0592879999999956 28.960071077248777 39.57065482705891
    vertex 2.0592879999999956 28.933808368000957 39.64756353753567
  endloop
endfacet
facet normal -1.0 -2.428583197959795e-16 1.0548144424291316e-15
  outer loop
    vertex 2.05928799999999 53.94627658511107 39.64756353753566
    vertex 2.0592879999999956 28.933808368000957 39.64756353753567
    vertex 2.05928799999999 54.00747511373028 39.70103707995691
  endloop
endfacet
facet normal -1.0 -2.428583197959795e-16 1.0548144424291316e-15
  outer loop
    vertex 2.05928799999999 54.00747511373028 39.70103707995691
    vertex 2.0592879999999956 28.933808368000957 39.64756353753567
    vertex 2.0592879999999956 28.87260983938175 39.70103707995692
  endloop
endfacet
facet normal -1.0 -2.428583197959795e-16 1.0548144424291316e-15
  outer loop
    vertex 2.05928799999999 54.00747511373028 39.70103707995691
    vertex 2.0592879999999956 28.87260983938175 39.70103707995692
    vertex 2.0592879999999956 28.696672013026184 39.79693399954327
  endloop
endfacet
facet normal -1.0 -2.428583197959795e-16 1.0548144424291316e-15
  outer loop
    vertex 2.05928799999999 54.00747511373028 39.70103707995691
    vertex 2.0592879999999956 28.696672013026184 39.79693399954327
    vertex 2.05928799999999 54.183412940085844 39.796933999543256
  endloop
endfacet
facet normal -1.0 -2.428583197959795e-16 1.0548144424291316e-15
  outer loop
    vertex 2.05928799999999 54.183412940085844 39.796933999543256
    vertex 2.0592879999999956 28.696672013026184 39.79693399954327
    vertex 2.05928799999999 54.43518496780765 39.986899221831514
  endloop
endfacet
facet normal -1.0 -2.428583197959795e-16 1.0548144424291316e-15
  outer loop
    vertex 2.05928799999999 54.43518496780765 39.986899221831514
    vertex 2.0592879999999956 28.696672013026184 39.79693399954327
    vertex 2.059287999999996 28.44489998530437 39.986899221831514
  endloop
endfacet
facet normal -1.0 -2.428583197959795e-16 1.0548144424291316e-15
  outer loop
    vertex 2.05928799999999 54.43518496780765 39.986899221831514
    vertex 2.059287999999996 28.44489998530437 39.986899221831514
    vertex 2.0592879999999902 54.81407758048321 40.351253845540896
  endloop
endfacet
facet normal -1.0 -2.428583197959795e-16 1.0548144424291316e-15
  outer loop
    vertex 2.0592879999999902 54.81407758048321 40.351253845540896
    vertex 2.059287999999996 28.44489998530437 39.986899221831514
    vertex 2.0592879999999965 28.066007372628818 40.35125384554091
  endloop
endfacet
facet normal -1.0 -2.428583197959795e-16 1.0548144424291316e-15
  outer loop
    vertex 2.0592879999999902 54.81407758048321 40.351253845540896
    vertex 2.0592879999999965 28.066007372628818 40.35125384554091
    vertex 2.0592879999999907 55.279070496339614 40.92165058305472
  endloop
endfacet
facet normal -1.0 -2.428583197959795e-16 1.0548144424291316e-15
  outer loop
    vertex 2.0592879999999907 55.279070496339614 40.92165058305472
    vertex 2.0592879999999965 28.066007372628818 40.35125384554091
    vertex 2.0592879999999973 27.601014456772415 40.92165058305473
  endloop
endfacet
facet normal -1.0 -2.428583197959795e-16 1.0548144424291316e-15
  outer loop
    vertex 2.0592879999999907 55.279070496339614 40.92165058305472
    vertex 2.0592879999999973 27.601014456772415 40.92165058305473
    vertex 2.0592879999999973 27.402981154049773 41.21038852797388
  endloop
endfacet
facet normal -1.0 -2.428583197959795e-16 1.0548144424291316e-15
  outer loop
    vertex 2.0592879999999907 55.279070496339614 40.92165058305472
    vertex 2.0592879999999973 27.402981154049773 41.21038852797388
    vertex 2.0592879999999907 55.477103799062256 41.210388527973876
  endloop
endfacet
facet normal -1.0 -2.428583197959795e-16 1.0548144424291316e-15
  outer loop
    vertex 2.0592879999999907 55.477103799062256 41.210388527973876
    vertex 2.0592879999999973 27.402981154049773 41.21038852797388
    vertex 2.0592879999999973 29.890508253451657 41.304616346731606
  endloop
endfacet
facet normal -1.0 -2.428583197959795e-16 1.0548144424291316e-15
  outer loop
    vertex 2.0592879999999973 29.890508253451657 41.304616346731606
    vertex 2.0592879999999973 27.402981154049773 41.21038852797388
    vertex 2.0592879999999982 27.771648503087402 41.84893910759877
  endloop
endfacet
facet normal -1.0 -2.428583197959795e-16 1.0548144424291316e-15
  outer loop
    vertex 2.0592879999999973 29.890508253451657 41.304616346731606
    vertex 2.0592879999999982 27.771648503087402 41.84893910759877
    vertex 2.0592879999999973 29.813599542974885 41.330879055979445
  endloop
endfacet
facet normal -1.0 -2.428583197959795e-16 1.0548144424291316e-15
  outer loop
    vertex 2.0592879999999973 29.813599542974885 41.330879055979445
    vertex 2.0592879999999982 27.771648503087402 41.84893910759877
    vertex 2.0592879999999973 29.642581461290668 41.435297223296786
  endloop
endfacet
facet normal -1.0 -2.428583197959795e-16 1.0548144424291316e-15
  outer loop
    vertex 2.0592879999999973 29.642581461290668 41.435297223296786
    vertex 2.0592879999999982 27.771648503087402 41.84893910759877
    vertex 2.0592879999999973 29.352180739092585 41.55835558412208
  endloop
endfacet
facet normal -1.0 -2.428583197959795e-16 1.0548144424291316e-15
  outer loop
    vertex 2.0592879999999973 29.352180739092585 41.55835558412208
    vertex 2.0592879999999982 27.771648503087402 41.84893910759877
    vertex 2.059287999999998 28.847194072636164 41.70430890015068
  endloop
endfacet
facet normal -1.0 -2.428583197959795e-16 1.0548144424291316e-15
  outer loop
    vertex 2.059287999999998 28.847194072636164 41.70430890015068
    vertex 2.0592879999999982 27.771648503087402 41.84893910759877
    vertex 2.0592879999999982 28.12071954978522 41.821806209105205
  endloop
endfacet
facet normal -1.0 -2.428583197959795e-16 1.0548144424291316e-15
  outer loop
    vertex 2.0592879999999973 29.970244505120736 41.32032652858915
    vertex 2.0592879999999916 52.989576699660375 41.3046163467316
    vertex 2.0592879999999973 29.890508253451657 41.304616346731606
  endloop
endfacet
facet normal -1.0 -2.428583197959795e-16 1.0548144424291316e-15
  outer loop
    vertex 2.0592879999999916 52.989576699660375 41.3046163467316
    vertex 2.0592879999999973 29.970244505120736 41.32032652858915
    vertex 2.0592879999999916 52.90984044799129 41.32032652858914
  endloop
endfacet
facet normal -1.0 -2.428583197959795e-16 1.0548144424291316e-15
  outer loop
    vertex 2.0592879999999916 52.90984044799129 41.32032652858914
    vertex 2.0592879999999973 29.970244505120736 41.32032652858915
    vertex 2.0592879999999973 30.031443033739944 41.37380007101041
  endloop
endfacet
facet normal -1.0 -2.428583197959795e-16 1.0548144424291316e-15
  outer loop
    vertex 2.0592879999999916 52.90984044799129 41.32032652858914
    vertex 2.0592879999999973 30.031443033739944 41.37380007101041
    vertex 2.059287999999992 52.848641919372085 41.3738000710104
  endloop
endfacet
facet normal -1.0 -2.428583197959795e-16 1.0548144424291316e-15
  outer loop
    vertex 2.059287999999992 52.848641919372085 41.3738000710104
    vertex 2.0592879999999973 30.031443033739944 41.37380007101041
    vertex 2.0592879999999925 52.42369047548389 41.95869555545622
  endloop
endfacet
facet normal -1.0 -2.428583197959795e-16 1.0548144424291316e-15
  outer loop
    vertex 2.0592879999999925 52.42369047548389 41.95869555545622
    vertex 2.0592879999999973 30.031443033739944 41.37380007101041
    vertex 2.059287999999998 30.45639447762814 41.95869555545623
  endloop
endfacet
facet normal -1.0 -2.428583197959795e-16 1.0548144424291316e-15
  outer loop
    vertex 2.0592879999999925 52.42369047548389 41.95869555545622
    vertex 2.059287999999998 30.45639447762814 41.95869555545623
    vertex 2.0592879999999925 52.39174549988884 42.03342304824479
  endloop
endfacet
facet normal -1.0 -2.428583197959795e-16 1.0548144424291316e-15
  outer loop
    vertex 2.0592879999999925 52.39174549988884 42.03342304824479
    vertex 2.059287999999998 30.45639447762814 41.95869555545623
    vertex 2.059287999999998 30.48833945322319 42.033423048244806
  endloop
endfacet
facet normal -1.0 -2.428583197959795e-16 1.0548144424291316e-15
  outer loop
    vertex 2.0592879999999925 52.39174549988884 42.03342304824479
    vertex 2.059287999999998 30.48833945322319 42.033423048244806
    vertex 2.0592879999999925 52.40144408589455 42.114111443158336
  endloop
endfacet
facet normal -1.0 -2.428583197959795e-16 1.0548144424291316e-15
  outer loop
    vertex 2.0592879999999925 52.40144408589455 42.114111443158336
    vertex 2.059287999999998 30.48833945322319 42.033423048244806
    vertex 2.059287999999998 30.478640867217496 42.11411144315835
  endloop
endfacet
facet normal -1.0 -2.428583197959795e-16 1.0548144424291316e-15
  outer loop
    vertex 2.0592879999999925 52.40144408589455 42.114111443158336
    vertex 2.059287999999998 30.478640867217496 42.11411144315835
    vertex 2.0592879999999925 52.45018750521305 42.17914034994121
  endloop
endfacet
facet normal -1.0 -2.428583197959795e-16 1.0548144424291316e-15
  outer loop
    vertex 2.0592879999999925 52.45018750521305 42.17914034994121
    vertex 2.059287999999998 30.478640867217496 42.11411144315835
    vertex 2.059287999999998 30.429897447899 42.179140349941214
  endloop
endfacet
facet normal -1.0 -2.428583197959795e-16 1.0548144424291316e-15
  outer loop
    vertex 2.0592879999999925 52.45018750521305 42.17914034994121
    vertex 2.059287999999998 30.429897447899 42.179140349941214
    vertex 2.0592879999999982 30.277742375866385 42.309521222708746
  endloop
endfacet
facet normal -1.0 -2.428583197959795e-16 1.0548144424291316e-15
  outer loop
    vertex 2.0592879999999925 52.45018750521305 42.17914034994121
    vertex 2.0592879999999982 30.277742375866385 42.309521222708746
    vertex 2.0592879999999925 52.60234257724564 42.30952122270874
  endloop
endfacet
facet normal -1.0 -2.428583197959795e-16 1.0548144424291316e-15
  outer loop
    vertex 2.0592879999999925 52.60234257724564 42.30952122270874
    vertex 2.0592879999999982 30.277742375866385 42.309521222708746
    vertex 2.059287999999993 52.80911679153109 42.54768159709711
  endloop
endfacet
facet normal -1.0 -2.428583197959795e-16 1.0548144424291316e-15
  outer loop
    vertex 2.059287999999993 52.80911679153109 42.54768159709711
    vertex 2.0592879999999982 30.277742375866385 42.309521222708746
    vertex 2.0592879999999987 30.07096816158094 42.54768159709712
  endloop
endfacet
facet normal -1.0 -2.428583197959795e-16 1.0548144424291316e-15
  outer loop
    vertex 2.059287999999993 52.80911679153109 42.54768159709711
    vertex 2.0592879999999987 30.07096816158094 42.54768159709712
    vertex 2.059287999999999 29.77610884742926 42.982850401834455
  endloop
endfacet
facet normal -1.0 -2.428583197959795e-16 1.0548144424291316e-15
  outer loop
    vertex 2.059287999999993 52.80911679153109 42.54768159709711
    vertex 2.059287999999999 29.77610884742926 42.982850401834455
    vertex 2.0592879999999933 53.10397610568277 42.982850401834455
  endloop
endfacet
facet normal -1.0 -2.428583197959795e-16 1.0548144424291316e-15
  outer loop
    vertex 2.0592879999999933 53.10397610568277 42.982850401834455
    vertex 2.059287999999999 29.77610884742926 42.982850401834455
    vertex 2.059287999999999 31.758955216127614 43.53604458197335
  endloop
endfacet
facet normal -1.0 -2.428583197959795e-16 1.0548144424291316e-15
  outer loop
    vertex 2.059287999999999 31.758955216127614 43.53604458197335
    vertex 2.059287999999999 29.77610884742926 42.982850401834455
    vertex 2.0592879999999996 29.43986929255955 43.637460065453986
  endloop
endfacet
facet normal -1.0 -2.428583197959795e-16 1.0548144424291316e-15
  outer loop
    vertex 2.0592879999999933 53.10397610568277 42.982850401834455
    vertex 2.059287999999999 31.758955216127614 43.53604458197335
    vertex 2.059287999999999 31.840215369862335 43.534833359760405
  endloop
endfacet
facet normal -1.0 -2.428583197959795e-16 1.0548144424291316e-15
  outer loop
    vertex 2.059287999999999 31.758955216127614 43.53604458197335
    vertex 2.0592879999999996 29.43986929255955 43.637460065453986
    vertex 2.059287999999999 31.68918746978442 43.57772360804673
  endloop
endfacet
facet normal -1.0 -2.428583197959795e-16 1.0548144424291316e-15
  outer loop
    vertex 2.059287999999999 31.68918746978442 43.57772360804673
    vertex 2.0592879999999996 29.43986929255955 43.637460065453986
    vertex 2.059287999999999 31.543616301221935 43.71541664640458
  endloop
endfacet
facet normal -1.0 -2.428583197959795e-16 1.0548144424291316e-15
  outer loop
    vertex 2.059287999999999 31.543616301221935 43.71541664640458
    vertex 2.0592879999999996 29.43986929255955 43.637460065453986
    vertex 2.0592880000000005 29.30619548696739 43.96106183232475
  endloop
endfacet
facet normal -1.0 -2.428583197959795e-16 1.0548144424291316e-15
  outer loop
    vertex 2.059287999999999 31.543616301221935 43.71541664640458
    vertex 2.0592880000000005 29.30619548696739 43.96106183232475
    vertex 2.059287999999999 31.285146803420975 43.89616359196299
  endloop
endfacet
facet normal -1.0 -2.428583197959795e-16 1.0548144424291316e-15
  outer loop
    vertex 2.059287999999999 31.285146803420975 43.89616359196299
    vertex 2.0592880000000005 29.30619548696739 43.96106183232475
    vertex 2.059288 30.821540707940027 44.14392010951888
  endloop
endfacet
facet normal -1.0 -2.428583197959795e-16 1.0548144424291316e-15
  outer loop
    vertex 2.059288 30.821540707940027 44.14392010951888
    vertex 2.0592880000000005 29.30619548696739 43.96106183232475
    vertex 2.0592880000000005 29.79956870057989 44.5090082978443
  endloop
endfacet
facet normal -1.0 -2.428583197959795e-16 1.0548144424291316e-15
  outer loop
    vertex 2.059288 30.821540707940027 44.14392010951888
    vertex 2.0592880000000005 29.79956870057989 44.5090082978443
    vertex 2.0592880000000005 30.135370460590426 44.40989236674738
  endloop
endfacet
facet normal -1.0 -2.428583197959795e-16 1.0548144424291316e-15
  outer loop
    vertex 2.059287999999999 31.91119433841846 43.57441448742172
    vertex 2.0592879999999942 51.03986958324969 43.534833359760405
    vertex 2.059287999999999 31.840215369862335 43.534833359760405
  endloop
endfacet
facet normal -1.0 -2.428583197959795e-16 1.0548144424291316e-15
  outer loop
    vertex 2.0592879999999942 51.03986958324969 43.534833359760405
    vertex 2.059287999999999 31.91119433841846 43.57441448742172
    vertex 2.0592879999999942 50.96889061469357 43.57441448742172
  endloop
endfacet
facet normal -1.0 -2.428583197959795e-16 1.0548144424291316e-15
  outer loop
    vertex 2.0592879999999942 50.96889061469357 43.57441448742172
    vertex 2.059287999999999 31.91119433841846 43.57441448742172
    vertex 2.0592879999999996 32.448466182808865 44.058176228998185
  endloop
endfacet
facet normal -1.0 -2.428583197959795e-16 1.0548144424291316e-15
  outer loop
    vertex 2.0592879999999942 50.96889061469357 43.57441448742172
    vertex 2.0592879999999996 32.448466182808865 44.058176228998185
    vertex 2.059287999999995 50.43161877030316 44.0581762289982
  endloop
endfacet
facet normal -1.0 -2.428583197959795e-16 1.0548144424291316e-15
  outer loop
    vertex 2.059287999999995 50.43161877030316 44.0581762289982
    vertex 2.0592879999999996 32.448466182808865 44.058176228998185
    vertex 2.059287999999999 32.49524980341888 44.124629012889095
  endloop
endfacet
facet normal -1.0 -2.428583197959795e-16 1.0548144424291316e-15
  outer loop
    vertex 2.059287999999995 50.43161877030316 44.0581762289982
    vertex 2.059287999999999 32.49524980341888 44.124629012889095
    vertex 2.059287999999995 50.384835149693124 44.12462901288909
  endloop
endfacet
facet normal -1.0 -2.428583197959795e-16 1.0548144424291316e-15
  outer loop
    vertex 2.059287999999995 50.384835149693124 44.12462901288909
    vertex 2.059287999999999 32.49524980341888 44.124629012889095
    vertex 2.059287999999995 50.37754573770927 44.20557062219582
  endloop
endfacet
facet normal -1.0 -2.428583197959795e-16 1.0548144424291316e-15
  outer loop
    vertex 2.059287999999995 50.37754573770927 44.20557062219582
    vertex 2.059287999999999 32.49524980341888 44.124629012889095
    vertex 2.059287999999999 32.50253921540273 44.20557062219583
  endloop
endfacet
facet normal -1.0 -2.428583197959795e-16 1.0548144424291316e-15
  outer loop
    vertex 2.059287999999995 50.37754573770927 44.20557062219582
    vertex 2.059287999999999 32.50253921540273 44.20557062219583
    vertex 2.0592879999999996 32.46838122670604 44.27931281807058
  endloop
endfacet
facet normal -1.0 -2.428583197959795e-16 1.0548144424291316e-15
  outer loop
    vertex 2.059287999999995 50.37754573770927 44.20557062219582
    vertex 2.0592879999999996 32.46838122670604 44.27931281807058
    vertex 2.0592879999999956 50.41170372640598 44.27931281807058
  endloop
endfacet
facet normal -1.0 -2.428583197959795e-16 1.0548144424291316e-15
  outer loop
    vertex 2.0592879999999956 50.41170372640598 44.27931281807058
    vertex 2.0592879999999996 32.46838122670604 44.27931281807058
    vertex 2.0592879999999996 32.34665881576529 44.43847937424252
  endloop
endfacet
facet normal -1.0 -2.428583197959795e-16 1.0548144424291316e-15
  outer loop
    vertex 2.0592879999999956 50.41170372640598 44.27931281807058
    vertex 2.0592879999999996 32.34665881576529 44.43847937424252
    vertex 2.0592879999999956 50.533426137346716 44.438479374242505
  endloop
endfacet
facet normal -1.0 -2.428583197959795e-16 1.0548144424291316e-15
  outer loop
    vertex 2.0592879999999956 50.533426137346716 44.438479374242505
    vertex 2.0592879999999996 32.34665881576529 44.43847937424252
    vertex 2.059288 32.19391944029322 44.71442614954997
  endloop
endfacet
facet normal -1.0 -2.428583197959795e-16 1.0548144424291316e-15
  outer loop
    vertex 2.0592879999999956 50.533426137346716 44.438479374242505
    vertex 2.059288 32.19391944029322 44.71442614954997
    vertex 2.0592879999999956 50.6861655128188 44.71442614954997
  endloop
endfacet
facet normal -1.0 -2.428583197959795e-16 1.0548144424291316e-15
  outer loop
    vertex 2.0592879999999956 50.6861655128188 44.71442614954997
    vertex 2.059288 32.19391944029322 44.71442614954997
    vertex 2.059288000000001 31.99598019158583 45.201390170376634
  endloop
endfacet
facet normal -1.0 -2.428583197959795e-16 1.0548144424291316e-15
  outer loop
    vertex 2.0592879999999956 50.6861655128188 44.71442614954997
    vertex 2.059288000000001 31.99598019158583 45.201390170376634
    vertex 2.059287999999996 50.8841047615262 45.201390170376634
  endloop
endfacet
facet normal -1.0 -2.428583197959795e-16 1.0548144424291316e-15
  outer loop
    vertex 2.059287999999996 50.8841047615262 45.201390170376634
    vertex 2.059288000000001 31.99598019158583 45.201390170376634
    vertex 2.0592880000000005 34.12974474424771 45.31215909921083
  endloop
endfacet
facet normal -1.0 -2.428583197959795e-16 1.0548144424291316e-15
  outer loop
    vertex 2.0592880000000005 34.12974474424771 45.31215909921083
    vertex 2.059288000000001 31.99598019158583 45.201390170376634
    vertex 2.0592880000000005 34.050512147095105 45.33023878927147
  endloop
endfacet
facet normal -1.0 -2.428583197959795e-16 1.0548144424291316e-15
  outer loop
    vertex 2.0592880000000005 34.050512147095105 45.33023878927147
    vertex 2.059288000000001 31.99598019158583 45.201390170376634
    vertex 2.0592880000000013 31.803189279706995 45.911603176636
  endloop
endfacet
facet normal -1.0 -2.428583197959795e-16 1.0548144424291316e-15
  outer loop
    vertex 2.0592880000000005 34.050512147095105 45.33023878927147
    vertex 2.0592880000000013 31.803189279706995 45.911603176636
    vertex 2.0592880000000005 33.990934550183454 45.38551255873283
  endloop
endfacet
facet normal -1.0 -2.428583197959795e-16 1.0548144424291316e-15
  outer loop
    vertex 2.0592880000000005 33.990934550183454 45.38551255873283
    vertex 2.0592880000000013 31.803189279706995 45.911603176636
    vertex 2.059288000000001 33.87717245333686 45.55046262163045
  endloop
endfacet
facet normal -1.0 -2.428583197959795e-16 1.0548144424291316e-15
  outer loop
    vertex 2.059288000000001 33.87717245333686 45.55046262163045
    vertex 2.0592880000000013 31.803189279706995 45.911603176636
    vertex 2.059288000000001 33.66193053726117 45.78099864308098
  endloop
endfacet
facet normal -1.0 -2.428583197959795e-16 1.0548144424291316e-15
  outer loop
    vertex 2.059288000000001 33.66193053726117 45.78099864308098
    vertex 2.0592880000000013 31.803189279706995 45.911603176636
    vertex 2.0592880000000013 33.259966823757075 46.11973021347931
  endloop
endfacet
facet normal -1.0 -2.428583197959795e-16 1.0548144424291316e-15
  outer loop
    vertex 2.0592880000000013 33.259966823757075 46.11973021347931
    vertex 2.0592880000000013 31.803189279706995 45.911603176636
    vertex 2.0592880000000022 31.739717157987787 46.255925815432576
  endloop
endfacet
facet normal -1.0 -2.428583197959795e-16 1.0548144424291316e-15
  outer loop
    vertex 2.0592880000000013 33.259966823757075 46.11973021347931
    vertex 2.0592880000000022 31.739717157987787 46.255925815432576
    vertex 2.059288000000002 32.644089784328116 46.52255315506442
  endloop
endfacet
facet normal -1.0 -2.428583197959795e-16 1.0548144424291316e-15
  outer loop
    vertex 2.059288000000002 32.644089784328116 46.52255315506442
    vertex 2.0592880000000022 31.739717157987787 46.255925815432576
    vertex 2.0592880000000022 32.33623345927299 46.68932027696472
  endloop
endfacet
facet normal -1.0 -2.428583197959795e-16 1.0548144424291316e-15
  outer loop
    vertex 2.059288000000002 37.56897426425223 47.194158688323974
    vertex 2.059288000000001 39.63395026817433 47.257359861630874
    vertex 2.0592880000000005 43.2461346849377 47.25735986163086
  endloop
endfacet
facet normal -1.0 -2.428583197959795e-16 1.0548144424291316e-15
  outer loop
    vertex 2.059288000000001 39.63395026817433 47.257359861630874
    vertex 2.059288000000002 37.56897426425223 47.194158688323974
    vertex 2.059288000000002 37.5416775666427 47.50837331230222
  endloop
endfacet
facet normal -1.0 -2.428583197959795e-16 1.0548144424291316e-15
  outer loop
    vertex 2.059288000000001 39.63395026817433 47.257359861630874
    vertex 2.059288000000002 37.5416775666427 47.50837331230222
    vertex 2.059288000000001 39.55326187326079 47.267058447636565
  endloop
endfacet
facet normal -1.0 -2.428583197959795e-16 1.0548144424291316e-15
  outer loop
    vertex 2.059288000000001 39.55326187326079 47.267058447636565
    vertex 2.059288000000002 37.5416775666427 47.50837331230222
    vertex 2.059288000000001 39.488232966477916 47.31580186695508
  endloop
endfacet
facet normal -1.0 -2.428583197959795e-16 1.0548144424291316e-15
  outer loop
    vertex 2.059288000000001 39.488232966477916 47.31580186695508
    vertex 2.059288000000002 37.5416775666427 47.50837331230222
    vertex 2.059288000000001 39.45628799088286 47.39052935974365
  endloop
endfacet
facet normal -1.0 -2.428583197959795e-16 1.0548144424291316e-15
  outer loop
    vertex 2.059288000000001 39.45628799088286 47.39052935974365
    vertex 2.059288000000002 37.5416775666427 47.50837331230222
    vertex 2.0592880000000013 39.41945237891489 47.587489953822285
  endloop
endfacet
facet normal -1.0 -2.428583197959795e-16 1.0548144424291316e-15
  outer loop
    vertex 2.0592880000000013 39.41945237891489 47.587489953822285
    vertex 2.059288000000002 37.5416775666427 47.50837331230222
    vertex 2.0592880000000027 37.55891717622661 48.033746227115984
  endloop
endfacet
facet normal -1.0 -2.428583197959795e-16 1.0548144424291316e-15
  outer loop
    vertex 2.0592880000000013 39.41945237891489 47.587489953822285
    vertex 2.0592880000000027 37.55891717622661 48.033746227115984
    vertex 2.059288000000002 39.31658655166247 47.885641863435254
  endloop
endfacet
facet normal -1.0 -2.428583197959795e-16 1.0548144424291316e-15
  outer loop
    vertex 2.059288000000002 39.31658655166247 47.885641863435254
    vertex 2.0592880000000027 37.55891717622661 48.033746227115984
    vertex 2.0592880000000027 39.087148968901275 48.358581922401726
  endloop
endfacet
facet normal -1.0 -2.428583197959795e-16 1.0548144424291316e-15
  outer loop
    vertex 2.0592880000000027 39.087148968901275 48.358581922401726
    vertex 2.0592880000000027 37.55891717622661 48.033746227115984
    vertex 2.059288000000003 37.67166356843965 48.760973221256044
  endloop
endfacet
facet normal -1.0 -2.428583197959795e-16 1.0548144424291316e-15
  outer loop
    vertex 2.0592880000000027 39.087148968901275 48.358581922401726
    vertex 2.059288000000003 37.67166356843965 48.760973221256044
    vertex 2.059288000000003 38.688360148078836 48.97707875048582
  endloop
endfacet
facet normal -1.0 -2.428583197959795e-16 1.0548144424291316e-15
  outer loop
    vertex 2.059288000000003 38.688360148078836 48.97707875048582
    vertex 2.059288000000003 37.67166356843965 48.760973221256044
    vertex 2.0592880000000036 37.75372753419523 49.101344041609146
  endloop
endfacet
facet normal -1.0 -2.428583197959795e-16 1.0548144424291316e-15
  outer loop
    vertex 2.059288000000003 38.688360148078836 48.97707875048582
    vertex 2.0592880000000036 37.75372753419523 49.101344041609146
    vertex 2.0592880000000036 38.47494970005529 49.25464454538456
  endloop
endfacet
facet normal -1.0 -2.428583197959795e-16 1.0548144424291316e-15
  outer loop
    vertex 2.059288000000001 39.63395026817433 47.257359861630874
    vertex 2.0592880000000005 42.52712461490473 47.33293086519
    vertex 2.0592880000000005 43.2461346849377 47.25735986163086
  endloop
endfacet
facet normal -1.0 -2.428583197959795e-16 1.0548144424291316e-15
  outer loop
    vertex 2.0592880000000005 42.52712461490473 47.33293086519
    vertex 2.059288000000001 39.63395026817433 47.257359861630874
    vertex 2.059288000000001 40.35296033820728 47.33293086519
  endloop
endfacet
facet normal -1.0 -2.428583197959795e-16 1.0548144424291316e-15
  outer loop
    vertex 2.0592880000000005 42.52712461490473 47.33293086519
    vertex 2.059288000000001 40.35296033820728 47.33293086519
    vertex 2.059288000000001 40.42986904868406 47.359193574437846
  endloop
endfacet
facet normal -1.0 -2.428583197959795e-16 1.0548144424291316e-15
  outer loop
    vertex 2.0592880000000005 42.52712461490473 47.33293086519
    vertex 2.059288000000001 40.42986904868406 47.359193574437846
    vertex 2.0592880000000005 42.45021590442798 47.359193574437846
  endloop
endfacet
facet normal -1.0 -2.428583197959795e-16 1.0548144424291316e-15
  outer loop
    vertex 2.0592880000000005 42.45021590442798 47.359193574437846
    vertex 2.059288000000001 40.42986904868406 47.359193574437846
    vertex 2.059288000000001 42.39674236200672 47.420392103057054
  endloop
endfacet
facet normal -1.0 -2.428583197959795e-16 1.0548144424291316e-15
  outer loop
    vertex 2.059288000000001 42.39674236200672 47.420392103057054
    vertex 2.059288000000001 40.42986904868406 47.359193574437846
    vertex 2.059288000000001 40.48334259110532 47.420392103057054
  endloop
endfacet
facet normal -1.0 -2.428583197959795e-16 1.0548144424291316e-15
  outer loop
    vertex 2.059288000000001 42.39674236200672 47.420392103057054
    vertex 2.059288000000001 40.48334259110532 47.420392103057054
    vertex 2.059288000000001 40.49905277296286 47.500128354726144
  endloop
endfacet
facet normal -1.0 -2.428583197959795e-16 1.0548144424291316e-15
  outer loop
    vertex 2.059288000000001 42.39674236200672 47.420392103057054
    vertex 2.059288000000001 40.49905277296286 47.500128354726144
    vertex 2.059288000000001 42.38103218014918 47.50012835472616
  endloop
endfacet
facet normal -1.0 -2.428583197959795e-16 1.0548144424291316e-15
  outer loop
    vertex 2.059288000000001 42.38103218014918 47.50012835472616
    vertex 2.059288000000001 40.49905277296286 47.500128354726144
    vertex 2.0592880000000013 40.49413302829153 47.70044344162984
  endloop
endfacet
facet normal -1.0 -2.428583197959795e-16 1.0548144424291316e-15
  outer loop
    vertex 2.059288000000001 42.38103218014918 47.50012835472616
    vertex 2.0592880000000013 40.49413302829153 47.70044344162984
    vertex 2.059288000000001 42.3859519248205 47.70044344162984
  endloop
endfacet
facet normal -1.0 -2.428583197959795e-16 1.0548144424291316e-15
  outer loop
    vertex 2.059288000000001 42.3859519248205 47.70044344162984
    vertex 2.0592880000000013 40.49413302829153 47.70044344162984
    vertex 2.059288000000002 40.53276172276782 48.01346702474338
  endloop
endfacet
facet normal -1.0 -2.428583197959795e-16 1.0548144424291316e-15
  outer loop
    vertex 2.059288000000001 42.3859519248205 47.70044344162984
    vertex 2.059288000000002 40.53276172276782 48.01346702474338
    vertex 2.0592880000000013 42.34732323034421 48.01346702474338
  endloop
endfacet
facet normal -1.0 -2.428583197959795e-16 1.0548144424291316e-15
  outer loop
    vertex 2.0592880000000013 42.34732323034421 48.01346702474338
    vertex 2.059288000000002 40.53276172276782 48.01346702474338
    vertex 2.0592880000000022 40.65885577654869 48.52377496448136
  endloop
endfacet
facet normal -1.0 -2.428583197959795e-16 1.0548144424291316e-15
  outer loop
    vertex 2.0592880000000013 42.34732323034421 48.01346702474338
    vertex 2.0592880000000022 40.65885577654869 48.52377496448136
    vertex 2.059288000000002 42.22122917656334 48.52377496448136
  endloop
endfacet
facet normal -1.0 -2.428583197959795e-16 1.0548144424291316e-15
  outer loop
    vertex 2.059288000000002 42.22122917656334 48.52377496448136
    vertex 2.0592880000000022 40.65885577654869 48.52377496448136
    vertex 2.0592880000000027 40.920337383543234 49.211669010949706
  endloop
endfacet
facet normal -1.0 -2.428583197959795e-16 1.0548144424291316e-15
  outer loop
    vertex 2.059288000000002 42.22122917656334 48.52377496448136
    vertex 2.0592880000000027 40.920337383543234 49.211669010949706
    vertex 2.0592880000000027 41.959747569568805 49.211669010949706
  endloop
endfacet
facet normal -1.0 -2.428583197959795e-16 1.0548144424291316e-15
  outer loop
    vertex 2.0592880000000027 41.959747569568805 49.211669010949706
    vertex 2.0592880000000027 40.920337383543234 49.211669010949706
    vertex 2.059288000000003 41.07137512751839 49.52753985436244
  endloop
endfacet
facet normal -1.0 -2.428583197959795e-16 1.0548144424291316e-15
  outer loop
    vertex 2.0592880000000027 41.959747569568805 49.211669010949706
    vertex 2.059288000000003 41.07137512751839 49.52753985436244
    vertex 2.059288000000003 41.80870982559365 49.52753985436244
  endloop
endfacet
facet normal -1.0 -2.428583197959795e-16 1.0548144424291316e-15
  outer loop
    vertex 2.0592880000000022 34.628602375234365 46.90991231754721
    vertex 2.059288000000001 36.738769208235425 46.57462608357131
    vertex 2.0592880000000013 34.72097066351106 46.39243574505398
  endloop
endfacet
facet normal -1.0 -2.428583197959795e-16 1.0548144424291316e-15
  outer loop
    vertex 2.059288000000001 36.738769208235425 46.57462608357131
    vertex 2.0592880000000022 34.628602375234365 46.90991231754721
    vertex 2.059288000000001 36.66502701236068 46.60878407226801
  endloop
endfacet
facet normal -1.0 -2.428583197959795e-16 1.0548144424291316e-15
  outer loop
    vertex 2.059288000000001 36.66502701236068 46.60878407226801
    vertex 2.0592880000000022 34.628602375234365 46.90991231754721
    vertex 2.059288000000001 36.61824339175064 46.67523685615891
  endloop
endfacet
facet normal -1.0 -2.428583197959795e-16 1.0548144424291316e-15
  outer loop
    vertex 2.059288000000001 36.61824339175064 46.67523685615891
    vertex 2.0592880000000022 34.628602375234365 46.90991231754721
    vertex 2.0592880000000013 36.54126231614323 46.860234834329454
  endloop
endfacet
facet normal -1.0 -2.428583197959795e-16 1.0548144424291316e-15
  outer loop
    vertex 2.0592880000000013 36.54126231614323 46.860234834329454
    vertex 2.0592880000000022 34.628602375234365 46.90991231754721
    vertex 2.059288000000002 36.37865508637061 47.13048440130017
  endloop
endfacet
facet normal -1.0 -2.428583197959795e-16 1.0548144424291316e-15
  outer loop
    vertex 2.059288000000002 36.37865508637061 47.13048440130017
    vertex 2.0592880000000022 34.628602375234365 46.90991231754721
    vertex 2.0592880000000027 34.58768599430897 47.644688950092785
  endloop
endfacet
facet normal -1.0 -2.428583197959795e-16 1.0548144424291316e-15
  outer loop
    vertex 2.059288000000002 36.37865508637061 47.13048440130017
    vertex 2.0592880000000027 34.58768599430897 47.644688950092785
    vertex 2.0592880000000022 36.0559014979594 47.54538682950012
  endloop
endfacet
facet normal -1.0 -2.428583197959795e-16 1.0548144424291316e-15
  outer loop
    vertex 2.0592880000000022 36.0559014979594 47.54538682950012
    vertex 2.0592880000000027 34.58768599430897 47.644688950092785
    vertex 2.059288000000003 35.537234448380104 48.06745515993563
  endloop
endfacet
facet normal -1.0 -2.428583197959795e-16 1.0548144424291316e-15
  outer loop
    vertex 2.059288000000003 35.537234448380104 48.06745515993563
    vertex 2.0592880000000027 34.58768599430897 47.644688950092785
    vertex 2.059288000000003 34.59718959275485 47.994683909256416
  endloop
endfacet
facet normal -1.0 -2.428583197959795e-16 1.0548144424291316e-15
  outer loop
    vertex 2.059288000000003 35.537234448380104 48.06745515993563
    vertex 2.059288000000003 34.59718959275485 47.994683909256416
    vertex 2.0592880000000036 35.27077835694378 48.29458494917485
  endloop
endfacet
facet normal -1.0 -2.428583197959795e-16 1.0548144424291316e-15
  outer loop
    vertex 2.059288000000001 36.81971081754215 46.581915495555165
    vertex 2.059287999999999 46.1413157448766 46.57462608357131
    vertex 2.059288000000001 36.738769208235425 46.57462608357131
  endloop
endfacet
facet normal -1.0 -2.428583197959795e-16 1.0548144424291316e-15
  outer loop
    vertex 2.059287999999999 46.1413157448766 46.57462608357131
    vertex 2.059288000000001 36.81971081754215 46.581915495555165
    vertex 2.059287999999999 46.06037413556988 46.581915495555165
  endloop
endfacet
facet normal -1.0 -2.428583197959795e-16 1.0548144424291316e-15
  outer loop
    vertex 2.059287999999999 46.06037413556988 46.581915495555165
    vertex 2.059288000000001 36.81971081754215 46.581915495555165
    vertex 2.059288000000001 37.50729669732157 46.805325690747125
  endloop
endfacet
facet normal -1.0 -2.428583197959795e-16 1.0548144424291316e-15
  outer loop
    vertex 2.059287999999999 46.06037413556988 46.581915495555165
    vertex 2.059288000000001 37.50729669732157 46.805325690747125
    vertex 2.059287999999999 45.372788255790454 46.805325690747125
  endloop
endfacet
facet normal -1.0 -2.428583197959795e-16 1.0548144424291316e-15
  outer loop
    vertex 2.059287999999999 45.372788255790454 46.805325690747125
    vertex 2.059288000000001 37.50729669732157 46.805325690747125
    vertex 2.0592880000000013 37.57706444366479 46.847004716820514
  endloop
endfacet
facet normal -1.0 -2.428583197959795e-16 1.0548144424291316e-15
  outer loop
    vertex 2.059287999999999 45.372788255790454 46.805325690747125
    vertex 2.0592880000000013 37.57706444366479 46.847004716820514
    vertex 2.059287999999999 45.30302050944724 46.847004716820514
  endloop
endfacet
facet normal -1.0 -2.428583197959795e-16 1.0548144424291316e-15
  outer loop
    vertex 2.059287999999999 45.30302050944724 46.847004716820514
    vertex 2.0592880000000013 37.57706444366479 46.847004716820514
    vertex 2.059287999999999 45.263439381785936 46.91798368537665
  endloop
endfacet
facet normal -1.0 -2.428583197959795e-16 1.0548144424291316e-15
  outer loop
    vertex 2.059287999999999 45.263439381785936 46.91798368537665
    vertex 2.0592880000000013 37.57706444366479 46.847004716820514
    vertex 2.0592880000000013 37.616645571326096 46.91798368537665
  endloop
endfacet
facet normal -1.0 -2.428583197959795e-16 1.0548144424291316e-15
  outer loop
    vertex 2.059287999999999 45.263439381785936 46.91798368537665
    vertex 2.0592880000000013 37.616645571326096 46.91798368537665
    vertex 2.0592880000000013 37.61543434911314 46.99924383911134
  endloop
endfacet
facet normal -1.0 -2.428583197959795e-16 1.0548144424291316e-15
  outer loop
    vertex 2.059287999999999 45.263439381785936 46.91798368537665
    vertex 2.0592880000000013 37.61543434911314 46.99924383911134
    vertex 2.059287999999999 45.26465060399889 46.99924383911134
  endloop
endfacet
facet normal -1.0 -2.428583197959795e-16 1.0548144424291316e-15
  outer loop
    vertex 2.059287999999999 45.26465060399889 46.99924383911134
    vertex 2.0592880000000013 37.61543434911314 46.99924383911134
    vertex 2.059288000000002 37.56897426425223 47.194158688323974
  endloop
endfacet
facet normal -1.0 -2.428583197959795e-16 1.0548144424291316e-15
  outer loop
    vertex 2.059287999999999 45.26465060399889 46.99924383911134
    vertex 2.059288000000002 37.56897426425223 47.194158688323974
    vertex 2.0592879999999996 45.3111106888598 47.19415868832396
  endloop
endfacet
facet normal -1.0 -2.428583197959795e-16 1.0548144424291316e-15
  outer loop
    vertex 2.0592879999999996 45.3111106888598 47.19415868832396
    vertex 2.059288000000002 37.56897426425223 47.194158688323974
    vertex 2.0592880000000005 43.2461346849377 47.25735986163086
  endloop
endfacet
facet normal -1.0 -2.428583197959795e-16 1.0548144424291316e-15
  outer loop
    vertex 2.0592879999999996 45.3111106888598 47.19415868832396
    vertex 2.0592880000000005 43.2461346849377 47.25735986163086
    vertex 2.059288 45.338407386469335 47.50837331230222
  endloop
endfacet
facet normal -1.0 -2.428583197959795e-16 1.0548144424291316e-15
  outer loop
    vertex 2.059288 45.338407386469335 47.50837331230222
    vertex 2.0592880000000005 43.2461346849377 47.25735986163086
    vertex 2.0592880000000005 43.32682307985125 47.26705844763658
  endloop
endfacet
facet normal -1.0 -2.428583197959795e-16 1.0548144424291316e-15
  outer loop
    vertex 2.059288 45.338407386469335 47.50837331230222
    vertex 2.0592880000000005 43.32682307985125 47.26705844763658
    vertex 2.059288 43.39185198663412 47.31580186695508
  endloop
endfacet
facet normal -1.0 -2.428583197959795e-16 1.0548144424291316e-15
  outer loop
    vertex 2.059288 45.338407386469335 47.50837331230222
    vertex 2.059288 43.39185198663412 47.31580186695508
    vertex 2.059288 43.423796962229176 47.39052935974365
  endloop
endfacet
facet normal -1.0 -2.428583197959795e-16 1.0548144424291316e-15
  outer loop
    vertex 2.059288 45.338407386469335 47.50837331230222
    vertex 2.059288 43.423796962229176 47.39052935974365
    vertex 2.0592880000000005 43.46063257419714 47.587489953822285
  endloop
endfacet
facet normal -1.0 -2.428583197959795e-16 1.0548144424291316e-15
  outer loop
    vertex 2.059288 45.338407386469335 47.50837331230222
    vertex 2.0592880000000005 43.46063257419714 47.587489953822285
    vertex 2.059288000000001 45.321167776885424 48.033746227115984
  endloop
endfacet
facet normal -1.0 -2.428583197959795e-16 1.0548144424291316e-15
  outer loop
    vertex 2.059288000000001 45.321167776885424 48.033746227115984
    vertex 2.0592880000000005 43.46063257419714 47.587489953822285
    vertex 2.0592880000000062 43.56349840144957 47.885641863435254
  endloop
endfacet
facet normal -1.0 -2.428583197959795e-16 1.0548144424291316e-15
  outer loop
    vertex 2.059288000000001 45.321167776885424 48.033746227115984
    vertex 2.0592880000000062 43.56349840144957 47.885641863435254
    vertex 2.059288000000007 43.79293598421076 48.358581922401726
  endloop
endfacet
facet normal -1.0 -2.428583197959795e-16 1.0548144424291316e-15
  outer loop
    vertex 2.059288000000001 45.321167776885424 48.033746227115984
    vertex 2.059288000000007 43.79293598421076 48.358581922401726
    vertex 2.0592880000000013 45.208421384672405 48.760973221256044
  endloop
endfacet
facet normal -1.0 -2.428583197959795e-16 1.0548144424291316e-15
  outer loop
    vertex 2.0592880000000013 45.208421384672405 48.760973221256044
    vertex 2.059288000000007 43.79293598421076 48.358581922401726
    vertex 2.059288000000002 44.1917248050332 48.97707875048582
  endloop
endfacet
facet normal -1.0 -2.428583197959795e-16 1.0548144424291316e-15
  outer loop
    vertex 2.0592880000000013 45.208421384672405 48.760973221256044
    vertex 2.059288000000002 44.1917248050332 48.97707875048582
    vertex 2.0592880000000013 45.126357418916804 49.101344041609146
  endloop
endfacet
facet normal -1.0 -2.428583197959795e-16 1.0548144424291316e-15
  outer loop
    vertex 2.0592880000000013 45.126357418916804 49.101344041609146
    vertex 2.059288000000002 44.1917248050332 48.97707875048582
    vertex 2.0592880000000022 44.40513525305675 49.25464454538457
  endloop
endfacet
facet normal -1.0 -2.428583197959795e-16 1.0548144424291316e-15
  outer loop
    vertex 2.0592880000000005 34.207402031220006 45.336117926902084
    vertex 2.059287999999997 48.750340208864316 45.31215909921083
    vertex 2.0592880000000005 34.12974474424771 45.31215909921083
  endloop
endfacet
facet normal -1.0 -2.428583197959795e-16 1.0548144424291316e-15
  outer loop
    vertex 2.059287999999997 48.750340208864316 45.31215909921083
    vertex 2.0592880000000005 34.207402031220006 45.336117926902084
    vertex 2.059287999999997 48.67268292189201 45.33611792690207
  endloop
endfacet
facet normal -1.0 -2.428583197959795e-16 1.0548144424291316e-15
  outer loop
    vertex 2.059287999999997 48.67268292189201 45.33611792690207
    vertex 2.0592880000000005 34.207402031220006 45.336117926902084
    vertex 2.059288000000001 34.83351291839639 45.697603216155926
  endloop
endfacet
facet normal -1.0 -2.428583197959795e-16 1.0548144424291316e-15
  outer loop
    vertex 2.059287999999997 48.67268292189201 45.33611792690207
    vertex 2.059288000000001 34.83351291839639 45.697603216155926
    vertex 2.0592879999999973 48.04657203471564 45.697603216155926
  endloop
endfacet
facet normal -1.0 -2.428583197959795e-16 1.0548144424291316e-15
  outer loop
    vertex 2.0592879999999973 48.04657203471564 45.697603216155926
    vertex 2.059288000000001 34.83351291839639 45.697603216155926
    vertex 2.059288000000001 34.89309051530806 45.752876985617284
  endloop
endfacet
facet normal -1.0 -2.428583197959795e-16 1.0548144424291316e-15
  outer loop
    vertex 2.0592879999999973 48.04657203471564 45.697603216155926
    vertex 2.059288000000001 34.89309051530806 45.752876985617284
    vertex 2.0592879999999973 47.986994437803965 45.75287698561728
  endloop
endfacet
facet normal -1.0 -2.428583197959795e-16 1.0548144424291316e-15
  outer loop
    vertex 2.0592879999999973 47.986994437803965 45.75287698561728
    vertex 2.059288000000001 34.89309051530806 45.752876985617284
    vertex 2.0592879999999973 47.96303561011274 45.83053427258957
  endloop
endfacet
facet normal -1.0 -2.428583197959795e-16 1.0548144424291316e-15
  outer loop
    vertex 2.0592879999999973 47.96303561011274 45.83053427258957
    vertex 2.059288000000001 34.89309051530806 45.752876985617284
    vertex 2.059288000000001 34.917049342999306 45.830534272589574
  endloop
endfacet
facet normal -1.0 -2.428583197959795e-16 1.0548144424291316e-15
  outer loop
    vertex 2.0592879999999973 47.96303561011274 45.83053427258957
    vertex 2.059288000000001 34.917049342999306 45.830534272589574
    vertex 2.0592879999999973 47.981115300173364 45.909766869742164
  endloop
endfacet
facet normal -1.0 -2.428583197959795e-16 1.0548144424291316e-15
  outer loop
    vertex 2.0592879999999973 47.981115300173364 45.909766869742164
    vertex 2.059288000000001 34.917049342999306 45.830534272589574
    vertex 2.059288000000001 34.89896965293866 45.909766869742164
  endloop
endfacet
facet normal -1.0 -2.428583197959795e-16 1.0548144424291316e-15
  outer loop
    vertex 2.0592879999999973 47.981115300173364 45.909766869742164
    vertex 2.059288000000001 34.89896965293866 45.909766869742164
    vertex 2.059288000000001 34.81299975653677 46.09076276704791
  endloop
endfacet
facet normal -1.0 -2.428583197959795e-16 1.0548144424291316e-15
  outer loop
    vertex 2.0592879999999973 47.981115300173364 45.909766869742164
    vertex 2.059288000000001 34.81299975653677 46.09076276704791
    vertex 2.059287999999998 48.067085196575256 46.09076276704791
  endloop
endfacet
facet normal -1.0 -2.428583197959795e-16 1.0548144424291316e-15
  outer loop
    vertex 2.059287999999998 48.067085196575256 46.09076276704791
    vertex 2.059288000000001 34.81299975653677 46.09076276704791
    vertex 2.0592880000000013 34.72097066351106 46.39243574505398
  endloop
endfacet
facet normal -1.0 -2.428583197959795e-16 1.0548144424291316e-15
  outer loop
    vertex 2.059287999999998 48.067085196575256 46.09076276704791
    vertex 2.0592880000000013 34.72097066351106 46.39243574505398
    vertex 2.0592879999999982 48.15911428960096 46.392435745053966
  endloop
endfacet
facet normal -1.0 -2.428583197959795e-16 1.0548144424291316e-15
  outer loop
    vertex 2.0592879999999982 48.15911428960096 46.392435745053966
    vertex 2.0592880000000013 34.72097066351106 46.39243574505398
    vertex 2.059287999999999 46.1413157448766 46.57462608357131
  endloop
endfacet
facet normal -1.0 -2.428583197959795e-16 1.0548144424291316e-15
  outer loop
    vertex 2.0592879999999982 48.15911428960096 46.392435745053966
    vertex 2.059287999999999 46.1413157448766 46.57462608357131
    vertex 2.0592879999999987 48.25148257787767 46.90991231754721
  endloop
endfacet
facet normal -1.0 -2.428583197959795e-16 1.0548144424291316e-15
  outer loop
    vertex 2.059287999999999 46.1413157448766 46.57462608357131
    vertex 2.0592880000000013 34.72097066351106 46.39243574505398
    vertex 2.059288000000001 36.738769208235425 46.57462608357131
  endloop
endfacet
facet normal -1.0 -2.428583197959795e-16 1.0548144424291316e-15
  outer loop
    vertex 2.0592879999999987 48.25148257787767 46.90991231754721
    vertex 2.059287999999999 46.1413157448766 46.57462608357131
    vertex 2.059287999999999 46.21505794075135 46.60878407226801
  endloop
endfacet
facet normal -1.0 -2.428583197959795e-16 1.0548144424291316e-15
  outer loop
    vertex 2.0592879999999987 48.25148257787767 46.90991231754721
    vertex 2.059287999999999 46.21505794075135 46.60878407226801
    vertex 2.059287999999999 46.261841561361415 46.67523685615891
  endloop
endfacet
facet normal -1.0 -2.428583197959795e-16 1.0548144424291316e-15
  outer loop
    vertex 2.0592879999999987 48.25148257787767 46.90991231754721
    vertex 2.059287999999999 46.261841561361415 46.67523685615891
    vertex 2.059287999999999 46.3388226369688 46.860234834329454
  endloop
endfacet
facet normal -1.0 -2.428583197959795e-16 1.0548144424291316e-15
  outer loop
    vertex 2.0592879999999987 48.25148257787767 46.90991231754721
    vertex 2.059287999999999 46.3388226369688 46.860234834329454
    vertex 2.059287999999999 46.501429866741425 47.13048440130016
  endloop
endfacet
facet normal -1.0 -2.428583197959795e-16 1.0548144424291316e-15
  outer loop
    vertex 2.0592879999999987 48.25148257787767 46.90991231754721
    vertex 2.059287999999999 46.501429866741425 47.13048440130016
    vertex 2.059287999999999 48.29239895880306 47.644688950092785
  endloop
endfacet
facet normal -1.0 -2.428583197959795e-16 1.0548144424291316e-15
  outer loop
    vertex 2.059287999999999 48.29239895880306 47.644688950092785
    vertex 2.059287999999999 46.501429866741425 47.13048440130016
    vertex 2.0592879999999996 46.824183455152635 47.5453868295001
  endloop
endfacet
facet normal -1.0 -2.428583197959795e-16 1.0548144424291316e-15
  outer loop
    vertex 2.059287999999999 48.29239895880306 47.644688950092785
    vertex 2.0592879999999996 46.824183455152635 47.5453868295001
    vertex 2.059288 47.34285050473194 48.06745515993562
  endloop
endfacet
facet normal -1.0 -2.428583197959795e-16 1.0548144424291316e-15
  outer loop
    vertex 2.059287999999999 48.29239895880306 47.644688950092785
    vertex 2.059288 47.34285050473194 48.06745515993562
    vertex 2.059288 48.28289536035718 47.994683909256416
  endloop
endfacet
facet normal -1.0 -2.428583197959795e-16 1.0548144424291316e-15
  outer loop
    vertex 2.059288 48.28289536035718 47.994683909256416
    vertex 2.059288 47.34285050473194 48.06745515993562
    vertex 2.0592880000000005 47.60930659616825 48.29458494917485
  endloop
endfacet
facet normal -1.0 -2.428583197959795e-16 1.0548144424291316e-15
  outer loop
    vertex 2.059287999999996 50.8841047615262 45.201390170376634
    vertex 2.059287999999997 48.82957280601692 45.33023878927147
    vertex 2.059287999999997 51.07689567340503 45.911603176636
  endloop
endfacet
facet normal -1.0 -2.428583197959795e-16 1.0548144424291316e-15
  outer loop
    vertex 2.059287999999997 48.82957280601692 45.33023878927147
    vertex 2.059287999999996 50.8841047615262 45.201390170376634
    vertex 2.059287999999997 48.750340208864316 45.31215909921083
  endloop
endfacet
facet normal -1.0 -2.428583197959795e-16 1.0548144424291316e-15
  outer loop
    vertex 2.059287999999997 48.750340208864316 45.31215909921083
    vertex 2.059287999999996 50.8841047615262 45.201390170376634
    vertex 2.0592880000000005 34.12974474424771 45.31215909921083
  endloop
endfacet
facet normal -1.0 -2.428583197959795e-16 1.0548144424291316e-15
  outer loop
    vertex 2.059287999999997 51.07689567340503 45.911603176636
    vertex 2.059287999999997 48.82957280601692 45.33023878927147
    vertex 2.059287999999997 48.889150402928564 45.38551255873282
  endloop
endfacet
facet normal -1.0 -2.428583197959795e-16 1.0548144424291316e-15
  outer loop
    vertex 2.059287999999997 51.07689567340503 45.911603176636
    vertex 2.059287999999997 48.889150402928564 45.38551255873282
    vertex 2.059287999999997 49.002912499775164 45.55046262163045
  endloop
endfacet
facet normal -1.0 -2.428583197959795e-16 1.0548144424291316e-15
  outer loop
    vertex 2.059287999999997 51.07689567340503 45.911603176636
    vertex 2.059287999999997 49.002912499775164 45.55046262163045
    vertex 2.0592879999999973 49.21815441585085 45.78099864308098
  endloop
endfacet
facet normal -1.0 -2.428583197959795e-16 1.0548144424291316e-15
  outer loop
    vertex 2.059287999999997 51.07689567340503 45.911603176636
    vertex 2.0592879999999973 49.21815441585085 45.78099864308098
    vertex 2.0592879999999973 49.62011812935495 46.11973021347931
  endloop
endfacet
facet normal -1.0 -2.428583197959795e-16 1.0548144424291316e-15
  outer loop
    vertex 2.059287999999997 51.07689567340503 45.911603176636
    vertex 2.0592879999999973 49.62011812935495 46.11973021347931
    vertex 2.0592879999999973 51.14036779512424 46.255925815432576
  endloop
endfacet
facet normal -1.0 -2.428583197959795e-16 1.0548144424291316e-15
  outer loop
    vertex 2.0592879999999973 51.14036779512424 46.255925815432576
    vertex 2.0592879999999973 49.62011812935495 46.11973021347931
    vertex 2.0592879999999973 50.23599516878391 46.52255315506442
  endloop
endfacet
facet normal -1.0 -2.428583197959795e-16 1.0548144424291316e-15
  outer loop
    vertex 2.0592879999999973 51.14036779512424 46.255925815432576
    vertex 2.0592879999999973 50.23599516878391 46.52255315506442
    vertex 2.059287999999998 50.54385149383904 46.68932027696472
  endloop
endfacet
facet normal -1.0 -2.428583197959795e-16 1.0548144424291316e-15
  outer loop
    vertex 2.0592879999999933 53.10397610568277 42.982850401834455
    vertex 2.0592879999999942 51.12112973698439 43.53604458197335
    vertex 2.059287999999994 53.44021566055248 43.63746006545397
  endloop
endfacet
facet normal -1.0 -2.428583197959795e-16 1.0548144424291316e-15
  outer loop
    vertex 2.0592879999999942 51.12112973698439 43.53604458197335
    vertex 2.0592879999999933 53.10397610568277 42.982850401834455
    vertex 2.0592879999999942 51.03986958324969 43.534833359760405
  endloop
endfacet
facet normal -1.0 -2.428583197959795e-16 1.0548144424291316e-15
  outer loop
    vertex 2.0592879999999942 51.03986958324969 43.534833359760405
    vertex 2.0592879999999933 53.10397610568277 42.982850401834455
    vertex 2.059287999999999 31.840215369862335 43.534833359760405
  endloop
endfacet
facet normal -1.0 -2.428583197959795e-16 1.0548144424291316e-15
  outer loop
    vertex 2.059287999999994 53.44021566055248 43.63746006545397
    vertex 2.0592879999999942 51.12112973698439 43.53604458197335
    vertex 2.0592879999999942 51.19089748332761 43.577723608046725
  endloop
endfacet
facet normal -1.0 -2.428583197959795e-16 1.0548144424291316e-15
  outer loop
    vertex 2.059287999999994 53.44021566055248 43.63746006545397
    vertex 2.0592879999999942 51.19089748332761 43.577723608046725
    vertex 2.0592879999999947 51.33646865189007 43.71541664640458
  endloop
endfacet
facet normal -1.0 -2.428583197959795e-16 1.0548144424291316e-15
  outer loop
    vertex 2.059287999999994 53.44021566055248 43.63746006545397
    vertex 2.0592879999999947 51.33646865189007 43.71541664640458
    vertex 2.0592879999999942 53.57388946614464 43.96106183232474
  endloop
endfacet
facet normal -1.0 -2.428583197959795e-16 1.0548144424291316e-15
  outer loop
    vertex 2.0592879999999942 53.57388946614464 43.96106183232474
    vertex 2.0592879999999947 51.33646865189007 43.71541664640458
    vertex 2.0592879999999942 51.59493814969105 43.89616359196299
  endloop
endfacet
facet normal -1.0 -2.428583197959795e-16 1.0548144424291316e-15
  outer loop
    vertex 2.0592879999999942 53.57388946614464 43.96106183232474
    vertex 2.0592879999999942 51.59493814969105 43.89616359196299
    vertex 2.0592879999999947 52.058544245172 44.14392010951888
  endloop
endfacet
facet normal -1.0 -2.428583197959795e-16 1.0548144424291316e-15
  outer loop
    vertex 2.0592879999999942 53.57388946614464 43.96106183232474
    vertex 2.0592879999999947 52.058544245172 44.14392010951888
    vertex 2.0592879999999947 53.08051625253214 44.50900829784429
  endloop
endfacet
facet normal -1.0 -2.428583197959795e-16 1.0548144424291316e-15
  outer loop
    vertex 2.0592879999999947 53.08051625253214 44.50900829784429
    vertex 2.0592879999999947 52.058544245172 44.14392010951888
    vertex 2.0592879999999947 52.7447144925216 44.40989236674738
  endloop
endfacet
facet normal -1.0 -2.428583197959795e-16 1.0548144424291316e-15
  outer loop
    vertex 2.0592879999999907 55.477103799062256 41.210388527973876
    vertex 2.0592879999999916 52.989576699660375 41.3046163467316
    vertex 2.0592879999999916 55.10843645002464 41.84893910759876
  endloop
endfacet
facet normal -1.0 -2.428583197959795e-16 1.0548144424291316e-15
  outer loop
    vertex 2.0592879999999916 52.989576699660375 41.3046163467316
    vertex 2.0592879999999907 55.477103799062256 41.210388527973876
    vertex 2.0592879999999973 29.890508253451657 41.304616346731606
  endloop
endfacet
facet normal -1.0 -2.428583197959795e-16 1.0548144424291316e-15
  outer loop
    vertex 2.0592879999999916 55.10843645002464 41.84893910759876
    vertex 2.0592879999999916 52.989576699660375 41.3046163467316
    vertex 2.0592879999999916 53.06648541013715 41.33087905597944
  endloop
endfacet
facet normal -1.0 -2.428583197959795e-16 1.0548144424291316e-15
  outer loop
    vertex 2.0592879999999916 55.10843645002464 41.84893910759876
    vertex 2.0592879999999916 53.06648541013715 41.33087905597944
    vertex 2.0592879999999916 53.23750349182136 41.43529722329678
  endloop
endfacet
facet normal -1.0 -2.428583197959795e-16 1.0548144424291316e-15
  outer loop
    vertex 2.0592879999999916 55.10843645002464 41.84893910759876
    vertex 2.0592879999999916 53.23750349182136 41.43529722329678
    vertex 2.0592879999999916 53.52790421401944 41.558355584122076
  endloop
endfacet
facet normal -1.0 -2.428583197959795e-16 1.0548144424291316e-15
  outer loop
    vertex 2.0592879999999916 55.10843645002464 41.84893910759876
    vertex 2.0592879999999916 53.52790421401944 41.558355584122076
    vertex 2.059287999999992 54.03289088047586 41.70430890015067
  endloop
endfacet
facet normal -1.0 -2.428583197959795e-16 1.0548144424291316e-15
  outer loop
    vertex 2.0592879999999916 55.10843645002464 41.84893910759876
    vertex 2.059287999999992 54.03289088047586 41.70430890015067
    vertex 2.0592879999999916 54.75936540332682 41.82180620910519
  endloop
endfacet
facet normal -1.0 -2.428583197959795e-16 1.0548144424291316e-15
  outer loop
    vertex 2.059287999999987 56.76683119489293 38.124123524975055
    vertex 2.0592879999999885 54.353253595972646 38.73347820500694
    vertex 2.059287999999988 56.53898224264537 38.825370494270025
  endloop
endfacet
facet normal -1.0 -2.428583197959795e-16 1.0548144424291316e-15
  outer loop
    vertex 2.0592879999999885 54.353253595972646 38.73347820500694
    vertex 2.059287999999987 56.76683119489293 38.124123524975055
    vertex 2.0592879999999947 28.52683135713937 38.73347820500694
  endloop
endfacet
facet normal -1.0 -2.428583197959795e-16 1.0548144424291316e-15
  outer loop
    vertex 2.059287999999988 56.53898224264537 38.825370494270025
    vertex 2.0592879999999885 54.353253595972646 38.73347820500694
    vertex 2.0592879999999885 54.433941990886176 38.743176791012644
  endloop
endfacet
facet normal -1.0 -2.428583197959795e-16 1.0548144424291316e-15
  outer loop
    vertex 2.059287999999988 56.53898224264537 38.825370494270025
    vertex 2.0592879999999885 54.433941990886176 38.743176791012644
    vertex 2.059287999999989 54.622932674886755 38.809756512323744
  endloop
endfacet
facet normal -1.0 -2.428583197959795e-16 1.0548144424291316e-15
  outer loop
    vertex 2.059287999999988 56.53898224264537 38.825370494270025
    vertex 2.059287999999989 54.622932674886755 38.809756512323744
    vertex 2.059287999999989 54.93257271642464 38.86974804754834
  endloop
endfacet
facet normal -1.0 -2.428583197959795e-16 1.0548144424291316e-15
  outer loop
    vertex 2.059287999999988 56.53898224264537 38.825370494270025
    vertex 2.059287999999989 54.93257271642464 38.86974804754834
    vertex 2.0592879999999885 56.19189798902966 38.87140646624206
  endloop
endfacet
facet normal -1.0 -2.428583197959795e-16 1.0548144424291316e-15
  outer loop
    vertex 2.0592879999999885 56.19189798902966 38.87140646624206
    vertex 2.059287999999989 54.93257271642464 38.86974804754834
    vertex 2.0592879999999885 55.456869613337524 38.90751930177748
  endloop
endfacet
facet normal -1.0 -2.428583197959795e-16 1.0548144424291316e-15
  outer loop
    vertex 2.0592879999999854 56.26824574012281 35.87578444033368
    vertex 2.0592879999999854 55.233502811211366 35.92771181929853
    vertex 2.0592879999999854 55.747552903004205 35.947846032960406
  endloop
endfacet
facet normal -1.0 -2.428583197959795e-16 1.0548144424291316e-15
  outer loop
    vertex 2.0592879999999854 55.233502811211366 35.92771181929853
    vertex 2.0592879999999854 56.26824574012281 35.87578444033368
    vertex 2.059287999999992 27.646582141900666 35.92771181929854
  endloop
endfacet
facet normal -1.0 -2.428583197959795e-16 1.0548144424291316e-15
  outer loop
    vertex 2.0592879999999854 55.747552903004205 35.947846032960406
    vertex 2.0592879999999854 55.233502811211366 35.92771181929853
    vertex 2.0592879999999854 55.43220629775952 35.953543241297155
  endloop
endfacet
facet normal 5.706985738436027e-16 -0.9463453467017978 0.3231570589912188
  outer loop
    vertex 5.059287999999983 28.933808368000953 27.41601202488475
    vertex 2.0592879999999827 28.96007107724877 27.492920735361512
    vertex 2.0592879999999827 28.933808368000953 27.416012024884758
  endloop
endfacet
facet normal 5.706985738436027e-16 -0.9463453467017978 0.3231570589912188
  outer loop
    vertex 2.0592879999999827 28.96007107724877 27.492920735361512
    vertex 5.059287999999983 28.933808368000953 27.41601202488475
    vertex 5.059287999999983 28.96007107724877 27.492920735361512
  endloop
endfacet
facet normal 3.437078342723111e-17 -0.9811376404925662 -0.19331045085219803
  outer loop
    vertex 5.059287999999983 28.96007107724877 27.492920735361512
    vertex 2.059287999999983 28.94436089539123 27.572656987030616
    vertex 2.0592879999999827 28.96007107724877 27.492920735361512
  endloop
endfacet
facet normal 3.437078342723111e-17 -0.9811376404925662 -0.19331045085219803
  outer loop
    vertex 2.059287999999983 28.94436089539123 27.572656987030616
    vertex 5.059287999999983 28.96007107724877 27.492920735361512
    vertex 5.059287999999984 28.94436089539123 27.57265698703061
  endloop
endfacet
facet normal 9.541081422770064e-16 -0.6579805815013756 0.7530348958495297
  outer loop
    vertex 2.0592879999999827 28.87260983938174 27.362538482463503
    vertex 5.059287999999983 28.933808368000953 27.41601202488475
    vertex 2.0592879999999827 28.933808368000953 27.416012024884758
  endloop
endfacet
facet normal 9.541081422770064e-16 -0.6579805815013756 0.7530348958495297
  outer loop
    vertex 5.059287999999983 28.933808368000953 27.41601202488475
    vertex 2.0592879999999827 28.87260983938174 27.362538482463503
    vertex 5.059287999999983 28.87260983938174 27.362538482463503
  endloop
endfacet
facet normal 1.042398561514699e-15 -0.47858607092318317 0.8780406441152426
  outer loop
    vertex 2.0592879999999827 28.696672013026177 27.26664156287715
    vertex 5.059287999999983 28.87260983938174 27.362538482463503
    vertex 2.0592879999999827 28.87260983938174 27.362538482463503
  endloop
endfacet
facet normal 1.042398561514699e-15 -0.47858607092318317 0.8780406441152426
  outer loop
    vertex 5.059287999999983 28.87260983938174 27.362538482463503
    vertex 2.0592879999999827 28.696672013026177 27.26664156287715
    vertex 5.059287999999983 28.696672013026177 27.26664156287715
  endloop
endfacet
facet normal 9.882984076206543e-16 -0.6023030676538536 0.798267508229389
  outer loop
    vertex 2.0592879999999822 28.444899985304364 27.07667634058891
    vertex 5.059287999999983 28.696672013026177 27.26664156287715
    vertex 2.0592879999999827 28.696672013026177 27.26664156287715
  endloop
endfacet
facet normal 9.882984076206543e-16 -0.6023030676538536 0.798267508229389
  outer loop
    vertex 5.059287999999983 28.696672013026177 27.26664156287715
    vertex 2.0592879999999822 28.444899985304364 27.07667634058891
    vertex 5.059287999999982 28.444899985304364 27.076676340588904
  endloop
endfacet
facet normal 9.286458067189028e-16 -0.6931431183626758 0.7207999843690799
  outer loop
    vertex 2.0592879999999822 28.066007372628814 26.712321716879522
    vertex 5.059287999999982 28.444899985304364 27.076676340588904
    vertex 2.0592879999999822 28.444899985304364 27.07667634058891
  endloop
endfacet
facet normal 9.286458067189028e-16 -0.6931431183626758 0.7207999843690799
  outer loop
    vertex 5.059287999999982 28.444899985304364 27.076676340588904
    vertex 2.0592879999999822 28.066007372628814 26.712321716879522
    vertex 5.059287999999982 28.066007372628814 26.712321716879522
  endloop
endfacet
facet normal 8.547275951722606e-16 -0.7750851078405351 0.6318568473980688
  outer loop
    vertex 5.059287999999982 27.601014456772408 26.14192497936569
    vertex 2.0592879999999822 28.066007372628814 26.712321716879522
    vertex 2.059287999999982 27.601014456772408 26.141924979365697
  endloop
endfacet
facet normal 8.547275951722606e-16 -0.7750851078405351 0.6318568473980688
  outer loop
    vertex 2.0592879999999822 28.066007372628814 26.712321716879522
    vertex 5.059287999999982 27.601014456772408 26.14192497936569
    vertex 5.059287999999982 28.066007372628814 26.712321716879522
  endloop
endfacet
facet normal 7.968914699861139e-16 -0.8246734728615324 0.5656091080936548
  outer loop
    vertex 2.059287999999982 27.402981154049765 25.853187034446538
    vertex 5.059287999999982 27.601014456772408 26.14192497936569
    vertex 2.059287999999982 27.601014456772408 26.141924979365697
  endloop
endfacet
facet normal 7.968914699861139e-16 -0.8246734728615324 0.5656091080936548
  outer loop
    vertex 5.059287999999982 27.601014456772408 26.14192497936569
    vertex 2.059287999999982 27.402981154049765 25.853187034446538
    vertex 5.059287999999982 27.402981154049765 25.853187034446535
  endloop
endfacet
facet normal -3.17085746750845e-16 -0.8660254037844374 -0.5000000000000022
  outer loop
    vertex 5.059287999999981 27.7716485030874 25.21463645482165
    vertex 2.059287999999982 27.402981154049765 25.853187034446538
    vertex 2.059287999999981 27.7716485030874 25.214636454821655
  endloop
endfacet
facet normal -3.17085746750845e-16 -0.8660254037844374 -0.5000000000000022
  outer loop
    vertex 2.059287999999982 27.402981154049765 25.853187034446538
    vertex 5.059287999999981 27.7716485030874 25.21463645482165
    vertex 5.059287999999982 27.402981154049765 25.853187034446535
  endloop
endfacet
facet normal -1.070462666632746e-15 0.07749511979021835 -0.9969927313720496
  outer loop
    vertex 5.059287999999981 27.7716485030874 25.21463645482165
    vertex 2.0592879999999805 28.120719549785218 25.241769353315224
    vertex 5.059287999999981 28.120719549785218 25.24176935331522
  endloop
endfacet
facet normal -1.070462666632746e-15 0.07749511979021835 -0.9969927313720496
  outer loop
    vertex 2.0592879999999805 28.120719549785218 25.241769353315224
    vertex 5.059287999999981 27.7716485030874 25.21463645482165
    vertex 2.059287999999981 27.7716485030874 25.214636454821655
  endloop
endfacet
facet normal -1.0800582202248725e-15 0.15966152748161247 -0.9871718171839381
  outer loop
    vertex 5.059287999999981 28.120719549785218 25.24176935331522
    vertex 2.0592879999999805 28.84719407263616 25.359266662269743
    vertex 5.059287999999981 28.84719407263616 25.35926666226974
  endloop
endfacet
facet normal -1.0800582202248725e-15 0.15966152748161247 -0.9871718171839381
  outer loop
    vertex 2.0592879999999805 28.84719407263616 25.359266662269743
    vertex 5.059287999999981 28.120719549785218 25.24176935331522
    vertex 2.0592879999999805 28.120719549785218 25.241769353315224
  endloop
endfacet
facet normal -1.0807705834999994e-15 0.2776595383296947 -0.9606795411449861
  outer loop
    vertex 5.059287999999981 28.84719407263616 25.35926666226974
    vertex 2.0592879999999805 29.352180739092578 25.505219978298342
    vertex 5.059287999999981 29.352180739092578 25.505219978298335
  endloop
endfacet
facet normal -1.0807705834999994e-15 0.2776595383296947 -0.9606795411449861
  outer loop
    vertex 2.0592879999999805 29.352180739092578 25.505219978298342
    vertex 5.059287999999981 28.84719407263616 25.35926666226974
    vertex 2.0592879999999805 28.84719407263616 25.359266662269743
  endloop
endfacet
facet normal -1.0659691975203528e-15 0.39016840731544544 -0.9207435114802214
  outer loop
    vertex 5.059287999999981 29.352180739092578 25.505219978298335
    vertex 2.0592879999999805 29.642581461290664 25.628278339123636
    vertex 5.059287999999981 29.642581461290664 25.628278339123632
  endloop
endfacet
facet normal -1.0659691975203528e-15 0.39016840731544544 -0.9207435114802214
  outer loop
    vertex 2.0592879999999805 29.642581461290664 25.628278339123636
    vertex 5.059287999999981 29.352180739092578 25.505219978298335
    vertex 2.0592879999999805 29.352180739092578 25.505219978298342
  endloop
endfacet
facet normal -1.0268279855451208e-15 0.5211124678974566 -0.8534880173744809
  outer loop
    vertex 5.059287999999981 29.642581461290664 25.628278339123632
    vertex 2.0592879999999805 29.813599542974877 25.732696506440977
    vertex 5.059287999999981 29.813599542974877 25.73269650644097
  endloop
endfacet
facet normal -1.0268279855451208e-15 0.5211124678974566 -0.8534880173744809
  outer loop
    vertex 2.0592879999999805 29.813599542974877 25.732696506440977
    vertex 5.059287999999981 29.642581461290664 25.628278339123632
    vertex 2.0592879999999805 29.642581461290664 25.628278339123636
  endloop
endfacet
facet normal -1.0767001196034823e-15 0.32315705899117936 -0.9463453467018113
  outer loop
    vertex 5.059287999999981 29.813599542974877 25.73269650644097
    vertex 2.0592879999999805 29.89050825345165 25.75895921568882
    vertex 5.059287999999981 29.89050825345165 25.75895921568881
  endloop
endfacet
facet normal -1.0767001196034823e-15 0.32315705899117936 -0.9463453467018113
  outer loop
    vertex 2.0592879999999805 29.89050825345165 25.75895921568882
    vertex 5.059287999999981 29.813599542974877 25.73269650644097
    vertex 2.0592879999999805 29.813599542974877 25.732696506440977
  endloop
endfacet
facet normal -9.879711019093964e-16 -0.1933104508522768 -0.9811376404925507
  outer loop
    vertex 5.059287999999981 29.89050825345165 25.75895921568881
    vertex 2.0592879999999805 29.97024450512073 25.743249033831272
    vertex 5.059287999999981 29.97024450512073 25.743249033831265
  endloop
endfacet
facet normal -9.879711019093964e-16 -0.1933104508522768 -0.9811376404925507
  outer loop
    vertex 2.0592879999999805 29.97024450512073 25.743249033831272
    vertex 5.059287999999981 29.89050825345165 25.75895921568881
    vertex 2.0592879999999805 29.89050825345165 25.75895921568882
  endloop
endfacet
facet normal -6.345160253134747e-16 -0.6579805815013072 -0.7530348958495893
  outer loop
    vertex 5.059287999999981 29.97024450512073 25.743249033831265
    vertex 2.0592879999999805 30.03144303373996 25.689775491410018
    vertex 5.059287999999981 30.03144303373996 25.68977549141001
  endloop
endfacet
facet normal -6.345160253134747e-16 -0.6579805815013072 -0.7530348958495893
  outer loop
    vertex 2.0592879999999805 30.03144303373996 25.689775491410018
    vertex 5.059287999999981 29.97024450512073 25.743249033831265
    vertex 2.0592879999999805 29.97024450512073 25.743249033831272
  endloop
endfacet
facet normal -4.2352786522465594e-16 -0.8090169943749491 -0.5877852522924711
  outer loop
    vertex 5.05928799999998 30.456394477628134 25.10488000696419
    vertex 2.0592879999999805 30.03144303373996 25.689775491410018
    vertex 2.05928799999998 30.456394477628134 25.104880006964198
  endloop
endfacet
facet normal -4.2352786522465594e-16 -0.8090169943749491 -0.5877852522924711
  outer loop
    vertex 2.0592879999999805 30.03144303373996 25.689775491410018
    vertex 5.05928799999998 30.456394477628134 25.10488000696419
    vertex 5.059287999999981 30.03144303373996 25.68977549141001
  endloop
endfacet
facet normal -1.9131272455887712e-16 -0.9195059263479953 -0.39307613945763126
  outer loop
    vertex 5.05928799999998 30.488339453223183 25.03015251417562
    vertex 2.05928799999998 30.456394477628134 25.104880006964198
    vertex 2.05928799999998 30.488339453223183 25.030152514175622
  endloop
endfacet
facet normal -1.9131272455887712e-16 -0.9195059263479953 -0.39307613945763126
  outer loop
    vertex 2.05928799999998 30.456394477628134 25.104880006964198
    vertex 5.05928799999998 30.488339453223183 25.03015251417562
    vertex 5.05928799999998 30.456394477628134 25.10488000696419
  endloop
endfacet
facet normal 3.6700329136055535e-16 -0.9928535608765282 0.11933904078212684
  outer loop
    vertex 5.05928799999998 30.47864086721749 24.94946411926207
    vertex 2.05928799999998 30.488339453223183 25.030152514175622
    vertex 2.05928799999998 30.47864086721749 24.94946411926208
  endloop
endfacet
facet normal 3.6700329136055535e-16 -0.9928535608765282 0.11933904078212684
  outer loop
    vertex 2.05928799999998 30.488339453223183 25.030152514175622
    vertex 5.05928799999998 30.47864086721749 24.94946411926207
    vertex 5.05928799999998 30.488339453223183 25.03015251417562
  endloop
endfacet
facet normal 8.269810717403879e-16 -0.8001668855658719 0.5997774214188234
  outer loop
    vertex 5.059287999999979 30.42989744789899 24.8844352124792
    vertex 2.05928799999998 30.47864086721749 24.94946411926208
    vertex 2.0592879999999796 30.42989744789899 24.884435212479207
  endloop
endfacet
facet normal 8.269810717403879e-16 -0.8001668855658719 0.5997774214188234
  outer loop
    vertex 2.05928799999998 30.47864086721749 24.94946411926208
    vertex 5.059287999999979 30.42989744789899 24.8844352124792
    vertex 5.05928799999998 30.47864086721749 24.94946411926207
  endloop
endfacet
facet normal 9.589967561528035e-16 -0.6506827319428296 0.759349710180636
  outer loop
    vertex 2.0592879999999796 30.27774237586638 24.754054339711672
    vertex 5.059287999999979 30.42989744789899 24.8844352124792
    vertex 2.0592879999999796 30.42989744789899 24.884435212479207
  endloop
endfacet
facet normal 9.589967561528035e-16 -0.6506827319428296 0.759349710180636
  outer loop
    vertex 5.059287999999979 30.42989744789899 24.8844352124792
    vertex 2.0592879999999796 30.27774237586638 24.754054339711672
    vertex 5.059287999999979 30.27774237586638 24.754054339711672
  endloop
endfacet
facet normal 8.749186702080398e-16 -0.7551104479010639 0.6555975987377127
  outer loop
    vertex 5.059287999999979 30.070968161580936 24.515893965323297
    vertex 2.0592879999999796 30.27774237586638 24.754054339711672
    vertex 2.059287999999979 30.070968161580936 24.515893965323304
  endloop
endfacet
facet normal 8.749186702080398e-16 -0.7551104479010639 0.6555975987377127
  outer loop
    vertex 2.0592879999999796 30.27774237586638 24.754054339711672
    vertex 5.059287999999979 30.070968161580936 24.515893965323297
    vertex 5.059287999999979 30.27774237586638 24.754054339711672
  endloop
endfacet
facet normal 7.92736074642169e-16 -0.827859021683205 0.5609362176020787
  outer loop
    vertex 2.059287999999979 29.776108847429253 24.08072516058596
    vertex 5.059287999999979 30.070968161580936 24.515893965323297
    vertex 2.059287999999979 30.070968161580936 24.515893965323304
  endloop
endfacet
facet normal 7.92736074642169e-16 -0.827859021683205 0.5609362176020787
  outer loop
    vertex 5.059287999999979 30.070968161580936 24.515893965323297
    vertex 2.059287999999979 29.776108847429253 24.08072516058596
    vertex 5.059287999999979 29.776108847429253 24.080725160585956
  endloop
endfacet
facet normal 6.979715854300229e-16 -0.8895180640960311 0.4569000039908614
  outer loop
    vertex 5.059287999999978 29.439869292559546 23.42611549696644
    vertex 2.059287999999979 29.776108847429253 24.08072516058596
    vertex 2.0592879999999782 29.439869292559546 23.426115496966446
  endloop
endfacet
facet normal 6.979715854300229e-16 -0.8895180640960311 0.4569000039908614
  outer loop
    vertex 2.059287999999979 29.776108847429253 24.08072516058596
    vertex 5.059287999999978 29.439869292559546 23.42611549696644
    vertex 5.059287999999979 29.776108847429253 24.080725160585956
  endloop
endfacet
facet normal 6.271791279221186e-16 -0.9242491248739929 0.38178993591981764
  outer loop
    vertex 2.0592879999999782 29.306195486967386 23.102513730095673
    vertex 5.059287999999978 29.439869292559546 23.42611549696644
    vertex 2.0592879999999782 29.439869292559546 23.426115496966446
  endloop
endfacet
facet normal 6.271791279221186e-16 -0.9242491248739929 0.38178993591981764
  outer loop
    vertex 5.059287999999978 29.439869292559546 23.42611549696644
    vertex 2.0592879999999782 29.306195486967386 23.102513730095673
    vertex 5.059287999999978 29.306195486967386 23.10251373009567
  endloop
endfacet
facet normal -5.253297237781604e-16 -0.7431448254774007 -0.6691306063588511
  outer loop
    vertex 5.059287999999978 29.799568700579886 22.55456726457612
    vertex 2.0592879999999782 29.306195486967386 23.102513730095673
    vertex 2.0592879999999774 29.799568700579886 22.55456726457612
  endloop
endfacet
facet normal -5.253297237781604e-16 -0.7431448254774007 -0.6691306063588511
  outer loop
    vertex 2.0592879999999782 29.306195486967386 23.102513730095673
    vertex 5.059287999999978 29.799568700579886 22.55456726457612
    vertex 5.059287999999978 29.306195486967386 23.10251373009567
  endloop
endfacet
facet normal -1.0804164072406335e-15 0.2830881100039596 -0.9590939067549048
  outer loop
    vertex 5.059287999999978 29.799568700579886 22.55456726457612
    vertex 2.0592879999999774 30.13537046059042 22.653683195673036
    vertex 5.059287999999978 30.13537046059042 22.653683195673032
  endloop
endfacet
facet normal -1.0804164072406335e-15 0.2830881100039596 -0.9590939067549048
  outer loop
    vertex 2.0592879999999774 30.13537046059042 22.653683195673036
    vertex 5.059287999999978 29.799568700579886 22.55456726457612
    vertex 2.0592879999999774 29.799568700579886 22.55456726457612
  endloop
endfacet
facet normal -1.071286615293737e-15 0.3614171016739861 -0.9324042463532519
  outer loop
    vertex 5.059287999999978 30.13537046059042 22.653683195673032
    vertex 2.059287999999978 30.82154070794002 22.919655452901537
    vertex 5.059287999999978 30.82154070794002 22.919655452901534
  endloop
endfacet
facet normal -1.071286615293737e-15 0.3614171016739861 -0.9324042463532519
  outer loop
    vertex 2.059287999999978 30.82154070794002 22.919655452901537
    vertex 5.059287999999978 30.13537046059042 22.653683195673032
    vertex 2.0592879999999774 30.13537046059042 22.653683195673036
  endloop
endfacet
facet normal -1.0447677972444247e-15 0.47132851897152417 -0.8819577241592195
  outer loop
    vertex 5.059287999999978 30.82154070794002 22.919655452901534
    vertex 2.059287999999978 31.285146803420993 23.167411970457433
    vertex 5.059287999999978 31.285146803420993 23.16741197045743
  endloop
endfacet
facet normal -1.0447677972444247e-15 0.47132851897152417 -0.8819577241592195
  outer loop
    vertex 2.059287999999978 31.285146803420993 23.167411970457433
    vertex 5.059287999999978 30.82154070794002 22.919655452901534
    vertex 2.059287999999978 30.82154070794002 22.919655452901537
  endloop
endfacet
facet normal -1.0035992401224516e-15 0.5730756317790685 -0.8195024833769703
  outer loop
    vertex 5.059287999999978 31.285146803420993 23.16741197045743
    vertex 2.059287999999978 31.543616301221952 23.348158916015834
    vertex 5.059287999999978 31.543616301221952 23.34815891601583
  endloop
endfacet
facet normal -1.0035992401224516e-15 0.5730756317790685 -0.8195024833769703
  outer loop
    vertex 2.059287999999978 31.543616301221952 23.348158916015834
    vertex 5.059287999999978 31.285146803420993 23.16741197045743
    vertex 2.059287999999978 31.285146803420993 23.167411970457433
  endloop
endfacet
facet normal -9.332003069052734e-16 0.6871750469714138 -0.7264918821431078
  outer loop
    vertex 5.059287999999978 31.543616301221952 23.34815891601583
    vertex 2.0592879999999782 31.689187469784414 23.485851954373686
    vertex 5.059287999999978 31.689187469784414 23.485851954373686
  endloop
endfacet
facet normal -9.332003069052734e-16 0.6871750469714138 -0.7264918821431078
  outer loop
    vertex 2.0592879999999782 31.689187469784414 23.485851954373686
    vertex 5.059287999999978 31.543616301221952 23.34815891601583
    vertex 2.059287999999978 31.543616301221952 23.348158916015834
  endloop
endfacet
facet normal -1.030084523239743e-15 0.5128515630426791 -0.8584772998074446
  outer loop
    vertex 5.059287999999978 31.689187469784414 23.485851954373686
    vertex 2.0592879999999782 31.75895521612763 23.527530980447068
    vertex 5.059287999999978 31.75895521612763 23.527530980447064
  endloop
endfacet
facet normal -1.030084523239743e-15 0.5128515630426791 -0.8584772998074446
  outer loop
    vertex 2.0592879999999782 31.75895521612763 23.527530980447068
    vertex 5.059287999999978 31.689187469784414 23.485851954373686
    vertex 2.0592879999999782 31.689187469784414 23.485851954373686
  endloop
endfacet
facet normal -1.0583168056235837e-15 0.014903832061843012 -0.9998889317268556
  outer loop
    vertex 5.059287999999978 31.75895521612763 23.527530980447064
    vertex 2.0592879999999782 31.84021536986233 23.528742202660005
    vertex 5.059287999999978 31.84021536986233 23.528742202660005
  endloop
endfacet
facet normal -1.0583168056235837e-15 0.014903832061843012 -0.9998889317268556
  outer loop
    vertex 2.0592879999999782 31.84021536986233 23.528742202660005
    vertex 5.059287999999978 31.75895521612763 23.527530980447064
    vertex 2.0592879999999782 31.75895521612763 23.527530980447068
  endloop
endfacet
facet normal -8.029739546043576e-16 -0.487037368684085 -0.8733811318692905
  outer loop
    vertex 5.059287999999978 31.84021536986233 23.528742202660005
    vertex 2.0592879999999782 31.911194338418458 23.489161074998698
    vertex 5.059287999999978 31.911194338418458 23.489161074998698
  endloop
endfacet
facet normal -8.029739546043576e-16 -0.487037368684085 -0.8733811318692905
  outer loop
    vertex 2.0592879999999782 31.911194338418458 23.489161074998698
    vertex 5.059287999999978 31.84021536986233 23.528742202660005
    vertex 2.0592879999999782 31.84021536986233 23.528742202660005
  endloop
endfacet
facet normal -6.213759599456474e-16 -0.6691306063588642 -0.7431448254773888
  outer loop
    vertex 5.059287999999978 31.911194338418458 23.489161074998698
    vertex 2.059287999999977 32.44846618280886 23.005399333422226
    vertex 5.059287999999977 32.44846618280886 23.005399333422222
  endloop
endfacet
facet normal -6.213759599456474e-16 -0.6691306063588642 -0.7431448254773888
  outer loop
    vertex 2.059287999999977 32.44846618280886 23.005399333422226
    vertex 5.059287999999978 31.911194338418458 23.489161074998698
    vertex 2.0592879999999782 31.911194338418458 23.489161074998698
  endloop
endfacet
facet normal -4.086349484615124e-16 -0.8176873909430036 -0.5756625145802217
  outer loop
    vertex 5.059287999999977 32.49524980341889 22.938946549531323
    vertex 2.059287999999977 32.44846618280886 23.005399333422226
    vertex 2.059287999999977 32.49524980341889 22.938946549531327
  endloop
endfacet
facet normal -4.086349484615124e-16 -0.8176873909430036 -0.5756625145802217
  outer loop
    vertex 2.059287999999977 32.44846618280886 23.005399333422226
    vertex 5.059287999999977 32.49524980341889 22.938946549531323
    vertex 5.059287999999977 32.44846618280886 23.005399333422222
  endloop
endfacet
facet normal 1.4726820396796856e-16 -0.9959693102009783 -0.08969466616130288
  outer loop
    vertex 2.059287999999977 32.50253921540275 22.85800494022459
    vertex 5.059287999999977 32.49524980341889 22.938946549531323
    vertex 2.059287999999977 32.49524980341889 22.938946549531327
  endloop
endfacet
facet normal 1.4726820396796856e-16 -0.9959693102009783 -0.08969466616130288
  outer loop
    vertex 5.059287999999977 32.49524980341889 22.938946549531323
    vertex 2.059287999999977 32.50253921540275 22.85800494022459
    vertex 5.059287999999977 32.50253921540275 22.858004940224586
  endloop
endfacet
facet normal 6.637109600732915e-16 -0.9073820571043923 0.4203067956207716
  outer loop
    vertex 5.059287999999977 32.468381226706036 22.78426274434983
    vertex 2.059287999999977 32.50253921540275 22.85800494022459
    vertex 2.059287999999977 32.468381226706036 22.784262744349835
  endloop
endfacet
facet normal 6.637109600732915e-16 -0.9073820571043923 0.4203067956207716
  outer loop
    vertex 2.059287999999977 32.50253921540275 22.85800494022459
    vertex 5.059287999999977 32.468381226706036 22.78426274434983
    vertex 5.059287999999977 32.50253921540275 22.858004940224586
  endloop
endfacet
facet normal 8.336821907700156e-16 -0.7943414352544407 0.6074715501469311
  outer loop
    vertex 5.059287999999977 32.3466588157653 22.6250961881779
    vertex 2.059287999999977 32.468381226706036 22.784262744349835
    vertex 2.059287999999977 32.3466588157653 22.625096188177903
  endloop
endfacet
facet normal 8.336821907700156e-16 -0.7943414352544407 0.6074715501469311
  outer loop
    vertex 2.059287999999977 32.468381226706036 22.784262744349835
    vertex 5.059287999999977 32.3466588157653 22.6250961881779
    vertex 5.059287999999977 32.468381226706036 22.78426274434983
  endloop
endfacet
facet normal 7.233007885817278e-16 -0.8749158781530869 0.4842749282748516
  outer loop
    vertex 5.0592879999999765 32.19391944029324 22.349149412870446
    vertex 2.059287999999977 32.3466588157653 22.625096188177903
    vertex 2.059287999999977 32.19391944029324 22.34914941287045
  endloop
endfacet
facet normal 7.233007885817278e-16 -0.8749158781530869 0.4842749282748516
  outer loop
    vertex 2.059287999999977 32.3466588157653 22.625096188177903
    vertex 5.0592879999999765 32.19391944029324 22.349149412870446
    vertex 5.059287999999977 32.3466588157653 22.6250961881779
  endloop
endfacet
facet normal 6.221799721338716e-16 -0.9263935132478237 0.3765568464552917
  outer loop
    vertex 5.0592879999999765 31.995980191585847 21.86218539204378
    vertex 2.059287999999977 32.19391944029324 22.34914941287045
    vertex 2.059287999999976 31.995980191585847 21.862185392043784
  endloop
endfacet
facet normal 6.221799721338716e-16 -0.9263935132478237 0.3765568464552917
  outer loop
    vertex 2.059287999999977 32.19391944029324 22.34914941287045
    vertex 5.0592879999999765 31.995980191585847 21.86218539204378
    vertex 5.0592879999999765 32.19391944029324 22.349149412870446
  endloop
endfacet
facet normal 5.107108681652365e-16 -0.9650748125692918 0.26197443795978753
  outer loop
    vertex 2.0592879999999756 31.803189279706988 21.15197238578441
    vertex 5.0592879999999765 31.995980191585847 21.86218539204378
    vertex 2.059287999999976 31.995980191585847 21.862185392043784
  endloop
endfacet
facet normal 5.107108681652365e-16 -0.9650748125692918 0.26197443795978753
  outer loop
    vertex 5.0592879999999765 31.995980191585847 21.86218539204378
    vertex 2.0592879999999756 31.803189279706988 21.15197238578441
    vertex 5.059287999999976 31.803189279706988 21.15197238578441
  endloop
endfacet
facet normal 4.300560484285688e-16 -0.9834306550901064 0.18128471151491038
  outer loop
    vertex 5.059287999999975 31.73971715798778 20.807649746987835
    vertex 2.0592879999999756 31.803189279706988 21.15197238578441
    vertex 2.059287999999975 31.73971715798778 20.80764974698784
  endloop
endfacet
facet normal 4.300560484285688e-16 -0.9834306550901064 0.18128471151491038
  outer loop
    vertex 2.0592879999999756 31.803189279706988 21.15197238578441
    vertex 5.059287999999975 31.73971715798778 20.807649746987835
    vertex 5.059287999999976 31.803189279706988 21.15197238578441
  endloop
endfacet
facet normal -7.10614271064703e-16 -0.5877852522924664 -0.8090169943749523
  outer loop
    vertex 5.059287999999975 31.73971715798778 20.807649746987835
    vertex 2.0592879999999747 32.336233459272975 20.374255285455693
    vertex 5.059287999999975 32.336233459272975 20.37425528545569
  endloop
endfacet
facet normal -7.10614271064703e-16 -0.5877852522924664 -0.8090169943749523
  outer loop
    vertex 2.0592879999999747 32.336233459272975 20.374255285455693
    vertex 5.059287999999975 31.73971715798778 20.807649746987835
    vertex 2.059287999999975 31.73971715798778 20.80764974698784
  endloop
endfacet
facet normal -1.0431507664389784e-15 0.4763087914030746 -0.8792780761693894
  outer loop
    vertex 5.059287999999975 32.336233459272975 20.37425528545569
    vertex 2.0592879999999747 32.64408978432811 20.541022407356
    vertex 5.059287999999975 32.64408978432811 20.541022407355996
  endloop
endfacet
facet normal -1.0431507664389784e-15 0.4763087914030746 -0.8792780761693894
  outer loop
    vertex 2.0592879999999747 32.64408978432811 20.541022407356
    vertex 5.059287999999975 32.336233459272975 20.37425528545569
    vertex 2.0592879999999747 32.336233459272975 20.374255285455693
  endloop
endfacet
facet normal -1.0156946446707463e-15 0.5473770142515342 -0.836886135784956
  outer loop
    vertex 5.059287999999975 32.64408978432811 20.541022407355996
    vertex 2.059287999999975 33.25996682375707 20.94384534894111
    vertex 5.059287999999975 33.25996682375707 20.94384534894111
  endloop
endfacet
facet normal -1.0156946446707463e-15 0.5473770142515342 -0.836886135784956
  outer loop
    vertex 2.059287999999975 33.25996682375707 20.94384534894111
    vertex 5.059287999999975 32.64408978432811 20.541022407355996
    vertex 2.0592879999999747 32.64408978432811 20.541022407356
  endloop
endfacet
facet normal -9.631036448971498e-16 0.6443981816491474 -0.7646901225249823
  outer loop
    vertex 5.059287999999975 33.25996682375707 20.94384534894111
    vertex 2.059287999999975 33.66193053726117 21.28257691933944
    vertex 5.059287999999975 33.66193053726117 21.282576919339437
  endloop
endfacet
facet normal -9.631036448971498e-16 0.6443981816491474 -0.7646901225249823
  outer loop
    vertex 2.059287999999975 33.66193053726117 21.28257691933944
    vertex 5.059287999999975 33.25996682375707 20.94384534894111
    vertex 2.059287999999975 33.25996682375707 20.94384534894111
  endloop
endfacet
facet normal -8.973671801277424e-16 0.7309367012119623 -0.6824452643409394
  outer loop
    vertex 5.059287999999975 33.877172453336854 21.513112940789966
    vertex 2.059287999999975 33.66193053726117 21.28257691933944
    vertex 2.059287999999975 33.877172453336854 21.513112940789966
  endloop
endfacet
facet normal -8.973671801277424e-16 0.7309367012119623 -0.6824452643409394
  outer loop
    vertex 2.059287999999975 33.66193053726117 21.28257691933944
    vertex 5.059287999999975 33.877172453336854 21.513112940789966
    vertex 5.059287999999975 33.66193053726117 21.282576919339437
  endloop
endfacet
facet normal -7.987872968618088e-16 0.8232047790609538 -0.5677445655673038
  outer loop
    vertex 5.059287999999975 33.990934550183454 21.678063003687594
    vertex 2.059287999999975 33.877172453336854 21.513112940789966
    vertex 2.059287999999975 33.990934550183454 21.678063003687598
  endloop
endfacet
facet normal -7.987872968618088e-16 0.8232047790609538 -0.5677445655673038
  outer loop
    vertex 2.059287999999975 33.877172453336854 21.513112940789966
    vertex 5.059287999999975 33.990934550183454 21.678063003687594
    vertex 5.059287999999975 33.877172453336854 21.513112940789966
  endloop
endfacet
facet normal -9.384492903164506e-16 0.6801319928544424 -0.7330896754803228
  outer loop
    vertex 5.059287999999975 33.990934550183454 21.678063003687594
    vertex 2.0592879999999756 34.0505121470951 21.733336773148952
    vertex 5.059287999999976 34.0505121470951 21.73333677314895
  endloop
endfacet
facet normal -9.384492903164506e-16 0.6801319928544424 -0.7330896754803228
  outer loop
    vertex 2.0592879999999756 34.0505121470951 21.733336773148952
    vertex 5.059287999999975 33.990934550183454 21.678063003687594
    vertex 2.059287999999975 33.990934550183454 21.678063003687598
  endloop
endfacet
facet normal -1.082408986564545e-15 0.2224667459983476 -0.974940278645265
  outer loop
    vertex 5.059287999999976 34.0505121470951 21.73333677314895
    vertex 2.0592879999999756 34.1297447442477 21.751416463209587
    vertex 5.059287999999976 34.1297447442477 21.751416463209583
  endloop
endfacet
facet normal -1.082408986564545e-15 0.2224667459983476 -0.974940278645265
  outer loop
    vertex 2.0592879999999756 34.1297447442477 21.751416463209587
    vertex 5.059287999999976 34.0505121470951 21.73333677314895
    vertex 2.0592879999999756 34.0505121470951 21.733336773148952
  endloop
endfacet
facet normal -9.363380689824926e-16 -0.29480828579080554 -0.9555564214786518
  outer loop
    vertex 5.059287999999976 34.1297447442477 21.751416463209583
    vertex 2.0592879999999756 34.207402031220006 21.72745763551835
    vertex 5.059287999999976 34.207402031220006 21.727457635518345
  endloop
endfacet
facet normal -9.363380689824926e-16 -0.29480828579080554 -0.9555564214786518
  outer loop
    vertex 2.0592879999999756 34.207402031220006 21.72745763551835
    vertex 5.059287999999976 34.1297447442477 21.751416463209583
    vertex 2.0592879999999756 34.1297447442477 21.751416463209587
  endloop
endfacet
facet normal -7.920669435243531e-16 -0.5000000000000039 -0.8660254037844364
  outer loop
    vertex 5.059287999999976 34.207402031220006 21.727457635518345
    vertex 2.059287999999975 34.83351291839638 21.365972346264492
    vertex 5.059287999999975 34.83351291839638 21.365972346264492
  endloop
endfacet
facet normal -7.920669435243531e-16 -0.5000000000000039 -0.8660254037844364
  outer loop
    vertex 2.059287999999975 34.83351291839638 21.365972346264492
    vertex 5.059287999999976 34.207402031220006 21.727457635518345
    vertex 2.0592879999999756 34.207402031220006 21.72745763551835
  endloop
endfacet
facet normal -6.08097864268304e-16 -0.6801319928543642 -0.7330896754803953
  outer loop
    vertex 5.059287999999975 34.83351291839638 21.365972346264492
    vertex 2.059287999999975 34.89309051530805 21.31069857680314
    vertex 5.059287999999975 34.89309051530805 21.310698576803137
  endloop
endfacet
facet normal -6.08097864268304e-16 -0.6801319928543642 -0.7330896754803953
  outer loop
    vertex 2.059287999999975 34.89309051530805 21.31069857680314
    vertex 5.059287999999975 34.83351291839638 21.365972346264492
    vertex 2.059287999999975 34.83351291839638 21.365972346264492
  endloop
endfacet
facet normal -7.890321060936293e-17 -0.9555564214786489 -0.29480828579081486
  outer loop
    vertex 5.059287999999975 34.917049342999306 21.233041289830847
    vertex 2.059287999999975 34.89309051530805 21.31069857680314
    vertex 2.059287999999975 34.917049342999306 21.23304128983085
  endloop
endfacet
facet normal -7.890321060936293e-17 -0.9555564214786489 -0.29480828579081486
  outer loop
    vertex 2.059287999999975 34.89309051530805 21.31069857680314
    vertex 5.059287999999975 34.917049342999306 21.233041289830847
    vertex 5.059287999999975 34.89309051530805 21.310698576803137
  endloop
endfacet
facet normal 4.714334946125271e-16 -0.9749402786452549 0.22246674599839142
  outer loop
    vertex 5.059287999999975 34.89896965293865 21.15380869267825
    vertex 2.059287999999975 34.917049342999306 21.23304128983085
    vertex 2.059287999999975 34.89896965293865 21.153808692678254
  endloop
endfacet
facet normal 4.714334946125271e-16 -0.9749402786452549 0.22246674599839142
  outer loop
    vertex 2.059287999999975 34.917049342999306 21.23304128983085
    vertex 5.059287999999975 34.89896965293865 21.15380869267825
    vertex 5.059287999999975 34.917049342999306 21.233041289830847
  endloop
endfacet
facet normal 6.719317131995912e-16 -0.9032836061723138 0.429043968399907
  outer loop
    vertex 5.059287999999975 34.81299975653676 20.972812795372505
    vertex 2.059287999999975 34.89896965293865 21.153808692678254
    vertex 2.0592879999999747 34.81299975653676 20.97281279537251
  endloop
endfacet
facet normal 6.719317131995912e-16 -0.9032836061723138 0.429043968399907
  outer loop
    vertex 2.059287999999975 34.89896965293865 21.153808692678254
    vertex 5.059287999999975 34.81299975653676 20.972812795372505
    vertex 5.059287999999975 34.89896965293865 21.15380869267825
  endloop
endfacet
facet normal 5.400711917121405e-16 -0.9564832862176289 0.29178711963746035
  outer loop
    vertex 5.059287999999975 34.72097066351108 20.671139817366445
    vertex 2.0592879999999747 34.81299975653676 20.97281279537251
    vertex 2.0592879999999743 34.72097066351108 20.67113981736645
  endloop
endfacet
facet normal 5.400711917121405e-16 -0.9564832862176289 0.29178711963746035
  outer loop
    vertex 2.0592879999999747 34.81299975653676 20.97281279537251
    vertex 5.059287999999975 34.72097066351108 20.671139817366445
    vertex 5.059287999999975 34.81299975653676 20.972812795372505
  endloop
endfacet
facet normal 4.2443161929256633e-16 -0.9844401629542426 0.1757201341981737
  outer loop
    vertex 5.059287999999974 34.62860237523435 20.1536632448732
    vertex 2.0592879999999743 34.72097066351108 20.67113981736645
    vertex 2.0592879999999734 34.62860237523435 20.153663244873204
  endloop
endfacet
facet normal 4.2443161929256633e-16 -0.9844401629542426 0.1757201341981737
  outer loop
    vertex 2.0592879999999743 34.72097066351108 20.67113981736645
    vertex 5.059287999999974 34.62860237523435 20.1536632448732
    vertex 5.059287999999975 34.72097066351108 20.671139817366445
  endloop
endfacet
facet normal 3.011296352989876e-16 -0.9984531607905313 0.05559933189704543
  outer loop
    vertex 2.0592879999999734 34.587685994308956 19.418886612327633
    vertex 5.059287999999974 34.62860237523435 20.1536632448732
    vertex 2.0592879999999734 34.62860237523435 20.153663244873204
  endloop
endfacet
facet normal 3.011296352989876e-16 -0.9984531607905313 0.05559933189704543
  outer loop
    vertex 5.059287999999974 34.62860237523435 20.1536632448732
    vertex 2.0592879999999734 34.587685994308956 19.418886612327633
    vertex 5.059287999999974 34.587685994308956 19.41888661232763
  endloop
endfacet
facet normal 2.141374559807643e-16 -0.9996315466549361 -0.02714352468380561
  outer loop
    vertex 5.059287999999972 34.59718959275484 19.068891653163995
    vertex 2.0592879999999734 34.587685994308956 19.418886612327633
    vertex 2.0592879999999725 34.59718959275484 19.068891653164
  endloop
endfacet
facet normal 2.141374559807643e-16 -0.9996315466549361 -0.02714352468380561
  outer loop
    vertex 2.0592879999999734 34.587685994308956 19.418886612327633
    vertex 5.059287999999972 34.59718959275484 19.068891653163995
    vertex 5.059287999999974 34.587685994308956 19.41888661232763
  endloop
endfacet
facet normal -8.648415648000967e-16 -0.406736643075805 -0.9135454576425988
  outer loop
    vertex 5.059287999999972 34.59718959275484 19.068891653163995
    vertex 2.059287999999972 35.270778356943765 18.768990613245567
    vertex 5.059287999999972 35.270778356943765 18.768990613245563
  endloop
endfacet
facet normal -8.648415648000967e-16 -0.406736643075805 -0.9135454576425988
  outer loop
    vertex 2.059287999999972 35.270778356943765 18.768990613245567
    vertex 5.059287999999972 34.59718959275484 19.068891653163995
    vertex 2.0592879999999725 34.59718959275484 19.068891653164
  endloop
endfacet
facet normal -9.602944315512033e-16 0.6487124930346977 -0.7610335744109503
  outer loop
    vertex 5.059287999999972 35.270778356943765 18.768990613245563
    vertex 2.059287999999972 35.537234448380076 18.996120402484795
    vertex 5.059287999999972 35.537234448380076 18.99612040248479
  endloop
endfacet
facet normal -9.602944315512033e-16 0.6487124930346977 -0.7610335744109503
  outer loop
    vertex 2.059287999999972 35.537234448380076 18.996120402484795
    vertex 5.059287999999972 35.270778356943765 18.768990613245563
    vertex 2.059287999999972 35.270778356943765 18.768990613245567
  endloop
endfacet
facet normal -9.157119442319955e-16 0.7094139246999615 -0.7047920852576295
  outer loop
    vertex 5.059287999999973 36.05590149795938 19.518188732920308
    vertex 2.059287999999972 35.537234448380076 18.996120402484795
    vertex 2.059287999999973 36.05590149795938 19.51818873292031
  endloop
endfacet
facet normal -9.157119442319955e-16 0.7094139246999615 -0.7047920852576295
  outer loop
    vertex 2.059287999999972 35.537234448380076 18.996120402484795
    vertex 5.059287999999973 36.05590149795938 19.518188732920308
    vertex 5.059287999999972 35.537234448380076 18.99612040248479
  endloop
endfacet
facet normal -8.393472417838355e-16 0.7893045516231517 -0.6140018931460842
  outer loop
    vertex 5.059287999999973 36.37865508637059 19.933091161120252
    vertex 2.059287999999973 36.05590149795938 19.51818873292031
    vertex 2.059287999999973 36.37865508637059 19.933091161120252
  endloop
endfacet
facet normal -8.393472417838355e-16 0.7893045516231517 -0.6140018931460842
  outer loop
    vertex 2.059287999999973 36.05590149795938 19.51818873292031
    vertex 5.059287999999973 36.37865508637059 19.933091161120252
    vertex 5.059287999999973 36.05590149795938 19.518188732920308
  endloop
endfacet
facet normal -7.519158683159705e-16 0.8568523293784613 -0.5155619125175026
  outer loop
    vertex 5.059287999999974 36.54126231614322 20.203340728090957
    vertex 2.059287999999973 36.37865508637059 19.933091161120252
    vertex 2.0592879999999734 36.54126231614322 20.203340728090957
  endloop
endfacet
facet normal -7.519158683159705e-16 0.8568523293784613 -0.5155619125175026
  outer loop
    vertex 2.059287999999973 36.37865508637059 19.933091161120252
    vertex 5.059287999999974 36.54126231614322 20.203340728090957
    vertex 5.059287999999973 36.37865508637059 19.933091161120252
  endloop
endfacet
facet normal -6.294634489387221e-16 0.9232565121307761 -0.38418408713546975
  outer loop
    vertex 5.059287999999974 36.6182433917506 20.388338706261507
    vertex 2.0592879999999734 36.54126231614322 20.203340728090957
    vertex 2.0592879999999734 36.6182433917506 20.388338706261514
  endloop
endfacet
facet normal -6.294634489387221e-16 0.9232565121307761 -0.38418408713546975
  outer loop
    vertex 2.0592879999999734 36.54126231614322 20.203340728090957
    vertex 5.059287999999974 36.6182433917506 20.388338706261507
    vertex 5.059287999999974 36.54126231614322 20.203340728090957
  endloop
endfacet
facet normal -8.057993202270792e-16 0.8176873909429918 -0.5756625145802384
  outer loop
    vertex 5.059287999999974 36.66502701236067 20.454791490152406
    vertex 2.0592879999999734 36.6182433917506 20.388338706261514
    vertex 2.0592879999999734 36.66502701236067 20.45479149015241
  endloop
endfacet
facet normal -8.057993202270792e-16 0.8176873909429918 -0.5756625145802384
  outer loop
    vertex 2.0592879999999734 36.6182433917506 20.388338706261514
    vertex 5.059287999999974 36.66502701236067 20.454791490152406
    vertex 5.059287999999974 36.6182433917506 20.388338706261507
  endloop
endfacet
facet normal -1.0591947008180475e-15 0.42030679562082623 -0.9073820571043671
  outer loop
    vertex 5.059287999999974 36.66502701236067 20.454791490152406
    vertex 2.0592879999999734 36.7387692082354 20.488949478849108
    vertex 5.059287999999974 36.7387692082354 20.488949478849104
  endloop
endfacet
facet normal -1.0591947008180475e-15 0.42030679562082623 -0.9073820571043671
  outer loop
    vertex 2.0592879999999734 36.7387692082354 20.488949478849108
    vertex 5.059287999999974 36.66502701236067 20.454791490152406
    vertex 2.0592879999999734 36.66502701236067 20.45479149015241
  endloop
endfacet
facet normal -1.0287797166975764e-15 -0.08969466616130335 -0.9959693102009783
  outer loop
    vertex 5.059287999999974 36.7387692082354 20.488949478849104
    vertex 2.0592879999999734 36.819710817542145 20.48166006686526
    vertex 5.059287999999974 36.819710817542145 20.481660066865253
  endloop
endfacet
facet normal -1.0287797166975764e-15 -0.08969466616130335 -0.9959693102009783
  outer loop
    vertex 2.0592879999999734 36.819710817542145 20.48166006686526
    vertex 5.059287999999974 36.7387692082354 20.488949478849104
    vertex 2.0592879999999734 36.7387692082354 20.488949478849108
  endloop
endfacet
facet normal -9.281408009121612e-16 -0.3090169943749477 -0.9510565162951535
  outer loop
    vertex 5.059287999999974 36.819710817542145 20.481660066865253
    vertex 2.059287999999973 37.507296697321564 20.25824987167329
    vertex 5.059287999999973 37.507296697321564 20.258249871673286
  endloop
endfacet
facet normal -9.281408009121612e-16 -0.3090169943749477 -0.9510565162951535
  outer loop
    vertex 2.059287999999973 37.507296697321564 20.25824987167329
    vertex 5.059287999999974 36.819710817542145 20.481660066865253
    vertex 2.0592879999999734 36.819710817542145 20.48166006686526
  endloop
endfacet
facet normal -7.809839854291263e-16 -0.5128515630427278 -0.8584772998074153
  outer loop
    vertex 5.059287999999973 37.507296697321564 20.258249871673286
    vertex 2.059287999999973 37.57706444366476 20.21657084559991
    vertex 5.059287999999973 37.57706444366476 20.21657084559991
  endloop
endfacet
facet normal -7.809839854291263e-16 -0.5128515630427278 -0.8584772998074153
  outer loop
    vertex 2.059287999999973 37.57706444366476 20.21657084559991
    vertex 5.059287999999973 37.507296697321564 20.258249871673286
    vertex 2.059287999999973 37.507296697321564 20.25824987167329
  endloop
endfacet
facet normal -3.0162617626344976e-16 -0.873381131869252 -0.48703736868415376
  outer loop
    vertex 5.059287999999973 37.61664557132608 20.145591877043767
    vertex 2.059287999999973 37.57706444366476 20.21657084559991
    vertex 2.059287999999973 37.61664557132608 20.14559187704377
  endloop
endfacet
facet normal -3.0162617626344976e-16 -0.873381131869252 -0.48703736868415376
  outer loop
    vertex 2.059287999999973 37.57706444366476 20.21657084559991
    vertex 5.059287999999973 37.61664557132608 20.145591877043767
    vertex 5.059287999999973 37.57706444366476 20.21657084559991
  endloop
endfacet
facet normal 2.5855212324816953e-16 -0.9998889317268552 0.014903832061860325
  outer loop
    vertex 5.059287999999973 37.61543434911313 20.064331723309074
    vertex 2.059287999999973 37.61664557132608 20.14559187704377
    vertex 2.059287999999973 37.61543434911313 20.06433172330908
  endloop
endfacet
facet normal 2.5855212324816953e-16 -0.9998889317268552 0.014903832061860325
  outer loop
    vertex 2.059287999999973 37.61664557132608 20.14559187704377
    vertex 5.059287999999973 37.61543434911313 20.064331723309074
    vertex 5.059287999999973 37.61664557132608 20.145591877043767
  endloop
endfacet
facet normal 4.808145954762664e-16 -0.9727479490648127 0.23186510645243927
  outer loop
    vertex 5.059287999999972 37.56897426425222 19.869416874096455
    vertex 2.059287999999973 37.61543434911313 20.06433172330908
    vertex 2.0592879999999725 37.56897426425222 19.86941687409646
  endloop
endfacet
facet normal 4.808145954762664e-16 -0.9727479490648127 0.23186510645243927
  outer loop
    vertex 2.059287999999973 37.61543434911313 20.06433172330908
    vertex 5.059287999999972 37.56897426425222 19.869416874096455
    vertex 5.059287999999973 37.61543434911313 20.064331723309074
  endloop
endfacet
facet normal 3.3323789221564286e-16 -0.9962477849584271 0.08654681372198447
  outer loop
    vertex 2.0592879999999725 37.54167756664268 19.555202250118207
    vertex 5.059287999999972 37.56897426425222 19.869416874096455
    vertex 2.0592879999999725 37.56897426425222 19.86941687409646
  endloop
endfacet
facet normal 3.3323789221564286e-16 -0.9962477849584271 0.08654681372198447
  outer loop
    vertex 5.059287999999972 37.56897426425222 19.869416874096455
    vertex 2.0592879999999725 37.54167756664268 19.555202250118207
    vertex 5.059287999999972 37.54167756664268 19.555202250118203
  endloop
endfacet
facet normal 2.081335680393087e-16 -0.9994620536715552 -0.03279639112215561
  outer loop
    vertex 5.059287999999972 37.55891717622659 19.029829335304434
    vertex 2.0592879999999725 37.54167756664268 19.555202250118207
    vertex 2.0592879999999716 37.55891717622659 19.02982933530444
  endloop
endfacet
facet normal 2.081335680393087e-16 -0.9994620536715552 -0.03279639112215561
  outer loop
    vertex 2.0592879999999725 37.54167756664268 19.555202250118207
    vertex 5.059287999999972 37.55891717622659 19.029829335304434
    vertex 5.059287999999972 37.54167756664268 19.555202250118203
  endloop
endfacet
facet normal 7.838759238984929e-17 -0.9881943147753939 -0.15320573176480715
  outer loop
    vertex 5.059287999999971 37.67166356843961 18.302602341164373
    vertex 2.0592879999999716 37.55891717622659 19.02982933530444
    vertex 2.059287999999971 37.67166356843961 18.302602341164377
  endloop
endfacet
facet normal 7.838759238984929e-17 -0.9881943147753939 -0.15320573176480715
  outer loop
    vertex 2.0592879999999716 37.55891717622659 19.02982933530444
    vertex 5.059287999999971 37.67166356843961 18.302602341164373
    vertex 5.059287999999972 37.55891717622659 19.029829335304434
  endloop
endfacet
facet normal -1.11399708388894e-17 -0.9721437428665841 -0.2343854586047282
  outer loop
    vertex 5.059287999999971 37.753727534195214 17.962231520811272
    vertex 2.059287999999971 37.67166356843961 18.302602341164377
    vertex 2.0592879999999703 37.753727534195214 17.96223152081128
  endloop
endfacet
facet normal -1.11399708388894e-17 -0.9721437428665841 -0.2343854586047282
  outer loop
    vertex 2.059287999999971 37.67166356843961 18.302602341164377
    vertex 5.059287999999971 37.753727534195214 17.962231520811272
    vertex 5.059287999999971 37.67166356843961 18.302602341164373
  endloop
endfacet
facet normal -9.812711321834787e-16 -0.20791169081776223 -0.9781476007338051
  outer loop
    vertex 5.059287999999971 37.753727534195214 17.962231520811272
    vertex 2.0592879999999703 38.47494970005528 17.808931017035853
    vertex 5.059287999999971 38.47494970005528 17.80893101703585
  endloop
endfacet
facet normal -9.812711321834787e-16 -0.20791169081776223 -0.9781476007338051
  outer loop
    vertex 2.0592879999999703 38.47494970005528 17.808931017035853
    vertex 5.059287999999971 37.753727534195214 17.962231520811272
    vertex 2.0592879999999703 37.753727534195214 17.96223152081128
  endloop
endfacet
facet normal -8.35468622000707e-16 0.7927643458527989 -0.6095282536064952
  outer loop
    vertex 5.059287999999971 38.68836014807882 18.086496811934587
    vertex 2.0592879999999703 38.47494970005528 17.808931017035853
    vertex 2.0592879999999707 38.68836014807882 18.086496811934595
  endloop
endfacet
facet normal -8.35468622000707e-16 0.7927643458527989 -0.6095282536064952
  outer loop
    vertex 2.0592879999999703 38.47494970005528 17.808931017035853
    vertex 5.059287999999971 38.68836014807882 18.086496811934587
    vertex 5.059287999999971 38.47494970005528 17.80893101703585
  endloop
endfacet
facet normal -7.757082377568797e-16 0.8404460424933096 -0.5418952386368918
  outer loop
    vertex 5.059287999999971 39.08714896890126 18.70499364001869
    vertex 2.0592879999999707 38.68836014807882 18.086496811934595
    vertex 2.059287999999971 39.08714896890126 18.704993640018696
  endloop
endfacet
facet normal -7.757082377568797e-16 0.8404460424933096 -0.5418952386368918
  outer loop
    vertex 2.0592879999999707 38.68836014807882 18.086496811934595
    vertex 5.059287999999971 39.08714896890126 18.70499364001869
    vertex 5.059287999999971 38.68836014807882 18.086496811934587
  endloop
endfacet
facet normal -6.789073365696422e-16 0.8997145251877671 -0.4364788347287312
  outer loop
    vertex 5.059287999999972 39.31658655166245 19.177933698985168
    vertex 2.059287999999971 39.08714896890126 18.704993640018696
    vertex 2.0592879999999716 39.31658655166245 19.17793369898517
  endloop
endfacet
facet normal -6.789073365696422e-16 0.8997145251877671 -0.4364788347287312
  outer loop
    vertex 2.059287999999971 39.08714896890126 18.704993640018696
    vertex 5.059287999999972 39.31658655166245 19.177933698985168
    vertex 5.059287999999971 39.08714896890126 18.70499364001869
  endloop
endfacet
facet normal -5.736022249661609e-16 0.9453193991174599 -0.32614603117653385
  outer loop
    vertex 5.059287999999972 39.41945237891488 19.47608560859813
    vertex 2.0592879999999716 39.31658655166245 19.17793369898517
    vertex 2.0592879999999663 39.41945237891488 19.476085608598133
  endloop
endfacet
facet normal -5.736022249661609e-16 0.9453193991174599 -0.32614603117653385
  outer loop
    vertex 2.0592879999999716 39.31658655166245 19.17793369898517
    vertex 5.059287999999972 39.41945237891488 19.47608560859813
    vertex 5.059287999999972 39.31658655166245 19.177933698985168
  endloop
endfacet
facet normal -4.3262902779630914e-16 0.9829575053441886 -0.18383292057607561
  outer loop
    vertex 2.0592879999999716 39.45628799088287 19.67304620267677
    vertex 5.059287999999972 39.41945237891488 19.47608560859813
    vertex 2.0592879999999663 39.41945237891488 19.476085608598133
  endloop
endfacet
facet normal -4.3262902779630914e-16 0.9829575053441886 -0.18383292057607561
  outer loop
    vertex 5.059287999999972 39.41945237891488 19.47608560859813
    vertex 2.0592879999999716 39.45628799088287 19.67304620267677
    vertex 5.059287999999972 39.45628799088287 19.673046202676765
  endloop
endfacet
facet normal -6.379320531895052e-16 0.9195059263480005 -0.3930761394576192
  outer loop
    vertex 5.059287999999972 39.4882329664779 19.74777369546534
    vertex 2.0592879999999716 39.45628799088287 19.67304620267677
    vertex 2.059287999999972 39.4882329664779 19.747773695465348
  endloop
endfacet
facet normal -6.379320531895052e-16 0.9195059263480005 -0.3930761394576192
  outer loop
    vertex 2.0592879999999716 39.45628799088287 19.67304620267677
    vertex 5.059287999999972 39.4882329664779 19.74777369546534
    vertex 5.059287999999972 39.45628799088287 19.673046202676765
  endloop
endfacet
facet normal -9.89688524065753e-16 0.5997774214188368 -0.8001668855658618
  outer loop
    vertex 5.059287999999972 39.4882329664779 19.74777369546534
    vertex 2.059287999999972 39.55326187326077 19.796517114783846
    vertex 5.059287999999972 39.55326187326077 19.796517114783843
  endloop
endfacet
facet normal -9.89688524065753e-16 0.5997774214188368 -0.8001668855658618
  outer loop
    vertex 2.059287999999972 39.55326187326077 19.796517114783846
    vertex 5.059287999999972 39.4882329664779 19.74777369546534
    vertex 2.059287999999972 39.4882329664779 19.747773695465348
  endloop
endfacet
facet normal -1.0762587541601675e-15 0.11933904078215647 -0.9928535608765247
  outer loop
    vertex 5.059287999999972 39.55326187326077 19.796517114783843
    vertex 2.059287999999972 39.633950268174324 19.806215700789558
    vertex 5.059287999999972 39.633950268174324 19.80621570078955
  endloop
endfacet
facet normal -1.0762587541601675e-15 0.11933904078215647 -0.9928535608765247
  outer loop
    vertex 2.059287999999972 39.633950268174324 19.806215700789558
    vertex 5.059287999999972 39.55326187326077 19.796517114783843
    vertex 2.059287999999972 39.55326187326077 19.796517114783846
  endloop
endfacet
facet normal -1.0236504515864086e-15 -0.1045284632676582 -0.994521895368273
  outer loop
    vertex 5.059287999999972 39.99345530319082 19.76843019900998
    vertex 2.059287999999972 40.352960338207296 19.730644697230414
    vertex 5.059287999999972 40.352960338207296 19.73064469723041
  endloop
endfacet
facet normal -1.0236504515864086e-15 -0.1045284632676582 -0.994521895368273
  outer loop
    vertex 2.059287999999972 40.352960338207296 19.730644697230414
    vertex 5.059287999999972 39.99345530319082 19.76843019900998
    vertex 2.059287999999972 39.633950268174324 19.806215700789558
  endloop
endfacet
facet normal -1.0236504515864086e-15 -0.1045284632676582 -0.994521895368273
  outer loop
    vertex 2.059287999999972 39.633950268174324 19.806215700789558
    vertex 5.059287999999972 39.99345530319082 19.76843019900998
    vertex 5.059287999999972 39.633950268174324 19.80621570078955
  endloop
endfacet
facet normal -9.19737358849885e-16 -0.3231570589911488 -0.9463453467018219
  outer loop
    vertex 5.059287999999972 40.352960338207296 19.73064469723041
    vertex 2.059287999999972 40.42986904868407 19.70438198798258
    vertex 5.059287999999972 40.42986904868407 19.704381987982575
  endloop
endfacet
facet normal -9.19737358849885e-16 -0.3231570589911488 -0.9463453467018219
  outer loop
    vertex 2.059287999999972 40.42986904868407 19.70438198798258
    vertex 5.059287999999972 40.352960338207296 19.73064469723041
    vertex 2.059287999999972 40.352960338207296 19.730644697230414
  endloop
endfacet
facet normal -5.11166630651728e-16 -0.7530348958495876 -0.6579805815013092
  outer loop
    vertex 5.059287999999972 40.483342591105306 19.643183459363364
    vertex 2.059287999999972 40.42986904868407 19.70438198798258
    vertex 2.0592879999999716 40.483342591105306 19.64318345936337
  endloop
endfacet
facet normal -5.11166630651728e-16 -0.7530348958495876 -0.6579805815013092
  outer loop
    vertex 2.059287999999972 40.42986904868407 19.70438198798258
    vertex 5.059287999999972 40.483342591105306 19.643183459363364
    vertex 5.059287999999972 40.42986904868407 19.704381987982575
  endloop
endfacet
facet normal 3.437078342715923e-17 -0.9811376404925534 -0.19331045085226317
  outer loop
    vertex 5.059287999999972 40.49905277296285 19.563447207694267
    vertex 2.0592879999999716 40.483342591105306 19.64318345936337
    vertex 2.0592879999999716 40.49905277296285 19.563447207694274
  endloop
endfacet
facet normal 3.437078342715923e-17 -0.9811376404925534 -0.19331045085226317
  outer loop
    vertex 2.0592879999999716 40.483342591105306 19.64318345936337
    vertex 5.059287999999972 40.49905277296285 19.563447207694267
    vertex 5.059287999999972 40.483342591105306 19.643183459363364
  endloop
endfacet
facet normal 2.6868357272618926e-16 -0.9996985388206434 0.024552626740747364
  outer loop
    vertex 5.059287999999971 40.49413302829154 19.363132120790578
    vertex 2.0592879999999716 40.49905277296285 19.563447207694274
    vertex 2.0592879999999716 40.49413302829154 19.363132120790585
  endloop
endfacet
facet normal 2.6868357272618926e-16 -0.9996985388206434 0.024552626740747364
  outer loop
    vertex 2.0592879999999716 40.49905277296285 19.563447207694274
    vertex 5.059287999999971 40.49413302829154 19.363132120790578
    vertex 5.059287999999972 40.49905277296285 19.563447207694267
  endloop
endfacet
facet normal 1.1184049777652133e-16 -0.9924714749692841 -0.1224760032508146
  outer loop
    vertex 5.059287999999971 40.532761722767816 19.050108537677037
    vertex 2.0592879999999716 40.49413302829154 19.363132120790585
    vertex 2.059287999999971 40.532761722767816 19.05010853767704
  endloop
endfacet
facet normal 1.1184049777652133e-16 -0.9924714749692841 -0.1224760032508146
  outer loop
    vertex 2.0592879999999716 40.49413302829154 19.363132120790585
    vertex 5.059287999999971 40.532761722767816 19.050108537677037
    vertex 5.059287999999971 40.49413302829154 19.363132120790578
  endloop
endfacet
facet normal -1.7260918872953623e-17 -0.9708026566923827 -0.23987955677591952
  outer loop
    vertex 5.059287999999971 40.658855776548684 18.539800597939053
    vertex 2.059287999999971 40.532761722767816 19.05010853767704
    vertex 2.0592879999999703 40.658855776548684 18.539800597939053
  endloop
endfacet
facet normal -1.7260918872953623e-17 -0.9708026566923827 -0.23987955677591952
  outer loop
    vertex 2.059287999999971 40.532761722767816 19.05010853767704
    vertex 5.059287999999971 40.658855776548684 18.539800597939053
    vertex 5.059287999999971 40.532761722767816 19.050108537677037
  endloop
endfacet
facet normal -1.4778036445211832e-16 -0.9347466353221447 -0.35531496978586374
  outer loop
    vertex 5.059287999999969 40.92033738354322 17.851906551470705
    vertex 2.0592879999999703 40.658855776548684 18.539800597939053
    vertex 2.05928799999997 40.92033738354322 17.85190655147071
  endloop
endfacet
facet normal -1.4778036445211832e-16 -0.9347466353221447 -0.35531496978586374
  outer loop
    vertex 2.0592879999999703 40.658855776548684 18.539800597939053
    vertex 5.059287999999969 40.92033738354322 17.851906551470705
    vertex 5.059287999999971 40.658855776548684 18.539800597939053
  endloop
endfacet
facet normal -2.359305274773589e-16 -0.9021685926517293 -0.4313836232783974
  outer loop
    vertex 5.059287999999969 41.071375127518394 17.536035708057984
    vertex 2.05928799999997 40.92033738354322 17.85190655147071
    vertex 2.0592879999999694 41.071375127518394 17.536035708057987
  endloop
endfacet
facet normal -2.359305274773589e-16 -0.9021685926517293 -0.4313836232783974
  outer loop
    vertex 2.05928799999997 40.92033738354322 17.85190655147071
    vertex 5.059287999999969 41.071375127518394 17.536035708057984
    vertex 5.059287999999969 40.92033738354322 17.851906551470705
  endloop
endfacet
facet normal -1.0548144424291316e-15 -2.428612866367544e-16 -1.0
  outer loop
    vertex 5.059287999999969 41.071375127518394 17.536035708057984
    vertex 2.0592879999999694 41.80870982559364 17.536035708057987
    vertex 5.059287999999969 41.80870982559364 17.536035708057984
  endloop
endfacet
facet normal -1.0548144424291316e-15 -2.428612866367544e-16 -1.0
  outer loop
    vertex 2.0592879999999694 41.80870982559364 17.536035708057987
    vertex 5.059287999999969 41.071375127518394 17.536035708057984
    vertex 2.0592879999999694 41.071375127518394 17.536035708057987
  endloop
endfacet
facet normal -6.741288246455488e-16 0.9021685926517368 -0.4313836232783816
  outer loop
    vertex 5.059287999999969 41.95974756956882 17.85190655147071
    vertex 2.0592879999999694 41.80870982559364 17.536035708057987
    vertex 2.0592879999999694 41.95974756956882 17.851906551470712
  endloop
endfacet
facet normal -6.741288246455488e-16 0.9021685926517368 -0.4313836232783816
  outer loop
    vertex 2.0592879999999694 41.80870982559364 17.536035708057987
    vertex 5.059287999999969 41.95974756956882 17.85190655147071
    vertex 5.059287999999969 41.80870982559364 17.536035708057984
  endloop
endfacet
facet normal -6.018023590306825e-16 0.9347466353221443 -0.3553149697858655
  outer loop
    vertex 5.05928799999997 42.221229176563355 18.539800597939053
    vertex 2.0592879999999694 41.95974756956882 17.851906551470712
    vertex 2.05928799999997 42.221229176563355 18.539800597939053
  endloop
endfacet
facet normal -6.018023590306825e-16 0.9347466353221443 -0.3553149697858655
  outer loop
    vertex 2.0592879999999694 41.95974756956882 17.851906551470712
    vertex 5.05928799999997 42.221229176563355 18.539800597939053
    vertex 5.059287999999969 41.95974756956882 17.85190655147071
  endloop
endfacet
facet normal -4.887959229885231e-16 0.970802656692383 -0.23987955677591874
  outer loop
    vertex 5.059287999999971 42.34732323034422 19.05010853767704
    vertex 2.05928799999997 42.221229176563355 18.539800597939053
    vertex 2.0592879999999707 42.34732323034422 19.05010853767704
  endloop
endfacet
facet normal -4.887959229885231e-16 0.970802656692383 -0.23987955677591874
  outer loop
    vertex 2.05928799999997 42.221229176563355 18.539800597939053
    vertex 5.059287999999971 42.34732323034422 19.05010853767704
    vertex 5.05928799999997 42.221229176563355 18.539800597939053
  endloop
endfacet
facet normal -3.702194119364371e-16 0.9924714749692839 -0.12247600325081727
  outer loop
    vertex 5.059287999999971 42.38595192482049 19.363132120790574
    vertex 2.0592879999999707 42.34732323034422 19.05010853767704
    vertex 2.0592879999999707 42.38595192482049 19.363132120790578
  endloop
endfacet
facet normal -3.702194119364371e-16 0.9924714749692839 -0.12247600325081727
  outer loop
    vertex 2.0592879999999707 42.34732323034422 19.05010853767704
    vertex 5.059287999999971 42.38595192482049 19.363132120790574
    vertex 5.059287999999971 42.34732323034422 19.05010853767704
  endloop
endfacet
facet normal -2.1688664215476607e-16 0.9996985388206434 0.02455262674074653
  outer loop
    vertex 5.059287999999971 42.38103218014916 19.563447207694267
    vertex 2.0592879999999707 42.38595192482049 19.363132120790578
    vertex 2.059287999999971 42.38103218014916 19.56344720769427
  endloop
endfacet
facet normal -2.1688664215476607e-16 0.9996985388206434 0.02455262674074653
  outer loop
    vertex 2.0592879999999707 42.38595192482049 19.363132120790578
    vertex 5.059287999999971 42.38103218014916 19.563447207694267
    vertex 5.059287999999971 42.38595192482049 19.363132120790574
  endloop
endfacet
facet normal -4.4218409429007446e-16 0.981137640492552 -0.19331045085227025
  outer loop
    vertex 5.059287999999971 42.396742362006705 19.64318345936336
    vertex 2.059287999999971 42.38103218014916 19.56344720769427
    vertex 2.059287999999971 42.396742362006705 19.643183459363364
  endloop
endfacet
facet normal -4.4218409429007446e-16 0.981137640492552 -0.19331045085227025
  outer loop
    vertex 2.059287999999971 42.38103218014916 19.56344720769427
    vertex 5.059287999999971 42.396742362006705 19.64318345936336
    vertex 5.059287999999971 42.38103218014916 19.563447207694267
  endloop
endfacet
facet normal -8.769282097593038e-16 0.7530348958495527 -0.657980581501349
  outer loop
    vertex 5.059287999999971 42.450215904427964 19.704381987982572
    vertex 2.059287999999971 42.396742362006705 19.643183459363364
    vertex 2.0592879999999716 42.450215904427964 19.704381987982575
  endloop
endfacet
facet normal -8.769282097593038e-16 0.7530348958495527 -0.657980581501349
  outer loop
    vertex 2.059287999999971 42.396742362006705 19.643183459363364
    vertex 5.059287999999971 42.450215904427964 19.704381987982572
    vertex 5.059287999999971 42.396742362006705 19.64318345936336
  endloop
endfacet
facet normal -1.0767001196034786e-15 0.32315705899121044 -0.9463453467018006
  outer loop
    vertex 5.059287999999971 42.450215904427964 19.704381987982572
    vertex 2.0592879999999716 42.527124614904736 19.730644697230417
    vertex 5.059287999999971 42.527124614904736 19.730644697230414
  endloop
endfacet
facet normal -1.0767001196034786e-15 0.32315705899121044 -0.9463453467018006
  outer loop
    vertex 2.0592879999999716 42.527124614904736 19.730644697230417
    vertex 5.059287999999971 42.450215904427964 19.704381987982572
    vertex 2.0592879999999716 42.450215904427964 19.704381987982575
  endloop
endfacet
facet normal -1.074421665506486e-15 0.10452846326765002 -0.9945218953682737
  outer loop
    vertex 5.059287999999971 42.527124614904736 19.730644697230414
    vertex 2.0592879999999716 43.246134684937715 19.80621570078955
    vertex 5.059287999999971 43.246134684937715 19.806215700789547
  endloop
endfacet
facet normal -1.074421665506486e-15 0.10452846326765002 -0.9945218953682737
  outer loop
    vertex 2.0592879999999716 43.246134684937715 19.80621570078955
    vertex 5.059287999999971 42.527124614904736 19.730644697230414
    vertex 2.0592879999999716 42.527124614904736 19.730644697230417
  endloop
endfacet
facet normal -1.0182937962993528e-15 -0.11933904078209674 -0.9928535608765318
  outer loop
    vertex 5.059287999999971 43.246134684937715 19.806215700789547
    vertex 2.0592879999999716 43.32682307985124 19.79651711478385
    vertex 5.059287999999971 43.32682307985124 19.796517114783846
  endloop
endfacet
facet normal -1.0182937962993528e-15 -0.11933904078209674 -0.9928535608765318
  outer loop
    vertex 2.0592879999999716 43.32682307985124 19.79651711478385
    vertex 5.059287999999971 43.246134684937715 19.806215700789547
    vertex 2.0592879999999716 43.246134684937715 19.80621570078955
  endloop
endfacet
facet normal -6.98366650431042e-16 -0.5997774214188595 -0.8001668855658448
  outer loop
    vertex 5.059287999999971 43.32682307985124 19.796517114783846
    vertex 2.059287999999971 43.39185198663413 19.747773695465344
    vertex 5.059287999999971 43.39185198663413 19.74777369546534
  endloop
endfacet
facet normal -6.98366650431042e-16 -0.5997774214188595 -0.8001668855658448
  outer loop
    vertex 2.059287999999971 43.39185198663413 19.747773695465344
    vertex 5.059287999999971 43.32682307985124 19.796517114783846
    vertex 2.0592879999999716 43.32682307985124 19.79651711478385
  endloop
endfacet
facet normal -1.913127245589306e-16 -0.9195059263479755 -0.39307613945767733
  outer loop
    vertex 5.059287999999971 43.42379696222916 19.673046202676765
    vertex 2.059287999999971 43.39185198663413 19.747773695465344
    vertex 2.0592879999999707 43.42379696222916 19.673046202676765
  endloop
endfacet
facet normal -1.913127245589306e-16 -0.9195059263479755 -0.39307613945767733
  outer loop
    vertex 2.059287999999971 43.39185198663413 19.747773695465344
    vertex 5.059287999999971 43.42379696222916 19.673046202676765
    vertex 5.059287999999971 43.39185198663413 19.74777369546534
  endloop
endfacet
facet normal 4.480978856119273e-17 -0.9829575053441933 -0.1838329205760505
  outer loop
    vertex 2.059287999999971 43.460632574197156 19.476085608598133
    vertex 5.059287999999971 43.42379696222916 19.673046202676765
    vertex 2.0592879999999707 43.42379696222916 19.673046202676765
  endloop
endfacet
facet normal 4.480978856119273e-17 -0.9829575053441933 -0.1838329205760505
  outer loop
    vertex 5.059287999999971 43.42379696222916 19.673046202676765
    vertex 2.059287999999971 43.460632574197156 19.476085608598133
    vertex 5.059287999999971 43.460632574197156 19.476085608598133
  endloop
endfacet
facet normal -1.144448630857166e-16 -0.9453193991174665 -0.32614603117651464
  outer loop
    vertex 5.059287999999971 43.56349840144956 19.177933698985168
    vertex 2.059287999999971 43.460632574197156 19.476085608598133
    vertex 2.0592879999999707 43.56349840144956 19.17793369898517
  endloop
endfacet
facet normal -1.144448630857166e-16 -0.9453193991174665 -0.32614603117651464
  outer loop
    vertex 2.059287999999971 43.460632574197156 19.476085608598133
    vertex 5.059287999999971 43.56349840144956 19.177933698985168
    vertex 5.059287999999971 43.460632574197156 19.476085608598133
  endloop
endfacet
facet normal -2.4190102080337477e-16 -0.8997145251877631 -0.43647883472873944
  outer loop
    vertex 5.05928799999997 43.79293598421075 18.70499364001869
    vertex 2.0592879999999707 43.56349840144956 19.17793369898517
    vertex 2.05928799999997 43.79293598421075 18.704993640018692
  endloop
endfacet
facet normal -2.4190102080337477e-16 -0.8997145251877631 -0.43647883472873944
  outer loop
    vertex 2.0592879999999707 43.56349840144956 19.17793369898517
    vertex 5.05928799999997 43.79293598421075 18.70499364001869
    vertex 5.059287999999971 43.56349840144956 19.177933698985168
  endloop
endfacet
facet normal -3.6748961023866385e-16 -0.8404460424933122 -0.5418952386368878
  outer loop
    vertex 5.059287999999969 44.19172480503319 18.08649681193459
    vertex 2.05928799999997 43.79293598421075 18.704993640018692
    vertex 2.0592879999999694 44.19172480503319 18.086496811934595
  endloop
endfacet
facet normal -3.6748961023866385e-16 -0.8404460424933122 -0.5418952386368878
  outer loop
    vertex 2.05928799999997 43.79293598421075 18.704993640018692
    vertex 5.059287999999969 44.19172480503319 18.08649681193459
    vertex 5.05928799999997 43.79293598421075 18.70499364001869
  endloop
endfacet
facet normal -4.504097879447502e-16 -0.79276434585281 -0.6095282536064808
  outer loop
    vertex 5.059287999999969 44.405135253056734 17.80893101703585
    vertex 2.0592879999999694 44.19172480503319 18.086496811934595
    vertex 2.059287999999969 44.405135253056734 17.80893101703585
  endloop
endfacet
facet normal -4.504097879447502e-16 -0.79276434585281 -0.6095282536064808
  outer loop
    vertex 2.0592879999999694 44.19172480503319 18.086496811934595
    vertex 5.059287999999969 44.405135253056734 17.80893101703585
    vertex 5.059287999999969 44.19172480503319 18.08649681193459
  endloop
endfacet
facet normal -1.0822572999793642e-15 0.2079116908177602 -0.9781476007338056
  outer loop
    vertex 5.059287999999969 44.405135253056734 17.80893101703585
    vertex 2.0592879999999685 45.1263574189168 17.962231520811276
    vertex 5.0592879999999685 45.1263574189168 17.962231520811272
  endloop
endfacet
facet normal -1.0822572999793642e-15 0.2079116908177602 -0.9781476007338056
  outer loop
    vertex 2.0592879999999685 45.1263574189168 17.962231520811276
    vertex 5.059287999999969 44.405135253056734 17.80893101703585
    vertex 2.059287999999969 44.405135253056734 17.80893101703585
  endloop
endfacet
facet normal -4.833263628243663e-16 0.9721437428665916 -0.23438545860469834
  outer loop
    vertex 5.059287999999969 45.208421384672405 18.302602341164373
    vertex 2.0592879999999685 45.1263574189168 17.962231520811276
    vertex 2.0592879999999694 45.208421384672405 18.302602341164377
  endloop
endfacet
facet normal -4.833263628243663e-16 0.9721437428665916 -0.23438545860469834
  outer loop
    vertex 2.0592879999999685 45.1263574189168 17.962231520811276
    vertex 5.059287999999969 45.208421384672405 18.302602341164373
    vertex 5.0592879999999685 45.1263574189168 17.962231520811272
  endloop
endfacet
facet normal -4.0159482944673458e-16 0.9881943147753937 -0.1532057317648082
  outer loop
    vertex 5.059287999999969 45.32116777688542 19.02982933530443
    vertex 2.0592879999999694 45.208421384672405 18.302602341164377
    vertex 2.05928799999997 45.32116777688542 19.029829335304434
  endloop
endfacet
facet normal -4.0159482944673458e-16 0.9881943147753937 -0.1532057317648082
  outer loop
    vertex 2.0592879999999694 45.208421384672405 18.302602341164377
    vertex 5.059287999999969 45.32116777688542 19.02982933530443
    vertex 5.059287999999969 45.208421384672405 18.302602341164373
  endloop
endfacet
facet normal -2.7732178206972885e-16 0.9994620536715549 -0.032796391122166646
  outer loop
    vertex 5.059287999999971 45.33840738646933 19.555202250118203
    vertex 2.05928799999997 45.32116777688542 19.029829335304434
    vertex 2.0592879999999703 45.33840738646933 19.555202250118203
  endloop
endfacet
facet normal -2.7732178206972885e-16 0.9994620536715549 -0.032796391122166646
  outer loop
    vertex 2.05928799999997 45.32116777688542 19.029829335304434
    vertex 5.059287999999971 45.33840738646933 19.555202250118203
    vertex 5.059287999999969 45.32116777688542 19.02982933530443
  endloop
endfacet
facet normal -1.5065623409529579e-16 0.9962477849584268 0.08654681372198553
  outer loop
    vertex 5.059287999999971 45.31111068885979 19.869416874096448
    vertex 2.0592879999999703 45.33840738646933 19.555202250118203
    vertex 2.0592879999999707 45.31111068885979 19.86941687409645
  endloop
endfacet
facet normal -1.5065623409529579e-16 0.9962477849584268 0.08654681372198553
  outer loop
    vertex 2.0592879999999703 45.33840738646933 19.555202250118203
    vertex 5.059287999999971 45.31111068885979 19.869416874096448
    vertex 5.059287999999971 45.33840738646933 19.555202250118203
  endloop
endfacet
facet normal 8.334730486527957e-18 0.9727479490648142 0.23186510645243238
  outer loop
    vertex 5.059287999999971 45.26465060399889 20.064331723309074
    vertex 2.0592879999999707 45.31111068885979 19.86941687409645
    vertex 2.059287999999971 45.26465060399889 20.064331723309078
  endloop
endfacet
facet normal 8.334730486527957e-18 0.9727479490648142 0.23186510645243238
  outer loop
    vertex 2.0592879999999707 45.31111068885979 19.86941687409645
    vertex 5.059287999999971 45.26465060399889 20.064331723309074
    vertex 5.059287999999971 45.31111068885979 19.869416874096448
  endloop
endfacet
facet normal -2.2711056863539217e-16 0.9998889317268552 0.014903832061860358
  outer loop
    vertex 5.059287999999971 45.26343938178593 20.14559187704376
    vertex 2.059287999999971 45.26465060399889 20.064331723309078
    vertex 2.059287999999971 45.26343938178593 20.145591877043763
  endloop
endfacet
facet normal -2.2711056863539217e-16 0.9998889317268552 0.014903832061860358
  outer loop
    vertex 2.059287999999971 45.26465060399889 20.064331723309078
    vertex 5.059287999999971 45.26343938178593 20.14559187704376
    vertex 5.059287999999971 45.26465060399889 20.064331723309074
  endloop
endfacet
facet normal -7.258419247180182e-16 0.8733811318692435 -0.4870373686841689
  outer loop
    vertex 5.059287999999971 45.30302050944726 20.2165708455999
    vertex 2.059287999999971 45.26343938178593 20.145591877043763
    vertex 2.059287999999971 45.30302050944726 20.216570845599904
  endloop
endfacet
facet normal -7.258419247180182e-16 0.8733811318692435 -0.4870373686841689
  outer loop
    vertex 2.059287999999971 45.26343938178593 20.145591877043763
    vertex 5.059287999999971 45.30302050944726 20.2165708455999
    vertex 5.059287999999971 45.26343938178593 20.14559187704376
  endloop
endfacet
facet normal -1.0300845232397044e-15 0.5128515630427786 -0.8584772998073851
  outer loop
    vertex 5.059287999999971 45.30302050944726 20.2165708455999
    vertex 2.059287999999971 45.372788255790454 20.258249871673286
    vertex 5.059287999999971 45.372788255790454 20.258249871673286
  endloop
endfacet
facet normal -1.0300845232397044e-15 0.5128515630427786 -0.8584772998073851
  outer loop
    vertex 2.059287999999971 45.372788255790454 20.258249871673286
    vertex 5.059287999999971 45.30302050944726 20.2165708455999
    vertex 2.059287999999971 45.30302050944726 20.216570845599904
  endloop
endfacet
facet normal -1.0782354969967684e-15 0.30901699437494373 -0.9510565162951549
  outer loop
    vertex 5.059287999999971 45.372788255790454 20.258249871673286
    vertex 2.059287999999971 46.06037413556987 20.481660066865253
    vertex 5.059287999999971 46.06037413556987 20.48166006686525
  endloop
endfacet
facet normal -1.0782354969967684e-15 0.30901699437494373 -0.9510565162951549
  outer loop
    vertex 2.059287999999971 46.06037413556987 20.481660066865253
    vertex 5.059287999999971 45.372788255790454 20.258249871673286
    vertex 2.059287999999971 45.372788255790454 20.258249871673286
  endloop
endfacet
facet normal -1.072345908534778e-15 0.08969466616137792 -0.9959693102009715
  outer loop
    vertex 5.059287999999971 46.06037413556987 20.48166006686525
    vertex 2.059287999999971 46.14131574487659 20.488949478849108
    vertex 5.059287999999971 46.14131574487659 20.488949478849108
  endloop
endfacet
facet normal -1.072345908534778e-15 0.08969466616137792 -0.9959693102009715
  outer loop
    vertex 2.059287999999971 46.14131574487659 20.488949478849108
    vertex 5.059287999999971 46.06037413556987 20.48166006686525
    vertex 2.059287999999971 46.06037413556987 20.481660066865253
  endloop
endfacet
facet normal -8.550446964514545e-16 -0.4203067956208002 -0.9073820571043791
  outer loop
    vertex 5.059287999999971 46.14131574487659 20.488949478849108
    vertex 2.059287999999971 46.21505794075134 20.45479149015241
    vertex 5.059287999999971 46.21505794075134 20.454791490152406
  endloop
endfacet
facet normal -8.550446964514545e-16 -0.4203067956208002 -0.9073820571043791
  outer loop
    vertex 2.059287999999971 46.21505794075134 20.45479149015241
    vertex 5.059287999999971 46.14131574487659 20.488949478849108
    vertex 2.059287999999971 46.14131574487659 20.488949478849108
  endloop
endfacet
facet normal -4.0863494846149236e-16 -0.8176873909430151 -0.5756625145802053
  outer loop
    vertex 5.059287999999971 46.26184156136141 20.388338706261504
    vertex 2.059287999999971 46.21505794075134 20.45479149015241
    vertex 2.059287999999971 46.26184156136141 20.388338706261507
  endloop
endfacet
facet normal -4.0863494846149236e-16 -0.8176873909430151 -0.5756625145802053
  outer loop
    vertex 2.059287999999971 46.21505794075134 20.45479149015241
    vertex 5.059287999999971 46.26184156136141 20.388338706261504
    vertex 5.059287999999971 46.21505794075134 20.454791490152406
  endloop
endfacet
facet normal -1.8102239838517998e-16 -0.9232565121307722 -0.38418408713547936
  outer loop
    vertex 5.059287999999971 46.33882263696879 20.203340728090957
    vertex 2.059287999999971 46.26184156136141 20.388338706261507
    vertex 2.0592879999999707 46.33882263696879 20.203340728090957
  endloop
endfacet
facet normal -1.8102239838517998e-16 -0.9232565121307722 -0.38418408713547936
  outer loop
    vertex 2.059287999999971 46.26184156136141 20.388338706261507
    vertex 5.059287999999971 46.33882263696879 20.203340728090957
    vertex 5.059287999999971 46.26184156136141 20.388338706261504
  endloop
endfacet
facet normal -3.35728434263712e-16 -0.8568523293784664 -0.5155619125174943
  outer loop
    vertex 5.059287999999971 46.50142986674142 19.933091161120245
    vertex 2.0592879999999707 46.33882263696879 20.203340728090957
    vertex 2.0592879999999703 46.50142986674142 19.93309116112025
  endloop
endfacet
facet normal -3.35728434263712e-16 -0.8568523293784664 -0.5155619125174943
  outer loop
    vertex 2.0592879999999707 46.33882263696879 20.203340728090957
    vertex 5.059287999999971 46.50142986674142 19.933091161120245
    vertex 5.059287999999971 46.33882263696879 20.203340728090957
  endloop
endfacet
facet normal -4.559688873548116e-16 -0.7893045516231447 -0.6140018931460931
  outer loop
    vertex 5.05928799999997 46.82418345515263 19.518188732920304
    vertex 2.0592879999999703 46.50142986674142 19.93309116112025
    vertex 2.05928799999997 46.82418345515263 19.518188732920308
  endloop
endfacet
facet normal -4.559688873548116e-16 -0.7893045516231447 -0.6140018931460931
  outer loop
    vertex 2.0592879999999703 46.50142986674142 19.93309116112025
    vertex 5.05928799999997 46.82418345515263 19.518188732920304
    vertex 5.059287999999971 46.50142986674142 19.933091161120245
  endloop
endfacet
facet normal -5.711377966469792e-16 -0.7094139246999676 -0.7047920852576232
  outer loop
    vertex 5.059287999999969 47.34285050473194 18.996120402484788
    vertex 2.05928799999997 46.82418345515263 19.518188732920308
    vertex 2.0592879999999694 47.34285050473194 18.996120402484788
  endloop
endfacet
facet normal -5.711377966469792e-16 -0.7094139246999676 -0.7047920852576232
  outer loop
    vertex 2.05928799999997 46.82418345515263 19.518188732920308
    vertex 5.059287999999969 47.34285050473194 18.996120402484788
    vertex 5.05928799999997 46.82418345515263 19.518188732920304
  endloop
endfacet
facet normal -6.452039793730636e-16 -0.6487124930347014 -0.7610335744109472
  outer loop
    vertex 5.059287999999969 47.34285050473194 18.996120402484788
    vertex 2.059287999999969 47.609306596168246 18.768990613245563
    vertex 5.059287999999969 47.609306596168246 18.76899061324556
  endloop
endfacet
facet normal -6.452039793730636e-16 -0.6487124930347014 -0.7610335744109472
  outer loop
    vertex 2.059287999999969 47.609306596168246 18.768990613245563
    vertex 5.059287999999969 47.34285050473194 18.996120402484788
    vertex 2.0592879999999694 47.34285050473194 18.996120402484788
  endloop
endfacet
facet normal -1.0624003202737915e-15 0.4067366430758018 -0.9135454576426004
  outer loop
    vertex 5.059287999999969 47.609306596168246 18.76899061324556
    vertex 2.059287999999969 48.28289536035717 19.068891653163995
    vertex 5.059287999999969 48.28289536035717 19.06889165316399
  endloop
endfacet
facet normal -1.0624003202737915e-15 0.4067366430758018 -0.9135454576426004
  outer loop
    vertex 2.059287999999969 48.28289536035717 19.068891653163995
    vertex 5.059287999999969 47.609306596168246 18.76899061324556
    vertex 2.059287999999969 47.609306596168246 18.768990613245563
  endloop
endfacet
facet normal -2.7140021969056753e-16 0.9996315466549366 -0.02714352468379
  outer loop
    vertex 5.059287999999969 48.292398958803055 19.418886612327626
    vertex 2.059287999999969 48.28289536035717 19.068891653163995
    vertex 2.05928799999997 48.292398958803055 19.41888661232763
  endloop
endfacet
facet normal -2.7140021969056753e-16 0.9996315466549366 -0.02714352468379
  outer loop
    vertex 2.059287999999969 48.28289536035717 19.068891653163995
    vertex 5.059287999999969 48.292398958803055 19.418886612327626
    vertex 5.059287999999969 48.28289536035717 19.06889165316399
  endloop
endfacet
facet normal -1.8383567875016781e-16 0.9984531607905317 0.05559933189703731
  outer loop
    vertex 5.059287999999971 48.25148257787766 20.153663244873197
    vertex 2.05928799999997 48.292398958803055 19.41888661232763
    vertex 2.0592879999999703 48.25148257787766 20.1536632448732
  endloop
endfacet
facet normal -1.8383567875016781e-16 0.9984531607905317 0.05559933189703731
  outer loop
    vertex 2.05928799999997 48.292398958803055 19.41888661232763
    vertex 5.059287999999971 48.25148257787766 20.153663244873197
    vertex 5.059287999999969 48.292398958803055 19.418886612327626
  endloop
endfacet
facet normal -5.3727348536939784e-17 0.9844401629542444 0.17572013419816374
  outer loop
    vertex 5.059287999999971 48.15911428960096 20.671139817366438
    vertex 2.0592879999999703 48.25148257787766 20.1536632448732
    vertex 2.059287999999971 48.15911428960096 20.67113981736644
  endloop
endfacet
facet normal -5.3727348536939784e-17 0.9844401629542444 0.17572013419816374
  outer loop
    vertex 2.0592879999999703 48.25148257787766 20.1536632448732
    vertex 5.059287999999971 48.15911428960096 20.671139817366438
    vertex 5.059287999999971 48.25148257787766 20.153663244873197
  endloop
endfacet
facet normal 7.549134410465912e-17 0.9564832862176237 0.2917871196374775
  outer loop
    vertex 5.059287999999971 48.06708519657525 20.9728127953725
    vertex 2.059287999999971 48.15911428960096 20.67113981736644
    vertex 2.0592879999999716 48.06708519657525 20.9728127953725
  endloop
endfacet
facet normal 7.549134410465912e-17 0.9564832862176237 0.2917871196374775
  outer loop
    vertex 2.059287999999971 48.15911428960096 20.67113981736644
    vertex 5.059287999999971 48.06708519657525 20.9728127953725
    vertex 5.059287999999971 48.15911428960096 20.671139817366438
  endloop
endfacet
facet normal 2.331918354110583e-16 0.9032836061723178 0.42904396839989833
  outer loop
    vertex 5.059287999999972 47.98111530017336 21.153808692678243
    vertex 2.0592879999999716 48.06708519657525 20.9728127953725
    vertex 2.0592879999999716 47.98111530017336 21.15380869267825
  endloop
endfacet
facet normal 2.331918354110583e-16 0.9032836061723178 0.42904396839989833
  outer loop
    vertex 2.0592879999999716 48.06708519657525 20.9728127953725
    vertex 5.059287999999972 47.98111530017336 21.153808692678243
    vertex 5.059287999999971 48.06708519657525 20.9728127953725
  endloop
endfacet
facet normal -2.1112213338863108e-18 0.9749402786452533 0.22246674599839852
  outer loop
    vertex 5.059287999999972 47.96303561011271 21.23304128983084
    vertex 2.0592879999999716 47.98111530017336 21.15380869267825
    vertex 2.0592879999999716 47.96303561011271 21.233041289830847
  endloop
endfacet
facet normal -2.1112213338863108e-18 0.9749402786452533 0.22246674599839852
  outer loop
    vertex 2.0592879999999716 47.98111530017336 21.15380869267825
    vertex 5.059287999999972 47.96303561011271 21.23304128983084
    vertex 5.059287999999972 47.98111530017336 21.153808692678243
  endloop
endfacet
facet normal -5.4303286459049535e-16 0.9555564214786474 -0.29480828579082025
  outer loop
    vertex 5.059287999999972 47.98699443780396 21.31069857680313
    vertex 2.0592879999999716 47.96303561011271 21.233041289830847
    vertex 2.0592879999999716 47.98699443780396 21.310698576803134
  endloop
endfacet
facet normal -5.4303286459049535e-16 0.9555564214786474 -0.29480828579082025
  outer loop
    vertex 2.0592879999999716 47.96303561011271 21.233041289830847
    vertex 5.059287999999972 47.98699443780396 21.31069857680313
    vertex 5.059287999999972 47.96303561011271 21.23304128983084
  endloop
endfacet
facet normal -9.384492903164553e-16 0.6801319928544357 -0.7330896754803288
  outer loop
    vertex 5.059287999999972 47.98699443780396 21.31069857680313
    vertex 2.0592879999999716 48.04657203471561 21.365972346264492
    vertex 5.059287999999972 48.04657203471561 21.365972346264492
  endloop
endfacet
facet normal -9.384492903164553e-16 0.6801319928544357 -0.7330896754803288
  outer loop
    vertex 2.0592879999999716 48.04657203471561 21.365972346264492
    vertex 5.059287999999972 47.98699443780396 21.31069857680313
    vertex 2.0592879999999716 47.98699443780396 21.310698576803134
  endloop
endfacet
facet normal -1.034925263320337e-15 0.49999999999999717 -0.8660254037844404
  outer loop
    vertex 5.059287999999972 48.04657203471561 21.365972346264492
    vertex 2.059287999999972 48.67268292189201 21.72745763551834
    vertex 5.059287999999972 48.67268292189201 21.727457635518334
  endloop
endfacet
facet normal -1.034925263320337e-15 0.49999999999999717 -0.8660254037844404
  outer loop
    vertex 2.059287999999972 48.67268292189201 21.72745763551834
    vertex 5.059287999999972 48.04657203471561 21.365972346264492
    vertex 2.0592879999999716 48.04657203471561 21.365972346264492
  endloop
endfacet
facet normal -1.0795313588806627e-15 0.29480828579087215 -0.9555564214786313
  outer loop
    vertex 5.059287999999972 48.67268292189201 21.727457635518334
    vertex 2.059287999999972 48.75034020886431 21.751416463209587
    vertex 5.059287999999972 48.75034020886431 21.751416463209583
  endloop
endfacet
facet normal -1.0795313588806627e-15 0.29480828579087215 -0.9555564214786313
  outer loop
    vertex 2.059287999999972 48.75034020886431 21.751416463209587
    vertex 5.059287999999972 48.67268292189201 21.727457635518334
    vertex 2.059287999999972 48.67268292189201 21.72745763551834
  endloop
endfacet
facet normal -9.743531862772608e-16 -0.222466745998366 -0.9749402786452608
  outer loop
    vertex 5.059287999999972 48.75034020886431 21.751416463209583
    vertex 2.059287999999972 48.82957280601691 21.73333677314895
    vertex 5.059287999999972 48.82957280601691 21.73333677314895
  endloop
endfacet
facet normal -9.743531862772608e-16 -0.222466745998366 -0.9749402786452608
  outer loop
    vertex 2.059287999999972 48.82957280601691 21.73333677314895
    vertex 5.059287999999972 48.75034020886431 21.751416463209583
    vertex 2.059287999999972 48.75034020886431 21.751416463209587
  endloop
endfacet
facet normal -6.080978642681969e-16 -0.680131992854452 -0.7330896754803138
  outer loop
    vertex 5.059287999999972 48.82957280601691 21.73333677314895
    vertex 2.0592879999999716 48.889150402928564 21.678063003687594
    vertex 5.059287999999972 48.889150402928564 21.678063003687587
  endloop
endfacet
facet normal -6.080978642681969e-16 -0.680131992854452 -0.7330896754803138
  outer loop
    vertex 2.0592879999999716 48.889150402928564 21.678063003687594
    vertex 5.059287999999972 48.82957280601691 21.73333677314895
    vertex 2.059287999999972 48.82957280601691 21.73333677314895
  endloop
endfacet
facet normal -3.9894303788026564e-16 -0.8232047790609626 -0.5677445655672909
  outer loop
    vertex 5.059287999999972 49.002912499775135 21.513112940789966
    vertex 2.0592879999999716 48.889150402928564 21.678063003687594
    vertex 2.0592879999999716 49.002912499775135 21.513112940789966
  endloop
endfacet
facet normal -3.9894303788026564e-16 -0.8232047790609626 -0.5677445655672909
  outer loop
    vertex 2.0592879999999716 48.889150402928564 21.678063003687594
    vertex 5.059287999999972 49.002912499775135 21.513112940789966
    vertex 5.059287999999972 48.889150402928564 21.678063003687587
  endloop
endfacet
facet normal -5.423390618606395e-16 -0.73093670121196 -0.6824452643409419
  outer loop
    vertex 5.059287999999971 49.21815441585085 21.28257691933943
    vertex 2.0592879999999716 49.002912499775135 21.513112940789966
    vertex 2.0592879999999716 49.21815441585085 21.282576919339437
  endloop
endfacet
facet normal -5.423390618606395e-16 -0.73093670121196 -0.6824452643409419
  outer loop
    vertex 2.0592879999999716 49.002912499775135 21.513112940789966
    vertex 5.059287999999971 49.21815441585085 21.28257691933943
    vertex 5.059287999999972 49.002912499775135 21.513112940789966
  endloop
endfacet
facet normal -6.501087255473587e-16 -0.6443981816491463 -0.7646901225249834
  outer loop
    vertex 5.059287999999971 49.21815441585085 21.28257691933943
    vertex 2.059287999999971 49.62011812935494 20.943845348941107
    vertex 5.059287999999971 49.62011812935494 20.9438453489411
  endloop
endfacet
facet normal -6.501087255473587e-16 -0.6443981816491463 -0.7646901225249834
  outer loop
    vertex 2.059287999999971 49.62011812935494 20.943845348941107
    vertex 5.059287999999971 49.21815441585085 21.28257691933943
    vertex 2.0592879999999716 49.21815441585085 21.282576919339437
  endloop
endfacet
facet normal -7.498245207186064e-16 -0.5473770142515395 -0.8368861357849526
  outer loop
    vertex 5.059287999999971 49.62011812935494 20.9438453489411
    vertex 2.05928799999997 50.23599516878388 20.541022407355992
    vertex 5.05928799999997 50.23599516878388 20.54102240735599
  endloop
endfacet
facet normal -7.498245207186064e-16 -0.5473770142515395 -0.8368861357849526
  outer loop
    vertex 2.05928799999997 50.23599516878388 20.541022407355992
    vertex 5.059287999999971 49.62011812935494 20.9438453489411
    vertex 2.059287999999971 49.62011812935494 20.943845348941107
  endloop
endfacet
facet normal -8.117996608705902e-16 -0.47630879140304905 -0.8792780761694031
  outer loop
    vertex 5.05928799999997 50.23599516878388 20.54102240735599
    vertex 2.05928799999997 50.543851493839036 20.374255285455693
    vertex 5.05928799999997 50.543851493839036 20.374255285455686
  endloop
endfacet
facet normal -8.117996608705902e-16 -0.47630879140304905 -0.8792780761694031
  outer loop
    vertex 2.05928799999997 50.543851493839036 20.374255285455693
    vertex 5.05928799999997 50.23599516878388 20.54102240735599
    vertex 2.05928799999997 50.23599516878388 20.541022407355992
  endloop
endfacet
facet normal -9.9611134860991e-16 0.5877852522924697 -0.80901699437495
  outer loop
    vertex 5.05928799999997 50.543851493839036 20.374255285455686
    vertex 2.0592879999999703 51.140367795124234 20.807649746987835
    vertex 5.059287999999971 51.140367795124234 20.80764974698783
  endloop
endfacet
facet normal -9.9611134860991e-16 0.5877852522924697 -0.80901699437495
  outer loop
    vertex 2.0592879999999703 51.140367795124234 20.807649746987835
    vertex 5.05928799999997 50.543851493839036 20.374255285455686
    vertex 2.05928799999997 50.543851493839036 20.374255285455693
  endloop
endfacet
facet normal -4.7612584633517806e-17 0.9834306550901066 0.18128471151490916
  outer loop
    vertex 5.059287999999971 51.076895673405026 21.15197238578441
    vertex 2.0592879999999703 51.140367795124234 20.807649746987835
    vertex 2.059287999999971 51.076895673405026 21.151972385784415
  endloop
endfacet
facet normal -4.7612584633517806e-17 0.9834306550901066 0.18128471151490916
  outer loop
    vertex 2.0592879999999703 51.140367795124234 20.807649746987835
    vertex 5.059287999999971 51.076895673405026 21.15197238578441
    vertex 5.059287999999971 51.140367795124234 20.80764974698783
  endloop
endfacet
facet normal 4.1957973249223803e-17 0.9650748125692956 0.2619744379597727
  outer loop
    vertex 5.059287999999971 50.88410476152619 21.86218539204378
    vertex 2.059287999999971 51.076895673405026 21.151972385784415
    vertex 2.0592879999999716 50.88410476152619 21.862185392043784
  endloop
endfacet
facet normal 4.1957973249223803e-17 0.9650748125692956 0.2619744379597727
  outer loop
    vertex 2.059287999999971 51.076895673405026 21.151972385784415
    vertex 5.059287999999971 50.88410476152619 21.86218539204378
    vertex 5.059287999999971 51.076895673405026 21.15197238578441
  endloop
endfacet
facet normal 1.7221522793934818e-16 0.9263935132478244 0.3765568464552903
  outer loop
    vertex 5.059287999999972 50.686165512818796 22.349149412870446
    vertex 2.0592879999999716 50.88410476152619 21.862185392043784
    vertex 2.059287999999972 50.686165512818796 22.349149412870453
  endloop
endfacet
facet normal 1.7221522793934818e-16 0.9263935132478244 0.3765568464552903
  outer loop
    vertex 2.0592879999999716 50.88410476152619 21.862185392043784
    vertex 5.059287999999972 50.686165512818796 22.349149412870446
    vertex 5.059287999999971 50.88410476152619 21.86218539204378
  endloop
endfacet
facet normal 2.9833958831958295e-16 0.8749158781530776 0.4842749282748687
  outer loop
    vertex 5.059287999999972 50.53342613734673 22.6250961881779
    vertex 2.059287999999972 50.686165512818796 22.349149412870453
    vertex 2.0592879999999725 50.53342613734673 22.625096188177903
  endloop
endfacet
facet normal 2.9833958831958295e-16 0.8749158781530776 0.4842749282748687
  outer loop
    vertex 2.059287999999972 50.686165512818796 22.349149412870453
    vertex 5.059287999999972 50.53342613734673 22.6250961881779
    vertex 5.059287999999972 50.686165512818796 22.349149412870446
  endloop
endfacet
facet normal 4.478573381495704e-16 0.7943414352544436 0.6074715501469273
  outer loop
    vertex 5.059287999999972 50.411703726405975 22.78426274434983
    vertex 2.0592879999999725 50.53342613734673 22.625096188177903
    vertex 2.0592879999999725 50.411703726405975 22.784262744349835
  endloop
endfacet
facet normal 4.478573381495704e-16 0.7943414352544436 0.6074715501469273
  outer loop
    vertex 2.0592879999999725 50.53342613734673 22.625096188177903
    vertex 5.059287999999972 50.411703726405975 22.78426274434983
    vertex 5.059287999999972 50.53342613734673 22.6250961881779
  endloop
endfacet
facet normal 2.2298039647051424e-16 0.9073820571043896 0.42030679562077783
  outer loop
    vertex 5.059287999999972 50.37754573770927 22.858004940224586
    vertex 2.0592879999999725 50.411703726405975 22.784262744349835
    vertex 2.0592879999999725 50.37754573770927 22.85800494022459
  endloop
endfacet
facet normal 2.2298039647051424e-16 0.9073820571043896 0.42030679562077783
  outer loop
    vertex 2.0592879999999725 50.411703726405975 22.784262744349835
    vertex 5.059287999999972 50.37754573770927 22.858004940224586
    vertex 5.059287999999972 50.411703726405975 22.78426274434983
  endloop
endfacet
facet normal -3.3649066251957573e-16 0.9959693102009779 -0.08969466616130645
  outer loop
    vertex 5.059287999999973 50.38483514969312 22.93894654953132
    vertex 2.0592879999999725 50.37754573770927 22.85800494022459
    vertex 2.059287999999973 50.38483514969312 22.93894654953132
  endloop
endfacet
facet normal -3.3649066251957573e-16 0.9959693102009779 -0.08969466616130645
  outer loop
    vertex 2.0592879999999725 50.37754573770927 22.85800494022459
    vertex 5.059287999999973 50.38483514969312 22.93894654953132
    vertex 5.059287999999972 50.37754573770927 22.858004940224586
  endloop
endfacet
facet normal -8.057993202270357e-16 0.8176873909430261 -0.5756625145801894
  outer loop
    vertex 5.059287999999973 50.43161877030315 23.005399333422222
    vertex 2.059287999999973 50.38483514969312 22.93894654953132
    vertex 2.059287999999973 50.43161877030315 23.005399333422226
  endloop
endfacet
facet normal -8.057993202270357e-16 0.8176873909430261 -0.5756625145801894
  outer loop
    vertex 2.059287999999973 50.38483514969312 22.93894654953132
    vertex 5.059287999999973 50.43161877030315 23.005399333422222
    vertex 5.059287999999973 50.38483514969312 22.93894654953132
  endloop
endfacet
facet normal -9.463838295144093e-16 0.6691306063588579 -0.7431448254773945
  outer loop
    vertex 5.059287999999973 50.43161877030315 23.005399333422222
    vertex 2.0592879999999734 50.96889061469356 23.489161074998698
    vertex 5.059287999999974 50.96889061469356 23.489161074998695
  endloop
endfacet
facet normal -9.463838295144093e-16 0.6691306063588579 -0.7431448254773945
  outer loop
    vertex 2.0592879999999734 50.96889061469356 23.489161074998698
    vertex 5.059287999999973 50.43161877030315 23.005399333422222
    vertex 2.059287999999973 50.43161877030315 23.005399333422226
  endloop
endfacet
facet normal -1.0395361086772673e-15 0.48703736868418324 -0.8733811318692355
  outer loop
    vertex 5.059287999999974 50.96889061469356 23.489161074998695
    vertex 2.0592879999999734 51.03986958324968 23.52874220266001
    vertex 5.059287999999974 51.03986958324968 23.528742202660005
  endloop
endfacet
facet normal -1.0395361086772673e-15 0.48703736868418324 -0.8733811318692355
  outer loop
    vertex 2.0592879999999734 51.03986958324968 23.52874220266001
    vertex 5.059287999999974 50.96889061469356 23.489161074998695
    vertex 2.0592879999999734 50.96889061469356 23.489161074998698
  endloop
endfacet
facet normal -1.0510777663974625e-15 -0.014903832061842462 -0.9998889317268556
  outer loop
    vertex 5.059287999999974 51.03986958324968 23.528742202660005
    vertex 2.0592879999999734 51.12112973698438 23.527530980447068
    vertex 5.059287999999974 51.12112973698438 23.527530980447064
  endloop
endfacet
facet normal -1.0510777663974625e-15 -0.014903832061842462 -0.9998889317268556
  outer loop
    vertex 2.0592879999999734 51.12112973698438 23.527530980447068
    vertex 5.059287999999974 51.03986958324968 23.528742202660005
    vertex 2.0592879999999734 51.03986958324968 23.52874220266001
  endloop
endfacet
facet normal -7.809839854291198e-16 -0.5128515630427356 -0.8584772998074107
  outer loop
    vertex 5.059287999999974 51.12112973698438 23.527530980447064
    vertex 2.0592879999999734 51.190897483327596 23.485851954373686
    vertex 5.059287999999974 51.190897483327596 23.485851954373686
  endloop
endfacet
facet normal -7.809839854291198e-16 -0.5128515630427356 -0.8584772998074107
  outer loop
    vertex 2.0592879999999734 51.190897483327596 23.485851954373686
    vertex 5.059287999999974 51.12112973698438 23.527530980447064
    vertex 2.0592879999999734 51.12112973698438 23.527530980447068
  endloop
endfacet
facet normal -5.994279522788934e-16 -0.6871750469713965 -0.7264918821431242
  outer loop
    vertex 5.059287999999974 51.190897483327596 23.485851954373686
    vertex 2.059287999999973 51.33646865189006 23.348158916015837
    vertex 5.059287999999973 51.33646865189006 23.34815891601583
  endloop
endfacet
facet normal -5.994279522788934e-16 -0.6871750469713965 -0.7264918821431242
  outer loop
    vertex 2.059287999999973 51.33646865189006 23.348158916015837
    vertex 5.059287999999974 51.190897483327596 23.485851954373686
    vertex 2.0592879999999734 51.190897483327596 23.485851954373686
  endloop
endfacet
facet normal -7.252468700226915e-16 -0.5730756317790606 -0.819502483376976
  outer loop
    vertex 5.059287999999973 51.33646865189006 23.34815891601583
    vertex 2.059287999999973 51.59493814969104 23.167411970457437
    vertex 5.059287999999973 51.59493814969104 23.16741197045743
  endloop
endfacet
facet normal -7.252468700226915e-16 -0.5730756317790606 -0.819502483376976
  outer loop
    vertex 2.059287999999973 51.59493814969104 23.167411970457437
    vertex 5.059287999999973 51.33646865189006 23.34815891601583
    vertex 2.059287999999973 51.33646865189006 23.348158916015837
  endloop
endfacet
facet normal -8.158356928657154e-16 -0.47132851897153105 -0.8819577241592156
  outer loop
    vertex 5.059287999999973 51.59493814969104 23.16741197045743
    vertex 2.0592879999999725 52.058544245171994 22.919655452901537
    vertex 5.059287999999972 52.058544245171994 22.919655452901534
  endloop
endfacet
facet normal -8.158356928657154e-16 -0.47132851897153105 -0.8819577241592156
  outer loop
    vertex 2.0592879999999725 52.058544245171994 22.919655452901537
    vertex 5.059287999999973 51.59493814969104 23.16741197045743
    vertex 2.059287999999973 51.59493814969104 23.167411970457437
  endloop
endfacet
facet normal -8.957403151775836e-16 -0.36141710167398566 -0.9324042463532523
  outer loop
    vertex 5.059287999999972 52.058544245171994 22.919655452901534
    vertex 2.059287999999972 52.744714492521595 22.653683195673036
    vertex 5.059287999999972 52.744714492521595 22.65368319567303
  endloop
endfacet
facet normal -8.957403151775836e-16 -0.36141710167398566 -0.9324042463532523
  outer loop
    vertex 2.059287999999972 52.744714492521595 22.653683195673036
    vertex 5.059287999999972 52.058544245171994 22.919655452901534
    vertex 2.0592879999999725 52.058544245171994 22.919655452901537
  endloop
endfacet
facet normal -9.429158017410745e-16 -0.283088110003954 -0.9590939067549065
  outer loop
    vertex 5.059287999999972 52.744714492521595 22.65368319567303
    vertex 2.0592879999999716 53.08051625253213 22.554567264576125
    vertex 5.059287999999971 53.08051625253213 22.55456726457612
  endloop
endfacet
facet normal -9.429158017410745e-16 -0.283088110003954 -0.9590939067549065
  outer loop
    vertex 2.0592879999999716 53.08051625253213 22.554567264576125
    vertex 5.059287999999972 52.744714492521595 22.65368319567303
    vertex 2.059287999999972 52.744714492521595 22.653683195673036
  endloop
endfacet
facet normal -8.862875311392034e-16 0.7431448254773927 -0.6691306063588599
  outer loop
    vertex 5.059287999999972 53.57388946614463 23.102513730095673
    vertex 2.0592879999999716 53.08051625253213 22.554567264576125
    vertex 2.059287999999972 53.57388946614463 23.102513730095676
  endloop
endfacet
facet normal -8.862875311392034e-16 0.7431448254773927 -0.6691306063588599
  outer loop
    vertex 2.0592879999999716 53.08051625253213 22.554567264576125
    vertex 5.059287999999972 53.57388946614463 23.102513730095673
    vertex 5.059287999999971 53.08051625253213 22.55456726457612
  endloop
endfacet
facet normal 1.7825594884250859e-16 0.9242491248739947 0.38178993591981286
  outer loop
    vertex 5.059287999999972 53.44021566055247 23.426115496966446
    vertex 2.059287999999972 53.57388946614463 23.102513730095676
    vertex 2.0592879999999725 53.44021566055247 23.426115496966446
  endloop
endfacet
facet normal 1.7825594884250859e-16 0.9242491248739947 0.38178993591981286
  outer loop
    vertex 2.059287999999972 53.57388946614463 23.102513730095676
    vertex 5.059287999999972 53.44021566055247 23.426115496966446
    vertex 5.059287999999972 53.57388946614463 23.102513730095673
  endloop
endfacet
facet normal 2.6591786048095344e-16 0.8895180640960313 0.45690000399086095
  outer loop
    vertex 5.059287999999974 53.10397610568276 24.080725160585967
    vertex 2.0592879999999725 53.44021566055247 23.426115496966446
    vertex 2.0592879999999734 53.10397610568276 24.08072516058597
  endloop
endfacet
facet normal 2.6591786048095344e-16 0.8895180640960313 0.45690000399086095
  outer loop
    vertex 2.0592879999999725 53.44021566055247 23.426115496966446
    vertex 5.059287999999974 53.10397610568276 24.080725160585967
    vertex 5.059287999999972 53.44021566055247 23.426115496966446
  endloop
endfacet
facet normal 3.9063117257433514e-16 0.8278590216831946 0.5609362176020943
  outer loop
    vertex 5.059287999999974 52.80911679153108 24.515893965323304
    vertex 2.0592879999999734 53.10397610568276 24.08072516058597
    vertex 2.059287999999974 52.80911679153108 24.51589396532331
  endloop
endfacet
facet normal 3.9063117257433514e-16 0.8278590216831946 0.5609362176020943
  outer loop
    vertex 2.0592879999999734 53.10397610568276 24.08072516058597
    vertex 5.059287999999974 52.80911679153108 24.515893965323304
    vertex 5.059287999999974 53.10397610568276 24.080725160585967
  endloop
endfacet
facet normal 5.081489609327355e-16 0.7551104479010778 0.6555975987376964
  outer loop
    vertex 5.059287999999975 52.60234257724563 24.754054339711672
    vertex 2.059287999999974 52.80911679153108 24.51589396532331
    vertex 2.0592879999999743 52.60234257724563 24.75405433971168
  endloop
endfacet
facet normal 5.081489609327355e-16 0.7551104479010778 0.6555975987376964
  outer loop
    vertex 2.059287999999974 52.80911679153108 24.51589396532331
    vertex 5.059287999999975 52.60234257724563 24.754054339711672
    vertex 5.059287999999974 52.80911679153108 24.515893965323304
  endloop
endfacet
facet normal 6.429493261530119e-16 0.650682731942834 0.7593497101806321
  outer loop
    vertex 2.0592879999999743 52.450187505213044 24.88443521247921
    vertex 5.059287999999975 52.60234257724563 24.754054339711672
    vertex 2.0592879999999743 52.60234257724563 24.75405433971168
  endloop
endfacet
facet normal 6.429493261530119e-16 0.650682731942834 0.7593497101806321
  outer loop
    vertex 5.059287999999975 52.60234257724563 24.754054339711672
    vertex 2.0592879999999743 52.450187505213044 24.88443521247921
    vertex 5.059287999999975 52.450187505213044 24.884435212479207
  endloop
endfacet
facet normal 4.38326700970579e-16 0.8001668855658661 0.5997774214188314
  outer loop
    vertex 5.059287999999975 52.401444085894546 24.949464119262075
    vertex 2.0592879999999743 52.450187505213044 24.88443521247921
    vertex 2.0592879999999747 52.401444085894546 24.94946411926208
  endloop
endfacet
facet normal 4.38326700970579e-16 0.8001668855658661 0.5997774214188314
  outer loop
    vertex 2.0592879999999743 52.450187505213044 24.88443521247921
    vertex 5.059287999999975 52.401444085894546 24.949464119262075
    vertex 5.059287999999975 52.450187505213044 24.884435212479207
  endloop
endfacet
facet normal -1.1524220383530066e-16 0.9928535608765282 0.11933904078212845
  outer loop
    vertex 5.059287999999975 52.39174549988883 25.03015251417562
    vertex 2.0592879999999747 52.401444085894546 24.94946411926208
    vertex 2.0592879999999747 52.39174549988883 25.030152514175622
  endloop
endfacet
facet normal -1.1524220383530066e-16 0.9928535608765282 0.11933904078212845
  outer loop
    vertex 2.0592879999999747 52.401444085894546 24.94946411926208
    vertex 5.059287999999975 52.39174549988883 25.03015251417562
    vertex 5.059287999999975 52.401444085894546 24.949464119262075
  endloop
endfacet
facet normal -6.379320531894992e-16 0.9195059263480031 -0.3930761394576129
  outer loop
    vertex 5.059287999999975 52.42369047548388 25.104880006964198
    vertex 2.0592879999999747 52.39174549988883 25.030152514175622
    vertex 2.0592879999999747 52.42369047548388 25.104880006964205
  endloop
endfacet
facet normal -6.379320531894992e-16 0.9195059263480031 -0.3930761394576129
  outer loop
    vertex 2.0592879999999747 52.39174549988883 25.030152514175622
    vertex 5.059287999999975 52.42369047548388 25.104880006964198
    vertex 5.059287999999975 52.39174549988883 25.03015251417562
  endloop
endfacet
facet normal -8.164808811052448e-16 0.8090169943749473 -0.5877852522924734
  outer loop
    vertex 5.059287999999975 52.84864191937207 25.68977549141001
    vertex 2.0592879999999747 52.42369047548388 25.104880006964205
    vertex 2.059287999999975 52.84864191937207 25.689775491410018
  endloop
endfacet
facet normal -8.164808811052448e-16 0.8090169943749473 -0.5877852522924734
  outer loop
    vertex 2.0592879999999747 52.42369047548388 25.104880006964205
    vertex 5.059287999999975 52.84864191937207 25.68977549141001
    vertex 5.059287999999975 52.42369047548388 25.104880006964198
  endloop
endfacet
facet normal -9.54108142276993e-16 0.6579805815013953 -0.7530348958495123
  outer loop
    vertex 5.059287999999975 52.84864191937207 25.68977549141001
    vertex 2.059287999999975 52.909840447991286 25.743249033831276
    vertex 5.059287999999975 52.909840447991286 25.743249033831272
  endloop
endfacet
facet normal -9.54108142276993e-16 0.6579805815013953 -0.7530348958495123
  outer loop
    vertex 2.059287999999975 52.909840447991286 25.743249033831276
    vertex 5.059287999999975 52.84864191937207 25.68977549141001
    vertex 2.059287999999975 52.84864191937207 25.689775491410018
  endloop
endfacet
facet normal -1.0818652044953693e-15 0.1933104508522333 -0.9811376404925592
  outer loop
    vertex 5.059287999999975 52.909840447991286 25.743249033831272
    vertex 2.059287999999975 52.98957669966038 25.758959215688822
    vertex 5.059287999999975 52.98957669966038 25.75895921568882
  endloop
endfacet
facet normal -1.0818652044953693e-15 0.1933104508522333 -0.9811376404925592
  outer loop
    vertex 2.059287999999975 52.98957669966038 25.758959215688822
    vertex 5.059287999999975 52.909840447991286 25.743249033831272
    vertex 2.059287999999975 52.909840447991286 25.743249033831276
  endloop
endfacet
facet normal -9.197373588498439e-16 -0.3231570589912166 -0.9463453467017986
  outer loop
    vertex 5.059287999999975 52.98957669966038 25.75895921568882
    vertex 2.059287999999975 53.06648541013713 25.732696506440984
    vertex 5.059287999999975 53.06648541013713 25.732696506440977
  endloop
endfacet
facet normal -9.197373588498439e-16 -0.3231570589912166 -0.9463453467017986
  outer loop
    vertex 2.059287999999975 53.06648541013713 25.732696506440984
    vertex 5.059287999999975 52.98957669966038 25.75895921568882
    vertex 2.059287999999975 52.98957669966038 25.758959215688822
  endloop
endfacet
facet normal -7.737149887884931e-16 -0.5211124678974594 -0.8534880173744793
  outer loop
    vertex 5.059287999999975 53.06648541013713 25.732696506440977
    vertex 2.059287999999975 53.23750349182135 25.628278339123643
    vertex 5.059287999999975 53.23750349182135 25.628278339123636
  endloop
endfacet
facet normal -7.737149887884931e-16 -0.5211124678974594 -0.8534880173744793
  outer loop
    vertex 2.059287999999975 53.23750349182135 25.628278339123643
    vertex 5.059287999999975 53.06648541013713 25.732696506440977
    vertex 2.059287999999975 53.06648541013713 25.732696506440984
  endloop
endfacet
facet normal -8.764579098441524e-16 -0.39016840731543956 -0.9207435114802242
  outer loop
    vertex 5.059287999999975 53.23750349182135 25.628278339123636
    vertex 2.059287999999975 53.527904214019436 25.505219978298346
    vertex 5.059287999999975 53.527904214019436 25.505219978298346
  endloop
endfacet
facet normal -8.764579098441524e-16 -0.39016840731543956 -0.9207435114802242
  outer loop
    vertex 2.059287999999975 53.527904214019436 25.505219978298346
    vertex 5.059287999999975 53.23750349182135 25.628278339123636
    vertex 2.059287999999975 53.23750349182135 25.628278339123643
  endloop
endfacet
facet normal -9.459067255918453e-16 -0.27765953832969514 -0.9606795411449859
  outer loop
    vertex 5.059287999999975 53.527904214019436 25.505219978298346
    vertex 2.0592879999999743 54.032890880475875 25.35926666226975
    vertex 5.059287999999975 54.032890880475875 25.359266662269743
  endloop
endfacet
facet normal -9.459067255918453e-16 -0.27765953832969514 -0.9606795411449859
  outer loop
    vertex 2.0592879999999743 54.032890880475875 25.35926666226975
    vertex 5.059287999999975 53.527904214019436 25.505219978298346
    vertex 2.059287999999975 53.527904214019436 25.505219978298346
  endloop
endfacet
facet normal -1.002507959624384e-15 -0.15966152748161294 -0.9871718171839379
  outer loop
    vertex 5.059287999999975 54.032890880475875 25.359266662269743
    vertex 2.0592879999999743 54.75936540332681 25.241769353315227
    vertex 5.059287999999975 54.75936540332681 25.241769353315224
  endloop
endfacet
facet normal -1.002507959624384e-15 -0.15966152748161294 -0.9871718171839379
  outer loop
    vertex 2.0592879999999743 54.75936540332681 25.241769353315227
    vertex 5.059287999999975 54.032890880475875 25.359266662269743
    vertex 2.0592879999999743 54.032890880475875 25.35926666226975
  endloop
endfacet
facet normal -1.0328219974634646e-15 -0.07749511979021882 -0.9969927313720496
  outer loop
    vertex 5.059287999999975 54.75936540332681 25.241769353315224
    vertex 2.0592879999999743 55.10843645002463 25.214636454821658
    vertex 5.059287999999975 55.10843645002463 25.214636454821655
  endloop
endfacet
facet normal -1.0328219974634646e-15 -0.07749511979021882 -0.9969927313720496
  outer loop
    vertex 2.0592879999999743 55.10843645002463 25.214636454821658
    vertex 5.059287999999975 54.75936540332681 25.241769353315224
    vertex 2.0592879999999743 54.75936540332681 25.241769353315227
  endloop
endfacet
facet normal -7.377286956782917e-16 0.8660254037844372 -0.5000000000000027
  outer loop
    vertex 5.059287999999975 55.477103799062256 25.853187034446538
    vertex 2.0592879999999743 55.10843645002463 25.214636454821658
    vertex 2.0592879999999747 55.477103799062256 25.853187034446538
  endloop
endfacet
facet normal -7.377286956782917e-16 0.8660254037844372 -0.5000000000000027
  outer loop
    vertex 2.0592879999999743 55.10843645002463 25.214636454821658
    vertex 5.059287999999975 55.477103799062256 25.853187034446538
    vertex 5.059287999999975 55.10843645002463 25.214636454821655
  endloop
endfacet
facet normal 3.9633384198720193e-16 0.8246734728615198 0.5656091080936728
  outer loop
    vertex 5.059287999999975 55.27907049633961 26.14192497936569
    vertex 2.0592879999999747 55.477103799062256 25.853187034446538
    vertex 2.059287999999975 55.27907049633961 26.14192497936569
  endloop
endfacet
facet normal 3.9633384198720193e-16 0.8246734728615198 0.5656091080936728
  outer loop
    vertex 2.0592879999999747 55.477103799062256 25.853187034446538
    vertex 5.059287999999975 55.27907049633961 26.14192497936569
    vertex 5.059287999999975 55.477103799062256 25.853187034446538
  endloop
endfacet
facet normal 4.782558611941915e-16 0.7750851078405309 0.631856847398074
  outer loop
    vertex 5.059287999999976 54.81407758048321 26.712321716879515
    vertex 2.059287999999975 55.27907049633961 26.14192497936569
    vertex 2.0592879999999756 54.81407758048321 26.712321716879522
  endloop
endfacet
facet normal 4.782558611941915e-16 0.7750851078405309 0.631856847398074
  outer loop
    vertex 2.059287999999975 55.27907049633961 26.14192497936569
    vertex 5.059287999999976 54.81407758048321 26.712321716879515
    vertex 5.059287999999975 55.27907049633961 26.14192497936569
  endloop
endfacet
facet normal 5.919746605114786e-16 0.6931431183626869 0.720799984369069
  outer loop
    vertex 2.059287999999976 54.43518496780765 27.076676340588904
    vertex 5.059287999999976 54.81407758048321 26.712321716879515
    vertex 2.0592879999999756 54.81407758048321 26.712321716879522
  endloop
endfacet
facet normal 5.919746605114786e-16 0.6931431183626869 0.720799984369069
  outer loop
    vertex 5.059287999999976 54.81407758048321 26.712321716879515
    vertex 2.059287999999976 54.43518496780765 27.076676340588904
    vertex 5.0592879999999765 54.43518496780765 27.0766763405889
  endloop
endfacet
facet normal 6.95749785583906e-16 0.602303067653844 0.7982675082293963
  outer loop
    vertex 2.0592879999999765 54.18341294008584 27.26664156287715
    vertex 5.0592879999999765 54.43518496780765 27.0766763405889
    vertex 2.059287999999976 54.43518496780765 27.076676340588904
  endloop
endfacet
facet normal 6.95749785583906e-16 0.602303067653844 0.7982675082293963
  outer loop
    vertex 5.0592879999999765 54.43518496780765 27.0766763405889
    vertex 2.0592879999999765 54.18341294008584 27.26664156287715
    vertex 5.0592879999999765 54.18341294008584 27.266641562877147
  endloop
endfacet
facet normal 8.099413433903645e-16 0.4785860709231917 0.878040644115238
  outer loop
    vertex 2.059287999999977 54.00747511373027 27.362538482463503
    vertex 5.0592879999999765 54.18341294008584 27.266641562877147
    vertex 2.0592879999999765 54.18341294008584 27.26664156287715
  endloop
endfacet
facet normal 8.099413433903645e-16 0.4785860709231917 0.878040644115238
  outer loop
    vertex 5.0592879999999765 54.18341294008584 27.266641562877147
    vertex 2.059287999999977 54.00747511373027 27.362538482463503
    vertex 5.0592879999999765 54.00747511373027 27.362538482463503
  endloop
endfacet
facet normal 6.345160253134117e-16 0.6579805815013612 0.7530348958495421
  outer loop
    vertex 2.059287999999977 53.94627658511106 27.41601202488475
    vertex 5.0592879999999765 54.00747511373027 27.362538482463503
    vertex 2.059287999999977 54.00747511373027 27.362538482463503
  endloop
endfacet
facet normal 6.345160253134117e-16 0.6579805815013612 0.7530348958495421
  outer loop
    vertex 5.0592879999999765 54.00747511373027 27.362538482463503
    vertex 2.059287999999977 53.94627658511106 27.41601202488475
    vertex 5.0592879999999765 53.94627658511106 27.41601202488475
  endloop
endfacet
facet normal 1.1104289215012079e-16 0.946345346701797 0.32315705899122105
  outer loop
    vertex 5.0592879999999765 53.92001387586324 27.492920735361512
    vertex 2.059287999999977 53.94627658511106 27.41601202488475
    vertex 2.059287999999977 53.92001387586324 27.492920735361512
  endloop
endfacet
facet normal 1.1104289215012079e-16 0.946345346701797 0.32315705899122105
  outer loop
    vertex 2.059287999999977 53.94627658511106 27.41601202488475
    vertex 5.0592879999999765 53.92001387586324 27.492920735361512
    vertex 5.0592879999999765 53.94627658511106 27.41601202488475
  endloop
endfacet
facet normal -4.4218409429006445e-16 0.9811376404925539 -0.19331045085226037
  outer loop
    vertex 5.059287999999977 53.93572405772078 27.57265698703061
    vertex 2.059287999999977 53.92001387586324 27.492920735361512
    vertex 2.059287999999977 53.93572405772078 27.572656987030616
  endloop
endfacet
facet normal -4.4218409429006445e-16 0.9811376404925539 -0.19331045085226037
  outer loop
    vertex 2.059287999999977 53.92001387586324 27.492920735361512
    vertex 5.059287999999977 53.93572405772078 27.57265698703061
    vertex 5.0592879999999765 53.92001387586324 27.492920735361512
  endloop
endfacet
facet normal -6.508938002818343e-16 0.9135454576425979 -0.4067366430758068
  outer loop
    vertex 5.059287999999978 54.22978268386559 28.233123475035566
    vertex 2.059287999999977 53.93572405772078 27.572656987030616
    vertex 2.0592879999999774 54.22978268386559 28.233123475035566
  endloop
endfacet
facet normal -6.508938002818343e-16 0.9135454576425979 -0.4067366430758068
  outer loop
    vertex 2.059287999999977 53.93572405772078 27.572656987030616
    vertex 5.059287999999978 54.22978268386559 28.233123475035566
    vertex 5.059287999999977 53.93572405772078 27.57265698703061
  endloop
endfacet
facet normal -8.269810717403805e-16 0.8001668855658781 -0.5997774214188151
  outer loop
    vertex 5.059287999999978 54.278526103184085 28.298152381818436
    vertex 2.0592879999999774 54.22978268386559 28.233123475035566
    vertex 2.0592879999999774 54.278526103184085 28.298152381818436
  endloop
endfacet
facet normal -8.269810717403805e-16 0.8001668855658781 -0.5997774214188151
  outer loop
    vertex 2.0592879999999774 54.22978268386559 28.233123475035566
    vertex 5.059287999999978 54.278526103184085 28.298152381818436
    vertex 5.059287999999978 54.22978268386559 28.233123475035566
  endloop
endfacet
facet normal -1.0653699417916067e-15 0.3930761394576627 -0.9195059263479819
  outer loop
    vertex 5.059287999999978 54.278526103184085 28.298152381818436
    vertex 2.0592879999999774 54.353253595972646 28.330097357413475
    vertex 5.059287999999978 54.353253595972646 28.330097357413475
  endloop
endfacet
facet normal -1.0653699417916067e-15 0.3930761394576627 -0.9195059263479819
  outer loop
    vertex 2.0592879999999774 54.353253595972646 28.330097357413475
    vertex 5.059287999999978 54.278526103184085 28.298152381818436
    vertex 2.0592879999999774 54.278526103184085 28.298152381818436
  endloop
endfacet
facet normal -1.0182937962993306e-15 -0.1193390407821566 -0.9928535608765245
  outer loop
    vertex 5.059287999999978 54.353253595972646 28.330097357413475
    vertex 2.0592879999999774 54.4339419908862 28.32039877140777
    vertex 5.059287999999978 54.4339419908862 28.32039877140777
  endloop
endfacet
facet normal -1.0182937962993306e-15 -0.1193390407821566 -0.9928535608765245
  outer loop
    vertex 2.0592879999999774 54.4339419908862 28.32039877140777
    vertex 5.059287999999978 54.353253595972646 28.330097357413475
    vertex 2.0592879999999774 54.353253595972646 28.330097357413475
  endloop
endfacet
facet normal -9.141869675916088e-16 -0.33227477340133854 -0.9431826307566787
  outer loop
    vertex 5.059287999999978 54.4339419908862 28.32039877140777
    vertex 2.0592879999999774 54.622932674886755 28.25381905009667
    vertex 5.059287999999978 54.622932674886755 28.253819050096663
  endloop
endfacet
facet normal -9.141869675916088e-16 -0.33227477340133854 -0.9431826307566787
  outer loop
    vertex 2.0592879999999774 54.622932674886755 28.25381905009667
    vertex 5.059287999999978 54.4339419908862 28.32039877140777
    vertex 2.0592879999999774 54.4339419908862 28.32039877140777
  endloop
endfacet
facet normal -9.89363533293756e-16 -0.19020895121639536 -0.9817436299142251
  outer loop
    vertex 5.059287999999978 54.622932674886755 28.253819050096663
    vertex 2.0592879999999774 54.93257271642464 28.193827514872073
    vertex 5.059287999999978 54.93257271642464 28.193827514872073
  endloop
endfacet
facet normal -9.89363533293756e-16 -0.19020895121639536 -0.9817436299142251
  outer loop
    vertex 2.0592879999999774 54.93257271642464 28.193827514872073
    vertex 5.059287999999978 54.622932674886755 28.253819050096663
    vertex 2.0592879999999774 54.622932674886755 28.25381905009667
  endloop
endfacet
facet normal -1.0346370954455511e-15 -0.07185550350456514 -0.9974150523308265
  outer loop
    vertex 5.059287999999978 54.93257271642464 28.193827514872073
    vertex 2.059287999999977 55.456869613337524 28.156056260642934
    vertex 5.059287999999977 55.456869613337524 28.156056260642934
  endloop
endfacet
facet normal -1.0346370954455511e-15 -0.07185550350456514 -0.9974150523308265
  outer loop
    vertex 2.059287999999977 55.456869613337524 28.156056260642934
    vertex 5.059287999999978 54.93257271642464 28.193827514872073
    vertex 2.0592879999999774 54.93257271642464 28.193827514872073
  endloop
endfacet
facet normal -1.0654611956686858e-15 0.0490720216027183 -0.9987952426277482
  outer loop
    vertex 5.059287999999977 55.456869613337524 28.156056260642934
    vertex 2.059287999999977 56.19189798902966 28.192169096178354
    vertex 5.059287999999977 56.19189798902966 28.192169096178354
  endloop
endfacet
facet normal -1.0654611956686858e-15 0.0490720216027183 -0.9987952426277482
  outer loop
    vertex 2.059287999999977 56.19189798902966 28.192169096178354
    vertex 5.059287999999977 55.456869613337524 28.156056260642934
    vertex 2.059287999999977 55.456869613337524 28.156056260642934
  endloop
endfacet
facet normal -1.077588915866898e-15 0.13148477902119435 -0.9913181895263236
  outer loop
    vertex 5.059287999999977 56.19189798902966 28.192169096178354
    vertex 2.059287999999977 56.53898224264537 28.238205068150386
    vertex 5.0592879999999765 56.53898224264537 28.238205068150386
  endloop
endfacet
facet normal -1.077588915866898e-15 0.13148477902119435 -0.9913181895263236
  outer loop
    vertex 2.059287999999977 56.53898224264537 28.238205068150386
    vertex 5.059287999999977 56.19189798902966 28.192169096178354
    vertex 2.059287999999977 56.19189798902966 28.192169096178354
  endloop
endfacet
facet normal -5.56927576201195e-16 0.9510565162951538 -0.3090169943749475
  outer loop
    vertex 2.0592879999999836 56.76683119489293 28.93945203744536
    vertex 5.0592879999999765 56.53898224264537 28.238205068150386
    vertex 2.059287999999977 56.53898224264537 28.238205068150386
  endloop
endfacet
facet normal -5.56927576201195e-16 0.9510565162951538 -0.3090169943749475
  outer loop
    vertex 5.0592879999999765 56.53898224264537 28.238205068150386
    vertex 2.0592879999999836 56.76683119489293 28.93945203744536
    vertex 5.059287999999978 56.76683119489293 28.939452037445353
  endloop
endfacet
facet normal 5.970900444162693e-16 0.6890556328626287 0.7247084481502076
  outer loop
    vertex 2.0592879999999836 56.513093400638 29.180706926701546
    vertex 5.059287999999978 56.76683119489293 28.939452037445353
    vertex 2.0592879999999836 56.76683119489293 28.93945203744536
  endloop
endfacet
facet normal 5.970900444162693e-16 0.6890556328626287 0.7247084481502076
  outer loop
    vertex 5.059287999999978 56.76683119489293 28.939452037445353
    vertex 2.0592879999999836 56.513093400638 29.180706926701546
    vertex 5.059287999999978 56.513093400638 29.180706926701546
  endloop
endfacet
facet normal 6.696917858469989e-16 0.6267772131014081 0.7791985145884406
  outer loop
    vertex 2.059287999999984 55.939669545501424 29.641961663613102
    vertex 5.059287999999978 56.513093400638 29.180706926701546
    vertex 2.0592879999999836 56.513093400638 29.180706926701546
  endloop
endfacet
facet normal 6.696917858469989e-16 0.6267772131014081 0.7791985145884406
  outer loop
    vertex 5.059287999999978 56.513093400638 29.180706926701546
    vertex 2.059287999999984 55.939669545501424 29.641961663613102
    vertex 5.059287999999978 55.939669545501424 29.641961663613102
  endloop
endfacet
facet normal 7.674460151746935e-16 0.5281335347000242 0.8491613330370491
  outer loop
    vertex 2.0592879999999787 55.49330305960437 29.919578060870975
    vertex 5.059287999999978 55.939669545501424 29.641961663613102
    vertex 2.059287999999984 55.939669545501424 29.641961663613102
  endloop
endfacet
facet normal 7.674460151746935e-16 0.5281335347000242 0.8491613330370491
  outer loop
    vertex 5.059287999999978 55.939669545501424 29.641961663613102
    vertex 2.0592879999999787 55.49330305960437 29.919578060870975
    vertex 5.059287999999979 55.49330305960437 29.919578060870975
  endloop
endfacet
facet normal 8.529430060271705e-16 0.42317215317936535 0.9060492970989714
  outer loop
    vertex 2.0592879999999787 55.20753686419388 30.053045739290827
    vertex 5.059287999999979 55.49330305960437 29.919578060870975
    vertex 2.0592879999999787 55.49330305960437 29.919578060870975
  endloop
endfacet
facet normal 8.529430060271705e-16 0.42317215317936535 0.9060492970989714
  outer loop
    vertex 5.059287999999979 55.49330305960437 29.919578060870975
    vertex 2.0592879999999787 55.20753686419388 30.053045739290827
    vertex 5.059287999999979 55.20753686419388 30.053045739290827
  endloop
endfacet
facet normal 9.415350373918129e-16 0.2855729020934203 0.9583569885955556
  outer loop
    vertex 2.0592879999999796 55.01550561077047 30.110267550145593
    vertex 5.059287999999979 55.20753686419388 30.053045739290827
    vertex 2.0592879999999787 55.20753686419388 30.053045739290827
  endloop
endfacet
facet normal 9.415350373918129e-16 0.2855729020934203 0.9583569885955556
  outer loop
    vertex 5.059287999999979 55.20753686419388 30.053045739290827
    vertex 2.0592879999999796 55.01550561077047 30.110267550145593
    vertex 5.059287999999979 55.01550561077047 30.110267550145593
  endloop
endfacet
facet normal 8.02973954604333e-16 0.48703736868411446 0.8733811318692739
  outer loop
    vertex 2.0592879999999796 54.94452664221431 30.149848677806904
    vertex 5.059287999999979 55.01550561077047 30.110267550145593
    vertex 2.0592879999999796 55.01550561077047 30.110267550145593
  endloop
endfacet
facet normal 8.02973954604333e-16 0.48703736868411446 0.8733811318692739
  outer loop
    vertex 5.059287999999979 55.01550561077047 30.110267550145593
    vertex 2.0592879999999796 54.94452664221431 30.149848677806904
    vertex 5.059287999999979 54.94452664221431 30.1498486778069
  endloop
endfacet
facet normal 3.3247488090560356e-16 0.8584772998074163 0.5128515630427263
  outer loop
    vertex 5.059287999999979 54.902847616140946 30.2196164241501
    vertex 2.0592879999999796 54.94452664221431 30.149848677806904
    vertex 2.0592879999999796 54.902847616140946 30.219616424150104
  endloop
endfacet
facet normal 3.3247488090560356e-16 0.8584772998074163 0.5128515630427263
  outer loop
    vertex 2.0592879999999796 54.94452664221431 30.149848677806904
    vertex 5.059287999999979 54.902847616140946 30.2196164241501
    vertex 5.059287999999979 54.94452664221431 30.1498486778069
  endloop
endfacet
facet normal -2.2711056863539296e-16 0.9998889317268553 0.014903832061859712
  outer loop
    vertex 5.059287999999979 54.901636393928 30.300876577884793
    vertex 2.0592879999999796 54.902847616140946 30.219616424150104
    vertex 2.0592879999999796 54.901636393928 30.300876577884797
  endloop
endfacet
facet normal -2.2711056863539296e-16 0.9998889317268553 0.014903832061859712
  outer loop
    vertex 2.0592879999999796 54.902847616140946 30.219616424150104
    vertex 5.059287999999979 54.901636393928 30.300876577884793
    vertex 5.059287999999979 54.902847616140946 30.2196164241501
  endloop
endfacet
facet normal -4.568595370511166e-16 0.9781476007338049 -0.20791169081776253
  outer loop
    vertex 2.059287999999986 55.05195042931703 31.008048514653233
    vertex 5.059287999999979 54.901636393928 30.300876577884793
    vertex 2.0592879999999796 54.901636393928 30.300876577884797
  endloop
endfacet
facet normal -4.568595370511166e-16 0.9781476007338049 -0.20791169081776253
  outer loop
    vertex 5.059287999999979 54.901636393928 30.300876577884793
    vertex 2.059287999999986 55.05195042931703 31.008048514653233
    vertex 5.059287999999979 54.97679341162252 30.654462546269013
  endloop
endfacet
facet normal -4.568595370511166e-16 0.9781476007338049 -0.20791169081776253
  outer loop
    vertex 5.059287999999979 54.97679341162252 30.654462546269013
    vertex 2.059287999999986 55.05195042931703 31.008048514653233
    vertex 5.059287999999981 55.05195042931703 31.00804851465323
  endloop
endfacet
facet normal -6.637109600732852e-16 0.9073820571043956 -0.42030679562076506
  outer loop
    vertex 5.059287999999981 55.08610841801373 31.081790710527986
    vertex 2.059287999999986 55.05195042931703 31.008048514653233
    vertex 2.059287999999986 55.08610841801373 31.081790710527986
  endloop
endfacet
facet normal -6.637109600732852e-16 0.9073820571043956 -0.42030679562076506
  outer loop
    vertex 2.059287999999986 55.05195042931703 31.008048514653233
    vertex 5.059287999999981 55.08610841801373 31.081790710527986
    vertex 5.059287999999981 55.05195042931703 31.00804851465323
  endloop
endfacet
facet normal -1.0023129004193726e-15 0.5756625145801897 -0.8176873909430259
  outer loop
    vertex 5.059287999999981 55.08610841801373 31.081790710527986
    vertex 2.059287999999986 55.152561201904625 31.128574331138026
    vertex 5.059287999999981 55.152561201904625 31.128574331138022
  endloop
endfacet
facet normal -1.0023129004193726e-15 0.5756625145801897 -0.8176873909430259
  outer loop
    vertex 2.059287999999986 55.152561201904625 31.128574331138026
    vertex 5.059287999999981 55.08610841801373 31.081790710527986
    vertex 2.059287999999986 55.08610841801373 31.081790710527986
  endloop
endfacet
facet normal -1.0723459085347728e-15 0.08969466616134161 -0.9959693102009749
  outer loop
    vertex 5.059287999999981 55.152561201904625 31.128574331138022
    vertex 2.059287999999986 55.233502811211366 31.135863743121877
    vertex 5.059287999999981 55.233502811211366 31.135863743121877
  endloop
endfacet
facet normal -1.0723459085347728e-15 0.08969466616134161 -0.9959693102009749
  outer loop
    vertex 2.059287999999986 55.233502811211366 31.135863743121877
    vertex 5.059287999999981 55.152561201904625 31.128574331138022
    vertex 2.059287999999986 55.152561201904625 31.128574331138026
  endloop
endfacet
facet normal -1.0147045891551888e-15 -0.12891507687632964 -0.9916556372824037
  outer loop
    vertex 5.059287999999981 55.233502811211366 31.135863743121877
    vertex 2.059287999999986 55.43220629775952 31.110032321123256
    vertex 5.059287999999981 55.43220629775952 31.110032321123256
  endloop
endfacet
facet normal -1.0147045891551888e-15 -0.12891507687632964 -0.9916556372824037
  outer loop
    vertex 2.059287999999986 55.43220629775952 31.110032321123256
    vertex 5.059287999999981 55.233502811211366 31.135863743121877
    vertex 2.059287999999986 55.233502811211366 31.135863743121877
  endloop
endfacet
facet normal -1.059029222845465e-15 0.01806354877461959 -0.99983684079237
  outer loop
    vertex 5.059287999999981 55.43220629775952 31.110032321123256
    vertex 2.059287999999986 55.747552903004205 31.115729529460005
    vertex 5.059287999999981 55.747552903004205 31.115729529460005
  endloop
endfacet
facet normal -1.059029222845465e-15 0.01806354877461959 -0.99983684079237
  outer loop
    vertex 2.059287999999986 55.747552903004205 31.115729529460005
    vertex 5.059287999999981 55.43220629775952 31.110032321123256
    vertex 2.059287999999986 55.43220629775952 31.110032321123256
  endloop
endfacet
facet normal -1.0781488594886743e-15 0.13708896162467799 -0.9905587396013766
  outer loop
    vertex 5.059287999999981 55.747552903004205 31.115729529460005
    vertex 2.05928799999998 56.26824574012281 31.18779112208673
    vertex 5.05928799999998 56.26824574012281 31.18779112208673
  endloop
endfacet
facet normal -1.0781488594886743e-15 0.13708896162467799 -0.9905587396013766
  outer loop
    vertex 2.05928799999998 56.26824574012281 31.18779112208673
    vertex 5.059287999999981 55.747552903004205 31.115729529460005
    vertex 2.059287999999986 55.747552903004205 31.115729529460005
  endloop
endfacet
facet normal -1.0818486648122092e-15 0.2556608878693248 -0.9667665232174046
  outer loop
    vertex 5.05928799999998 56.26824574012281 31.18779112208673
    vertex 2.05928799999998 56.97970370158096 31.375935797910586
    vertex 5.059287999999981 56.97970370158096 31.37593579791058
  endloop
endfacet
facet normal -1.0818486648122092e-15 0.2556608878693248 -0.9667665232174046
  outer loop
    vertex 2.05928799999998 56.97970370158096 31.375935797910586
    vertex 5.05928799999998 56.26824574012281 31.18779112208673
    vertex 2.05928799999998 56.26824574012281 31.18779112208673
  endloop
endfacet
facet normal -1.0752600278016338e-15 0.3347181620554184 -0.9423182859258556
  outer loop
    vertex 5.059287999999981 56.97970370158096 31.37593579791058
    vertex 2.05928799999998 57.30963191473649 31.49312864746793
    vertex 5.05928799999998 57.30963191473649 31.49312864746793
  endloop
endfacet
facet normal -1.0752600278016338e-15 0.3347181620554184 -0.9423182859258556
  outer loop
    vertex 2.05928799999998 57.30963191473649 31.49312864746793
    vertex 5.059287999999981 56.97970370158096 31.37593579791058
    vertex 2.05928799999998 56.97970370158096 31.375935797910586
  endloop
endfacet
facet normal -3.5178604920909384e-16 0.9945218953682736 -0.10452846326765174
  outer loop
    vertex 5.059287999999981 57.386704377640214 32.22642414891851
    vertex 2.05928799999998 57.30963191473649 31.49312864746793
    vertex 2.059287999999981 57.386704377640214 32.22642414891851
  endloop
endfacet
facet normal -3.5178604920909384e-16 0.9945218953682736 -0.10452846326765174
  outer loop
    vertex 2.05928799999998 57.30963191473649 31.49312864746793
    vertex 5.059287999999981 57.386704377640214 32.22642414891851
    vertex 5.05928799999998 57.30963191473649 31.49312864746793
  endloop
endfacet
facet normal 7.71750546748424e-16 0.5233227552518723 0.8521345514856142
  outer loop
    vertex 2.0592879999999814 57.08835165103096 32.40965198618184
    vertex 5.059287999999981 57.386704377640214 32.22642414891851
    vertex 2.059287999999981 57.386704377640214 32.22642414891851
  endloop
endfacet
facet normal 7.71750546748424e-16 0.5233227552518723 0.8521345514856142
  outer loop
    vertex 5.059287999999981 57.386704377640214 32.22642414891851
    vertex 2.0592879999999814 57.08835165103096 32.40965198618184
    vertex 5.059287999999982 57.08835165103096 32.40965198618184
  endloop
endfacet
facet normal 8.318589659205703e-16 0.45107614653899486 0.8924854676819849
  outer loop
    vertex 2.059287999999982 56.43155823067661 32.7416056771423
    vertex 5.059287999999982 57.08835165103096 32.40965198618184
    vertex 2.0592879999999814 57.08835165103096 32.40965198618184
  endloop
endfacet
facet normal 8.318589659205703e-16 0.45107614653899486 0.8924854676819849
  outer loop
    vertex 5.059287999999982 57.08835165103096 32.40965198618184
    vertex 2.059287999999982 56.43155823067661 32.7416056771423
    vertex 5.059287999999982 56.43155823067661 32.741605677142296
  endloop
endfacet
facet normal 9.093762963602175e-16 0.3400419813050946 0.9404102567231526
  outer loop
    vertex 2.059287999999982 55.9372262288958 32.92035067923721
    vertex 5.059287999999982 56.43155823067661 32.741605677142296
    vertex 2.059287999999982 56.43155823067661 32.7416056771423
  endloop
endfacet
facet normal 9.093762963602175e-16 0.3400419813050946 0.9404102567231526
  outer loop
    vertex 5.059287999999982 56.43155823067661 32.741605677142296
    vertex 2.059287999999982 55.9372262288958 32.92035067923721
    vertex 5.059287999999982 55.9372262288958 32.92035067923721
  endloop
endfacet
facet normal 9.728585242324072e-16 0.22554658500566527 0.9742323839784234
  outer loop
    vertex 2.0592879999999822 55.629955219794404 32.991487635792744
    vertex 5.059287999999982 55.9372262288958 32.92035067923721
    vertex 2.059287999999982 55.9372262288958 32.92035067923721
  endloop
endfacet
facet normal 9.728585242324072e-16 0.22554658500566527 0.9742323839784234
  outer loop
    vertex 5.059287999999982 55.9372262288958 32.92035067923721
    vertex 2.0592879999999822 55.629955219794404 32.991487635792744
    vertex 5.059287999999982 55.629955219794404 32.991487635792744
  endloop
endfacet
facet normal 1.0319791322728643e-15 0.08007882711134776 0.9967885339671956
  outer loop
    vertex 2.0592879999999822 55.43022322654591 33.00753347020087
    vertex 5.059287999999982 55.629955219794404 32.991487635792744
    vertex 2.0592879999999822 55.629955219794404 32.991487635792744
  endloop
endfacet
facet normal 1.0319791322728643e-15 0.08007882711134776 0.9967885339671956
  outer loop
    vertex 5.059287999999982 55.629955219794404 32.991487635792744
    vertex 2.0592879999999822 55.43022322654591 33.00753347020087
    vertex 5.059287999999982 55.43022322654591 33.00753347020086
  endloop
endfacet
facet normal 9.36338068982476e-16 0.29480828579083473 0.9555564214786428
  outer loop
    vertex 2.0592879999999822 55.35256593957364 33.03149229789211
    vertex 5.059287999999982 55.43022322654591 33.00753347020086
    vertex 2.0592879999999822 55.43022322654591 33.00753347020087
  endloop
endfacet
facet normal 9.36338068982476e-16 0.29480828579083473 0.9555564214786428
  outer loop
    vertex 5.059287999999982 55.43022322654591 33.00753347020086
    vertex 2.0592879999999822 55.35256593957364 33.03149229789211
    vertex 5.059287999999982 55.35256593957364 33.0314922978921
  endloop
endfacet
facet normal 5.393761219740707e-16 0.7330896754803017 0.6801319928544649
  outer loop
    vertex 5.059287999999982 55.29729217011228 33.09106989480375
    vertex 2.0592879999999822 55.35256593957364 33.03149229789211
    vertex 2.0592879999999822 55.29729217011228 33.09106989480376
  endloop
endfacet
facet normal 5.393761219740707e-16 0.7330896754803017 0.6801319928544649
  outer loop
    vertex 2.0592879999999822 55.35256593957364 33.03149229789211
    vertex 5.059287999999982 55.29729217011228 33.09106989480375
    vertex 5.059287999999982 55.35256593957364 33.0314922978921
  endloop
endfacet
facet normal -2.11122133397205e-18 0.974940278645271 0.22246674599832125
  outer loop
    vertex 5.059287999999982 55.27921248005165 33.170302491956356
    vertex 2.0592879999999822 55.29729217011228 33.09106989480376
    vertex 2.0592879999999822 55.27921248005165 33.170302491956356
  endloop
endfacet
facet normal -2.11122133397205e-18 0.974940278645271 0.22246674599832125
  outer loop
    vertex 2.0592879999999822 55.29729217011228 33.09106989480376
    vertex 5.059287999999982 55.27921248005165 33.170302491956356
    vertex 5.059287999999982 55.29729217011228 33.09106989480375
  endloop
endfacet
facet normal -2.4285831979598797e-16 1.0 -8.043915897651908e-15
  outer loop
    vertex 5.059287999999984 55.27921248005165 33.893273070464055
    vertex 2.0592879999999822 55.27921248005165 33.170302491956356
    vertex 2.0592879999999836 55.27921248005165 33.89327307046406
  endloop
endfacet
facet normal -2.4285831979598797e-16 1.0 -8.043915897651908e-15
  outer loop
    vertex 2.0592879999999822 55.27921248005165 33.170302491956356
    vertex 5.059287999999984 55.27921248005165 33.893273070464055
    vertex 5.059287999999982 55.27921248005165 33.170302491956356
  endloop
endfacet
facet normal -4.71433494612393e-16 0.9749402786452857 -0.2224667459982572
  outer loop
    vertex 5.059287999999984 55.29729217011228 33.97250566761665
    vertex 2.0592879999999836 55.27921248005165 33.89327307046406
    vertex 2.0592879999999836 55.29729217011228 33.97250566761666
  endloop
endfacet
facet normal -4.71433494612393e-16 0.9749402786452857 -0.2224667459982572
  outer loop
    vertex 2.0592879999999836 55.27921248005165 33.89327307046406
    vertex 5.059287999999984 55.29729217011228 33.97250566761665
    vertex 5.059287999999984 55.27921248005165 33.893273070464055
  endloop
endfacet
facet normal -8.954499756679218e-16 0.7330896754803025 -0.6801319928544642
  outer loop
    vertex 5.059287999999984 55.35256593957364 34.0320832645283
    vertex 2.0592879999999836 55.29729217011228 33.97250566761666
    vertex 2.059287999999983 55.35256593957364 34.03208326452831
  endloop
endfacet
facet normal -8.954499756679218e-16 0.7330896754803025 -0.6801319928544642
  outer loop
    vertex 2.0592879999999836 55.29729217011228 33.97250566761666
    vertex 5.059287999999984 55.35256593957364 34.0320832645283
    vertex 5.059287999999984 55.29729217011228 33.97250566761665
  endloop
endfacet
facet normal -1.0795313588806669e-15 0.29480828579082263 -0.9555564214786466
  outer loop
    vertex 5.059287999999984 55.35256593957364 34.0320832645283
    vertex 2.059287999999983 55.43022322654593 34.05604209221955
    vertex 5.059287999999984 55.43022322654593 34.05604209221954
  endloop
endfacet
facet normal -1.0795313588806669e-15 0.29480828579082263 -0.9555564214786466
  outer loop
    vertex 2.059287999999983 55.43022322654593 34.05604209221955
    vertex 5.059287999999984 55.35256593957364 34.0320832645283
    vertex 2.059287999999983 55.35256593957364 34.03208326452831
  endloop
endfacet
facet normal -1.0708747510798539e-15 0.08007882711134953 -0.9967885339671955
  outer loop
    vertex 5.059287999999984 55.43022322654593 34.05604209221954
    vertex 2.059287999999983 55.629955219794404 34.07208792662767
    vertex 5.059287999999984 55.629955219794404 34.07208792662767
  endloop
endfacet
facet normal -1.0708747510798539e-15 0.08007882711134953 -0.9967885339671955
  outer loop
    vertex 2.059287999999983 55.629955219794404 34.07208792662767
    vertex 5.059287999999984 55.43022322654593 34.05604209221954
    vertex 2.059287999999983 55.43022322654593 34.05604209221955
  endloop
endfacet
facet normal -1.0824102535728013e-15 0.2255465850056643 -0.9742323839784237
  outer loop
    vertex 5.059287999999984 55.629955219794404 34.07208792662767
    vertex 2.0592879999999836 55.9372262288958 34.1432248831832
    vertex 5.059287999999984 55.9372262288958 34.1432248831832
  endloop
endfacet
facet normal -1.0824102535728013e-15 0.2255465850056643 -0.9742323839784237
  outer loop
    vertex 2.0592879999999836 55.9372262288958 34.1432248831832
    vertex 5.059287999999984 55.629955219794404 34.07208792662767
    vertex 2.059287999999983 55.629955219794404 34.07208792662767
  endloop
endfacet
facet normal -1.0745403448399198e-15 0.3400419813050945 -0.9404102567231528
  outer loop
    vertex 5.059287999999984 55.9372262288958 34.1432248831832
    vertex 2.0592879999999836 56.43155823067661 34.321969885278115
    vertex 5.059287999999984 56.43155823067661 34.32196988527811
  endloop
endfacet
facet normal -1.0745403448399198e-15 0.3400419813050945 -0.9404102567231528
  outer loop
    vertex 2.0592879999999836 56.43155823067661 34.321969885278115
    vertex 5.059287999999984 55.9372262288958 34.1432248831832
    vertex 2.0592879999999836 55.9372262288958 34.1432248831832
  endloop
endfacet
facet normal -1.050954156017582e-15 0.451076146538991 -0.8924854676819869
  outer loop
    vertex 5.059287999999984 56.43155823067661 34.32196988527811
    vertex 2.0592879999999836 57.08835165103096 34.65392357623857
    vertex 5.059287999999984 57.08835165103096 34.65392357623857
  endloop
endfacet
facet normal -1.050954156017582e-15 0.451076146538991 -0.8924854676819869
  outer loop
    vertex 2.0592879999999836 57.08835165103096 34.65392357623857
    vertex 5.059287999999984 56.43155823067661 34.32196988527811
    vertex 2.0592879999999836 56.43155823067661 34.321969885278115
  endloop
endfacet
facet normal -1.0259371168513678e-15 0.5233227552518748 -0.8521345514856128
  outer loop
    vertex 5.059287999999984 57.08835165103096 34.65392357623857
    vertex 2.0592879999999836 57.386704377640214 34.8371514135019
    vertex 5.059287999999984 57.386704377640214 34.8371514135019
  endloop
endfacet
facet normal -1.0259371168513678e-15 0.5233227552518748 -0.8521345514856128
  outer loop
    vertex 2.0592879999999836 57.386704377640214 34.8371514135019
    vertex 5.059287999999984 57.08835165103096 34.65392357623857
    vertex 2.0592879999999836 57.08835165103096 34.65392357623857
  endloop
endfacet
facet normal -1.3126978380981025e-16 0.9945218953682737 0.10452846326765133
  outer loop
    vertex 5.0592879999999845 57.30963191473649 35.57044691495248
    vertex 2.0592879999999836 57.386704377640214 34.8371514135019
    vertex 2.059287999999984 57.30963191473649 35.57044691495248
  endloop
endfacet
facet normal -1.3126978380981025e-16 0.9945218953682737 0.10452846326765133
  outer loop
    vertex 2.0592879999999836 57.386704377640214 34.8371514135019
    vertex 5.0592879999999845 57.30963191473649 35.57044691495248
    vertex 5.059287999999984 57.386704377640214 34.8371514135019
  endloop
endfacet
facet normal 9.126818469176814e-16 0.33471816205541527 0.942318285925857
  outer loop
    vertex 2.059287999999985 56.97970370158096 35.687639764509825
    vertex 5.0592879999999845 57.30963191473649 35.57044691495248
    vertex 2.059287999999984 57.30963191473649 35.57044691495248
  endloop
endfacet
facet normal 9.126818469176814e-16 0.33471816205541527 0.942318285925857
  outer loop
    vertex 5.0592879999999845 57.30963191473649 35.57044691495248
    vertex 2.059287999999985 56.97970370158096 35.687639764509825
    vertex 5.059287999999985 56.97970370158096 35.687639764509825
  endloop
endfacet
facet normal 9.57669917481223e-16 0.25566088786932706 0.966766523217404
  outer loop
    vertex 2.0592879999999854 56.26824574012281 35.87578444033368
    vertex 5.059287999999985 56.97970370158096 35.687639764509825
    vertex 2.059287999999985 56.97970370158096 35.687639764509825
  endloop
endfacet
facet normal 9.57669917481223e-16 0.25566088786932706 0.966766523217404
  outer loop
    vertex 5.059287999999985 56.97970370158096 35.687639764509825
    vertex 2.0592879999999854 56.26824574012281 35.87578444033368
    vertex 5.059287999999985 56.26824574012281 35.87578444033368
  endloop
endfacet
facet normal 1.011562469723185e-15 0.13708896162467718 0.9905587396013767
  outer loop
    vertex 2.0592879999999854 55.747552903004205 35.947846032960406
    vertex 5.059287999999985 56.26824574012281 35.87578444033368
    vertex 2.0592879999999854 56.26824574012281 35.87578444033368
  endloop
endfacet
facet normal 1.011562469723185e-15 0.13708896162467718 0.9905587396013767
  outer loop
    vertex 5.059287999999985 56.26824574012281 35.87578444033368
    vertex 2.0592879999999854 55.747552903004205 35.947846032960406
    vertex 5.059287999999985 55.747552903004205 35.9478460329604
  endloop
endfacet
facet normal 1.0502554566355503e-15 0.01806354877462343 0.99983684079237
  outer loop
    vertex 2.0592879999999854 55.43220629775952 35.953543241297155
    vertex 5.059287999999985 55.747552903004205 35.9478460329604
    vertex 2.0592879999999854 55.747552903004205 35.947846032960406
  endloop
endfacet
facet normal 1.0502554566355503e-15 0.01806354877462343 0.99983684079237
  outer loop
    vertex 5.059287999999985 55.747552903004205 35.9478460329604
    vertex 2.0592879999999854 55.43220629775952 35.953543241297155
    vertex 5.059287999999985 55.43220629775952 35.95354324129715
  endloop
endfacet
facet normal 1.0773207870882992e-15 -0.12891507687633433 0.991655637282403
  outer loop
    vertex 2.0592879999999854 55.233502811211366 35.92771181929853
    vertex 5.059287999999985 55.43220629775952 35.95354324129715
    vertex 2.0592879999999854 55.43220629775952 35.953543241297155
  endloop
endfacet
facet normal 1.0773207870882992e-15 -0.12891507687633433 0.991655637282403
  outer loop
    vertex 5.059287999999985 55.43220629775952 35.95354324129715
    vertex 2.0592879999999854 55.233502811211366 35.92771181929853
    vertex 5.059287999999985 55.233502811211366 35.92771181929853
  endloop
endfacet
facet normal 1.0287797166975608e-15 0.08969466616134827 0.9959693102009741
  outer loop
    vertex 2.0592879999999854 55.15256120190464 35.935001231282385
    vertex 5.059287999999985 55.233502811211366 35.92771181929853
    vertex 2.0592879999999854 55.233502811211366 35.92771181929853
  endloop
endfacet
facet normal 1.0287797166975608e-15 0.08969466616134827 0.9959693102009741
  outer loop
    vertex 5.059287999999985 55.233502811211366 35.92771181929853
    vertex 2.0592879999999854 55.15256120190464 35.935001231282385
    vertex 5.059287999999985 55.15256120190464 35.935001231282385
  endloop
endfacet
facet normal 7.227040382984548e-16 0.5756625145801604 0.8176873909430467
  outer loop
    vertex 2.0592879999999854 55.08610841801373 35.98178485189242
    vertex 5.059287999999985 55.15256120190464 35.935001231282385
    vertex 2.0592879999999854 55.15256120190464 35.935001231282385
  endloop
endfacet
facet normal 7.227040382984548e-16 0.5756625145801604 0.8176873909430467
  outer loop
    vertex 5.059287999999985 55.15256120190464 35.935001231282385
    vertex 2.0592879999999854 55.08610841801373 35.98178485189242
    vertex 5.059287999999985 55.08610841801373 35.98178485189242
  endloop
endfacet
facet normal 2.2298039647050073e-16 0.907382057104395 0.4203067956207663
  outer loop
    vertex 5.059287999999985 55.05195042931703 36.05552704776717
    vertex 2.0592879999999854 55.08610841801373 35.98178485189242
    vertex 2.0592879999999854 55.05195042931703 36.05552704776718
  endloop
endfacet
facet normal 2.2298039647050073e-16 0.907382057104395 0.4203067956207663
  outer loop
    vertex 2.0592879999999854 55.08610841801373 35.98178485189242
    vertex 5.059287999999985 55.05195042931703 36.05552704776717
    vertex 5.059287999999985 55.08610841801373 35.98178485189242
  endloop
endfacet
facet normal -1.8243028602244995e-17 0.9781476007338051 0.20791169081776187
  outer loop
    vertex 5.059287999999986 54.901636393928 36.76269898453561
    vertex 2.0592879999999854 55.05195042931703 36.05552704776718
    vertex 2.0592879999999867 54.901636393928 36.76269898453561
  endloop
endfacet
facet normal -1.8243028602244995e-17 0.9781476007338051 0.20791169081776187
  outer loop
    vertex 2.0592879999999854 55.05195042931703 36.05552704776718
    vertex 5.059287999999986 54.901636393928 36.76269898453561
    vertex 5.059287999999985 55.05195042931703 36.05552704776717
  endloop
endfacet
facet normal -2.5855212324816963e-16 0.9998889317268552 -0.014903832061860455
  outer loop
    vertex 5.059287999999986 54.902847616140946 36.8439591382703
    vertex 2.0592879999999867 54.901636393928 36.76269898453561
    vertex 2.0592879999999862 54.902847616140946 36.84395913827031
  endloop
endfacet
facet normal -2.5855212324816963e-16 0.9998889317268552 -0.014903832061860455
  outer loop
    vertex 2.0592879999999867 54.901636393928 36.76269898453561
    vertex 5.059287999999986 54.902847616140946 36.8439591382703
    vertex 5.059287999999986 54.901636393928 36.76269898453561
  endloop
endfacet
facet normal -7.494515901339908e-16 0.858477299807449 -0.5128515630426718
  outer loop
    vertex 5.059287999999986 54.94452664221431 36.9137268846135
    vertex 2.0592879999999862 54.902847616140946 36.84395913827031
    vertex 2.0592879999999862 54.94452664221431 36.9137268846135
  endloop
endfacet
facet normal -7.494515901339908e-16 0.858477299807449 -0.5128515630426718
  outer loop
    vertex 2.0592879999999862 54.902847616140946 36.84395913827031
    vertex 5.059287999999986 54.94452664221431 36.9137268846135
    vertex 5.059287999999986 54.902847616140946 36.8439591382703
  endloop
endfacet
facet normal -1.0395361086772992e-15 0.4870373686840912 -0.873381131869287
  outer loop
    vertex 5.059287999999986 54.94452664221431 36.9137268846135
    vertex 2.0592879999999862 55.01550561077047 36.95330801227482
    vertex 5.059287999999986 55.01550561077047 36.95330801227481
  endloop
endfacet
facet normal -1.0395361086772992e-15 0.4870373686840912 -0.873381131869287
  outer loop
    vertex 2.0592879999999862 55.01550561077047 36.95330801227482
    vertex 5.059287999999986 54.94452664221431 36.9137268846135
    vertex 2.0592879999999862 54.94452664221431 36.9137268846135
  endloop
endfacet
facet normal -1.080242547755152e-15 0.2855729020934243 -0.9583569885955544
  outer loop
    vertex 5.059287999999986 55.01550561077047 36.95330801227481
    vertex 2.0592879999999862 55.20753686419387 37.01052982312959
    vertex 5.059287999999986 55.20753686419387 37.01052982312958
  endloop
endfacet
facet normal -1.080242547755152e-15 0.2855729020934243 -0.9583569885955544
  outer loop
    vertex 2.0592879999999862 55.20753686419387 37.01052982312959
    vertex 5.059287999999986 55.01550561077047 36.95330801227481
    vertex 2.0592879999999862 55.01550561077047 36.95330801227482
  endloop
endfacet
facet normal -1.0584847622383468e-15 0.4231721531793598 -0.9060492970989737
  outer loop
    vertex 5.059287999999986 55.20753686419387 37.01052982312958
    vertex 2.0592879999999867 55.49330305960437 37.143997501549435
    vertex 5.059287999999986 55.49330305960437 37.14399750154943
  endloop
endfacet
facet normal -1.0584847622383468e-15 0.4231721531793598 -0.9060492970989737
  outer loop
    vertex 2.0592879999999867 55.49330305960437 37.143997501549435
    vertex 5.059287999999986 55.20753686419387 37.01052982312958
    vertex 2.0592879999999862 55.20753686419387 37.01052982312959
  endloop
endfacet
facet normal -1.0239692609050133e-15 0.5281335347000229 -0.84916133303705
  outer loop
    vertex 5.059287999999986 55.49330305960437 37.14399750154943
    vertex 2.0592879999999867 55.939669545501424 37.4216138988073
    vertex 5.059287999999986 55.939669545501424 37.4216138988073
  endloop
endfacet
facet normal -1.0239692609050133e-15 0.5281335347000229 -0.84916133303705
  outer loop
    vertex 2.0592879999999867 55.939669545501424 37.4216138988073
    vertex 5.059287999999986 55.49330305960437 37.14399750154943
    vertex 2.0592879999999867 55.49330305960437 37.143997501549435
  endloop
endfacet
facet normal -9.741279075674282e-16 0.6267772131014077 -0.7791985145884408
  outer loop
    vertex 5.059287999999986 55.939669545501424 37.4216138988073
    vertex 2.059287999999987 56.513093400638 37.88286863571886
    vertex 5.059287999999987 56.513093400638 37.88286863571886
  endloop
endfacet
facet normal -9.741279075674282e-16 0.6267772131014077 -0.7791985145884408
  outer loop
    vertex 2.059287999999987 56.513093400638 37.88286863571886
    vertex 5.059287999999986 55.939669545501424 37.4216138988073
    vertex 2.0592879999999867 55.939669545501424 37.4216138988073
  endloop
endfacet
facet normal -9.31775830902209e-16 0.6890556328626374 -0.7247084481501994
  outer loop
    vertex 5.059287999999987 56.513093400638 37.88286863571886
    vertex 2.059287999999987 56.76683119489293 38.124123524975055
    vertex 5.059287999999988 56.76683119489293 38.124123524975055
  endloop
endfacet
facet normal -9.31775830902209e-16 0.6890556328626374 -0.7247084481501994
  outer loop
    vertex 2.059287999999987 56.76683119489293 38.124123524975055
    vertex 5.059287999999987 56.513093400638 37.88286863571886
    vertex 2.059287999999987 56.513093400638 37.88286863571886
  endloop
endfacet
facet normal 9.498360104426937e-17 0.9510565162951561 0.3090169943749401
  outer loop
    vertex 5.059287999999988 56.53898224264537 38.825370494270025
    vertex 2.059287999999987 56.76683119489293 38.124123524975055
    vertex 2.059287999999988 56.53898224264537 38.825370494270025
  endloop
endfacet
facet normal 9.498360104426937e-17 0.9510565162951561 0.3090169943749401
  outer loop
    vertex 2.059287999999987 56.76683119489293 38.124123524975055
    vertex 5.059287999999988 56.53898224264537 38.825370494270025
    vertex 5.059287999999988 56.76683119489293 38.124123524975055
  endloop
endfacet
facet normal 1.013724570843232e-15 0.1314847790211947 0.9913181895263233
  outer loop
    vertex 2.0592879999999885 56.19189798902966 38.87140646624206
    vertex 5.059287999999988 56.53898224264537 38.825370494270025
    vertex 2.059287999999988 56.53898224264537 38.825370494270025
  endloop
endfacet
facet normal 1.013724570843232e-15 0.1314847790211947 0.9913181895263233
  outer loop
    vertex 5.059287999999988 56.53898224264537 38.825370494270025
    vertex 2.0592879999999885 56.19189798902966 38.87140646624206
    vertex 5.059287999999989 56.19189798902966 38.87140646624205
  endloop
endfacet
facet normal 1.041626098237829e-15 0.04907202160272012 0.9987952426277482
  outer loop
    vertex 2.0592879999999885 55.456869613337524 38.90751930177748
    vertex 5.059287999999989 56.19189798902966 38.87140646624205
    vertex 2.0592879999999885 56.19189798902966 38.87140646624206
  endloop
endfacet
facet normal 1.041626098237829e-15 0.04907202160272012 0.9987952426277482
  outer loop
    vertex 5.059287999999989 56.19189798902966 38.87140646624205
    vertex 2.0592879999999885 55.456869613337524 38.90751930177748
    vertex 5.059287999999989 55.456869613337524 38.90751930177748
  endloop
endfacet
facet normal 1.0695385091439768e-15 -0.07185550350456468 0.9974150523308267
  outer loop
    vertex 2.059287999999989 54.93257271642464 38.86974804754834
    vertex 5.059287999999989 55.456869613337524 38.90751930177748
    vertex 2.0592879999999885 55.456869613337524 38.90751930177748
  endloop
endfacet
facet normal 1.0695385091439768e-15 -0.07185550350456468 0.9974150523308267
  outer loop
    vertex 5.059287999999989 55.456869613337524 38.90751930177748
    vertex 2.059287999999989 54.93257271642464 38.86974804754834
    vertex 5.059287999999989 54.93257271642464 38.86974804754834
  endloop
endfacet
facet normal 1.081751185898894e-15 -0.19020895121639056 0.981743629914226
  outer loop
    vertex 2.059287999999989 54.622932674886755 38.809756512323744
    vertex 5.059287999999989 54.93257271642464 38.86974804754834
    vertex 2.059287999999989 54.93257271642464 38.86974804754834
  endloop
endfacet
facet normal 1.081751185898894e-15 -0.19020895121639056 0.981743629914226
  outer loop
    vertex 5.059287999999989 54.93257271642464 38.86974804754834
    vertex 2.059287999999989 54.622932674886755 38.809756512323744
    vertex 5.059287999999989 54.622932674886755 38.809756512323744
  endloop
endfacet
facet normal 1.075578353949287e-15 -0.3322747734013324 0.9431826307566807
  outer loop
    vertex 2.0592879999999885 54.433941990886176 38.743176791012644
    vertex 5.059287999999989 54.622932674886755 38.809756512323744
    vertex 2.059287999999989 54.622932674886755 38.809756512323744
  endloop
endfacet
facet normal 1.075578353949287e-15 -0.3322747734013324 0.9431826307566807
  outer loop
    vertex 5.059287999999989 54.622932674886755 38.809756512323744
    vertex 2.0592879999999885 54.433941990886176 38.743176791012644
    vertex 5.059287999999989 54.433941990886176 38.743176791012644
  endloop
endfacet
facet normal 1.0762587541601685e-15 -0.11933904078216437 0.9928535608765238
  outer loop
    vertex 2.0592879999999885 54.353253595972646 38.73347820500694
    vertex 5.059287999999989 54.433941990886176 38.743176791012644
    vertex 2.0592879999999885 54.433941990886176 38.743176791012644
  endloop
endfacet
facet normal 1.0762587541601685e-15 -0.11933904078216437 0.9928535608765238
  outer loop
    vertex 5.059287999999989 54.433941990886176 38.743176791012644
    vertex 2.0592879999999885 54.353253595972646 38.73347820500694
    vertex 5.059287999999989 54.353253595972646 38.73347820500694
  endloop
endfacet
facet normal 8.744463202304453e-16 0.39307613945767056 0.9195059263479787
  outer loop
    vertex 2.059287999999989 54.278526103184085 38.76542318060198
    vertex 5.059287999999989 54.353253595972646 38.73347820500694
    vertex 2.0592879999999885 54.353253595972646 38.73347820500694
  endloop
endfacet
facet normal 8.744463202304453e-16 0.39307613945767056 0.9195059263479787
  outer loop
    vertex 5.059287999999989 54.353253595972646 38.73347820500694
    vertex 2.059287999999989 54.278526103184085 38.76542318060198
    vertex 5.059287999999989 54.278526103184085 38.76542318060198
  endloop
endfacet
facet normal 4.383267009706339e-16 0.8001668855658328 0.5997774214188758
  outer loop
    vertex 5.059287999999989 54.229782683865565 38.83045208738485
    vertex 2.059287999999989 54.278526103184085 38.76542318060198
    vertex 2.059287999999989 54.229782683865565 38.83045208738485
  endloop
endfacet
facet normal 4.383267009706339e-16 0.8001668855658328 0.5997774214188758
  outer loop
    vertex 2.059287999999989 54.278526103184085 38.76542318060198
    vertex 5.059287999999989 54.229782683865565 38.83045208738485
    vertex 5.059287999999989 54.278526103184085 38.76542318060198
  endloop
endfacet
facet normal 2.0716957048116408e-16 0.9135454576426015 0.4067366430757988
  outer loop
    vertex 5.059287999999989 53.9357240577208 39.4909185753898
    vertex 2.059287999999989 54.229782683865565 38.83045208738485
    vertex 2.0592879999999893 53.9357240577208 39.4909185753898
  endloop
endfacet
facet normal 2.0716957048116408e-16 0.9135454576426015 0.4067366430757988
  outer loop
    vertex 2.059287999999989 54.229782683865565 38.83045208738485
    vertex 5.059287999999989 53.9357240577208 39.4909185753898
    vertex 5.059287999999989 54.229782683865565 38.83045208738485
  endloop
endfacet
facet normal -3.4370783427083744e-17 0.9811376404925398 0.19331045085233162
  outer loop
    vertex 5.059287999999989 53.92001387586323 39.570654827058895
    vertex 2.0592879999999893 53.9357240577208 39.4909185753898
    vertex 2.0592879999999893 53.92001387586323 39.570654827058895
  endloop
endfacet
facet normal -3.4370783427083744e-17 0.9811376404925398 0.19331045085233162
  outer loop
    vertex 2.0592879999999893 53.9357240577208 39.4909185753898
    vertex 5.059287999999989 53.92001387586323 39.570654827058895
    vertex 5.059287999999989 53.9357240577208 39.4909185753898
  endloop
endfacet
facet normal -5.706985738436027e-16 0.9463453467017978 -0.3231570589912188
  outer loop
    vertex 5.05928799999999 53.94627658511107 39.64756353753565
    vertex 2.0592879999999893 53.92001387586323 39.570654827058895
    vertex 2.05928799999999 53.94627658511107 39.64756353753566
  endloop
endfacet
facet normal -5.706985738436027e-16 0.9463453467017978 -0.3231570589912188
  outer loop
    vertex 2.0592879999999893 53.92001387586323 39.570654827058895
    vertex 5.05928799999999 53.94627658511107 39.64756353753565
    vertex 5.059287999999989 53.92001387586323 39.570654827058895
  endloop
endfacet
facet normal -9.541081422770296e-16 0.6579805815013412 -0.7530348958495595
  outer loop
    vertex 5.05928799999999 53.94627658511107 39.64756353753565
    vertex 2.05928799999999 54.00747511373028 39.70103707995691
    vertex 5.05928799999999 54.00747511373028 39.70103707995691
  endloop
endfacet
facet normal -9.541081422770296e-16 0.6579805815013412 -0.7530348958495595
  outer loop
    vertex 2.05928799999999 54.00747511373028 39.70103707995691
    vertex 5.05928799999999 53.94627658511107 39.64756353753565
    vertex 2.05928799999999 53.94627658511107 39.64756353753566
  endloop
endfacet
facet normal -1.042398561514699e-15 0.47858607092318317 -0.8780406441152426
  outer loop
    vertex 5.05928799999999 54.00747511373028 39.70103707995691
    vertex 2.05928799999999 54.183412940085844 39.796933999543256
    vertex 5.05928799999999 54.183412940085844 39.796933999543256
  endloop
endfacet
facet normal -1.042398561514699e-15 0.47858607092318317 -0.8780406441152426
  outer loop
    vertex 2.05928799999999 54.183412940085844 39.796933999543256
    vertex 5.05928799999999 54.00747511373028 39.70103707995691
    vertex 2.05928799999999 54.00747511373028 39.70103707995691
  endloop
endfacet
facet normal -9.88298407620659e-16 0.602303067653845 -0.7982675082293955
  outer loop
    vertex 5.05928799999999 54.183412940085844 39.796933999543256
    vertex 2.05928799999999 54.43518496780765 39.986899221831514
    vertex 5.05928799999999 54.43518496780765 39.98689922183151
  endloop
endfacet
facet normal -9.88298407620659e-16 0.602303067653845 -0.7982675082293955
  outer loop
    vertex 2.05928799999999 54.43518496780765 39.986899221831514
    vertex 5.05928799999999 54.183412940085844 39.796933999543256
    vertex 2.05928799999999 54.183412940085844 39.796933999543256
  endloop
endfacet
facet normal -9.286458067188946e-16 0.6931431183626865 -0.7207999843690694
  outer loop
    vertex 5.05928799999999 54.43518496780765 39.98689922183151
    vertex 2.0592879999999902 54.81407758048321 40.351253845540896
    vertex 5.059287999999991 54.81407758048321 40.35125384554089
  endloop
endfacet
facet normal -9.286458067188946e-16 0.6931431183626865 -0.7207999843690694
  outer loop
    vertex 2.0592879999999902 54.81407758048321 40.351253845540896
    vertex 5.05928799999999 54.43518496780765 39.98689922183151
    vertex 2.05928799999999 54.43518496780765 39.986899221831514
  endloop
endfacet
facet normal -8.547275951722646e-16 0.7750851078405313 -0.6318568473980734
  outer loop
    vertex 5.059287999999991 55.279070496339614 40.92165058305472
    vertex 2.0592879999999902 54.81407758048321 40.351253845540896
    vertex 2.0592879999999907 55.279070496339614 40.92165058305472
  endloop
endfacet
facet normal -8.547275951722646e-16 0.7750851078405313 -0.6318568473980734
  outer loop
    vertex 2.0592879999999902 54.81407758048321 40.351253845540896
    vertex 5.059287999999991 55.279070496339614 40.92165058305472
    vertex 5.059287999999991 54.81407758048321 40.35125384554089
  endloop
endfacet
facet normal -7.96891469986119e-16 0.8246734728615285 -0.5656091080936605
  outer loop
    vertex 5.059287999999991 55.477103799062256 41.21038852797387
    vertex 2.0592879999999907 55.279070496339614 40.92165058305472
    vertex 2.0592879999999907 55.477103799062256 41.210388527973876
  endloop
endfacet
facet normal -7.96891469986119e-16 0.8246734728615285 -0.5656091080936605
  outer loop
    vertex 2.0592879999999907 55.279070496339614 40.92165058305472
    vertex 5.059287999999991 55.477103799062256 41.21038852797387
    vertex 5.059287999999991 55.279070496339614 40.92165058305472
  endloop
endfacet
facet normal 3.17085746750845e-16 0.8660254037844374 0.5000000000000022
  outer loop
    vertex 5.0592879999999925 55.10843645002464 41.84893910759876
    vertex 2.0592879999999907 55.477103799062256 41.210388527973876
    vertex 2.0592879999999916 55.10843645002464 41.84893910759876
  endloop
endfacet
facet normal 3.17085746750845e-16 0.8660254037844374 0.5000000000000022
  outer loop
    vertex 2.0592879999999907 55.477103799062256 41.210388527973876
    vertex 5.0592879999999925 55.10843645002464 41.84893910759876
    vertex 5.059287999999991 55.477103799062256 41.21038852797387
  endloop
endfacet
facet normal 1.070462666632746e-15 -0.07749511979021835 0.9969927313720496
  outer loop
    vertex 2.0592879999999916 54.75936540332682 41.82180620910519
    vertex 5.0592879999999925 55.10843645002464 41.84893910759876
    vertex 2.0592879999999916 55.10843645002464 41.84893910759876
  endloop
endfacet
facet normal 1.070462666632746e-15 -0.07749511979021835 0.9969927313720496
  outer loop
    vertex 5.0592879999999925 55.10843645002464 41.84893910759876
    vertex 2.0592879999999916 54.75936540332682 41.82180620910519
    vertex 5.0592879999999925 54.75936540332682 41.82180620910519
  endloop
endfacet
facet normal 1.0800582202248725e-15 -0.15966152748161247 0.9871718171839381
  outer loop
    vertex 2.059287999999992 54.03289088047586 41.70430890015067
    vertex 5.0592879999999925 54.75936540332682 41.82180620910519
    vertex 2.0592879999999916 54.75936540332682 41.82180620910519
  endloop
endfacet
facet normal 1.0800582202248725e-15 -0.15966152748161247 0.9871718171839381
  outer loop
    vertex 5.0592879999999925 54.75936540332682 41.82180620910519
    vertex 2.059287999999992 54.03289088047586 41.70430890015067
    vertex 5.0592879999999925 54.03289088047586 41.704308900150664
  endloop
endfacet
facet normal 1.0807705834999994e-15 -0.2776595383296947 0.9606795411449861
  outer loop
    vertex 2.0592879999999916 53.52790421401944 41.558355584122076
    vertex 5.0592879999999925 54.03289088047586 41.704308900150664
    vertex 2.059287999999992 54.03289088047586 41.70430890015067
  endloop
endfacet
facet normal 1.0807705834999994e-15 -0.2776595383296947 0.9606795411449861
  outer loop
    vertex 5.0592879999999925 54.03289088047586 41.704308900150664
    vertex 2.0592879999999916 53.52790421401944 41.558355584122076
    vertex 5.0592879999999925 53.52790421401944 41.55835558412207
  endloop
endfacet
facet normal 1.0659691975203536e-15 -0.39016840731544167 0.920743511480223
  outer loop
    vertex 2.0592879999999916 53.23750349182136 41.43529722329678
    vertex 5.0592879999999925 53.52790421401944 41.55835558412207
    vertex 2.0592879999999916 53.52790421401944 41.558355584122076
  endloop
endfacet
facet normal 1.0659691975203536e-15 -0.39016840731544167 0.920743511480223
  outer loop
    vertex 5.0592879999999925 53.52790421401944 41.55835558412207
    vertex 2.0592879999999916 53.23750349182136 41.43529722329678
    vertex 5.0592879999999925 53.23750349182136 41.43529722329677
  endloop
endfacet
facet normal 1.026827985545123e-15 -0.5211124678974516 0.8534880173744842
  outer loop
    vertex 2.0592879999999916 53.06648541013715 41.33087905597944
    vertex 5.0592879999999925 53.23750349182136 41.43529722329677
    vertex 2.0592879999999916 53.23750349182136 41.43529722329678
  endloop
endfacet
facet normal 1.026827985545123e-15 -0.5211124678974516 0.8534880173744842
  outer loop
    vertex 5.0592879999999925 53.23750349182136 41.43529722329677
    vertex 2.0592879999999916 53.06648541013715 41.33087905597944
    vertex 5.0592879999999925 53.06648541013715 41.33087905597943
  endloop
endfacet
facet normal 1.0767001196034798e-15 -0.32315705899120056 0.946345346701804
  outer loop
    vertex 2.0592879999999916 52.989576699660375 41.3046163467316
    vertex 5.0592879999999925 53.06648541013715 41.33087905597943
    vertex 2.0592879999999916 53.06648541013715 41.33087905597944
  endloop
endfacet
facet normal 1.0767001196034798e-15 -0.32315705899120056 0.946345346701804
  outer loop
    vertex 5.0592879999999925 53.06648541013715 41.33087905597943
    vertex 2.0592879999999916 52.989576699660375 41.3046163467316
    vertex 5.0592879999999925 52.989576699660375 41.3046163467316
  endloop
endfacet
facet normal 9.8797110190941e-16 0.19331045085224693 0.9811376404925566
  outer loop
    vertex 2.0592879999999916 52.90984044799129 41.32032652858914
    vertex 5.0592879999999925 52.989576699660375 41.3046163467316
    vertex 2.0592879999999916 52.989576699660375 41.3046163467316
  endloop
endfacet
facet normal 9.8797110190941e-16 0.19331045085224693 0.9811376404925566
  outer loop
    vertex 5.0592879999999925 52.989576699660375 41.3046163467316
    vertex 2.0592879999999916 52.90984044799129 41.32032652858914
    vertex 5.0592879999999925 52.90984044799129 41.32032652858914
  endloop
endfacet
facet normal 6.345160253133946e-16 0.657980581501376 0.7530348958495292
  outer loop
    vertex 2.059287999999992 52.848641919372085 41.3738000710104
    vertex 5.0592879999999925 52.90984044799129 41.32032652858914
    vertex 2.0592879999999916 52.90984044799129 41.32032652858914
  endloop
endfacet
facet normal 6.345160253133946e-16 0.657980581501376 0.7530348958495292
  outer loop
    vertex 5.0592879999999925 52.90984044799129 41.32032652858914
    vertex 2.059287999999992 52.848641919372085 41.3738000710104
    vertex 5.0592879999999925 52.848641919372085 41.3738000710104
  endloop
endfacet
facet normal 4.2352786522465594e-16 0.8090169943749491 0.5877852522924711
  outer loop
    vertex 5.0592879999999925 52.42369047548389 41.95869555545622
    vertex 2.059287999999992 52.848641919372085 41.3738000710104
    vertex 2.0592879999999925 52.42369047548389 41.95869555545622
  endloop
endfacet
facet normal 4.2352786522465594e-16 0.8090169943749491 0.5877852522924711
  outer loop
    vertex 2.059287999999992 52.848641919372085 41.3738000710104
    vertex 5.0592879999999925 52.42369047548389 41.95869555545622
    vertex 5.0592879999999925 52.848641919372085 41.3738000710104
  endloop
endfacet
facet normal 1.9131272455901305e-16 0.9195059263479451 0.39307613945774855
  outer loop
    vertex 5.0592879999999925 52.39174549988884 42.03342304824479
    vertex 2.0592879999999925 52.42369047548389 41.95869555545622
    vertex 2.0592879999999925 52.39174549988884 42.03342304824479
  endloop
endfacet
facet normal 1.9131272455901305e-16 0.9195059263479451 0.39307613945774855
  outer loop
    vertex 2.0592879999999925 52.42369047548389 41.95869555545622
    vertex 5.0592879999999925 52.39174549988884 42.03342304824479
    vertex 5.0592879999999925 52.42369047548389 41.95869555545622
  endloop
endfacet
facet normal -3.670032913606256e-16 0.9928535608765201 -0.11933904078219526
  outer loop
    vertex 5.0592879999999925 52.40144408589455 42.114111443158336
    vertex 2.0592879999999925 52.39174549988884 42.03342304824479
    vertex 2.0592879999999925 52.40144408589455 42.114111443158336
  endloop
endfacet
facet normal -3.670032913606256e-16 0.9928535608765201 -0.11933904078219526
  outer loop
    vertex 2.0592879999999925 52.39174549988884 42.03342304824479
    vertex 5.0592879999999925 52.40144408589455 42.114111443158336
    vertex 5.0592879999999925 52.39174549988884 42.03342304824479
  endloop
endfacet
facet normal -8.269810717404265e-16 0.8001668855658385 -0.5997774214188678
  outer loop
    vertex 5.0592879999999925 52.45018750521305 42.17914034994121
    vertex 2.0592879999999925 52.40144408589455 42.114111443158336
    vertex 2.0592879999999925 52.45018750521305 42.17914034994121
  endloop
endfacet
facet normal -8.269810717404265e-16 0.8001668855658385 -0.5997774214188678
  outer loop
    vertex 2.0592879999999925 52.40144408589455 42.114111443158336
    vertex 5.0592879999999925 52.45018750521305 42.17914034994121
    vertex 5.0592879999999925 52.40144408589455 42.114111443158336
  endloop
endfacet
facet normal -9.589967561527916e-16 0.6506827319428476 -0.7593497101806207
  outer loop
    vertex 5.0592879999999925 52.45018750521305 42.17914034994121
    vertex 2.0592879999999925 52.60234257724564 42.30952122270874
    vertex 5.0592879999999925 52.60234257724564 42.30952122270874
  endloop
endfacet
facet normal -9.589967561527916e-16 0.6506827319428476 -0.7593497101806207
  outer loop
    vertex 2.0592879999999925 52.60234257724564 42.30952122270874
    vertex 5.0592879999999925 52.45018750521305 42.17914034994121
    vertex 2.0592879999999925 52.45018750521305 42.17914034994121
  endloop
endfacet
facet normal -8.749186702080329e-16 0.7551104479010707 -0.6555975987377047
  outer loop
    vertex 5.059287999999993 52.80911679153109 42.54768159709711
    vertex 2.0592879999999925 52.60234257724564 42.30952122270874
    vertex 2.059287999999993 52.80911679153109 42.54768159709711
  endloop
endfacet
facet normal -8.749186702080329e-16 0.7551104479010707 -0.6555975987377047
  outer loop
    vertex 2.0592879999999925 52.60234257724564 42.30952122270874
    vertex 5.059287999999993 52.80911679153109 42.54768159709711
    vertex 5.0592879999999925 52.60234257724564 42.30952122270874
  endloop
endfacet
facet normal -7.927360746421768e-16 0.8278590216831992 -0.5609362176020873
  outer loop
    vertex 5.059287999999993 53.10397610568277 42.98285040183445
    vertex 2.059287999999993 52.80911679153109 42.54768159709711
    vertex 2.0592879999999933 53.10397610568277 42.982850401834455
  endloop
endfacet
facet normal -7.927360746421768e-16 0.8278590216831992 -0.5609362176020873
  outer loop
    vertex 2.059287999999993 52.80911679153109 42.54768159709711
    vertex 5.059287999999993 53.10397610568277 42.98285040183445
    vertex 5.059287999999993 52.80911679153109 42.54768159709711
  endloop
endfacet
facet normal -6.979715854300222e-16 0.8895180640960315 -0.4569000039908606
  outer loop
    vertex 5.059287999999993 53.44021566055248 43.63746006545396
    vertex 2.0592879999999933 53.10397610568277 42.982850401834455
    vertex 2.059287999999994 53.44021566055248 43.63746006545397
  endloop
endfacet
facet normal -6.979715854300222e-16 0.8895180640960315 -0.4569000039908606
  outer loop
    vertex 2.0592879999999933 53.10397610568277 42.982850401834455
    vertex 5.059287999999993 53.44021566055248 43.63746006545396
    vertex 5.059287999999993 53.10397610568277 42.98285040183445
  endloop
endfacet
facet normal -6.271791279221173e-16 0.9242491248739935 -0.38178993591981625
  outer loop
    vertex 5.059287999999995 53.57388946614464 43.96106183232474
    vertex 2.059287999999994 53.44021566055248 43.63746006545397
    vertex 2.0592879999999942 53.57388946614464 43.96106183232474
  endloop
endfacet
facet normal -6.271791279221173e-16 0.9242491248739935 -0.38178993591981625
  outer loop
    vertex 2.059287999999994 53.44021566055248 43.63746006545397
    vertex 5.059287999999995 53.57388946614464 43.96106183232474
    vertex 5.059287999999993 53.44021566055248 43.63746006545396
  endloop
endfacet
facet normal 5.253297237781657e-16 0.7431448254773969 0.6691306063588554
  outer loop
    vertex 5.059287999999995 53.08051625253214 44.50900829784429
    vertex 2.0592879999999942 53.57388946614464 43.96106183232474
    vertex 2.0592879999999947 53.08051625253214 44.50900829784429
  endloop
endfacet
facet normal 5.253297237781657e-16 0.7431448254773969 0.6691306063588554
  outer loop
    vertex 2.0592879999999942 53.57388946614464 43.96106183232474
    vertex 5.059287999999995 53.08051625253214 44.50900829784429
    vertex 5.059287999999995 53.57388946614464 43.96106183232474
  endloop
endfacet
facet normal 1.0804164072406335e-15 -0.2830881100039596 0.9590939067549048
  outer loop
    vertex 2.0592879999999947 52.7447144925216 44.40989236674738
    vertex 5.059287999999995 53.08051625253214 44.50900829784429
    vertex 2.0592879999999947 53.08051625253214 44.50900829784429
  endloop
endfacet
facet normal 1.0804164072406335e-15 -0.2830881100039596 0.9590939067549048
  outer loop
    vertex 5.059287999999995 53.08051625253214 44.50900829784429
    vertex 2.0592879999999947 52.7447144925216 44.40989236674738
    vertex 5.059287999999995 52.7447144925216 44.40989236674737
  endloop
endfacet
facet normal 1.071286615293737e-15 -0.3614171016739861 0.9324042463532519
  outer loop
    vertex 2.0592879999999947 52.058544245172 44.14392010951888
    vertex 5.059287999999995 52.7447144925216 44.40989236674737
    vertex 2.0592879999999947 52.7447144925216 44.40989236674738
  endloop
endfacet
facet normal 1.071286615293737e-15 -0.3614171016739861 0.9324042463532519
  outer loop
    vertex 5.059287999999995 52.7447144925216 44.40989236674737
    vertex 2.0592879999999947 52.058544245172 44.14392010951888
    vertex 5.059287999999995 52.058544245172 44.14392010951887
  endloop
endfacet
facet normal 1.044767797244422e-15 -0.4713285189715331 0.8819577241592147
  outer loop
    vertex 2.0592879999999942 51.59493814969105 43.89616359196299
    vertex 5.059287999999995 52.058544245172 44.14392010951887
    vertex 2.0592879999999947 52.058544245172 44.14392010951888
  endloop
endfacet
facet normal 1.044767797244422e-15 -0.4713285189715331 0.8819577241592147
  outer loop
    vertex 5.059287999999995 52.058544245172 44.14392010951887
    vertex 2.0592879999999942 51.59493814969105 43.89616359196299
    vertex 5.059287999999995 51.59493814969105 43.896163591962974
  endloop
endfacet
facet normal 1.0035992401224558e-15 -0.5730756317790602 0.8195024833769762
  outer loop
    vertex 2.0592879999999947 51.33646865189007 43.71541664640458
    vertex 5.059287999999995 51.59493814969105 43.896163591962974
    vertex 2.0592879999999942 51.59493814969105 43.89616359196299
  endloop
endfacet
facet normal 1.0035992401224558e-15 -0.5730756317790602 0.8195024833769762
  outer loop
    vertex 5.059287999999995 51.59493814969105 43.896163591962974
    vertex 2.0592879999999947 51.33646865189007 43.71541664640458
    vertex 5.059287999999995 51.33646865189007 43.71541664640458
  endloop
endfacet
facet normal 9.33200306905284e-16 -0.6871750469713999 0.7264918821431211
  outer loop
    vertex 2.0592879999999942 51.19089748332761 43.577723608046725
    vertex 5.059287999999995 51.33646865189007 43.71541664640458
    vertex 2.0592879999999947 51.33646865189007 43.71541664640458
  endloop
endfacet
facet normal 9.33200306905284e-16 -0.6871750469713999 0.7264918821431211
  outer loop
    vertex 5.059287999999995 51.33646865189007 43.71541664640458
    vertex 2.0592879999999942 51.19089748332761 43.577723608046725
    vertex 5.059287999999995 51.19089748332761 43.577723608046725
  endloop
endfacet
facet normal 1.0300845232397312e-15 -0.5128515630427096 0.8584772998074263
  outer loop
    vertex 2.0592879999999942 51.12112973698439 43.53604458197335
    vertex 5.059287999999995 51.19089748332761 43.577723608046725
    vertex 2.0592879999999942 51.19089748332761 43.577723608046725
  endloop
endfacet
facet normal 1.0300845232397312e-15 -0.5128515630427096 0.8584772998074263
  outer loop
    vertex 5.059287999999995 51.19089748332761 43.577723608046725
    vertex 2.0592879999999942 51.12112973698439 43.53604458197335
    vertex 5.059287999999995 51.12112973698439 43.536044581973336
  endloop
endfacet
endsolid Attitude indicator1
